[LOG 14:50:31.472] ******* Log Initiated for Kerbal Space Program - 1.12.5.3190 (WindowsPlayer x64) fr-fr *******
Kerbal Space Program - 1.12.5.3190 (WindowsPlayer x64) fr-fr


OS: Windows 10  (10.0.0) 64bit
CPU: Intel(R) Core(TM) i7-4790K CPU @ 4.00GHz (8)
RAM: 32687
GPU: NVIDIA GeForce GTX 1060 6GB (6029MB)
SM: 50 (Direct3D 11.0 [level 11.1])
RT Formats: ARGB32, Depth, ARGBHalf, Shadowmap, RGB565, ARGB4444, ARGB1555, Default, ARGB2101010, DefaultHDR, ARGB64, ARGBFloat, RGFloat, RGHalf, RFloat, RHalf, R8, ARGBInt, RGInt, RInt, BGRA32, RGB111110Float, RG32, RGBAUShort, RG16, BGRA10101010_XR, BGR101010_XR, R16


Log started: Mon, Sep 21, 2026 14:50:31


[LOG 14:50:31.492] ActionCanvas MASK: 3458764513820540928
[LOG 14:50:31.492] AppCanvas MASK: 3458764513820540928
[LOG 14:50:31.494] MainCanvas MASK: 3458764513820540928
[LOG 14:50:32.689] Load(Assembly): /ModuleManager.4.2.3
[LOG 14:50:32.689] AssemblyLoader: Loading assembly at D:\KSP-Dev\GameData\ModuleManager.4.2.3.dll
[LOG 14:50:32.715] AssemblyLoader: KSPAssembly 'ModuleManager' V2.5.0
[LOG 14:50:32.715] Load(Assembly): 000_Harmony/0Harmony
[LOG 14:50:32.715] AssemblyLoader: Loading assembly at D:\KSP-Dev\GameData\000_Harmony\0Harmony.dll
[LOG 14:50:32.717] Load(Assembly): 000_Harmony/HarmonyInstallChecker
[LOG 14:50:32.717] AssemblyLoader: Loading assembly at D:\KSP-Dev\GameData\000_Harmony\HarmonyInstallChecker.dll
[LOG 14:50:32.718] AssemblyLoader: KSPAssembly 'HarmonyKSP' V1.0.0
[LOG 14:50:32.718] Load(Assembly): KSPCommunityFixes/Plugins/0_MultipleModuleInPartAPI
[LOG 14:50:32.718] AssemblyLoader: Loading assembly at D:\KSP-Dev\GameData\KSPCommunityFixes\Plugins\0_MultipleModuleInPartAPI.dll
[LOG 14:50:32.719] AssemblyLoader: KSPAssembly 'MultipleModulePartAPI' V1.0.0
[LOG 14:50:32.719] Load(Assembly): KSPCommunityFixes/Plugins/KSPCommunityFixes
[LOG 14:50:32.719] AssemblyLoader: Loading assembly at D:\KSP-Dev\GameData\KSPCommunityFixes\Plugins\KSPCommunityFixes.dll
[LOG 14:50:32.728] AssemblyLoader: KSPAssembly 'KSPCommunityFixes' V1.41.1
[LOG 14:50:32.728] AssemblyLoader: KSPAssemblyDependency 'HarmonyKSP' V1.0.0
[LOG 14:50:32.729] AssemblyLoader: KSPAssemblyDependency 'ModuleManager' V1.0.0
[LOG 14:50:32.729] AssemblyLoader: KSPAssemblyDependency 'MultipleModulePartAPI' V1.0.0
[LOG 14:50:32.729] Load(Assembly): PQSBenchMod/PQSBenchMod
[LOG 14:50:32.729] AssemblyLoader: Loading assembly at D:\KSP-Dev\GameData\PQSBenchMod\PQSBenchMod.dll
[LOG 14:50:32.731] AssemblyLoader: Loading assemblies
[LOG 14:50:32.821] VesselModules: Found VesselModule of type AxisGroupsModule with order 999
[LOG 14:50:32.864] VesselModules: Found VesselModule of type CometVessel with order 999
[LOG 14:50:32.866] VesselModules: Found VesselModule of type SuspensionLoadBalancer with order 999
[LOG 14:50:32.868] VesselModules: Found VesselModule of type FlightIntegrator with order 0
[LOG 14:50:32.870] VesselModules: Found VesselModule of type CommNetVessel with order 999
[LOG 14:50:32.875] VesselModules: Found 5 VesselModule types
[LOG 14:50:32.882] 
************************************************************************

Environment Info
Win32NT 7FFFFFFFFFFFFFFF  Args: KSP_x64.exe 

Mod DLLs found:
Stock assembly: Assembly-CSharp v0.0.0.0
ModuleManager v4.2.3.0
0Harmony v2.2.1.0
HarmonyInstallChecker v2.2.1.0
0_MultipleModuleInPartAPI v1.0.0.0 / v1.0.0+7969fdc50bf4e350193abe5ba2e89533b12ca02f
KSPCommunityFixes v1.41.0.0 / v1.41.1+7969fdc50bf4e350193abe5ba2e89533b12ca02f / v1.41.1.0
PQSBenchMod v0.1.0.0 / v0.1.0+6e20ea945c2aaa133a9f50dda0128414ee5c88f6

Folders and files in GameData:
000_Harmony
KSPCommunityFixes
PQSBenchMod
Stock folder: Squad

Stock folder: SquadExpansion

ModuleManager.4.2.3.dll
ModuleManager.ConfigCache
ModuleManager.ConfigSHA
ModuleManager.Physics
ModuleManager.TechTree

************************************************************************

[LOG 14:50:32.902] [AddonLoader]: Instantiating addon 'ModuleManager' from assembly 'ModuleManager'
[LOG 14:50:32.914] [ModuleManager] Adding post patch to the loading screen 4
[LOG 14:50:32.916] [ModuleManager] Patching started on a new thread, all output will be directed to D:\KSP-Dev\Logs\ModuleManager\ModuleManager.log
[LOG 14:50:32.919] [AddonLoader]: Instantiating addon 'HarmonyInstallChecker' from assembly 'HarmonyKSP'
[LOG 14:50:32.920] [AddonLoader]: Instantiating addon 'KSPCommunityFixes' from assembly 'KSPCommunityFixes'
[LOG 14:50:32.922] [AddonLoader]: Instantiating addon 'NoIVA' from assembly 'KSPCommunityFixes'
[LOG 14:50:32.922] [AddonLoader]: Instantiating addon 'ConfigNodePerf' from assembly 'KSPCommunityFixes'
[LOG 14:50:33.160] [AddonLoader]: Instantiating addon 'KSPCFFastLoader' from assembly 'KSPCommunityFixes'
[LOG 14:50:33.162] [KSPCF] Injecting FastLoader...
[LOG 14:50:33.187] [KSPCommunityFixes] Patch GameDatabasePerf applied.
[LOG 14:50:33.285] [AddonLoader]: Instantiating addon 'ReflectionTypeLoadExceptionHandler' from assembly 'KSPCommunityFixes'
[LOG 14:50:33.288] [AddonLoader]: Instantiating addon 'PQSBenchMod' from assembly 'PQSBenchMod'
[LOG 14:50:33.288] [AddonLoader]: Instantiating addon 'CalibrateBenchAddon' from assembly 'PQSBenchMod'
[LOG 14:50:34.408] [KSPCF] Taking over stock loader. An exception will follow, this is intended.
[EXC 14:50:34.412] Exception: Terminating stock loader coroutine, this is intended and not an error
	KSPCommunityFixes.Performance.KSPCFFastLoader.GameDatabase_SetupMainLoaders_Prefix () (at <62bb7f5420994f409a34377c091e8538>:0)
	(wrapper dynamic-method) GameDatabase.GameDatabase.SetupMainLoaders_Patch1(GameDatabase)
	GameDatabase+<LoadObjects>d__90.MoveNext () (at <4b449f2841f84227adfaad3149c8fdba>:0)
	UnityEngine.SetupCoroutine.InvokeMoveNext (System.Collections.IEnumerator enumerator, System.IntPtr returnValueAddress) (at <12e76cd50cc64cf19e759e981cb725af>:0)
	UnityEngine.DebugLogHandler:LogException(Exception, Object)
	ModuleManager.UnityLogHandle.InterceptLogHandler:LogException(Exception, Object)
	UnityEngine.MonoBehaviour:StartCoroutine(IEnumerator)
	<CreateDatabase>d__71:MoveNext()
	UnityEngine.MonoBehaviour:StartCoroutine(IEnumerator)
	GameDatabase:StartLoad()
	<LoadSystems>d__11:MoveNext()
	UnityEngine.MonoBehaviour:StartCoroutine(IEnumerator)
	LoadingScreen:Start()
[LOG 14:50:34.484] [PQSBench] Version 0.1.0.0 installed, measuring. Alt+F8 dumps what has been recorded, Alt+F7 throws it away.
[LOG 14:50:34.614] Preloading Asset Bundle Definitions
[LOG 14:50:35.056] Load Audio: Squad/Alarms/Sounds/Chirps
[LOG 14:50:35.076] Load Audio: Squad/Alarms/Sounds/Classic
[LOG 14:50:35.077] Load Audio: Squad/Alarms/Sounds/ClockTower
[LOG 14:50:35.077] Load Audio: Squad/Alarms/Sounds/ComputerGlass1
[LOG 14:50:35.077] Load Audio: Squad/Alarms/Sounds/ComputerGlass2
[LOG 14:50:35.077] Load Audio: Squad/Alarms/Sounds/ComputerShort
[LOG 14:50:35.077] Load Audio: Squad/Alarms/Sounds/ComputerTriad
[LOG 14:50:35.077] Load Audio: Squad/Alarms/Sounds/DoorBell
[LOG 14:50:35.078] Load Audio: Squad/Alarms/Sounds/Glass
[LOG 14:50:35.078] Load Audio: Squad/Alarms/Sounds/Klaxon
[LOG 14:50:35.078] Load Audio: Squad/Alarms/Sounds/Mobile
[LOG 14:50:35.078] Load Audio: Squad/Alarms/Sounds/Morning
[LOG 14:50:35.078] Load Audio: Squad/Alarms/Sounds/OldClock
[LOG 14:50:35.078] Load Audio: Squad/Alarms/Sounds/OldHorn
[LOG 14:50:35.078] Load Audio: Squad/Alarms/Sounds/Ripple
[LOG 14:50:35.078] Load Audio: Squad/Sounds/editorLoop01
[LOG 14:50:35.079] Load Audio: Squad/Sounds/elev_loop
[LOG 14:50:35.079] Load Audio: Squad/Sounds/elev_start
[LOG 14:50:35.079] Load Audio: Squad/Sounds/elev_stop
[LOG 14:50:35.079] Load Audio: Squad/Sounds/fireworks_explosion_2
[LOG 14:50:35.079] Load Audio: Squad/Sounds/fireworks_explosion_3
[LOG 14:50:35.079] Load Audio: Squad/Sounds/fireworks_explosion_4
[LOG 14:50:35.080] Load Audio: Squad/Sounds/fireworks_launch_boom
[LOG 14:50:35.080] Load Audio: Squad/Sounds/fireworks_only_crackle_crackle_1
[LOG 14:50:35.080] Load Audio: Squad/Sounds/fireworks_only_crackle_dragon_1
[LOG 14:50:35.475] Load Audio: Squad/Sounds/fireworks_only_crackle_palm_1
[LOG 14:50:35.475] Load Audio: Squad/Sounds/fireworks_whistle
[LOG 14:50:35.475] Load Audio: Squad/Sounds/ksp1_banana_V2_01
[LOG 14:50:35.475] Load Audio: Squad/Sounds/ksp1_banana_V2_04
[LOG 14:50:35.475] Load Audio: Squad/Sounds/ksp1_banana_V2_05
[LOG 14:50:35.476] Load Audio: Squad/Sounds/ksp1_golf_swing_normal
[LOG 14:50:35.476] Load Audio: Squad/Sounds/ksp1_ground_anchor_v2_1
[LOG 14:50:35.476] Load Audio: Squad/Sounds/ksp1_strunts_disconnect_v3_pitched2
[LOG 14:50:35.476] Load Audio: Squad/Sounds/repairKit_repair1
[LOG 14:50:35.476] Load Audio: Squad/Sounds/repairKit_repair2
[LOG 14:50:35.476] Load Audio: Squad/Sounds/sound_ambience_nature
[LOG 14:50:35.477] Load Audio: Squad/Sounds/sound_click_flick
[LOG 14:50:35.477] Load Audio: Squad/Sounds/sound_click_latch
[LOG 14:50:35.477] Load Audio: Squad/Sounds/sound_click_sharp
[LOG 14:50:35.477] Load Audio: Squad/Sounds/sound_click_tick
[LOG 14:50:35.477] Load Audio: Squad/Sounds/sound_click_tock
[LOG 14:50:35.477] Load Audio: Squad/Sounds/sound_decoupler_fire
[LOG 14:50:35.478] Load Audio: Squad/Sounds/sound_delete_bin
[LOG 14:50:35.478] Load Audio: Squad/Sounds/sound_explosion_debris1
[LOG 14:50:35.478] Load Audio: Squad/Sounds/sound_explosion_debris2
[LOG 14:50:35.478] Load Audio: Squad/Sounds/sound_explosion_large
[LOG 14:50:35.478] Load Audio: Squad/Sounds/sound_rocket_mini
[LOG 14:50:35.479] Load Audio: Squad/Sounds/sound_rocket_spurts
[LOG 14:50:35.479] Load Audio: Squad/Sounds/sound_servomotor
[LOG 14:50:35.479] Load Audio: Squad/Sounds/sound_tab_extend
[LOG 14:50:35.489] Load Audio: Squad/Sounds/sound_tab_retreat
[LOG 14:50:35.489] Load Audio: SquadExpansion/Serenity/Sounds/robo_arm_large_end
[LOG 14:50:35.489] Load Audio: SquadExpansion/Serenity/Sounds/robo_arm_large_motor_00
[LOG 14:50:35.489] Load Audio: SquadExpansion/Serenity/Sounds/robo_arm_large_scan
[LOG 14:50:35.489] Load Audio: SquadExpansion/Serenity/Sounds/robo_arm_large_start
[LOG 14:50:35.490] Load Audio: SquadExpansion/Serenity/Sounds/robo_arm_medium_end
[LOG 14:50:35.490] Load Audio: SquadExpansion/Serenity/Sounds/robo_arm_medium_motor_00
[LOG 14:50:35.490] Load Audio: SquadExpansion/Serenity/Sounds/robo_arm_medium_scan
[LOG 14:50:35.490] Load Audio: SquadExpansion/Serenity/Sounds/robo_arm_medium_start
[LOG 14:50:35.490] Load Audio: SquadExpansion/Serenity/Sounds/robo_arm_small_end
[LOG 14:50:35.490] Load Audio: SquadExpansion/Serenity/Sounds/robo_arm_small_motor_00
[LOG 14:50:35.491] Load Audio: SquadExpansion/Serenity/Sounds/robo_arm_small_scan
[LOG 14:50:35.491] Load Audio: SquadExpansion/Serenity/Sounds/robo_arm_small_start
[LOG 14:50:35.491] Load Audio: SquadExpansion/Serenity/Sounds/sfx_cryoVolcano_burst
[LOG 14:50:35.491] Load Audio: SquadExpansion/Serenity/Sounds/sfx_cryoVolcano_idle
[LOG 14:50:35.491] Load Audio: SquadExpansion/Serenity/Sounds/sfx_deployable_booster_antena_end
[LOG 14:50:35.492] Load Audio: SquadExpansion/Serenity/Sounds/sfx_deployable_booster_antena_start
[LOG 14:50:35.492] Load Audio: SquadExpansion/Serenity/Sounds/sfx_deployable_central_station_end
[LOG 14:50:35.492] Load Audio: SquadExpansion/Serenity/Sounds/sfx_deployable_central_station_loop
[LOG 14:50:35.492] Load Audio: SquadExpansion/Serenity/Sounds/sfx_deployable_central_station_start
[LOG 14:50:35.492] Load Audio: SquadExpansion/Serenity/Sounds/sfx_deployable_detector_end
[LOG 14:50:35.493] Load Audio: SquadExpansion/Serenity/Sounds/sfx_deployable_detector_start
[LOG 14:50:35.493] Load Audio: SquadExpansion/Serenity/Sounds/sfx_deployable_GoObEd_end
[LOG 14:50:35.493] Load Audio: SquadExpansion/Serenity/Sounds/sfx_deployable_GoObEd_loop
[LOG 14:50:35.493] Load Audio: SquadExpansion/Serenity/Sounds/sfx_deployable_GoObEd_start
[LOG 14:50:35.529] Load Audio: SquadExpansion/Serenity/Sounds/sfx_deployable_rtg_end
[LOG 14:50:35.529] Load Audio: SquadExpansion/Serenity/Sounds/sfx_deployable_rtg_start
[LOG 14:50:35.530] Load Audio: SquadExpansion/Serenity/Sounds/sfx_deployable_seismometer_end
[LOG 14:50:35.530] Load Audio: SquadExpansion/Serenity/Sounds/sfx_deployable_seismometer_start
[LOG 14:50:35.530] Load Audio: SquadExpansion/Serenity/Sounds/sfx_deployable_solar_panel_end
[LOG 14:50:35.530] Load Audio: SquadExpansion/Serenity/Sounds/sfx_deployable_solar_panel_start
[LOG 14:50:35.530] Load Audio: SquadExpansion/Serenity/Sounds/sfx_deployable_weather_station_end
[LOG 14:50:35.530] Load Audio: SquadExpansion/Serenity/Sounds/sfx_deployable_weather_station_loop
[LOG 14:50:35.531] Load Audio: SquadExpansion/Serenity/Sounds/sfx_deployable_weather_station_start
[LOG 14:50:35.531] Load Audio: SquadExpansion/Serenity/Sounds/sfx_geyser_burst
[LOG 14:50:35.531] Load Audio: SquadExpansion/Serenity/Sounds/sfx_geyser_idle
[LOG 14:50:35.549] Load DDS texture: KSPCommunityFixes/MMPatches/StockTweaks/Icons/Clamp-O-Tron
[LOG 14:50:35.553] Load TRUECOLOR texture: KSPCommunityFixes/MMPatches/StockTweaks/Icons/Clamp-O-Tron_scaled
[LOG 14:50:35.554] Load DDS texture: KSPCommunityFixes/MMPatches/StockTweaks/Icons/FreeFallParachutes
[LOG 14:50:35.554] Load TRUECOLOR texture: KSPCommunityFixes/MMPatches/StockTweaks/Icons/FreeFallParachutes_scaled
[LOG 14:50:35.555] Load DDS texture: KSPCommunityFixes/MMPatches/StockTweaks/Icons/LightYearTireCompany
[LOG 14:50:35.555] Load TRUECOLOR texture: KSPCommunityFixes/MMPatches/StockTweaks/Icons/LightYearTireCompany_scaled
[LOG 14:50:35.556] Load DDS texture: KSPCommunityFixes/MMPatches/StockTweaks/Icons/StratusCorporation
[LOG 14:50:35.556] Load TRUECOLOR texture: KSPCommunityFixes/MMPatches/StockTweaks/Icons/StratusCorporation_scaled
[LOG 14:50:35.556] Load DDS texture: Squad/Agencies/C7AerospaceDivision
[LOG 14:50:35.556] Load TRUECOLOR texture: Squad/Agencies/C7AerospaceDivision_scaled
[LOG 14:50:35.557] Load DDS texture: Squad/Agencies/DinkelsteinKermansConstructionEmporium
[LOG 14:50:35.557] Load TRUECOLOR texture: Squad/Agencies/DinkelsteinKermansConstructionEmporium_scaled
[LOG 14:50:35.557] Load DDS texture: Squad/Agencies/ExperimentalEngineering
[LOG 14:50:35.558] Load TRUECOLOR texture: Squad/Agencies/ExperimentalEngineering_scaled
[LOG 14:50:35.558] Load DDS texture: Squad/Agencies/FlooydResearchLab
[LOG 14:50:35.558] Load TRUECOLOR texture: Squad/Agencies/FlooydResearchLab_scaled
[LOG 14:50:35.558] Load DDS texture: Squad/Agencies/GoliathNationalProducts
[LOG 14:50:35.559] Load TRUECOLOR texture: Squad/Agencies/GoliathNationalProducts_scaled
[LOG 14:50:35.559] Load DDS texture: Squad/Agencies/IntegratedIntegrals
[LOG 14:50:35.559] Load TRUECOLOR texture: Squad/Agencies/IntegratedIntegrals_scaled
[LOG 14:50:35.559] Load DDS texture: Squad/Agencies/IonicSymphonicProtonicElectronics
[LOG 14:50:35.559] Load TRUECOLOR texture: Squad/Agencies/IonicSymphonicProtonicElectronics_scaled
[LOG 14:50:35.559] Load DDS texture: Squad/Agencies/JebsJunkyard
[LOG 14:50:35.560] Load TRUECOLOR texture: Squad/Agencies/JebsJunkyard_scaled
[LOG 14:50:35.560] Load DDS texture: Squad/Agencies/KerbalMotion
[LOG 14:50:35.560] Load TRUECOLOR texture: Squad/Agencies/KerbalMotion_scaled
[LOG 14:50:35.560] Load DDS texture: Squad/Agencies/KerbinWorldFirstRecordKeepingSociety
[LOG 14:50:35.560] Load TRUECOLOR texture: Squad/Agencies/KerbinWorldFirstRecordKeepingSociety_scaled
[LOG 14:50:35.560] Load DDS texture: Squad/Agencies/Kerbodyne
[LOG 14:50:35.561] Load TRUECOLOR texture: Squad/Agencies/Kerbodyne_scaled
[LOG 14:50:35.561] Load DDS texture: Squad/Agencies/Kerlington
[LOG 14:50:35.561] Load TRUECOLOR texture: Squad/Agencies/Kerlington_scaled
[LOG 14:50:35.561] Load DDS texture: Squad/Agencies/MaxoConstructionToys
[LOG 14:50:35.561] Load TRUECOLOR texture: Squad/Agencies/MaxoConstructionToys_scaled
[LOG 14:50:35.561] Load DDS texture: Squad/Agencies/MovingPartsExpertsGroup
[LOG 14:50:35.562] Load TRUECOLOR texture: Squad/Agencies/MovingPartsExpertsGroup_scaled
[LOG 14:50:35.562] Load DDS texture: Squad/Agencies/OMBDemolition
[LOG 14:50:35.562] Load TRUECOLOR texture: Squad/Agencies/OMBDemolition_scaled
[LOG 14:50:35.563] Load DDS texture: Squad/Agencies/PeriapsisCo
[LOG 14:50:35.563] Load TRUECOLOR texture: Squad/Agencies/PeriapsisCo_scaled
[LOG 14:50:35.563] Load DDS texture: Squad/Agencies/Probodobodyne
[LOG 14:50:35.563] Load TRUECOLOR texture: Squad/Agencies/Probodobodyne_scaled
[LOG 14:50:35.563] Load DDS texture: Squad/Agencies/R&D
[LOG 14:50:35.563] Load TRUECOLOR texture: Squad/Agencies/R&D_scaled
[LOG 14:50:35.564] Load DDS texture: Squad/Agencies/ReactionSystemsLtd
[LOG 14:50:35.564] Load TRUECOLOR texture: Squad/Agencies/ReactionSystemsLtd_scaled
[LOG 14:50:35.564] Load DDS texture: Squad/Agencies/Rockomax
[LOG 14:50:35.564] Load TRUECOLOR texture: Squad/Agencies/Rockomax_scaled
[LOG 14:50:35.564] Load DDS texture: Squad/Agencies/Rokea
[LOG 14:50:35.564] Load TRUECOLOR texture: Squad/Agencies/Rokea_scaled
[LOG 14:50:35.565] Load DDS texture: Squad/Agencies/SeansCannery
[LOG 14:50:35.565] Load TRUECOLOR texture: Squad/Agencies/SeansCannery_scaled
[LOG 14:50:35.565] Load DDS texture: Squad/Agencies/SteadlerEngineeringCorps
[LOG 14:50:35.565] Load TRUECOLOR texture: Squad/Agencies/SteadlerEngineeringCorps_scaled
[LOG 14:50:35.565] Load DDS texture: Squad/Agencies/StrutCo
[LOG 14:50:35.565] Load TRUECOLOR texture: Squad/Agencies/StrutCo_scaled
[LOG 14:50:35.566] Load DDS texture: Squad/Agencies/Vac-Co
[LOG 14:50:35.566] Load TRUECOLOR texture: Squad/Agencies/Vac-Co_scaled
[LOG 14:50:35.566] Load DDS texture: Squad/Agencies/WinterOwl
[LOG 14:50:35.566] Load TRUECOLOR texture: Squad/Agencies/WinterOwl_scaled
[LOG 14:50:35.566] Load DDS texture: Squad/Agencies/ZaltonicElectronics
[LOG 14:50:35.567] Load TRUECOLOR texture: Squad/Agencies/ZaltonicElectronics_scaled
[LOG 14:50:35.568] Load Cached PNG Texture: Squad/Alarms/Icons/ap
[LOG 14:50:35.568] Load Cached PNG Texture: Squad/Alarms/Icons/default
[LOG 14:50:35.568] Load Cached PNG Texture: Squad/Alarms/Icons/maneuver
[LOG 14:50:35.569] Load Cached PNG Texture: Squad/Alarms/Icons/pe
[LOG 14:50:35.569] Load Cached PNG Texture: Squad/Alarms/Icons/raw
[LOG 14:50:35.569] Load Cached PNG Texture: Squad/Alarms/Icons/soi
[LOG 14:50:35.570] Load Cached PNG Texture: Squad/Alarms/Icons/xfer
[LOG 14:50:35.572] Load DDS texture: Squad/Contracts/Icons/balloon
[LOG 14:50:35.576] Load DDS texture: Squad/Contracts/Icons/custom
[LOG 14:50:35.576] Load DDS texture: Squad/Contracts/Icons/default
[LOG 14:50:35.576] Load DDS texture: Squad/Contracts/Icons/dish
[LOG 14:50:35.576] Load DDS texture: Squad/Contracts/Icons/eva
[LOG 14:50:35.586] Load DDS texture: Squad/Contracts/Icons/gravity
[LOG 14:50:35.587] Load Cached PNG Texture: Squad/Contracts/Icons/ksc
[LOG 14:50:35.587] Load DDS texture: Squad/Contracts/Icons/launchsite
[LOG 14:50:35.587] Load DDS texture: Squad/Contracts/Icons/marker
[LOG 14:50:35.587] Load DDS texture: Squad/Contracts/Icons/pressure
[LOG 14:50:35.587] Load DDS texture: Squad/Contracts/Icons/report
[LOG 14:50:35.587] Load DDS texture: Squad/Contracts/Icons/runway
[LOG 14:50:35.587] Load DDS texture: Squad/Contracts/Icons/sample
[LOG 14:50:35.587] Load DDS texture: Squad/Contracts/Icons/seismic
[LOG 14:50:35.588] Load DDS texture: Squad/Contracts/Icons/thermometer
[LOG 14:50:35.588] Load DDS texture: Squad/Contracts/Icons/vessel
[LOG 14:50:35.588] Load Cached PNG Texture: Squad/Flags/09
[LOG 14:50:35.589] Load Cached PNG Texture: Squad/Flags/blorbs
[LOG 14:50:35.589] Load Cached PNG Texture: Squad/Flags/bullseye
[LOG 14:50:35.589] Load Cached PNG Texture: Squad/Flags/capsule
[LOG 14:50:35.590] Load Cached PNG Texture: Squad/Flags/circles
[LOG 14:50:35.590] Load Cached PNG Texture: Squad/Flags/default
[LOG 14:50:35.590] Load Cached PNG Texture: Squad/Flags/hexagon
[LOG 14:50:35.591] Load Cached PNG Texture: Squad/Flags/hexagonCircles
[LOG 14:50:35.591] Load Cached PNG Texture: Squad/Flags/kerbal1
[LOG 14:50:35.591] Load Cached PNG Texture: Squad/Flags/kerbal2
[LOG 14:50:35.592] Load Cached PNG Texture: Squad/Flags/kerbin
[LOG 14:50:35.592] Load Cached PNG Texture: Squad/Flags/kerbinmunflag
[LOG 14:50:35.593] Load Cached PNG Texture: Squad/Flags/line
[LOG 14:50:35.593] Load Cached PNG Texture: Squad/Flags/minimalistic
[LOG 14:50:35.594] Load Cached PNG Texture: Squad/Flags/orbit
[LOG 14:50:35.594] Load Cached PNG Texture: Squad/Flags/orbs
[LOG 14:50:35.594] Load Cached PNG Texture: Squad/Flags/retro
[LOG 14:50:35.595] Load Cached PNG Texture: Squad/Flags/rings
[LOG 14:50:35.607] Load Cached PNG Texture: Squad/Flags/rocketScience
[LOG 14:50:35.607] Load Cached PNG Texture: Squad/Flags/satellite
[LOG 14:50:35.607] Load Cached PNG Texture: Squad/Flags/Sentinel_Flag
[LOG 14:50:35.611] Load Cached PNG Texture: Squad/Flags/spheres
[LOG 14:50:35.611] Load Cached PNG Texture: Squad/Flags/squadLogo
[LOG 14:50:35.618] Load Cached PNG Texture: Squad/Flags/squadLogo2
[LOG 14:50:35.618] Load Cached PNG Texture: Squad/Flags/stripes
[LOG 14:50:35.618] Load Cached PNG Texture: Squad/Flags/trees
[LOG 14:50:35.619] Load Cached PNG Texture: Squad/Flags/trippy
[LOG 14:50:35.621] Load Cached PNG Texture: Squad/FlagsAgency/esa_dark_blue
[LOG 14:50:35.621] Load Cached PNG Texture: Squad/FlagsAgency/NASA
[LOG 14:50:35.621] Load Cached PNG Texture: Squad/FlagsAgency/uk_space_agency
[LOG 14:50:35.621] Load Cached PNG Texture: Squad/FlagsOrganization/B612_Foundation_flag
[LOG 14:50:35.621] Load Cached PNG Texture: Squad/FlagsOrganization/electron
[LOG 14:50:35.621] Load Cached PNG Texture: Squad/FlagsOrganization/ESA_Arianespace
[LOG 14:50:35.622] Load Cached PNG Texture: Squad/FlagsOrganization/rocketlab
[LOG 14:50:35.622] Load DDS texture: Squad/FX/DiamondBlue
[LOG 14:50:35.626] Load DDS texture: Squad/FX/FlameBlueOrange
[LOG 14:50:35.626] Load DDS texture: Squad/FX/FlamePurple
[LOG 14:50:35.626] Load DDS texture: Squad/FX/FlameRed
[LOG 14:50:35.626] Load DDS texture: Squad/FX/FlameRedOrange
[LOG 14:50:35.627] Load DDS texture: Squad/FX/Monoprop
[LOG 14:50:35.627] Load DDS texture: Squad/FX/plasma2
[LOG 14:50:35.627] Load DDS texture: Squad/FX/rocketplume2
[LOG 14:50:35.627] Load DDS texture: Squad/FX/shockDiamond2
[LOG 14:50:35.628] Load DDS texture: Squad/FX/smokepuff1
[LOG 14:50:35.631] Load DDS texture: Squad/Interiors/Administration/AdminBuilding_Lvl1
[LOG 14:50:35.640] Load DDS texture: Squad/Interiors/Administration/AdminBuilding_Lvl2
[LOG 14:50:35.645] Load DDS texture: Squad/Interiors/Administration/AdminBuilding_Lvl3
[LOG 14:50:35.651] Load DDS texture: Squad/MenuProps/MunOrBust
[LOG 14:50:35.656] Load Cached PNG Texture: Squad/Missions/Banners/Fail/default
[LOG 14:50:35.656] Load PNG texture: Squad/Missions/Banners/Menu/default
[WRN 14:50:35.662] Texture isn't eligible for DXT compression, width and height must be multiples of 4
[LOG 14:50:35.662] Load Cached PNG Texture: Squad/Missions/Banners/Success/default
[LOG 14:50:35.662] Load PNG texture: Squad/Missions/ESA-BepiColombo/Banners/Fail/ESA_MB_Fail_01
[WRN 14:50:35.666] Texture isn't eligible for DXT compression, width and height must be multiples of 4
[LOG 14:50:35.666] Load PNG texture: Squad/Missions/ESA-BepiColombo/Banners/Menu/ESA_MB_Select_01
[WRN 14:50:35.670] Texture isn't eligible for DXT compression, width and height must be multiples of 4
[LOG 14:50:35.671] Load PNG texture: Squad/Missions/ESA-BepiColombo/Banners/Success/ESA_MB_Success_01
[WRN 14:50:35.675] Texture isn't eligible for DXT compression, width and height must be multiples of 4
[LOG 14:50:35.675] Load PNG texture: Squad/Missions/ESA-BepiColombo-Short/Banners/Fail/ESA_MB_Fail_01
[WRN 14:50:35.679] Texture isn't eligible for DXT compression, width and height must be multiples of 4
[LOG 14:50:35.679] Load PNG texture: Squad/Missions/ESA-BepiColombo-Short/Banners/Menu/ESA_MB_Select_01
[WRN 14:50:35.684] Texture isn't eligible for DXT compression, width and height must be multiples of 4
[LOG 14:50:35.684] Load PNG texture: Squad/Missions/ESA-BepiColombo-Short/Banners/Success/ESA_MB_Success_01
[WRN 14:50:35.689] Texture isn't eligible for DXT compression, width and height must be multiples of 4
[LOG 14:50:35.694] Load PNG texture: Squad/Missions/ESA-Rosetta/Banners/Fail/ESA_MB_Fail_02
[WRN 14:50:35.702] Texture isn't eligible for DXT compression, width and height must be multiples of 4
[LOG 14:50:35.702] Load PNG texture: Squad/Missions/ESA-Rosetta/Banners/Menu/ESA_MB_Select_02
[WRN 14:50:35.705] Texture isn't eligible for DXT compression, width and height must be multiples of 4
[LOG 14:50:35.705] Load PNG texture: Squad/Missions/ESA-Rosetta/Banners/Success/ESA_MB_Success_02
[WRN 14:50:35.710] Texture isn't eligible for DXT compression, width and height must be multiples of 4
[LOG 14:50:35.710] Load Cached PNG Texture: Squad/PartList/SimpleIcons/ablator
[LOG 14:50:35.710] Load Cached PNG Texture: Squad/PartList/SimpleIcons/active_radiator
[LOG 14:50:35.710] Load Cached PNG Texture: Squad/PartList/SimpleIcons/asteroid_drill
[LOG 14:50:35.710] Load Cached PNG Texture: Squad/PartList/SimpleIcons/cargo_part
[LOG 14:50:35.710] Load Cached PNG Texture: Squad/PartList/SimpleIcons/comet_drill
[LOG 14:50:35.710] Load Cached PNG Texture: Squad/PartList/SimpleIcons/core_heat
[LOG 14:50:35.710] Load Cached PNG Texture: Squad/PartList/SimpleIcons/cs_main
[LOG 14:50:35.710] Load Cached PNG Texture: Squad/PartList/SimpleIcons/cs_mk2
[LOG 14:50:35.710] Load Cached PNG Texture: Squad/PartList/SimpleIcons/cs_mk3
[LOG 14:50:35.710] Load Cached PNG Texture: Squad/PartList/SimpleIcons/cs_size0
[LOG 14:50:35.710] Load Cached PNG Texture: Squad/PartList/SimpleIcons/cs_size1
[LOG 14:50:35.711] Load Cached PNG Texture: Squad/PartList/SimpleIcons/cs_size1p5
[LOG 14:50:35.711] Load Cached PNG Texture: Squad/PartList/SimpleIcons/cs_size2
[LOG 14:50:35.711] Load Cached PNG Texture: Squad/PartList/SimpleIcons/cs_size3
[LOG 14:50:35.711] Load Cached PNG Texture: Squad/PartList/SimpleIcons/cs_size4
[LOG 14:50:35.711] Load Cached PNG Texture: Squad/PartList/SimpleIcons/cs_surface
[LOG 14:50:35.711] Load Cached PNG Texture: Squad/PartList/SimpleIcons/custom_built_fairing
[LOG 14:50:35.711] Load Cached PNG Texture: Squad/PartList/SimpleIcons/deployable_antenna
[LOG 14:50:35.711] Load Cached PNG Texture: Squad/PartList/SimpleIcons/deployable_comms_part
[LOG 14:50:35.711] Load Cached PNG Texture: Squad/PartList/SimpleIcons/deployable_ground_part
[LOG 14:50:35.711] Load Cached PNG Texture: Squad/PartList/SimpleIcons/deployable_part
[LOG 14:50:35.711] Load Cached PNG Texture: Squad/PartList/SimpleIcons/deployable_radiator
[LOG 14:50:35.711] Load Cached PNG Texture: Squad/PartList/SimpleIcons/deployed_science_control_unit
[LOG 14:50:35.711] Load Cached PNG Texture: Squad/PartList/SimpleIcons/deployed_science_experiment
[LOG 14:50:35.711] Load Cached PNG Texture: Squad/PartList/SimpleIcons/deployed_science_part
[LOG 14:50:35.712] Load Cached PNG Texture: Squad/PartList/SimpleIcons/enviro_sensor
[LOG 14:50:35.712] Load Cached PNG Texture: Squad/PartList/SimpleIcons/experience_management
[LOG 14:50:35.712] Load Cached PNG Texture: Squad/PartList/SimpleIcons/fuels_monopropellant
[LOG 14:50:35.712] Load Cached PNG Texture: Squad/PartList/SimpleIcons/fuels_ore
[LOG 14:50:35.712] Load Cached PNG Texture: Squad/PartList/SimpleIcons/fuels_oxidizer
[LOG 14:50:35.712] Load Cached PNG Texture: Squad/PartList/SimpleIcons/fuels_solidfuel
[LOG 14:50:35.712] Load Cached PNG Texture: Squad/PartList/SimpleIcons/fuels_xenongas
[LOG 14:50:35.712] Load Cached PNG Texture: Squad/PartList/SimpleIcons/inventory_part
[LOG 14:50:35.712] Load Cached PNG Texture: Squad/PartList/SimpleIcons/kerbnet_access
[LOG 14:50:35.712] Load Cached PNG Texture: Squad/PartList/SimpleIcons/number1
[LOG 14:50:35.712] Load Cached PNG Texture: Squad/PartList/SimpleIcons/number2
[LOG 14:50:35.712] Load Cached PNG Texture: Squad/PartList/SimpleIcons/number3
[LOG 14:50:35.712] Load Cached PNG Texture: Squad/PartList/SimpleIcons/number4
[LOG 14:50:35.712] Load Cached PNG Texture: Squad/PartList/SimpleIcons/number5
[LOG 14:50:35.713] Load Cached PNG Texture: Squad/PartList/SimpleIcons/number6
[LOG 14:50:35.713] Load Cached PNG Texture: Squad/PartList/SimpleIcons/number7
[LOG 14:50:35.713] Load Cached PNG Texture: Squad/PartList/SimpleIcons/number8
[LOG 14:50:35.713] Load Cached PNG Texture: Squad/PartList/SimpleIcons/number9
[LOG 14:50:35.713] Load Cached PNG Texture: Squad/PartList/SimpleIcons/probe_control_unit
[LOG 14:50:35.713] Load Cached PNG Texture: Squad/PartList/SimpleIcons/R&D_node_icon_advaerodynamics
[LOG 14:50:35.713] Load Cached PNG Texture: Squad/PartList/SimpleIcons/R&D_node_icon_advancedmotors
[LOG 14:50:35.713] Load Cached PNG Texture: Squad/PartList/SimpleIcons/R&D_node_icon_advconstruction
[LOG 14:50:35.713] Load Cached PNG Texture: Squad/PartList/SimpleIcons/R&D_node_icon_advelectrics
[LOG 14:50:35.713] Load Cached PNG Texture: Squad/PartList/SimpleIcons/R&D_node_icon_advexploration
[LOG 14:50:35.713] Load Cached PNG Texture: Squad/PartList/SimpleIcons/R&D_node_icon_advflightcontrol
[LOG 14:50:35.713] Load Cached PNG Texture: Squad/PartList/SimpleIcons/R&D_node_icon_advlanding
[LOG 14:50:35.714] Load Cached PNG Texture: Squad/PartList/SimpleIcons/R&D_node_icon_advmetalworks
[LOG 14:50:35.714] Load Cached PNG Texture: Squad/PartList/SimpleIcons/R&D_node_icon_advrocketry
[LOG 14:50:35.714] Load Cached PNG Texture: Squad/PartList/SimpleIcons/R&D_node_icon_advsciencetech
[LOG 14:50:35.714] Load Cached PNG Texture: Squad/PartList/SimpleIcons/R&D_node_icon_advunmanned
[LOG 14:50:35.714] Load Cached PNG Texture: Squad/PartList/SimpleIcons/R&D_node_icon_aerodynamicsystems
[LOG 14:50:35.714] Load Cached PNG Texture: Squad/PartList/SimpleIcons/R&D_node_icon_aerospacetech
[LOG 14:50:35.714] Load Cached PNG Texture: Squad/PartList/SimpleIcons/R&D_node_icon_automation
[LOG 14:50:35.714] Load Cached PNG Texture: Squad/PartList/SimpleIcons/R&D_node_icon_basicprobes
[LOG 14:50:35.714] Load Cached PNG Texture: Squad/PartList/SimpleIcons/R&D_node_icon_basicrocketry
[LOG 14:50:35.714] Load Cached PNG Texture: Squad/PartList/SimpleIcons/R&D_node_icon_composites
[LOG 14:50:35.714] Load Cached PNG Texture: Squad/PartList/SimpleIcons/R&D_node_icon_electrics
[LOG 14:50:35.714] Load Cached PNG Texture: Squad/PartList/SimpleIcons/R&D_node_icon_electronics
[LOG 14:50:35.714] Load Cached PNG Texture: Squad/PartList/SimpleIcons/R&D_node_icon_evatech
[LOG 14:50:35.715] Load Cached PNG Texture: Squad/PartList/SimpleIcons/R&D_node_icon_experimentalaerodynamics
[LOG 14:50:35.715] Load Cached PNG Texture: Squad/PartList/SimpleIcons/R&D_node_icon_experimentalelectrics
[LOG 14:50:35.715] Load Cached PNG Texture: Squad/PartList/SimpleIcons/R&D_node_icon_experimentalmotors
[LOG 14:50:35.715] Load Cached PNG Texture: Squad/PartList/SimpleIcons/R&D_node_icon_experimentalrocketry
[LOG 14:50:35.715] Load Cached PNG Texture: Squad/PartList/SimpleIcons/R&D_node_icon_experimentalscience
[LOG 14:50:35.715] Load Cached PNG Texture: Squad/PartList/SimpleIcons/R&D_node_icon_fieldscience
[LOG 14:50:35.715] Load Cached PNG Texture: Squad/PartList/SimpleIcons/R&D_node_icon_flightcontrol
[LOG 14:50:35.715] Load Cached PNG Texture: Squad/PartList/SimpleIcons/R&D_node_icon_fuelsystems
[LOG 14:50:35.715] Load Cached PNG Texture: Squad/PartList/SimpleIcons/R&D_node_icon_generalconstruction
[LOG 14:50:35.715] Load Cached PNG Texture: Squad/PartList/SimpleIcons/R&D_node_icon_generalrocketry
[LOG 14:50:35.715] Load Cached PNG Texture: Squad/PartList/SimpleIcons/R&D_node_icon_generic
[LOG 14:50:35.715] Load Cached PNG Texture: Squad/PartList/SimpleIcons/R&D_node_icon_heavierrocketry
[LOG 14:50:35.715] Load Cached PNG Texture: Squad/PartList/SimpleIcons/R&D_node_icon_heavyaerodynamics
[LOG 14:50:35.716] Load Cached PNG Texture: Squad/PartList/SimpleIcons/R&D_node_icon_heavyrocketry
[LOG 14:50:35.716] Load Cached PNG Texture: Squad/PartList/SimpleIcons/R&D_node_icon_highaltitudeflight
[LOG 14:50:35.716] Load Cached PNG Texture: Squad/PartList/SimpleIcons/R&D_node_icon_highaltitudepropulsion
[LOG 14:50:35.716] Load Cached PNG Texture: Squad/PartList/SimpleIcons/R&D_node_icon_hypersonicflight
[LOG 14:50:35.716] Load Cached PNG Texture: Squad/PartList/SimpleIcons/R&D_node_icon_ionpropulsion
[LOG 14:50:35.716] Load Cached PNG Texture: Squad/PartList/SimpleIcons/R&D_node_icon_landing
[LOG 14:50:35.716] Load Cached PNG Texture: Squad/PartList/SimpleIcons/R&D_node_icon_largecontrol
[LOG 14:50:35.716] Load Cached PNG Texture: Squad/PartList/SimpleIcons/R&D_node_icon_largeelectrics
[LOG 14:50:35.716] Load Cached PNG Texture: Squad/PartList/SimpleIcons/R&D_node_icon_largeprobes
[LOG 14:50:35.716] Load Cached PNG Texture: Squad/PartList/SimpleIcons/R&D_node_icon_metamaterials
[LOG 14:50:35.716] Load Cached PNG Texture: Squad/PartList/SimpleIcons/R&D_node_icon_nanolathing
[LOG 14:50:35.716] Load Cached PNG Texture: Squad/PartList/SimpleIcons/R&D_node_icon_nuclearpropulsion
[LOG 14:50:35.717] Load Cached PNG Texture: Squad/PartList/SimpleIcons/R&D_node_icon_precisionengineering
[LOG 14:50:35.717] Load Cached PNG Texture: Squad/PartList/SimpleIcons/R&D_node_icon_robotics
[LOG 14:50:35.717] Load Cached PNG Texture: Squad/PartList/SimpleIcons/R&D_node_icon_sciencetech
[LOG 14:50:35.717] Load Cached PNG Texture: Squad/PartList/SimpleIcons/R&D_node_icon_specializedconstruction
[LOG 14:50:35.717] Load Cached PNG Texture: Squad/PartList/SimpleIcons/R&D_node_icon_specializedcontrol
[LOG 14:50:35.717] Load Cached PNG Texture: Squad/PartList/SimpleIcons/R&D_node_icon_specializedelectrics
[LOG 14:50:35.717] Load Cached PNG Texture: Squad/PartList/SimpleIcons/R&D_node_icon_stability
[LOG 14:50:35.717] Load Cached PNG Texture: Squad/PartList/SimpleIcons/R&D_node_icon_start
[LOG 14:50:35.717] Load Cached PNG Texture: Squad/PartList/SimpleIcons/R&D_node_icon_supersonicflight
[LOG 14:50:35.717] Load Cached PNG Texture: Squad/PartList/SimpleIcons/R&D_node_icon_survivability
[LOG 14:50:35.717] Load Cached PNG Texture: Squad/PartList/SimpleIcons/R&D_node_icon_unmannedtech
[LOG 14:50:35.717] Load Cached PNG Texture: Squad/PartList/SimpleIcons/R&D_node_icon_veryheavyrocketry
[LOG 14:50:35.718] Load Cached PNG Texture: Squad/PartList/SimpleIcons/rcsfx
[LOG 14:50:35.718] Load Cached PNG Texture: Squad/PartList/SimpleIcons/RDicon_aerospaceTech2
[LOG 14:50:35.718] Load Cached PNG Texture: Squad/PartList/SimpleIcons/RDicon_commandmodules
[LOG 14:50:35.718] Load Cached PNG Texture: Squad/PartList/SimpleIcons/RDicon_fuelSystems-advanced
[LOG 14:50:35.718] Load Cached PNG Texture: Squad/PartList/SimpleIcons/RDicon_fuelSystems-highPerformance
[LOG 14:50:35.718] Load Cached PNG Texture: Squad/PartList/SimpleIcons/RDicon_largeVolumeContainment
[LOG 14:50:35.718] Load Cached PNG Texture: Squad/PartList/SimpleIcons/RDicon_miniaturization
[LOG 14:50:35.718] Load Cached PNG Texture: Squad/PartList/SimpleIcons/RDicon_propulsion-precision
[LOG 14:50:35.718] Load Cached PNG Texture: Squad/PartList/SimpleIcons/RDicon_propulsionSystems
[LOG 14:50:35.718] Load Cached PNG Texture: Squad/PartList/SimpleIcons/RDicon_telescope
[LOG 14:50:35.718] Load Cached PNG Texture: Squad/PartList/SimpleIcons/robotic_controller
[LOG 14:50:35.718] Load Cached PNG Texture: Squad/PartList/SimpleIcons/robotic_rotation_servo
[LOG 14:50:35.719] Load Cached PNG Texture: Squad/PartList/SimpleIcons/robotic_servo_hinge
[LOG 14:50:35.719] Load Cached PNG Texture: Squad/PartList/SimpleIcons/robotic_servo_piston
[LOG 14:50:35.719] Load Cached PNG Texture: Squad/PartList/SimpleIcons/robotic_servo_rotor
[LOG 14:50:35.719] Load Cached PNG Texture: Squad/PartList/SimpleIcons/scanner_arm
[LOG 14:50:35.719] Load Cached PNG Texture: Squad/PartList/SimpleIcons/variant
[LOG 14:50:35.719] Load Cached PNG Texture: Squad/Parts/@thumbs/adapterSmallMiniShort_icon0
[LOG 14:50:35.719] Load Cached PNG Texture: Squad/Parts/@thumbs/adapterSmallMiniShort_icon1
[LOG 14:50:35.719] Load Cached PNG Texture: Squad/Parts/@thumbs/adapterSmallMiniTall_icon0
[LOG 14:50:35.719] Load Cached PNG Texture: Squad/Parts/@thumbs/adapterSmallMiniTall_icon1
[LOG 14:50:35.719] Load Cached PNG Texture: Squad/Parts/@thumbs/AdvancedCanard_icon
[LOG 14:50:35.719] Load Cached PNG Texture: Squad/Parts/@thumbs/advSasModule_icon
[LOG 14:50:35.719] Load Cached PNG Texture: Squad/Parts/@thumbs/airbrake1_icon
[LOG 14:50:35.720] Load Cached PNG Texture: Squad/Parts/@thumbs/airScoop_icon
[LOG 14:50:35.720] Load Cached PNG Texture: Squad/Parts/@thumbs/avionicsNoseCone_icon
[LOG 14:50:35.720] Load Cached PNG Texture: Squad/Parts/@thumbs/basicFin_icon
[LOG 14:50:35.720] Load Cached PNG Texture: Squad/Parts/@thumbs/batteryBankMini_icon
[LOG 14:50:35.720] Load Cached PNG Texture: Squad/Parts/@thumbs/batteryBank_icon
[LOG 14:50:35.720] Load Cached PNG Texture: Squad/Parts/@thumbs/batteryPack_icon
[LOG 14:50:35.720] Load Cached PNG Texture: Squad/Parts/@thumbs/cargoContainer_icon
[LOG 14:50:35.720] Load Cached PNG Texture: Squad/Parts/@thumbs/CargoStorageUnit_icon
[LOG 14:50:35.720] Load Cached PNG Texture: Squad/Parts/@thumbs/CircularIntake_icon
[LOG 14:50:35.721] Load Cached PNG Texture: Squad/Parts/@thumbs/commDish_icon
[LOG 14:50:35.721] Load Cached PNG Texture: Squad/Parts/@thumbs/Decoupler.0_icon0
[LOG 14:50:35.721] Load Cached PNG Texture: Squad/Parts/@thumbs/Decoupler.0_icon1
[LOG 14:50:35.721] Load Cached PNG Texture: Squad/Parts/@thumbs/Decoupler.1_icon0
[LOG 14:50:35.721] Load Cached PNG Texture: Squad/Parts/@thumbs/Decoupler.1_icon1
[LOG 14:50:35.721] Load Cached PNG Texture: Squad/Parts/@thumbs/dockingPort1_icon
[LOG 14:50:35.721] Load Cached PNG Texture: Squad/Parts/@thumbs/dockingPort2_icon
[LOG 14:50:35.721] Load Cached PNG Texture: Squad/Parts/@thumbs/dockingPort3_icon
[LOG 14:50:35.721] Load Cached PNG Texture: Squad/Parts/@thumbs/domeLight1_icon0
[LOG 14:50:35.721] Load Cached PNG Texture: Squad/Parts/@thumbs/domeLight1_icon1
[LOG 14:50:35.722] Load Cached PNG Texture: Squad/Parts/@thumbs/elevon2_icon
[LOG 14:50:35.722] Load Cached PNG Texture: Squad/Parts/@thumbs/elevon3_icon
[LOG 14:50:35.722] Load Cached PNG Texture: Squad/Parts/@thumbs/elevon5_icon
[LOG 14:50:35.722] Load Cached PNG Texture: Squad/Parts/@thumbs/evaChute_icon
[LOG 14:50:35.722] Load Cached PNG Texture: Squad/Parts/@thumbs/evaCylinder_icon
[LOG 14:50:35.722] Load Cached PNG Texture: Squad/Parts/@thumbs/evaJetpack_icon
[LOG 14:50:35.722] Load Cached PNG Texture: Squad/Parts/@thumbs/evaRepairKit_icon
[LOG 14:50:35.722] Load Cached PNG Texture: Squad/Parts/@thumbs/evaScienceKit_icon
[LOG 14:50:35.723] Load Cached PNG Texture: Squad/Parts/@thumbs/externalTankCapsule_icon0
[LOG 14:50:35.724] Load Cached PNG Texture: Squad/Parts/@thumbs/externalTankCapsule_icon1
[LOG 14:50:35.724] Load Cached PNG Texture: Squad/Parts/@thumbs/externalTankRound_icon0
[LOG 14:50:35.724] Load Cached PNG Texture: Squad/Parts/@thumbs/externalTankRound_icon1
[LOG 14:50:35.724] Load Cached PNG Texture: Squad/Parts/@thumbs/externalTankToroid_icon0
[LOG 14:50:35.724] Load Cached PNG Texture: Squad/Parts/@thumbs/externalTankToroid_icon1
[LOG 14:50:35.725] Load Cached PNG Texture: Squad/Parts/@thumbs/fireworksLauncherBig_icon
[LOG 14:50:35.725] Load Cached PNG Texture: Squad/Parts/@thumbs/fireworksLauncherSmall_icon
[LOG 14:50:35.725] Load Cached PNG Texture: Squad/Parts/@thumbs/foldingRadMed_icon
[LOG 14:50:35.725] Load Cached PNG Texture: Squad/Parts/@thumbs/foldingRadSmall_icon
[LOG 14:50:35.725] Load Cached PNG Texture: Squad/Parts/@thumbs/FuelCellArray_icon
[LOG 14:50:35.725] Load Cached PNG Texture: Squad/Parts/@thumbs/FuelCell_icon
[LOG 14:50:35.725] Load Cached PNG Texture: Squad/Parts/@thumbs/fuelTankSmallFlat_icon0
[LOG 14:50:35.725] Load Cached PNG Texture: Squad/Parts/@thumbs/fuelTankSmallFlat_icon1
[LOG 14:50:35.725] Load Cached PNG Texture: Squad/Parts/@thumbs/fuelTankSmallFlat_icon2
[LOG 14:50:35.726] Load Cached PNG Texture: Squad/Parts/@thumbs/fuelTankSmallFlat_icon3
[LOG 14:50:35.726] Load Cached PNG Texture: Squad/Parts/@thumbs/fuelTankSmall_icon0
[LOG 14:50:35.726] Load Cached PNG Texture: Squad/Parts/@thumbs/fuelTankSmall_icon1
[LOG 14:50:35.726] Load Cached PNG Texture: Squad/Parts/@thumbs/fuelTankSmall_icon2
[LOG 14:50:35.726] Load Cached PNG Texture: Squad/Parts/@thumbs/fuelTankSmall_icon3
[LOG 14:50:35.726] Load Cached PNG Texture: Squad/Parts/@thumbs/GearFixed_icon
[LOG 14:50:35.726] Load Cached PNG Texture: Squad/Parts/@thumbs/GearFree_icon
[LOG 14:50:35.726] Load Cached PNG Texture: Squad/Parts/@thumbs/GearSmall_icon
[LOG 14:50:35.727] Load Cached PNG Texture: Squad/Parts/@thumbs/GooExperiment_icon
[LOG 14:50:35.727] Load Cached PNG Texture: Squad/Parts/@thumbs/groundAnchor_icon
[LOG 14:50:35.727] Load Cached PNG Texture: Squad/Parts/@thumbs/groundLight1_icon
[LOG 14:50:35.727] Load Cached PNG Texture: Squad/Parts/@thumbs/groundLight2_icon
[LOG 14:50:35.727] Load Cached PNG Texture: Squad/Parts/@thumbs/HeatShield0_icon
[LOG 14:50:35.727] Load Cached PNG Texture: Squad/Parts/@thumbs/HeatShield1_icon
[LOG 14:50:35.727] Load Cached PNG Texture: Squad/Parts/@thumbs/HECS2.ProbeCore_icon
[LOG 14:50:35.727] Load Cached PNG Texture: Squad/Parts/@thumbs/HighGainAntenna5.v2_icon
[LOG 14:50:35.727] Load Cached PNG Texture: Squad/Parts/@thumbs/HighGainAntenna5_icon
[LOG 14:50:35.728] Load Cached PNG Texture: Squad/Parts/@thumbs/HighGainAntenna_icon
[LOG 14:50:35.728] Load Cached PNG Texture: Squad/Parts/@thumbs/IntakeRadialLong_icon
[LOG 14:50:35.728] Load Cached PNG Texture: Squad/Parts/@thumbs/ionEngine_icon
[LOG 14:50:35.728] Load Cached PNG Texture: Squad/Parts/@thumbs/ksp.r.largeBatteryPack_icon
[LOG 14:50:35.728] Load Cached PNG Texture: Squad/Parts/@thumbs/ladder1_icon
[LOG 14:50:35.728] Load Cached PNG Texture: Squad/Parts/@thumbs/landingLeg1-2_icon
[LOG 14:50:35.728] Load Cached PNG Texture: Squad/Parts/@thumbs/landingLeg1_icon
[LOG 14:50:35.729] Load Cached PNG Texture: Squad/Parts/@thumbs/LgRadialSolarPanel_icon
[LOG 14:50:35.729] Load Cached PNG Texture: Squad/Parts/@thumbs/linearRcs_icon
[LOG 14:50:35.729] Load Cached PNG Texture: Squad/Parts/@thumbs/liquidEngine3.v2_icon0
[LOG 14:50:35.729] Load Cached PNG Texture: Squad/Parts/@thumbs/liquidEngine3.v2_icon1
[LOG 14:50:35.729] Load Cached PNG Texture: Squad/Parts/@thumbs/liquidEngine3.v2_icon2
[LOG 14:50:35.729] Load Cached PNG Texture: Squad/Parts/@thumbs/liquidEngineMini.v2_icon0
[LOG 14:50:35.729] Load Cached PNG Texture: Squad/Parts/@thumbs/liquidEngineMini.v2_icon1
[LOG 14:50:35.730] Load Cached PNG Texture: Squad/Parts/@thumbs/liquidEngineMini.v2_icon2
[LOG 14:50:35.730] Load Cached PNG Texture: Squad/Parts/@thumbs/longAntenna_icon
[LOG 14:50:35.730] Load Cached PNG Texture: Squad/Parts/@thumbs/Magnetometer_icon
[LOG 14:50:35.730] Load Cached PNG Texture: Squad/Parts/@thumbs/mediumDishAntenna_icon
[LOG 14:50:35.730] Load Cached PNG Texture: Squad/Parts/@thumbs/microEngine.v2_icon0
[LOG 14:50:35.730] Load Cached PNG Texture: Squad/Parts/@thumbs/microEngine.v2_icon1
[LOG 14:50:35.730] Load Cached PNG Texture: Squad/Parts/@thumbs/MiniDrill_icon
[LOG 14:50:35.730] Load Cached PNG Texture: Squad/Parts/@thumbs/miniFuelTank_icon
[LOG 14:50:35.730] Load Cached PNG Texture: Squad/Parts/@thumbs/miniFuselage_icon
[LOG 14:50:35.730] Load Cached PNG Texture: Squad/Parts/@thumbs/miniIntake_icon
[LOG 14:50:35.730] Load Cached PNG Texture: Squad/Parts/@thumbs/miniJetEngine_icon
[LOG 14:50:35.731] Load Cached PNG Texture: Squad/Parts/@thumbs/miniLandingLeg_icon
[LOG 14:50:35.731] Load Cached PNG Texture: Squad/Parts/@thumbs/Mite_icon
[LOG 14:50:35.731] Load Cached PNG Texture: Squad/Parts/@thumbs/mk1pod.v2_icon0
[LOG 14:50:35.731] Load Cached PNG Texture: Squad/Parts/@thumbs/mk2DroneCore_icon
[LOG 14:50:35.731] Load Cached PNG Texture: Squad/Parts/@thumbs/MpoProbe_icon
[LOG 14:50:35.731] Load Cached PNG Texture: Squad/Parts/@thumbs/navLight1_icon0
[LOG 14:50:35.731] Load Cached PNG Texture: Squad/Parts/@thumbs/navLight1_icon1
[LOG 14:50:35.731] Load Cached PNG Texture: Squad/Parts/@thumbs/noseCone_icon0
[LOG 14:50:35.731] Load Cached PNG Texture: Squad/Parts/@thumbs/noseCone_icon1
[LOG 14:50:35.731] Load Cached PNG Texture: Squad/Parts/@thumbs/noseCone_icon2
[LOG 14:50:35.731] Load Cached PNG Texture: Squad/Parts/@thumbs/omsEngine_icon
[LOG 14:50:35.731] Load Cached PNG Texture: Squad/Parts/@thumbs/OrbitalScanner_icon
[LOG 14:50:35.732] Load Cached PNG Texture: Squad/Parts/@thumbs/parachuteDrogue_icon
[LOG 14:50:35.732] Load Cached PNG Texture: Squad/Parts/@thumbs/parachuteLarge_icon
[LOG 14:50:35.732] Load Cached PNG Texture: Squad/Parts/@thumbs/parachuteRadial_icon
[LOG 14:50:35.732] Load Cached PNG Texture: Squad/Parts/@thumbs/parachuteSingle_icon
[LOG 14:50:35.732] Load Cached PNG Texture: Squad/Parts/@thumbs/probeCoreCube_icon
[LOG 14:50:35.732] Load Cached PNG Texture: Squad/Parts/@thumbs/probeCoreHex.v2_icon
[LOG 14:50:35.732] Load Cached PNG Texture: Squad/Parts/@thumbs/probeCoreOcto.v2_icon
[LOG 14:50:35.732] Load Cached PNG Texture: Squad/Parts/@thumbs/probeCoreOcto2.v2_icon
[LOG 14:50:35.732] Load Cached PNG Texture: Squad/Parts/@thumbs/probeCoreSphere.v2_icon
[LOG 14:50:35.732] Load Cached PNG Texture: Squad/Parts/@thumbs/probeStackLarge_icon
[LOG 14:50:35.732] Load Cached PNG Texture: Squad/Parts/@thumbs/probeStackSmall_icon
[LOG 14:50:35.732] Load Cached PNG Texture: Squad/Parts/@thumbs/R8winglet_icon
[LOG 14:50:35.733] Load Cached PNG Texture: Squad/Parts/@thumbs/radialDecoupler1-2_icon
[LOG 14:50:35.733] Load Cached PNG Texture: Squad/Parts/@thumbs/radialDecoupler2_icon
[LOG 14:50:35.733] Load Cached PNG Texture: Squad/Parts/@thumbs/radialDecoupler_icon
[LOG 14:50:35.733] Load Cached PNG Texture: Squad/Parts/@thumbs/radialDrogue_icon
[LOG 14:50:35.733] Load Cached PNG Texture: Squad/Parts/@thumbs/radialEngineMini.v2_icon0
[LOG 14:50:35.733] Load Cached PNG Texture: Squad/Parts/@thumbs/radialEngineMini.v2_icon1
[LOG 14:50:35.733] Load Cached PNG Texture: Squad/Parts/@thumbs/radialLiquidEngine1-2_icon
[LOG 14:50:35.733] Load Cached PNG Texture: Squad/Parts/@thumbs/RadialOreTank_icon
[LOG 14:50:35.733] Load Cached PNG Texture: Squad/Parts/@thumbs/radialRCSTank_icon
[LOG 14:50:35.733] Load Cached PNG Texture: Squad/Parts/@thumbs/radPanelEdge_icon
[LOG 14:50:35.733] Load Cached PNG Texture: Squad/Parts/@thumbs/radPanelLg_icon
[LOG 14:50:35.734] Load Cached PNG Texture: Squad/Parts/@thumbs/radPanelSm_icon
[LOG 14:50:35.734] Load Cached PNG Texture: Squad/Parts/@thumbs/RCSblock.01.small_icon0
[LOG 14:50:35.734] Load Cached PNG Texture: Squad/Parts/@thumbs/RCSblock.01.small_icon1
[LOG 14:50:35.734] Load Cached PNG Texture: Squad/Parts/@thumbs/RCSblock.01.small_icon2
[LOG 14:50:35.737] Load Cached PNG Texture: Squad/Parts/@thumbs/RCSblock.01.small_icon3
[LOG 14:50:35.737] Load Cached PNG Texture: Squad/Parts/@thumbs/RCSblock.01.small_icon4
[LOG 14:50:35.737] Load Cached PNG Texture: Squad/Parts/@thumbs/RCSBlock.v2_icon
[LOG 14:50:35.737] Load Cached PNG Texture: Squad/Parts/@thumbs/RCSBlock.v2_icon0
[LOG 14:50:35.738] Load Cached PNG Texture: Squad/Parts/@thumbs/RCSBlock.v2_icon1
[LOG 14:50:35.738] Load Cached PNG Texture: Squad/Parts/@thumbs/RCSBlock.v2_icon2
[LOG 14:50:35.738] Load Cached PNG Texture: Squad/Parts/@thumbs/RCSBlock.v2_icon3
[LOG 14:50:35.738] Load Cached PNG Texture: Squad/Parts/@thumbs/RCSBlock.v2_icon4
[LOG 14:50:35.738] Load Cached PNG Texture: Squad/Parts/@thumbs/RCSFuelTank_icon
[LOG 14:50:35.738] Load Cached PNG Texture: Squad/Parts/@thumbs/RCSLinearSmall_icon
[LOG 14:50:35.738] Load Cached PNG Texture: Squad/Parts/@thumbs/rcsTankMini_icon
[LOG 14:50:35.738] Load Cached PNG Texture: Squad/Parts/@thumbs/RelayAntenna5_icon
[LOG 14:50:35.738] Load Cached PNG Texture: Squad/Parts/@thumbs/ReleaseValve_icon
[LOG 14:50:35.738] Load Cached PNG Texture: Squad/Parts/@thumbs/roverBody.v2_icon0
[LOG 14:50:35.738] Load Cached PNG Texture: Squad/Parts/@thumbs/roverBody.v2_icon1
[LOG 14:50:35.738] Load Cached PNG Texture: Squad/Parts/@thumbs/roverBody.v2_icon2
[LOG 14:50:35.739] Load Cached PNG Texture: Squad/Parts/@thumbs/roverWheel1_icon
[LOG 14:50:35.739] Load Cached PNG Texture: Squad/Parts/@thumbs/roverWheel2_icon
[LOG 14:50:35.739] Load Cached PNG Texture: Squad/Parts/@thumbs/rtg_icon
[LOG 14:50:35.739] Load Cached PNG Texture: Squad/Parts/@thumbs/sasModule_icon
[LOG 14:50:35.739] Load Cached PNG Texture: Squad/Parts/@thumbs/science.module_icon
[LOG 14:50:35.739] Load Cached PNG Texture: Squad/Parts/@thumbs/ScienceBox_icon
[LOG 14:50:35.739] Load Cached PNG Texture: Squad/Parts/@thumbs/seatExternalCmd_icon
[LOG 14:50:35.739] Load Cached PNG Texture: Squad/Parts/@thumbs/sensorAccelerometer_icon
[LOG 14:50:35.739] Load Cached PNG Texture: Squad/Parts/@thumbs/sensorAtmosphere_icon
[LOG 14:50:35.739] Load Cached PNG Texture: Squad/Parts/@thumbs/sensorBarometer_icon
[LOG 14:50:35.739] Load Cached PNG Texture: Squad/Parts/@thumbs/sensorGravimeter_icon
[LOG 14:50:35.740] Load Cached PNG Texture: Squad/Parts/@thumbs/sensorThermometer_icon
[LOG 14:50:35.740] Load Cached PNG Texture: Squad/Parts/@thumbs/Separator.0_icon0
[LOG 14:50:35.740] Load Cached PNG Texture: Squad/Parts/@thumbs/Separator.0_icon1
[LOG 14:50:35.740] Load Cached PNG Texture: Squad/Parts/@thumbs/Separator.1_icon0
[LOG 14:50:35.740] Load Cached PNG Texture: Squad/Parts/@thumbs/Separator.1_icon1
[LOG 14:50:35.740] Load Cached PNG Texture: Squad/Parts/@thumbs/sepMotor1_icon
[LOG 14:50:35.740] Load Cached PNG Texture: Squad/Parts/@thumbs/ServiceBay.125.v2_icon
[LOG 14:50:35.740] Load Cached PNG Texture: Squad/Parts/@thumbs/shockConeIntake_icon
[LOG 14:50:35.740] Load Cached PNG Texture: Squad/Parts/@thumbs/Shrimp_icon
[LOG 14:50:35.740] Load Cached PNG Texture: Squad/Parts/@thumbs/smallCargoContainer_icon
[LOG 14:50:35.741] Load Cached PNG Texture: Squad/Parts/@thumbs/smallClaw_icon0
[LOG 14:50:35.741] Load Cached PNG Texture: Squad/Parts/@thumbs/smallClaw_icon1
[LOG 14:50:35.741] Load Cached PNG Texture: Squad/Parts/@thumbs/smallCtrlSrf_icon
[LOG 14:50:35.741] Load Cached PNG Texture: Squad/Parts/@thumbs/SmallGearBay_icon
[LOG 14:50:35.741] Load Cached PNG Texture: Squad/Parts/@thumbs/smallHardpoint_icon
[LOG 14:50:35.741] Load Cached PNG Texture: Squad/Parts/@thumbs/smallRadialEngine.v2_icon0
[LOG 14:50:35.741] Load Cached PNG Texture: Squad/Parts/@thumbs/smallRadialEngine.v2_icon1
[LOG 14:50:35.742] Load Cached PNG Texture: Squad/Parts/@thumbs/solarPanelOX10C_icon
[LOG 14:50:35.742] Load Cached PNG Texture: Squad/Parts/@thumbs/solarPanelOX10L_icon
[LOG 14:50:35.742] Load Cached PNG Texture: Squad/Parts/@thumbs/solarPanels1_icon
[LOG 14:50:35.742] Load Cached PNG Texture: Squad/Parts/@thumbs/solarPanels2_icon
[LOG 14:50:35.742] Load Cached PNG Texture: Squad/Parts/@thumbs/solarPanels3_icon
[LOG 14:50:35.742] Load Cached PNG Texture: Squad/Parts/@thumbs/solarPanels4_icon
[LOG 14:50:35.747] Load Cached PNG Texture: Squad/Parts/@thumbs/solarPanels5_icon
[LOG 14:50:35.747] Load Cached PNG Texture: Squad/Parts/@thumbs/solarPanelSP10C_icon
[LOG 14:50:35.747] Load Cached PNG Texture: Squad/Parts/@thumbs/solarPanelSP10L_icon
[LOG 14:50:35.751] Load Cached PNG Texture: Squad/Parts/@thumbs/spotLight1_icon
[LOG 14:50:35.751] Load Cached PNG Texture: Squad/Parts/@thumbs/spotLight2_icon
[LOG 14:50:35.759] Load Cached PNG Texture: Squad/Parts/@thumbs/spotLight3_icon0
[LOG 14:50:35.759] Load Cached PNG Texture: Squad/Parts/@thumbs/spotLight3_icon1
[LOG 14:50:35.760] Load Cached PNG Texture: Squad/Parts/@thumbs/stackPoint1_icon
[LOG 14:50:35.760] Load Cached PNG Texture: Squad/Parts/@thumbs/StandardCtrlSrf_icon
[LOG 14:50:35.760] Load Cached PNG Texture: Squad/Parts/@thumbs/standardNoseCone_icon
[LOG 14:50:35.760] Load Cached PNG Texture: Squad/Parts/@thumbs/stripLight1_icon0
[LOG 14:50:35.760] Load Cached PNG Texture: Squad/Parts/@thumbs/stripLight1_icon1
[LOG 14:50:35.761] Load Cached PNG Texture: Squad/Parts/@thumbs/structuralIBeam1_icon
[LOG 14:50:35.761] Load Cached PNG Texture: Squad/Parts/@thumbs/structuralIBeam3_icon
[LOG 14:50:35.762] Load Cached PNG Texture: Squad/Parts/@thumbs/structuralMiniNode_icon
[LOG 14:50:35.765] Load Cached PNG Texture: Squad/Parts/@thumbs/structuralPanel1_icon
[LOG 14:50:35.768] Load Cached PNG Texture: Squad/Parts/@thumbs/structuralPanel2_icon
[LOG 14:50:35.770] Load Cached PNG Texture: Squad/Parts/@thumbs/structuralWing4_icon
[LOG 14:50:35.770] Load Cached PNG Texture: Squad/Parts/@thumbs/strutCube_icon
[LOG 14:50:35.770] Load Cached PNG Texture: Squad/Parts/@thumbs/strutOcto_icon
[LOG 14:50:35.770] Load Cached PNG Texture: Squad/Parts/@thumbs/SurfaceScanner_icon
[LOG 14:50:35.771] Load Cached PNG Texture: Squad/Parts/@thumbs/SurfAntenna_icon
[LOG 14:50:35.771] Load Cached PNG Texture: Squad/Parts/@thumbs/telescopicLadderBay_icon
[LOG 14:50:35.771] Load Cached PNG Texture: Squad/Parts/@thumbs/telescopicLadder_icon
[LOG 14:50:35.778] Load Cached PNG Texture: Squad/Parts/@thumbs/toroidalAerospike_icon
[LOG 14:50:35.778] Load Cached PNG Texture: Squad/Parts/@thumbs/trussAdapter_icon
[LOG 14:50:35.788] Load Cached PNG Texture: Squad/Parts/@thumbs/trussPiece1x_icon
[LOG 14:50:35.789] Load Cached PNG Texture: Squad/Parts/@thumbs/trussPiece3x_icon
[LOG 14:50:35.789] Load Cached PNG Texture: Squad/Parts/@thumbs/vernierEngine_icon
[LOG 14:50:35.789] Load Cached PNG Texture: Squad/Parts/@thumbs/wheelMed_icon
[LOG 14:50:35.790] Load Cached PNG Texture: Squad/Parts/@thumbs/wingConnector4_icon
[LOG 14:50:35.793] Load Cached PNG Texture: Squad/Parts/@thumbs/wingConnector5_icon
[LOG 14:50:35.794] Load Cached PNG Texture: Squad/Parts/@thumbs/winglet3_icon
[LOG 14:50:35.794] Load Cached PNG Texture: Squad/Parts/@thumbs/winglet_icon
[LOG 14:50:35.795] Load Cached PNG Texture: Squad/Parts/@thumbs/wingShuttleElevon1_icon
[LOG 14:50:35.795] Load Cached PNG Texture: Squad/Parts/@thumbs/xenonTankLarge_icon
[LOG 14:50:35.795] Load Cached PNG Texture: Squad/Parts/@thumbs/xenonTankRadial_icon
[LOG 14:50:35.795] Load Cached PNG Texture: Squad/Parts/@thumbs/xenonTank_icon
[LOG 14:50:35.795] Load DDS texture: Squad/Parts/Aero/aerodynamicNoseCone/Rockomax_Adapters_diffuse
[LOG 14:50:35.796] Load DDS texture: Squad/Parts/Aero/aerodynamicNoseCone/Rockomax_Adapters_normal
[LOG 14:50:35.796] Load DDS texture: Squad/Parts/Aero/airbrake/airbrake
[LOG 14:50:35.796] Load DDS texture: Squad/Parts/Aero/airIntakeRadialXM-G50/RadialIntake
[LOG 14:50:35.799] Load DDS texture: Squad/Parts/Aero/airlinerWings/AirlinerWings
[LOG 14:50:35.808] Load DDS texture: Squad/Parts/Aero/airplaneFins/AirplaneFins
[LOG 14:50:35.809] Load DDS texture: Squad/Parts/Aero/basicFin/BasicFin
[LOG 14:50:35.810] Load DDS texture: Squad/Parts/Aero/circularIntake/CircluarIntakes
[LOG 14:50:35.810] Load DDS texture: Squad/Parts/Aero/circularIntake/CircluarIntakes_Heat
[LOG 14:50:35.810] Load DDS texture: Squad/Parts/Aero/cones/Assets/Cones
[LOG 14:50:35.814] Load DDS texture: Squad/Parts/Aero/cones/Assets/ConesDiffuse
[LOG 14:50:35.815] Load DDS texture: Squad/Parts/Aero/cones/Assets/ConesDiffuse_Orange
[LOG 14:50:35.816] Load DDS texture: Squad/Parts/Aero/cones/Assets/ConesDiffuse_White
[LOG 14:50:35.818] Load DDS texture: Squad/Parts/Aero/cones/Assets/ConesHeat
[LOG 14:50:35.820] Load DDS texture: Squad/Parts/Aero/cones/Assets/ConesHeat_Orange
[LOG 14:50:35.821] Load DDS texture: Squad/Parts/Aero/cones/Assets/ConesHeat_White
[LOG 14:50:35.823] Load DDS texture: Squad/Parts/Aero/cones/Assets/Cones_Heat
[LOG 14:50:35.823] Load Cached PNG Texture: Squad/Parts/Aero/cones/Assets/rocketNoseCones_O
[LOG 14:50:35.831] Load Cached PNG Texture: Squad/Parts/Aero/cones/Assets/rocketNoseCones_O_Normal
[LOG 14:50:35.832] Load DDS texture: Squad/Parts/Aero/cones/Assets/rocketNoseCones_W
[LOG 14:50:35.844] Load DDS texture: Squad/Parts/Aero/cones/Assets/Rockomax_Adapters_diffuse
[LOG 14:50:35.846] Load DDS texture: Squad/Parts/Aero/cones/Assets/Rockomax_Adapters_normal
[LOG 14:50:35.846] Load DDS texture: Squad/Parts/Aero/fairings/AutoTruss
[LOG 14:50:35.847] Load DDS texture: Squad/Parts/Aero/fairings/FairingBase
[LOG 14:50:35.849] Load DDS texture: Squad/Parts/Aero/fairings/FairingBaseNormals
[LOG 14:50:35.849] Load DDS texture: Squad/Parts/Aero/fairings/FairingBaseNormals_bw
[LOG 14:50:35.849] Load DDS texture: Squad/Parts/Aero/fairings/FairingBaseNormals_goldSilver
[LOG 14:50:35.850] Load DDS texture: Squad/Parts/Aero/fairings/FairingBaseNormals_orange
[LOG 14:50:35.850] Load Cached PNG Texture: Squad/Parts/Aero/fairings/FairingBase_black
[LOG 14:50:35.850] Load DDS texture: Squad/Parts/Aero/fairings/FairingBase_bw
[LOG 14:50:35.851] Load DDS texture: Squad/Parts/Aero/fairings/FairingBase_goldDiffuse
[LOG 14:50:35.851] Load DDS texture: Squad/Parts/Aero/fairings/FairingBase_goldSpecular
[LOG 14:50:35.851] Load DDS texture: Squad/Parts/Aero/fairings/FairingBase_orange
[LOG 14:50:35.852] Load DDS texture: Squad/Parts/Aero/fairings/FairingBase_silverDiffuse
[LOG 14:50:35.852] Load DDS texture: Squad/Parts/Aero/fairings/FairingBase_silverSpecular
[LOG 14:50:35.852] Load DDS texture: Squad/Parts/Aero/fairings/fairingsCap
[LOG 14:50:35.853] Load DDS texture: Squad/Parts/Aero/fairings/FairingsMat_silverSpecular
[LOG 14:50:35.854] Load DDS texture: Squad/Parts/Aero/fairings/fairings_diff
[LOG 14:50:35.856] Load DDS texture: Squad/Parts/Aero/fairings/fairings_diff_grey
[LOG 14:50:35.858] Load DDS texture: Squad/Parts/Aero/fairings/fairings_diff_orange
[LOG 14:50:35.859] Load DDS texture: Squad/Parts/Aero/fairings/fairings_grey_normals
[LOG 14:50:35.869] Load DDS texture: Squad/Parts/Aero/fairings/fairings_normals
[LOG 14:50:35.870] Load DDS texture: Squad/Parts/Aero/fairings/fairings_normals_silver
[LOG 14:50:35.873] Load DDS texture: Squad/Parts/Aero/fairings/fairings_orange_normals
[LOG 14:50:35.874] Load DDS texture: Squad/Parts/Aero/fairings/fairings_silverDiffuse
[LOG 14:50:35.876] Load DDS texture: Squad/Parts/Aero/HeatShield/Fairing
[LOG 14:50:35.876] Load DDS texture: Squad/Parts/Aero/HeatShield/heatshield
[LOG 14:50:35.877] Load DDS texture: Squad/Parts/Aero/InflatableHeatShield/HeatShield
[LOG 14:50:35.878] Load DDS texture: Squad/Parts/Aero/InflatableHeatShield/HeatShieldFairing
[LOG 14:50:35.879] Load DDS texture: Squad/Parts/Aero/InflatableHeatShield/HeatShield_NRM
[LOG 14:50:35.880] Load DDS texture: Squad/Parts/Aero/intakeRadialLong/Radial_long
[LOG 14:50:35.880] Load DDS texture: Squad/Parts/Aero/miniIntake/SmallIntake
[LOG 14:50:35.880] Load DDS texture: Squad/Parts/Aero/ramAirIntake/RampIntake
[LOG 14:50:35.881] Load DDS texture: Squad/Parts/Aero/ramAirIntake/RampIntake_Heat
[LOG 14:50:35.882] Load DDS texture: Squad/Parts/Aero/shuttleWings/ShuttleWings
[LOG 14:50:35.888] Load DDS texture: Squad/Parts/Aero/wingletAV-R8/model000
[LOG 14:50:35.889] Load DDS texture: Squad/Parts/Aero/wingletAV-R8/model001
[LOG 14:50:35.889] Load DDS texture: Squad/Parts/Aero/wingletAV-T1/model000
[LOG 14:50:35.890] Load DDS texture: Squad/Parts/Aero/wingletAV-T1/model001
[LOG 14:50:35.890] Load DDS texture: Squad/Parts/Aero/wingletDeltaDeluxe/model000
[LOG 14:50:35.890] Load DDS texture: Squad/Parts/Aero/wings/Wings
[LOG 14:50:35.907] Load DDS texture: Squad/Parts/Cargo/CargoContainers/cargoContainer_diff
[LOG 14:50:35.911] Load DDS texture: Squad/Parts/Cargo/CargoContainers/smallCargoContainer_diffuse
[LOG 14:50:35.911] Load DDS texture: Squad/Parts/Cargo/CargoContainers/smallCargoContainer_nrm
[LOG 14:50:35.911] Load DDS texture: Squad/Parts/Cargo/CargoContainers/smallCargoContainer_specular
[LOG 14:50:35.912] Load DDS texture: Squad/Parts/Cargo/Cylinder/EVAcylinder_diffuse
[LOG 14:50:35.912] Load DDS texture: Squad/Parts/Cargo/Cylinder/EVAcylinder_nrm
[LOG 14:50:35.912] Load DDS texture: Squad/Parts/Cargo/GroundAnchor/groundAnchor_diffuse
[LOG 14:50:35.912] Load DDS texture: Squad/Parts/Cargo/GroundAnchor/groundAnchor_nrm
[LOG 14:50:35.913] Load DDS texture: Squad/Parts/Cargo/Jetpack/EVAjetpack
[LOG 14:50:35.914] Load DDS texture: Squad/Parts/Cargo/Jetpack/EVAjetpackEmmisive
[LOG 14:50:35.914] Load DDS texture: Squad/Parts/Cargo/Jetpack/EVAjetpackNRM
[LOG 14:50:35.916] Load DDS texture: Squad/Parts/Cargo/Parachute/backpack_Diff
[LOG 14:50:35.924] Load DDS texture: Squad/Parts/Cargo/Parachute/backpack_NM
[LOG 14:50:35.934] Load DDS texture: Squad/Parts/Cargo/RepairKit/RepairKit_Diffuse
[LOG 14:50:35.936] Load DDS texture: Squad/Parts/Cargo/RepairKit/RepairKit_Normal
[LOG 14:50:35.939] Load DDS texture: Squad/Parts/Cargo/ScienceKit/ExperimentKit_Material_Diffuse
[LOG 14:50:35.940] Load DDS texture: Squad/Parts/Cargo/ScienceKit/ExperimentKit_Material_Emissive
[LOG 14:50:35.947] Load DDS texture: Squad/Parts/Cargo/ScienceKit/ExperimentKit_Material_Normal
[LOG 14:50:35.948] Load DDS texture: Squad/Parts/Cargo/StorageUnits/Assets/Cargo_Material_Diffuse
[LOG 14:50:35.957] Load DDS texture: Squad/Parts/Cargo/StorageUnits/Assets/Cargo_Material_Normal
[LOG 14:50:35.964] Load DDS texture: Squad/Parts/Command/advancedSasModuleLarge/model000
[LOG 14:50:35.965] Load DDS texture: Squad/Parts/Command/advancedSasModuleLarge/model001
[LOG 14:50:35.971] Load DDS texture: Squad/Parts/Command/cupola/cupola_Emissive
[LOG 14:50:35.971] Load DDS texture: Squad/Parts/Command/cupola/ksp_l_cupola_diff
[LOG 14:50:35.972] Load DDS texture: Squad/Parts/Command/cupola/ksp_l_cupola_normal
[LOG 14:50:35.984] Load DDS texture: Squad/Parts/Command/cupola/window
[LOG 14:50:35.984] Load DDS texture: Squad/Parts/Command/externalCommandSeat/model000
[LOG 14:50:35.985] Load DDS texture: Squad/Parts/Command/hitchhikerStorageContainer/cabin
[LOG 14:50:35.987] Load DDS texture: Squad/Parts/Command/hitchhikerStorageContainer/cabin_Illum
[LOG 14:50:35.987] Load DDS texture: Squad/Parts/Command/hitchhikerStorageContainer/cabin_n
[LOG 14:50:35.988] Load DDS texture: Squad/Parts/Command/hitchhikerStorageContainer/window
[LOG 14:50:35.988] Load DDS texture: Squad/Parts/Command/inlineAdvancedStabilizer/model000
[LOG 14:50:35.988] Load DDS texture: Squad/Parts/Command/inlineAdvancedStabilizer/model001
[LOG 14:50:35.988] Load DDS texture: Squad/Parts/Command/inlineReactionWheel/model000
[LOG 14:50:35.989] Load DDS texture: Squad/Parts/Command/inlineReactionWheel/model001
[LOG 14:50:35.989] Load DDS texture: Squad/Parts/Command/inlineReactionWheel/model002
[LOG 14:50:35.989] Load DDS texture: Squad/Parts/Command/Mk1-2Pod/mk 1-2 external shell Variant-Hatch
[LOG 14:50:35.989] Load DDS texture: Squad/Parts/Command/Mk1-3Pod/M1-3 Pod
[LOG 14:50:35.991] Load DDS texture: Squad/Parts/Command/Mk1-3Pod/M1-3 Pod_GLOW
[LOG 14:50:35.991] Load DDS texture: Squad/Parts/Command/mk1Cockpits/GLOW
[LOG 14:50:35.992] Load DDS texture: Squad/Parts/Command/mk1Cockpits/Mk1Cockpit
[LOG 14:50:35.993] Load DDS texture: Squad/Parts/Command/mk1LanderCan/ksp_s_landerCan_diff
[LOG 14:50:35.993] Load DDS texture: Squad/Parts/Command/mk1LanderCan/ksp_s_landerCan_normal
[LOG 14:50:35.994] Load DDS texture: Squad/Parts/Command/mk1LanderCan/ksp_s_landerCan_psd_illum
[LOG 14:50:35.994] Load DDS texture: Squad/Parts/Command/mk1pod/outer shell
[LOG 14:50:35.994] Load DDS texture: Squad/Parts/Command/mk1pod_v2/Mk1_v2
[LOG 14:50:35.995] Load DDS texture: Squad/Parts/Command/mk1pod_v2/Mk1_v2_GLOW
[LOG 14:50:35.997] Load DDS texture: Squad/Parts/Command/mk1pod_v2/Mk1_v2_GW
[LOG 14:50:35.998] Load DDS texture: Squad/Parts/Command/mk1pod_v2/Mk1_v2_N
[LOG 14:50:35.998] Load DDS texture: Squad/Parts/Command/mk1pod_v2/Mk1_v2_W
[LOG 14:50:36.001] Load DDS texture: Squad/Parts/Command/mk1pod_v2/Mk1_v2_W_N
[LOG 14:50:36.003] Load DDS texture: Squad/Parts/Command/mk2CockpitInline/Cockpit_inline_A
[LOG 14:50:36.004] Load DDS texture: Squad/Parts/Command/mk2CockpitInline/Cockpit_inline_Emissive
[LOG 14:50:36.005] Load DDS texture: Squad/Parts/Command/mk2CockpitInline/Cockpit_inline_normal
[LOG 14:50:36.007] Load DDS texture: Squad/Parts/Command/mk2CockpitStandard/Cockpit
[LOG 14:50:36.009] Load DDS texture: Squad/Parts/Command/mk2CockpitStandard/Cockpit_Lum
[LOG 14:50:36.009] Load DDS texture: Squad/Parts/Command/mk2CockpitStandard/Cockpit_NRM
[LOG 14:50:36.013] Load DDS texture: Squad/Parts/Command/mk2DroneCore/mk2Dronecore
[LOG 14:50:36.014] Load DDS texture: Squad/Parts/Command/mk2LanderCan/Illum
[LOG 14:50:36.014] Load DDS texture: Squad/Parts/Command/mk2LanderCan/ladder
[LOG 14:50:36.014] Load DDS texture: Squad/Parts/Command/mk2LanderCan/outershell
[LOG 14:50:36.016] Load DDS texture: Squad/Parts/Command/mk2LanderCan/outershell_n
[LOG 14:50:36.016] Load DDS texture: Squad/Parts/Command/mk2LanderCan/window
[LOG 14:50:36.016] Load DDS texture: Squad/Parts/Command/mk2LanderCan_v2/Mk2Can
[LOG 14:50:36.025] Load DDS texture: Squad/Parts/Command/mk2LanderCan_v2/Mk2Can_glow
[LOG 14:50:36.033] Load DDS texture: Squad/Parts/Command/mk3CockpitShuttle/Mk3CockpitShuttle
[LOG 14:50:36.038] Load DDS texture: Squad/Parts/Command/mk3CockpitShuttle/Mk3CockpitShuttle_LUM
[LOG 14:50:36.038] Load DDS texture: Squad/Parts/Command/MpoProbe/MpoProbe_diffuse
[LOG 14:50:36.045] Load DDS texture: Squad/Parts/Command/MpoProbe/MpoProbe_nrm
[LOG 14:50:36.053] Load DDS texture: Squad/Parts/Command/MpoProbe/MpoProbe_specular
[LOG 14:50:36.054] Load DDS texture: Squad/Parts/Command/MtmStage/mtmStage_diffuse
[LOG 14:50:36.056] Load DDS texture: Squad/Parts/Command/MtmStage/mtmStage_nrm
[LOG 14:50:36.059] Load DDS texture: Squad/Parts/Command/MtmStage/mtmStage_specular
[LOG 14:50:36.060] Load DDS texture: Squad/Parts/Command/probeCoreCube/QBE_New_diffuse
[LOG 14:50:36.063] Load Cached PNG Texture: Squad/Parts/Command/probeCoreCube/QBE_New_NRM
[LOG 14:50:36.064] Load DDS texture: Squad/Parts/Command/probeCoreCube/QBE_New_specular
[LOG 14:50:36.067] Load DDS texture: Squad/Parts/Command/probeCoreHex/ksp_m_hexProbe_diff
[LOG 14:50:36.068] Load DDS texture: Squad/Parts/Command/probeCoreHex/ksp_m_hexProbe_normal
[LOG 14:50:36.069] Load DDS texture: Squad/Parts/Command/probeCoreHex_v2/hecsDiffuse
[LOG 14:50:36.070] Load DDS texture: Squad/Parts/Command/probeCoreHex_v2/hecsNormal
[LOG 14:50:36.070] Load DDS texture: Squad/Parts/Command/probeCoreOcto2_v2/octoDiffuse
[LOG 14:50:36.070] Load DDS texture: Squad/Parts/Command/probeCoreOcto2_v2/octoNormal
[LOG 14:50:36.070] Load DDS texture: Squad/Parts/Command/probeCoreOcto2_v2/octoSpecular
[LOG 14:50:36.070] Load DDS texture: Squad/Parts/Command/probeCoreOcto_v2/octoDiffuse
[LOG 14:50:36.071] Load DDS texture: Squad/Parts/Command/probeCoreOcto_v2/octoNormal
[LOG 14:50:36.071] Load DDS texture: Squad/Parts/Command/probeCoreOcto_v2/octoSpecular
[LOG 14:50:36.071] Load DDS texture: Squad/Parts/Command/probeRoverBody/model000
[LOG 14:50:36.072] Load DDS texture: Squad/Parts/Command/probeRoverBody/model001
[LOG 14:50:36.072] Load DDS texture: Squad/Parts/Command/probeRoverBody_v2/probeRoverBody_v2_gold_diffuse
[LOG 14:50:36.073] Load Cached PNG Texture: Squad/Parts/Command/probeRoverBody_v2/probeRoverBody_v2_gold_NRM
[LOG 14:50:36.076] Load DDS texture: Squad/Parts/Command/probeRoverBody_v2/probeRoverBody_v2_gold_specular
[LOG 14:50:36.077] Load DDS texture: Squad/Parts/Command/probeRoverBody_v2/probeRoverBody_v2_silver_diffuse
[LOG 14:50:36.079] Load Cached PNG Texture: Squad/Parts/Command/probeRoverBody_v2/probeRoverBody_v2_silver_NRM
[LOG 14:50:36.080] Load DDS texture: Squad/Parts/Command/probeRoverBody_v2/probeRoverBody_v2_silver_specular
[LOG 14:50:36.083] Load DDS texture: Squad/Parts/Command/probeRoverBody_v2/QBE_New_diffuse
[LOG 14:50:36.083] Load DDS texture: Squad/Parts/Command/probeRoverBody_v2/QBE_New_NRM
[LOG 14:50:36.083] Load DDS texture: Squad/Parts/Command/probeRoverBody_v2/QBE_New_specular
[LOG 14:50:36.084] Load DDS texture: Squad/Parts/Command/probeStackLarge/model000
[LOG 14:50:36.084] Load DDS texture: Squad/Parts/Command/probeStackLarge/model001
[LOG 14:50:36.087] Load DDS texture: Squad/Parts/Command/probeStackSmall/model000
[LOG 14:50:36.088] Load DDS texture: Squad/Parts/Command/probeStackSmall/model001
[LOG 14:50:36.089] Load DDS texture: Squad/Parts/Command/probeStackSphere_v2/probeStackSphere_diffuse
[LOG 14:50:36.095] Load DDS texture: Squad/Parts/Command/probeStackSphere_v2/probeStackSphere_normal
[LOG 14:50:36.096] Load DDS texture: Squad/Parts/Command/probeStackSphere_v2/probeStackSphere_specular
[LOG 14:50:36.098] Load Cached PNG Texture: Squad/Parts/CompoundParts/@thumbs/fuelLine_icon0
[LOG 14:50:36.098] Load Cached PNG Texture: Squad/Parts/CompoundParts/@thumbs/fuelLine_icon1
[LOG 14:50:36.099] Load Cached PNG Texture: Squad/Parts/CompoundParts/@thumbs/strutConnector_icon0
[LOG 14:50:36.099] Load Cached PNG Texture: Squad/Parts/CompoundParts/@thumbs/strutConnector_icon1
[LOG 14:50:36.100] Load DDS texture: Squad/Parts/CompoundParts/FuelLine/FTX-2 External Fuel Duct
[LOG 14:50:36.100] Load DDS texture: Squad/Parts/CompoundParts/FuelLine/FTX-2 External Fuel Duct_ESA
[LOG 14:50:36.104] Load DDS texture: Squad/Parts/CompoundParts/strutConnector/EAS-4 Strut Connector
[LOG 14:50:36.104] Load DDS texture: Squad/Parts/CompoundParts/strutConnector/EAS-4 Strut Connector_white
[LOG 14:50:36.104] Load DDS texture: Squad/Parts/Coupling/Assets/Decouplers
[LOG 14:50:36.106] Load DDS texture: Squad/Parts/Coupling/Assets/Decouplers_N
[LOG 14:50:36.108] Load DDS texture: Squad/Parts/Coupling/Assets/Decouplers_whiteYellow
[LOG 14:50:36.111] Load DDS texture: Squad/Parts/Coupling/Assets/Decouplers_whiteYellow_N
[LOG 14:50:36.114] Load DDS texture: Squad/Parts/Electrical/10CSolarPanels/assets/circularSolarPanel_diffuse
[LOG 14:50:36.116] Load DDS texture: Squad/Parts/Electrical/10CSolarPanels/assets/circularSolarPanel_nrm
[LOG 14:50:36.116] Load DDS texture: Squad/Parts/Electrical/10LSolarPanels/assets/retractableSolarPanel_diffuse
[LOG 14:50:36.118] Load DDS texture: Squad/Parts/Electrical/10LSolarPanels/assets/retractableSolarPanel_nrm
[LOG 14:50:36.119] Load DDS texture: Squad/Parts/Electrical/1x6ShroudSolarPanels/model000
[LOG 14:50:36.120] Load DDS texture: Squad/Parts/Electrical/1x6ShroudSolarPanels/model001
[LOG 14:50:36.120] Load DDS texture: Squad/Parts/Electrical/1x6ShroudSolarPanels/model002
[LOG 14:50:36.120] Load DDS texture: Squad/Parts/Electrical/1x6SolarPanels/model000
[LOG 14:50:36.120] Load DDS texture: Squad/Parts/Electrical/1x6SolarPanels/model001
[LOG 14:50:36.120] Load DDS texture: Squad/Parts/Electrical/1x6SolarPanels/model002
[LOG 14:50:36.120] Load DDS texture: Squad/Parts/Electrical/3x2ShroudSolarPanels/model000
[LOG 14:50:36.120] Load DDS texture: Squad/Parts/Electrical/3x2ShroudSolarPanels/model001
[LOG 14:50:36.121] Load DDS texture: Squad/Parts/Electrical/3x2ShroudSolarPanels/model002
[LOG 14:50:36.121] Load DDS texture: Squad/Parts/Electrical/3x2SolarPanels/model000
[LOG 14:50:36.121] Load DDS texture: Squad/Parts/Electrical/3x2SolarPanels/model001
[LOG 14:50:36.121] Load DDS texture: Squad/Parts/Electrical/3x2SolarPanels/model002
[LOG 14:50:36.121] Load DDS texture: Squad/Parts/Electrical/gigantorXlSolarArray/panel
[LOG 14:50:36.121] Load DDS texture: Squad/Parts/Electrical/radialFlatSolarPanel/model000
[LOG 14:50:36.122] Load DDS texture: Squad/Parts/Electrical/RTG/model000
[LOG 14:50:36.122] Load DDS texture: Squad/Parts/Electrical/z-100Battery/model000
[LOG 14:50:36.122] Load DDS texture: Squad/Parts/Electrical/z-1kBattery/model000
[LOG 14:50:36.122] Load DDS texture: Squad/Parts/Electrical/z-1kBattery/model001
[LOG 14:50:36.122] Load DDS texture: Squad/Parts/Electrical/z-200Battery/ksp_m_batteryPack_diff
[LOG 14:50:36.122] Load DDS texture: Squad/Parts/Electrical/z-400Battery/model000
[LOG 14:50:36.122] Load DDS texture: Squad/Parts/Electrical/z-4kBattery/ksp_l_batteryPack_diff
[LOG 14:50:36.123] Load DDS texture: Squad/Parts/Electrical/z-4kBattery/ksp_l_batteryPack_normal
[LOG 14:50:36.123] Load DDS texture: Squad/Parts/Engine/ionEngine/model000
[LOG 14:50:36.123] Load DDS texture: Squad/Parts/Engine/jetEngines/Jet Engines
[LOG 14:50:36.125] Load DDS texture: Squad/Parts/Engine/jetEngines/Jet_Heat
[LOG 14:50:36.126] Load DDS texture: Squad/Parts/Engine/liquidEngine24-77/engine
[LOG 14:50:36.127] Load DDS texture: Squad/Parts/Engine/liquidEngine24-77_v2/Twitch
[LOG 14:50:36.128] Load DDS texture: Squad/Parts/Engine/liquidEngine24-77_v2/Twitch_G
[LOG 14:50:36.128] Load DDS texture: Squad/Parts/Engine/liquidEngine24-77_v2/Twitch_GLOW
[LOG 14:50:36.129] Load DDS texture: Squad/Parts/Engine/liquidEngine48-7S/ksp_m_liquidEngine_diff
[LOG 14:50:36.129] Load DDS texture: Squad/Parts/Engine/liquidEngine48-7S_v2/Spark
[LOG 14:50:36.129] Load DDS texture: Squad/Parts/Engine/liquidEngine48-7S_v2/Spark_Glow
[LOG 14:50:36.129] Load DDS texture: Squad/Parts/Engine/liquidEngineAerospike/Aerospike
[LOG 14:50:36.129] Load DDS texture: Squad/Parts/Engine/liquidEngineAerospike/Aerospike_Heat
[LOG 14:50:36.130] Load DDS texture: Squad/Parts/Engine/liquidEngineLV-1_v2/Assets/Ant_and_Spider_diffuse
[LOG 14:50:36.130] Load DDS texture: Squad/Parts/Engine/liquidEngineLV-1_v2/Assets/Ant_and_Spider_emissive
[LOG 14:50:36.135] Load DDS texture: Squad/Parts/Engine/liquidEngineLV-1_v2/Assets/Ant_and_Spider_normal
[LOG 14:50:36.135] Load DDS texture: Squad/Parts/Engine/liquidEngineLV-1_v2/Assets/Ant_and_Spider_specular
[LOG 14:50:36.135] Load DDS texture: Squad/Parts/Engine/liquidEngineLV-909_v2/Terrier
[LOG 14:50:36.157] Load DDS texture: Squad/Parts/Engine/liquidEngineLV-909_v2/TerrierFairing
[LOG 14:50:36.157] Load DDS texture: Squad/Parts/Engine/liquidEngineLV-909_v2/Terrier_glow
[LOG 14:50:36.159] Load DDS texture: Squad/Parts/Engine/liquidEngineLV-N/model000
[LOG 14:50:36.160] Load DDS texture: Squad/Parts/Engine/liquidEngineLV-N/model001
[LOG 14:50:36.160] Load DDS texture: Squad/Parts/Engine/liquidEngineLV-N/model002
[LOG 14:50:36.160] Load DDS texture: Squad/Parts/Engine/liquidEngineLV-N/model003
[LOG 14:50:36.161] Load DDS texture: Squad/Parts/Engine/liquidEngineLV-T30/model000
[LOG 14:50:36.161] Load DDS texture: Squad/Parts/Engine/liquidEngineLV-T30/model001
[LOG 14:50:36.161] Load DDS texture: Squad/Parts/Engine/liquidEngineLV-T30/model002
[LOG 14:50:36.161] Load DDS texture: Squad/Parts/Engine/liquidEngineLV-T30_v2/Engine_Emissive
[LOG 14:50:36.173] Load DDS texture: Squad/Parts/Engine/liquidEngineLV-T30_v2/Engine_Normal
[LOG 14:50:36.180] Load DDS texture: Squad/Parts/Engine/liquidEngineLV-T30_v2/Fairing
[LOG 14:50:36.181] Load DDS texture: Squad/Parts/Engine/liquidEngineLV-T30_v2/Reliant_v2-shroud_Diffuse
[LOG 14:50:36.188] Load DDS texture: Squad/Parts/Engine/liquidEngineLV-T30_v2/Reliant_v2_Diffuse
[LOG 14:50:36.198] Load DDS texture: Squad/Parts/Engine/liquidEngineLV-T45/model000
[LOG 14:50:36.198] Load DDS texture: Squad/Parts/Engine/liquidEngineLV-T45/model001
[LOG 14:50:36.198] Load DDS texture: Squad/Parts/Engine/liquidEngineLV-T45/model002
[LOG 14:50:36.199] Load DDS texture: Squad/Parts/Engine/liquidEngineLV-T45/model003
[LOG 14:50:36.199] Load DDS texture: Squad/Parts/Engine/liquidEngineLV-T45_v2/Engine_Emissive
[LOG 14:50:36.205] Load DDS texture: Squad/Parts/Engine/liquidEngineLV-T45_v2/Fairing
[LOG 14:50:36.209] Load DDS texture: Squad/Parts/Engine/liquidEngineLV-T45_v2/Swivel_v2_Diffuse
[LOG 14:50:36.216] Load DDS texture: Squad/Parts/Engine/liquidEngineLV-T45_v2/Swivel_v2_Normal
[LOG 14:50:36.222] Load DDS texture: Squad/Parts/Engine/liquidEngineMainsail_v2/mainsail_diffuse
[LOG 14:50:36.231] Load DDS texture: Squad/Parts/Engine/liquidEngineMainsail_v2/mainsail_emissive
[LOG 14:50:36.232] Load DDS texture: Squad/Parts/Engine/liquidEngineMainsail_v2/mainsail_nrm
[LOG 14:50:36.245] Load DDS texture: Squad/Parts/Engine/liquidEngineMainsail_v2/mainsail_specular
[LOG 14:50:36.255] Load DDS texture: Squad/Parts/Engine/liquidEngineMainsail_v2/Shroud
[LOG 14:50:36.258] Load DDS texture: Squad/Parts/Engine/liquidEngineMk55/Thud
[LOG 14:50:36.259] Load DDS texture: Squad/Parts/Engine/liquidEngineMk55/Thud_Heat
[LOG 14:50:36.260] Load DDS texture: Squad/Parts/Engine/liquidEnginePoodle_v2/poodle
[LOG 14:50:36.260] Load DDS texture: Squad/Parts/Engine/liquidEnginePoodle_v2/PoodleShroud
[LOG 14:50:36.260] Load DDS texture: Squad/Parts/Engine/liquidEnginePoodle_v2/poodle_Glow
[LOG 14:50:36.266] Load DDS texture: Squad/Parts/Engine/liquidEnginePoodle_v2/Poodle_SingleBell_Poodle_Diffuse
[LOG 14:50:36.266] Load DDS texture: Squad/Parts/Engine/liquidEnginePoodle_v2/Poodle_SingleBell_Poodle_Emissive
[LOG 14:50:36.269] Load DDS texture: Squad/Parts/Engine/liquidEnginePoodle_v2/Poodle_SingleBell_Poodle_Normal
[LOG 14:50:36.270] Load DDS texture: Squad/Parts/Engine/liquidEngineSkipper_v2/Shroud
[LOG 14:50:36.271] Load DDS texture: Squad/Parts/Engine/liquidEngineSkipper_v2/skipper_v2_diffuse
[LOG 14:50:36.280] Load DDS texture: Squad/Parts/Engine/liquidEngineSkipper_v2/skipper_v2_emissive
[LOG 14:50:36.286] Load DDS texture: Squad/Parts/Engine/liquidEngineSkipper_v2/skipper_v2_normal
[LOG 14:50:36.313] Load DDS texture: Squad/Parts/Engine/liquidEngineSSME/SSME
[LOG 14:50:36.313] Load DDS texture: Squad/Parts/Engine/liquidEngineSSME/SSME_GLOW
[LOG 14:50:36.313] Load DDS texture: Squad/Parts/Engine/liquidEngineSSME/SSME_NRM
[LOG 14:50:36.313] Load DDS texture: Squad/Parts/Engine/MassiveSRB/solid_booster_cm
[LOG 14:50:36.314] Load DDS texture: Squad/Parts/Engine/MassiveSRB/solid_booster_cm_esa
[LOG 14:50:36.317] Load DDS texture: Squad/Parts/Engine/MassiveSRB/solid_booster_em
[LOG 14:50:36.317] Load DDS texture: Squad/Parts/Engine/MassiveSRB/solid_booster_nm
[LOG 14:50:36.320] Load DDS texture: Squad/Parts/Engine/miniJet/SmallJet
[LOG 14:50:36.320] Load DDS texture: Squad/Parts/Engine/OMSEngine/Puff_diffuse
[LOG 14:50:36.320] Load DDS texture: Squad/Parts/Engine/OMSEngine/Puff_emissive
[LOG 14:50:36.320] Load DDS texture: Squad/Parts/Engine/OMSEngine/Puff_normal
[LOG 14:50:36.321] Load DDS texture: Squad/Parts/Engine/OMSEngine/Puff_specular
[LOG 14:50:36.321] Load DDS texture: Squad/Parts/Engine/rapierEngine/rapierDiffuse
[LOG 14:50:36.321] Load DDS texture: Squad/Parts/Engine/rapierEngine/rapieremit
[LOG 14:50:36.321] Load DDS texture: Squad/Parts/Engine/Size1_SRBs/SRB_O
[LOG 14:50:36.322] Load DDS texture: Squad/Parts/Engine/Size1_SRBs/SRB_W
[LOG 14:50:36.322] Load DDS texture: Squad/Parts/Engine/Size1_SRBs/SRB_Y
[LOG 14:50:36.322] Load DDS texture: Squad/Parts/Engine/Size2LFB/Size2LFBEmissive
[LOG 14:50:36.322] Load DDS texture: Squad/Parts/Engine/Size2LFB/twin_nozzle_booster_cm
[LOG 14:50:36.324] Load DDS texture: Squad/Parts/Engine/Size2LFB/twin_nozzle_booster_nm
[LOG 14:50:36.329] Load DDS texture: Squad/Parts/Engine/Size2LFB_v2/Size2LFBEmissive
[LOG 14:50:36.330] Load DDS texture: Squad/Parts/Engine/Size2LFB_v2/twin_nozzle_booster_cm
[LOG 14:50:36.330] Load DDS texture: Squad/Parts/Engine/Size2LFB_v2/twin_nozzle_booster_nm
[LOG 14:50:36.332] Load DDS texture: Squad/Parts/Engine/Size3AdvancedEngine/decoupler_and_adaptor_cm
[LOG 14:50:36.333] Load DDS texture: Squad/Parts/Engine/Size3AdvancedEngine/Size3AdvancedEngineDiffuse
[LOG 14:50:36.335] Load DDS texture: Squad/Parts/Engine/Size3AdvancedEngine/Size3AdvancedEngineEmissive
[LOG 14:50:36.340] Load DDS texture: Squad/Parts/Engine/Size3AdvancedEngine/Size3AdvancedEngineNormal
[LOG 14:50:36.340] Load DDS texture: Squad/Parts/Engine/Size3EngineCluster/ClusterEngineEmit
[LOG 14:50:36.340] Load DDS texture: Squad/Parts/Engine/Size3EngineCluster/four_nozzle_engine_cm
[LOG 14:50:36.341] Load DDS texture: Squad/Parts/Engine/Size3EngineCluster/four_nozzle_engine_nm
[LOG 14:50:36.345] Load DDS texture: Squad/Parts/Engine/solidBoosterBACC/model000
[LOG 14:50:36.346] Load DDS texture: Squad/Parts/Engine/solidBoosterBACC/model001
[LOG 14:50:36.349] Load DDS texture: Squad/Parts/Engine/solidBoosterBACC/model002
[LOG 14:50:36.350] Load DDS texture: Squad/Parts/Engine/solidBoosterRT-5/RT5
[LOG 14:50:36.355] Load DDS texture: Squad/Parts/Engine/solidBoosterS2-17/solidBoosterS2-17_diffuse
[LOG 14:50:36.367] Load DDS texture: Squad/Parts/Engine/solidBoosterS2-17/solidBoosterS2-17_emissive
[LOG 14:50:36.385] Load DDS texture: Squad/Parts/Engine/solidBoosterS2-17/solidBoosterS2-17_normal
[LOG 14:50:36.400] Load DDS texture: Squad/Parts/Engine/solidBoosterS2-33/solidBoosterS2-33_diffuse
[LOG 14:50:36.435] Load DDS texture: Squad/Parts/Engine/solidBoosterS2-33/solidBoosterS2-33_emissive
[LOG 14:50:36.488] Load DDS texture: Squad/Parts/Engine/solidBoosterS2-33/solidBoosterS2-33_normal
[LOG 14:50:36.546] Load DDS texture: Squad/Parts/Engine/solidBoosterSep/model000
[LOG 14:50:36.546] Load DDS texture: Squad/Parts/Engine/solidBoosterSep/motor
[LOG 14:50:36.546] Load DDS texture: Squad/Parts/Engine/SolidBoostersF/Assets/SolidBoosterF3S0_diffuse
[LOG 14:50:36.546] Load DDS texture: Squad/Parts/Engine/SolidBoostersF/Assets/SolidBoosterF3S0_emissive
[LOG 14:50:36.547] Load DDS texture: Squad/Parts/Engine/SolidBoostersF/Assets/SolidBoosterF3S0_normal
[LOG 14:50:36.547] Load DDS texture: Squad/Parts/FuelTank/adapterTanks/Mk3Adapters
[LOG 14:50:36.550] Load DDS texture: Squad/Parts/FuelTank/drainTankFTE-1/fuelValve_diffuse
[LOG 14:50:36.550] Load DDS texture: Squad/Parts/FuelTank/drainTankFTE-1/fuelValve_nrm
[LOG 14:50:36.550] Load DDS texture: Squad/Parts/FuelTank/FoilTanks/RadialTanks
[LOG 14:50:36.552] Load DDS texture: Squad/Parts/FuelTank/FoilTanks/RadialTanksGold_specular
[LOG 14:50:36.554] Load DDS texture: Squad/Parts/FuelTank/FoilTanks/RadialTanksSilver_specular
[LOG 14:50:36.559] Load DDS texture: Squad/Parts/FuelTank/FoilTanks/RadialTanks_N
[LOG 14:50:36.562] Load DDS texture: Squad/Parts/FuelTank/FoilTanks/RadialTanks_silver
[LOG 14:50:36.563] Load DDS texture: Squad/Parts/FuelTank/fuelTankOscarB/model000
[LOG 14:50:36.563] Load DDS texture: Squad/Parts/FuelTank/fuelTankOscarB/model001
[LOG 14:50:36.563] Load DDS texture: Squad/Parts/FuelTank/fuelTankOscarB/tank
[LOG 14:50:36.563] Load DDS texture: Squad/Parts/FuelTank/fuelTankOscarB/tank_n
[LOG 14:50:36.563] Load DDS texture: Squad/Parts/FuelTank/miniFuselage/Fuselage
[LOG 14:50:36.563] Load DDS texture: Squad/Parts/FuelTank/mk2Adapters/mk2adapters1m
[LOG 14:50:36.567] Load DDS texture: Squad/Parts/FuelTank/mk2FuselageLong/mk2Fuselage
[LOG 14:50:36.572] Load DDS texture: Squad/Parts/FuelTank/mk2FuselageShort/mk2FuselageShort
[LOG 14:50:36.579] Load DDS texture: Squad/Parts/FuelTank/mk3Fuselage/Mk3Fuselage
[LOG 14:50:36.581] Load DDS texture: Squad/Parts/FuelTank/mk3Fuselage/Mk3Fuselage_LUM
[LOG 14:50:36.582] Load DDS texture: Squad/Parts/FuelTank/RCSFuelTankR1/RCSFuelTankR1_01
[LOG 14:50:36.582] Load DDS texture: Squad/Parts/FuelTank/RCSFuelTankR1/RCSFuelTankR1_02
[LOG 14:50:36.582] Load DDS texture: Squad/Parts/FuelTank/RCSFuelTankR1/RCSFuelTankR1_N
[LOG 14:50:36.584] Load DDS texture: Squad/Parts/FuelTank/RCSFuelTankR10/ksp_m_rcsTank_diff
[LOG 14:50:36.584] Load DDS texture: Squad/Parts/FuelTank/RCSFuelTankR10/ksp_m_rcsTank_normal
[LOG 14:50:36.584] Load DDS texture: Squad/Parts/FuelTank/RCSFuelTankR25/FL-R25 RCS Fuel Tank_D
[LOG 14:50:36.584] Load DDS texture: Squad/Parts/FuelTank/RCSFuelTankR25/FL-R25 RCS Fuel Tank_N
[LOG 14:50:36.584] Load DDS texture: Squad/Parts/FuelTank/RCSTankRadial/model000
[LOG 14:50:36.585] Load DDS texture: Squad/Parts/FuelTank/RCStankRadialLong/ksp_r_rcsCylTank_diff
[LOG 14:50:36.585] Load DDS texture: Squad/Parts/FuelTank/RockomaxTanks/Assets/rockomax_16 [AlbedoM] BW
[LOG 14:50:36.590] Load DDS texture: Squad/Parts/FuelTank/RockomaxTanks/Assets/rockomax_16 [AlbedoM] ESA
[LOG 14:50:36.598] Load DDS texture: Squad/Parts/FuelTank/RockomaxTanks/Assets/rockomax_16 [AlbedoM] O
[LOG 14:50:36.604] Load DDS texture: Squad/Parts/FuelTank/RockomaxTanks/Assets/rockomax_16 [Normal] BW
[LOG 14:50:36.611] Load DDS texture: Squad/Parts/FuelTank/RockomaxTanks/Assets/rockomax_16 [Normal]ESA
[LOG 14:50:36.617] Load DDS texture: Squad/Parts/FuelTank/RockomaxTanks/Assets/rockomax_16 [Normal]O
[LOG 14:50:36.624] Load DDS texture: Squad/Parts/FuelTank/RockomaxTanks/Assets/rockomax_32 [AlbedoM] ESA
[LOG 14:50:36.625] Load DDS texture: Squad/Parts/FuelTank/RockomaxTanks/Assets/rockomax_32 [Normal]ESA
[LOG 14:50:36.627] Load DDS texture: Squad/Parts/FuelTank/Size1_Tanks/125Tanks_BW
[LOG 14:50:36.631] Load DDS texture: Squad/Parts/FuelTank/Size1_Tanks/125Tanks_D
[LOG 14:50:36.634] Load DDS texture: Squad/Parts/FuelTank/Size1_Tanks/125Tanks_N
[LOG 14:50:36.636] Load DDS texture: Squad/Parts/FuelTank/Size1_Tanks/125Tanks_O
[LOG 14:50:36.639] Load DDS texture: Squad/Parts/FuelTank/Size1_Tanks/125Tanks_W
[LOG 14:50:36.641] Load DDS texture: Squad/Parts/FuelTank/Size3Tanks/fueltTanks_cm
[LOG 14:50:36.642] Load Cached PNG Texture: Squad/Parts/FuelTank/Size3Tanks/Size3Tanks
[LOG 14:50:36.644] Load Cached PNG Texture: Squad/Parts/FuelTank/Size3Tanks/Size3Tanks_Norm
[LOG 14:50:36.645] Load Cached PNG Texture: Squad/Parts/FuelTank/Size3Tanks/Size3Tanks_Orange
[LOG 14:50:36.648] Load Cached PNG Texture: Squad/Parts/FuelTank/Size3Tanks/Size3Tanks_Orange_Norm
[LOG 14:50:36.649] Load DDS texture: Squad/Parts/FuelTank/xenonTank/model000
[LOG 14:50:36.649] Load DDS texture: Squad/Parts/FuelTank/xenonTank/model001
[LOG 14:50:36.650] Load DDS texture: Squad/Parts/FuelTank/xenonTankLarge/tank
[LOG 14:50:36.650] Load DDS texture: Squad/Parts/FuelTank/xenonTankRadial/ksp_r_xenonTank_diff
[LOG 14:50:36.650] Load DDS texture: Squad/Parts/Misc/AsteroidDay/CamSat
[LOG 14:50:36.651] Load DDS texture: Squad/Parts/Misc/AsteroidDay/CamSat_glow
[LOG 14:50:36.651] Load DDS texture: Squad/Parts/Misc/AsteroidDay/CamSat_N_NRM
[LOG 14:50:36.653] Load DDS texture: Squad/Parts/Misc/AsteroidDay/default
[LOG 14:50:36.653] Load DDS texture: Squad/Parts/Misc/AsteroidDay/hecsDiffuse
[LOG 14:50:36.654] Load DDS texture: Squad/Parts/Misc/AsteroidDay/hecsNormal
[LOG 14:50:36.654] Load DDS texture: Squad/Parts/Misc/AsteroidDay/hecsSpecular
[LOG 14:50:36.654] Load DDS texture: Squad/Parts/Misc/AsteroidDay/JumboHexProbe
[LOG 14:50:36.655] Load DDS texture: Squad/Parts/Misc/AsteroidDay/JumboHexProbe_NORM_NRM
[LOG 14:50:36.655] Load DDS texture: Squad/Parts/Resources/FuelCell/FCLamp
[LOG 14:50:36.656] Load DDS texture: Squad/Parts/Resources/FuelCell/FuelCellRack
[LOG 14:50:36.656] Load DDS texture: Squad/Parts/Resources/FuelCell/fuellcell
[LOG 14:50:36.660] Load DDS texture: Squad/Parts/Resources/ISRU/Processor_Large
[LOG 14:50:36.660] Load DDS texture: Squad/Parts/Resources/LargeTank/ksp_l_resourceContainer_diff
[LOG 14:50:36.661] Load DDS texture: Squad/Parts/Resources/LargeTank/ksp_l_resourceContainer_norm
[LOG 14:50:36.667] Load DDS texture: Squad/Parts/Resources/MiniDrill/DustParticle
[LOG 14:50:36.668] Load DDS texture: Squad/Parts/Resources/MiniDrill/ksp_r_rockProbe_diff
[LOG 14:50:36.672] Load DDS texture: Squad/Parts/Resources/MiniDrill/RockParticle
[LOG 14:50:36.672] Load DDS texture: Squad/Parts/Resources/MiniISRU/ksp_s_processorSmall_diff
[LOG 14:50:36.672] Load DDS texture: Squad/Parts/Resources/OrbitalScanner/detector
[LOG 14:50:36.672] Load DDS texture: Squad/Parts/Resources/RadialDrill/DustParticle
[LOG 14:50:36.673] Load DDS texture: Squad/Parts/Resources/RadialDrill/RockParticle
[LOG 14:50:36.673] Load DDS texture: Squad/Parts/Resources/RadialDrill/TriBitDrill
[LOG 14:50:36.673] Load DDS texture: Squad/Parts/Resources/RadialTank/ksp_r_resourceContainer_psd_2
[LOG 14:50:36.673] Load DDS texture: Squad/Parts/Resources/SmallTank/ksp_s_resourceContainer_diff
[LOG 14:50:36.675] Load DDS texture: Squad/Parts/Resources/SmallTank/ksp_s_resourceContainer_normal
[LOG 14:50:36.677] Load DDS texture: Squad/Parts/Resources/SurfaceScanner/ksp_r_samplerAir_diff
[LOG 14:50:36.679] Load DDS texture: Squad/Parts/Resources/SurveyScanner/dish
[LOG 14:50:36.680] Load DDS texture: Squad/Parts/Resources/SurveyScanner/dish_n
[LOG 14:50:36.682] Load DDS texture: Squad/Parts/Science/AtmosphereSensor/ksp_r_hydroscoop_diff
[LOG 14:50:36.682] Load DDS texture: Squad/Parts/Science/GooExperiment/GooExperiment
[LOG 14:50:36.684] Load DDS texture: Squad/Parts/Science/LargeCrewedLab/Large_Crewed_Lab
[LOG 14:50:36.685] Load DDS texture: Squad/Parts/Science/LargeCrewedLab/Large_Crewed_Lab_glow
[LOG 14:50:36.688] Load DDS texture: Squad/Parts/Science/LargeCrewedLab/window
[LOG 14:50:36.689] Load DDS texture: Squad/Parts/Science/Magnetometer/Magnetometer_diffuse
[LOG 14:50:36.689] Load DDS texture: Squad/Parts/Science/Magnetometer/Magnetometer_nrm
[LOG 14:50:36.689] Load DDS texture: Squad/Parts/Science/MaterialBay/science_module_small
[LOG 14:50:36.690] Load DDS texture: Squad/Parts/Science/MaterialBay/science_module_small_emit
[LOG 14:50:36.691] Load DDS texture: Squad/Parts/Science/MaterialBay/science_module_small_nrm
[LOG 14:50:36.692] Load DDS texture: Squad/Parts/Science/MaterialBay/wires
[LOG 14:50:36.692] Load DDS texture: Squad/Parts/Science/ScienceBox/Container
[LOG 14:50:36.693] Load DDS texture: Squad/Parts/Science/sensorAccelerometer/model000
[LOG 14:50:36.693] Load DDS texture: Squad/Parts/Science/sensorBarometer/model000
[LOG 14:50:36.693] Load DDS texture: Squad/Parts/Science/sensorGravimeter/model000
[LOG 14:50:36.693] Load DDS texture: Squad/Parts/Science/sensorThermometer/model000
[LOG 14:50:36.693] Load DDS texture: Squad/Parts/Structural/FLAdapters/Assets/FLA-Adapters_diffuse
[LOG 14:50:36.696] Load DDS texture: Squad/Parts/Structural/FLAdapters/Assets/FLA-Adapters_diffuse_O
[LOG 14:50:36.698] Load DDS texture: Squad/Parts/Structural/FLAdapters/Assets/FLA-Adapters_normal
[LOG 14:50:36.702] Load DDS texture: Squad/Parts/Structural/FLAdapters/Assets/FLA-Adapters_normal_O
[LOG 14:50:36.704] Load DDS texture: Squad/Parts/Structural/mk1Parts/Mk1Structural
[LOG 14:50:36.705] Load DDS texture: Squad/Parts/Structural/mk1Parts/Mk1StructuralHeat
[LOG 14:50:36.706] Load Cached PNG Texture: Squad/Parts/Structural/mk1Parts/@thumbs/MK1Fuselage_icon
[LOG 14:50:36.706] Load DDS texture: Squad/Parts/Structural/Size3To2Adapter_v2/Size2to3_BW_Diffuse
[LOG 14:50:36.713] Load DDS texture: Squad/Parts/Structural/Size3To2Adapter_v2/Size2to3_DUMMY_NRM
[LOG 14:50:36.714] Load DDS texture: Squad/Parts/Structural/Size3To2Adapter_v2/Size2to3_O_Diffuse
[LOG 14:50:36.720] Load DDS texture: Squad/Parts/Structural/Size3To2Adapter_v2/Size2to3_W_Diffuse
[LOG 14:50:36.726] Load DDS texture: Squad/Parts/Structural/Size3To2Adapter_v2/Size2to3_W_NRM
[LOG 14:50:36.735] Load DDS texture: Squad/Parts/Structural/stackAdapters/Assets/stackAdapters_diffuse
[LOG 14:50:36.738] Load DDS texture: Squad/Parts/Structural/stackAdapters/Assets/stackAdapters_diffuse_Dark
[LOG 14:50:36.740] Load DDS texture: Squad/Parts/Structural/stackAdapters/Assets/stackAdapters_diffuse_Orange
[LOG 14:50:36.742] Load DDS texture: Squad/Parts/Structural/stackAdapters/Assets/stackAdapters_normal
[LOG 14:50:36.744] Load DDS texture: Squad/Parts/Structural/stackAdapters/Assets/stackAdapters_normal_Orange
[LOG 14:50:36.746] Load DDS texture: Squad/Parts/Structural/stationHub/model000
[LOG 14:50:36.746] Load DDS texture: Squad/Parts/Structural/stationHub/model001
[LOG 14:50:36.747] Load DDS texture: Squad/Parts/Structural/structuralIBeam200/model000
[LOG 14:50:36.747] Load DDS texture: Squad/Parts/Structural/structuralIBeam200Pocket/model000
[LOG 14:50:36.747] Load DDS texture: Squad/Parts/Structural/structuralIBeam650/model000
[LOG 14:50:36.747] Load DDS texture: Squad/Parts/Structural/structuralMicronode/model000
[LOG 14:50:36.747] Load DDS texture: Squad/Parts/Structural/structuralPanel1x1/model000
[LOG 14:50:36.747] Load DDS texture: Squad/Parts/Structural/structuralPanel1x1/model001
[LOG 14:50:36.748] Load DDS texture: Squad/Parts/Structural/structuralPanel2x2/model000
[LOG 14:50:36.748] Load DDS texture: Squad/Parts/Structural/structuralPanel2x2/model001
[LOG 14:50:36.748] Load DDS texture: Squad/Parts/Structural/structuralPylons/Pylons
[LOG 14:50:36.748] Load DDS texture: Squad/Parts/Structural/strutCubicOcto/cubestrut
[LOG 14:50:36.748] Load DDS texture: Squad/Parts/Structural/strutOcto/model000
[LOG 14:50:36.748] Load DDS texture: Squad/Parts/Structural/trussGirderAdapter/model000
[LOG 14:50:36.748] Load DDS texture: Squad/Parts/Structural/trussGirderAdapter/model001
[LOG 14:50:36.749] Load DDS texture: Squad/Parts/Structural/trussGirderL/model000
[LOG 14:50:36.750] Load DDS texture: Squad/Parts/Structural/trussGirderXL/model000
[LOG 14:50:36.750] Load DDS texture: Squad/Parts/Thermal/FoldingRadiators/radiator
[LOG 14:50:36.752] Load DDS texture: Squad/Parts/Thermal/FoldingRadiators/radiator_N_NRM
[LOG 14:50:36.754] Load DDS texture: Squad/Parts/Thermal/RadiatorPanels/radPanel
[LOG 14:50:36.755] Load DDS texture: Squad/Parts/Thermal/RadiatorPanels/radPanel_N_NRM
[LOG 14:50:36.756] Load DDS texture: Squad/Parts/Utility/commDish88-88/comm_dish_array
[LOG 14:50:36.756] Load DDS texture: Squad/Parts/Utility/commDish88-88/comm_dish_v2_diff
[LOG 14:50:36.756] Load DDS texture: Squad/Parts/Utility/commDish88-88/model000
[LOG 14:50:36.757] Load DDS texture: Squad/Parts/Utility/commsAntennaDTS-M1/mediumDishAntenna
[LOG 14:50:36.758] Load DDS texture: Squad/Parts/Utility/commsAntennaDTS-M1/mediumDishAntenna_Emit
[LOG 14:50:36.759] Load DDS texture: Squad/Parts/Utility/commsDish16/model000
[LOG 14:50:36.759] Load DDS texture: Squad/Parts/Utility/decouplerRadialHDM/model000
[LOG 14:50:36.759] Load DDS texture: Squad/Parts/Utility/decouplerRadialTT-38K/model000
[LOG 14:50:36.759] Load DDS texture: Squad/Parts/Utility/decouplerRadialTT-38K/model001
[LOG 14:50:36.759] Load DDS texture: Squad/Parts/Utility/decouplerRadialTT-70/model000
[LOG 14:50:36.759] Load DDS texture: Squad/Parts/Utility/DirectAntennas/MiniAntenna
[LOG 14:50:36.759] Load DDS texture: Squad/Parts/Utility/dockingPort/Arrow Pointer
[LOG 14:50:36.760] Load DDS texture: Squad/Parts/Utility/dockingPort/DockingPorts_Clampotron_Diffuse
[LOG 14:50:36.769] Load DDS texture: Squad/Parts/Utility/dockingPort/DockingPorts_Clampotron_Emissive
[LOG 14:50:36.772] Load DDS texture: Squad/Parts/Utility/dockingPort/DockingPorts_Clampotron_Normal
[LOG 14:50:36.782] Load DDS texture: Squad/Parts/Utility/dockingPortInline/Arrow Pointer
[LOG 14:50:36.782] Load DDS texture: Squad/Parts/Utility/dockingPortInline/ClampotronLinear_ClampotronLinear_Diffuse
[LOG 14:50:36.788] Load DDS texture: Squad/Parts/Utility/dockingPortInline/ClampotronLinear_ClampotronLinear_Emissive
[LOG 14:50:36.791] Load DDS texture: Squad/Parts/Utility/dockingPortInline/ClampotronLinear_ClampotronLinear_Normal
[LOG 14:50:36.797] Load DDS texture: Squad/Parts/Utility/dockingPortInline/DockingPorts_Clampotron_Diffuse
[LOG 14:50:36.803] Load DDS texture: Squad/Parts/Utility/dockingPortInline/DockingPorts_Clampotron_Emissive
[LOG 14:50:36.806] Load DDS texture: Squad/Parts/Utility/dockingPortInline/DockingPorts_Clampotron_Normal
[LOG 14:50:36.812] Load DDS texture: Squad/Parts/Utility/dockingPortJr/Arrow Pointer
[LOG 14:50:36.812] Load DDS texture: Squad/Parts/Utility/dockingPortJr/DockingPorts_ClampotronJR_Diffuse
[LOG 14:50:36.814] Load DDS texture: Squad/Parts/Utility/dockingPortJr/DockingPorts_ClampotronJR_Normal
[LOG 14:50:36.816] Load DDS texture: Squad/Parts/Utility/dockingPortJr/model000
[LOG 14:50:36.816] Load DDS texture: Squad/Parts/Utility/dockingPortShielded/Arrow Pointer
[LOG 14:50:36.816] Load DDS texture: Squad/Parts/Utility/dockingPortShielded/Clamp-O-Tron Shielded Docking Port_ClampotronShielded_Diffuse
[LOG 14:50:36.822] Load DDS texture: Squad/Parts/Utility/dockingPortShielded/Clamp-O-Tron Shielded Docking Port_ClampotronShielded_Normal
[LOG 14:50:36.830] Load DDS texture: Squad/Parts/Utility/dockingPortShielded/DockingPorts_Clampotron_Diffuse
[LOG 14:50:36.837] Load DDS texture: Squad/Parts/Utility/dockingPortShielded/DockingPorts_Clampotron_Emissive
[LOG 14:50:36.841] Load DDS texture: Squad/Parts/Utility/dockingPortShielded/DockingPorts_Clampotron_Normal
[LOG 14:50:36.847] Load DDS texture: Squad/Parts/Utility/dockingPortSr/Arrow Pointer
[LOG 14:50:36.848] Load DDS texture: Squad/Parts/Utility/dockingPortSr/ClampotronSr_ClampotronSr_Diffuse
[LOG 14:50:36.853] Load DDS texture: Squad/Parts/Utility/dockingPortSr/ClampotronSr_ClampotronSr_Diffuse_gray
[LOG 14:50:36.859] Load DDS texture: Squad/Parts/Utility/dockingPortSr/ClampotronSr_ClampotronSr_Emissive
[LOG 14:50:36.861] Load DDS texture: Squad/Parts/Utility/dockingPortSr/ClampotronSr_ClampotronSr_Normal
[LOG 14:50:36.868] Load Cached PNG Texture: Squad/Parts/Utility/Fireworks/Assets/fireworks_launcher_big 1
[LOG 14:50:36.876] Load Cached PNG Texture: Squad/Parts/Utility/Fireworks/Assets/fireworks_launcher_big
[LOG 14:50:36.883] Load Cached PNG Texture: Squad/Parts/Utility/flags/backgroundTextures/dark_background
[LOG 14:50:36.883] Load Cached PNG Texture: Squad/Parts/Utility/flags/backgroundTextures/orange_background
[LOG 14:50:36.883] Load Cached PNG Texture: Squad/Parts/Utility/flags/backgroundTextures/white_background
[LOG 14:50:36.883] Load DDS texture: Squad/Parts/Utility/GrapplingDevice/grabberDiffuse
[LOG 14:50:36.887] Load DDS texture: Squad/Parts/Utility/GrapplingDevice/grabberDiffuse_dark
[LOG 14:50:36.888] Load DDS texture: Squad/Parts/Utility/GrapplingDevice/grabberNRM
[LOG 14:50:36.891] Load DDS texture: Squad/Parts/Utility/GrapplingDevice/window
[LOG 14:50:36.891] Load DDS texture: Squad/Parts/Utility/ladderRadial/model000
[LOG 14:50:36.891] Load DDS texture: Squad/Parts/Utility/ladderTelescopic/model000
[LOG 14:50:36.891] Load DDS texture: Squad/Parts/Utility/ladderTelescopic/model001
[LOG 14:50:36.894] Load DDS texture: Squad/Parts/Utility/ladderTelescopic/model002
[LOG 14:50:36.895] Load DDS texture: Squad/Parts/Utility/ladderTelescopicBay/model000
[LOG 14:50:36.897] Load DDS texture: Squad/Parts/Utility/ladderTelescopicBay/model001
[LOG 14:50:36.900] Load DDS texture: Squad/Parts/Utility/landingLegLT-1/ksp_r_landingStrut_diff
[LOG 14:50:36.901] Load DDS texture: Squad/Parts/Utility/landingLegLT-2/landingLeg
[LOG 14:50:36.901] Load DDS texture: Squad/Parts/Utility/landingLegLT-5/leg
[LOG 14:50:36.902] Load DDS texture: Squad/Parts/Utility/landingLegLT-5/model000
[LOG 14:50:36.902] Load DDS texture: Squad/Parts/Utility/launchClamp1/model000
[LOG 14:50:36.902] Load DDS texture: Squad/Parts/Utility/launchClamp1/model001
[LOG 14:50:36.902] Load DDS texture: Squad/Parts/Utility/launchEscapeSystem/LES_Diffuse
[LOG 14:50:36.904] Load DDS texture: Squad/Parts/Utility/Lights/Assets/Lights_Attacheable_Lights_Diffuse
[LOG 14:50:36.905] Load DDS texture: Squad/Parts/Utility/Lights/Assets/Lights_Attacheable_Lights_Diffuse_white
[LOG 14:50:36.906] Load DDS texture: Squad/Parts/Utility/Lights/Assets/Lights_Attacheable_Lights_Emissive
[LOG 14:50:36.906] Load DDS texture: Squad/Parts/Utility/Lights/Assets/Lights_Attacheable_Lights_Normal
[LOG 14:50:36.906] Load DDS texture: Squad/Parts/Utility/Lights/Assets/Lights_Rectangle_Light_Diffuse
[LOG 14:50:36.916] Load DDS texture: Squad/Parts/Utility/Lights/Assets/Lights_Rectangle_Light_Diffuse_white
[LOG 14:50:36.923] Load DDS texture: Squad/Parts/Utility/Lights/Assets/Lights_Rectangle_Light_Emissive
[LOG 14:50:36.930] Load DDS texture: Squad/Parts/Utility/Lights/Assets/Lights_Rectangle_Light_Normal
[LOG 14:50:36.936] Load DDS texture: Squad/Parts/Utility/Lights/Assets/Lights_Worklights_Diffuse
[LOG 14:50:36.939] Load DDS texture: Squad/Parts/Utility/Lights/Assets/Lights_Worklights_Emissive
[LOG 14:50:36.941] Load DDS texture: Squad/Parts/Utility/Lights/Assets/Lights_Worklights_Normal
[LOG 14:50:36.943] Load DDS texture: Squad/Parts/Utility/Lights/Assets/Spotlight_Attacheable_Lights_Diffuse
[LOG 14:50:36.943] Load DDS texture: Squad/Parts/Utility/Lights/Assets/Spotlight_Attacheable_Lights_Diffuse_white
[LOG 14:50:36.944] Load DDS texture: Squad/Parts/Utility/Lights/Assets/Spotlight_Attacheable_Lights_Emissive
[LOG 14:50:36.947] Load DDS texture: Squad/Parts/Utility/Lights/Assets/Spotlight_Attacheable_Lights_Normal
[LOG 14:50:36.947] Load DDS texture: Squad/Parts/Utility/linearVernorRCS/Assets/linear_vernor_diffuse
[LOG 14:50:36.947] Load DDS texture: Squad/Parts/Utility/linearVernorRCS/Assets/linear_vernor_emissive
[LOG 14:50:36.949] Load DDS texture: Squad/Parts/Utility/linearVernorRCS/Assets/linear_vernor_normalDummy
[LOG 14:50:36.949] Load DDS texture: Squad/Parts/Utility/linearVernorRCS/Assets/linear_vernor_specular
[LOG 14:50:36.949] Load DDS texture: Squad/Parts/Utility/mk2CargoBay/mk2CargoBay
[LOG 14:50:36.950] Load DDS texture: Squad/Parts/Utility/mk2CrewCabin/mk2CrewCabin
[LOG 14:50:36.951] Load DDS texture: Squad/Parts/Utility/mk2CrewCabin/mk2CrewCabin_LUM
[LOG 14:50:36.951] Load DDS texture: Squad/Parts/Utility/mk2DockingPort/Arrow Pointer
[LOG 14:50:36.951] Load DDS texture: Squad/Parts/Utility/mk2DockingPort/Mk2Clampotron_Caps_Diffuse
[LOG 14:50:36.951] Load DDS texture: Squad/Parts/Utility/mk2DockingPort/Mk2Clampotron_Caps_Emmisive
[LOG 14:50:36.951] Load DDS texture: Squad/Parts/Utility/mk2DockingPort/Mk2Clampotron_Caps_Normal
[LOG 14:50:36.952] Load DDS texture: Squad/Parts/Utility/mk2DockingPort/Mk2Clampotron_Mk2Clampotron_Diffuse
[LOG 14:50:36.960] Load DDS texture: Squad/Parts/Utility/mk2DockingPort/Mk2Clampotron_Mk2Clampotron_Emissive
[LOG 14:50:36.962] Load DDS texture: Squad/Parts/Utility/mk2DockingPort/Mk2Clampotron_Mk2Clampotron_Normal
[LOG 14:50:36.968] Load DDS texture: Squad/Parts/Utility/mk2DockingPort/mk2DockingPort
[LOG 14:50:36.969] Load DDS texture: Squad/Parts/Utility/mk3CargoBay/Mk3CargoBay
[LOG 14:50:36.971] Load DDS texture: Squad/Parts/Utility/parachuteMk1/model000
[LOG 14:50:36.971] Load DDS texture: Squad/Parts/Utility/parachuteMk1/model001
[LOG 14:50:36.972] Load DDS texture: Squad/Parts/Utility/parachuteMk12-R/model000
[LOG 14:50:36.972] Load DDS texture: Squad/Parts/Utility/parachuteMk12-R/model001
[LOG 14:50:36.972] Load DDS texture: Squad/Parts/Utility/parachuteMk16-XL/model000
[LOG 14:50:36.972] Load DDS texture: Squad/Parts/Utility/parachuteMk16-XL/model001
[LOG 14:50:36.972] Load DDS texture: Squad/Parts/Utility/parachuteMk2-R/model000
[LOG 14:50:36.973] Load DDS texture: Squad/Parts/Utility/parachuteMk2-R/model001
[LOG 14:50:36.973] Load DDS texture: Squad/Parts/Utility/parachuteMk25/model000
[LOG 14:50:36.973] Load DDS texture: Squad/Parts/Utility/parachuteMk25/model001
[LOG 14:50:36.973] Load DDS texture: Squad/Parts/Utility/radialAttachmentPoint/model000
[LOG 14:50:36.973] Load DDS texture: Squad/Parts/Utility/radialAttachmentPoint/model001
[LOG 14:50:36.973] Load DDS texture: Squad/Parts/Utility/rcsBlockRV-105_v2/rcsBlock_diffuse
[LOG 14:50:36.973] Load DDS texture: Squad/Parts/Utility/rcsBlockRV-105_v2/rcsThrusterBlock_normal
[LOG 14:50:36.974] Load DDS texture: Squad/Parts/Utility/rcsBlockRV-105_v2/rcsThruster_emissive
[LOG 14:50:36.974] Load DDS texture: Squad/Parts/Utility/rcsBlockRV-105_v2/rcsThruster_specular
[LOG 14:50:36.974] Load DDS texture: Squad/Parts/Utility/rcsBlockRV-105_v2/RCS_Block_Diffuse
[LOG 14:50:36.974] Load DDS texture: Squad/Parts/Utility/rcsBlockRV-105_v2/RCS_Block_Emissive
[LOG 14:50:36.974] Load DDS texture: Squad/Parts/Utility/rcsBlockRV-105_v2/RCS_Block_Normal
[LOG 14:50:36.974] Load DDS texture: Squad/Parts/Utility/rcsBlockRV-105_v2/RCS_Block_Specular
[LOG 14:50:36.974] Load DDS texture: Squad/Parts/Utility/rcsSmallLinear/Assets/RCS_Linear_Base_Diffuse
[LOG 14:50:36.975] Load DDS texture: Squad/Parts/Utility/rcsSmallLinear/Assets/RCS_Linear_Diffuse
[LOG 14:50:36.975] Load DDS texture: Squad/Parts/Utility/rcsSmallLinear/Assets/RCS_Linear_Emissive
[LOG 14:50:36.975] Load DDS texture: Squad/Parts/Utility/rcsSmallLinear/Assets/RCS_Linear_Normal
[LOG 14:50:36.975] Load DDS texture: Squad/Parts/Utility/rcsSmallLinear/Assets/RCS_Linear_Specular
[LOG 14:50:36.975] Load DDS texture: Squad/Parts/Utility/RelayAntennas/DishAntenna
[LOG 14:50:36.975] Load DDS texture: Squad/Parts/Utility/RelayAntennas/MiniAntenna
[LOG 14:50:36.975] Load DDS texture: Squad/Parts/Utility/rockomaxAdapters/Assets/Rockomax_Adapters_diffuse
[LOG 14:50:36.977] Load DDS texture: Squad/Parts/Utility/rockomaxAdapters/Assets/Rockomax_Adapters_diffuse_O
[LOG 14:50:36.979] Load DDS texture: Squad/Parts/Utility/rockomaxAdapters/Assets/Rockomax_Adapters_diffuse_W
[LOG 14:50:36.982] Load DDS texture: Squad/Parts/Utility/rockomaxAdapters/Assets/Rockomax_Adapters_normal
[LOG 14:50:36.984] Load DDS texture: Squad/Parts/Utility/rockomaxAdapters/Assets/Rockomax_Adapters_normal_O
[LOG 14:50:36.988] Load DDS texture: Squad/Parts/Utility/ServiceBay/ServiceBay
[LOG 14:50:36.989] Load Cached PNG Texture: Squad/Parts/Utility/ServiceBay_v2/Assets/Scratch
[LOG 14:50:36.990] Load Cached PNG Texture: Squad/Parts/Utility/ServiceBay_v2/Assets/ServiceBay_bump
[LOG 14:50:36.992] Load Cached PNG Texture: Squad/Parts/Utility/ServiceBay_v2/Assets/ServiceBay_v2
[LOG 14:50:36.992] Load DDS texture: Squad/Parts/Utility/smallClaw/grabberSmallDiffuse
[LOG 14:50:36.993] Load DDS texture: Squad/Parts/Utility/smallClaw/grabberSmallDiffuseDark
[LOG 14:50:36.993] Load DDS texture: Squad/Parts/Utility/smallClaw/grabberSmallNRM
[LOG 14:50:36.993] Load DDS texture: Squad/Parts/Utility/smallClaw/window
[LOG 14:50:36.993] Load DDS texture: Squad/Parts/Utility/spotLightMk1/light1
[LOG 14:50:36.993] Load DDS texture: Squad/Parts/Utility/spotLightMk1/light1_em
[LOG 14:50:36.994] Load DDS texture: Squad/Parts/Utility/spotLightMk1_v2/spotLightMk1_Diffuse
[LOG 14:50:36.994] Load DDS texture: Squad/Parts/Utility/spotLightMk1_v2/spotLightMk1_Diffuse_white
[LOG 14:50:36.994] Load DDS texture: Squad/Parts/Utility/spotLightMk1_v2/spotLightMk1_Emissive
[LOG 14:50:36.994] Load DDS texture: Squad/Parts/Utility/spotLightMk1_v2/spotLightMk1_Normal
[LOG 14:50:36.995] Load DDS texture: Squad/Parts/Utility/spotLightMk2/light2
[LOG 14:50:36.995] Load DDS texture: Squad/Parts/Utility/spotLightMk2/light2_em
[LOG 14:50:36.995] Load DDS texture: Squad/Parts/Utility/spotLightMk2_v2/spotLightMk2_Diffuse
[LOG 14:50:36.995] Load DDS texture: Squad/Parts/Utility/spotLightMk2_v2/spotLightMk2_Diffuse_white
[LOG 14:50:36.995] Load DDS texture: Squad/Parts/Utility/spotLightMk2_v2/spotLightMk2_Emissive
[LOG 14:50:36.995] Load DDS texture: Squad/Parts/Utility/spotLightMk2_v2/spotLightMk2_Normal
[LOG 14:50:36.996] Load DDS texture: Squad/Parts/Utility/stackCouplers/Assets/stackCouplersDiffuse
[LOG 14:50:36.997] Load DDS texture: Squad/Parts/Utility/stackCouplers/Assets/stackCouplersDiffuse_Dark
[LOG 14:50:36.999] Load DDS texture: Squad/Parts/Utility/stackCouplers/Assets/stackCouplersDiffuse_Orange
[LOG 14:50:37.001] Load DDS texture: Squad/Parts/Utility/stackCouplers/Assets/stackCouplers_NRM
[LOG 14:50:37.002] Load DDS texture: Squad/Parts/Utility/stackCouplers/Assets/stackCouplers_Orange_NRM
[LOG 14:50:37.004] Load DDS texture: Squad/Parts/Wheel/LandingGear/Flare
[LOG 14:50:37.004] Load DDS texture: Squad/Parts/Wheel/LandingGear/LandingGear
[LOG 14:50:37.005] Load DDS texture: Squad/Parts/Wheel/LandingGear/LandingGear_Emissive
[LOG 14:50:37.006] Load DDS texture: Squad/Parts/Wheel/roverWheelM1/model000
[LOG 14:50:37.006] Load DDS texture: Squad/Parts/Wheel/roverWheelM1/roverwheel1
[LOG 14:50:37.006] Load DDS texture: Squad/Parts/Wheel/roverWheelS2/model000
[LOG 14:50:37.006] Load DDS texture: Squad/Parts/Wheel/roverWheelS2/model001
[LOG 14:50:37.006] Load DDS texture: Squad/Parts/Wheel/roverWheelS2/roverwheel2
[LOG 14:50:37.006] Load DDS texture: Squad/Parts/Wheel/roverWheelS2/roverwheel2_n
[LOG 14:50:37.007] Load DDS texture: Squad/Parts/Wheel/roverWheelTR-2L/ksp_r_medWheel_diff
[LOG 14:50:37.008] Load DDS texture: Squad/Parts/Wheel/roverWheelTR-2L/ksp_r_medWheel_normal
[LOG 14:50:37.008] Load DDS texture: Squad/Parts/Wheel/roverWheelTR-2L/ksp_r_medWheel_wheel_diff
[LOG 14:50:37.009] Load DDS texture: Squad/Parts/Wheel/roverWheelTR-2L/ksp_r_medWheel_wheel_normal
[LOG 14:50:37.011] Load DDS texture: Squad/Parts/Wheel/roverWheelXL3/mount
[LOG 14:50:37.012] Load DDS texture: Squad/Parts/Wheel/roverWheelXL3/mount_n
[LOG 14:50:37.014] Load DDS texture: Squad/Parts/Wheel/roverWheelXL3/wheel
[LOG 14:50:37.017] Load DDS texture: Squad/Parts/Wheel/roverWheelXL3/wheel_n
[LOG 14:50:37.018] Load DDS texture: Squad/Props/AltimeterThreeHands/model000
[LOG 14:50:37.018] Load DDS texture: Squad/Props/AltimeterThreeHands/model001
[LOG 14:50:37.018] Load DDS texture: Squad/Props/AtmosphereDepth/model000
[LOG 14:50:37.018] Load DDS texture: Squad/Props/AtmosphereDepth/model001
[LOG 14:50:37.018] Load DDS texture: Squad/Props/AxisIndicator/model000
[LOG 14:50:37.018] Load DDS texture: Squad/Props/buttonsGeneric/ButtonsAndSwitches
[LOG 14:50:37.018] Load DDS texture: Squad/Props/ButtonSquare/model000
[LOG 14:50:37.018] Load DDS texture: Squad/Props/circularButton/model000
[LOG 14:50:37.019] Load DDS texture: Squad/Props/Compass/model000
[LOG 14:50:37.019] Load DDS texture: Squad/Props/directionalKnob/model000
[LOG 14:50:37.019] Load DDS texture: Squad/Props/directionalKnob2/model000
[LOG 14:50:37.019] Load DDS texture: Squad/Props/IndicatorPanel/model000
[LOG 14:50:37.019] Load DDS texture: Squad/Props/IndicatorPanel/model001
[LOG 14:50:37.019] Load DDS texture: Squad/Props/IVANavBall/Arrows8dir
[LOG 14:50:37.019] Load DDS texture: Squad/Props/IVANavBall/IVANavBall
[LOG 14:50:37.019] Load DDS texture: Squad/Props/IVANavBall/IVANavBall_Glow
[LOG 14:50:37.019] Load DDS texture: Squad/Props/IVANavBall/ManeuverNode_vectors
[LOG 14:50:37.020] Load DDS texture: Squad/Props/IVANavBall/navball2
[LOG 14:50:37.020] Load DDS texture: Squad/Props/IVANavBall/navBall_DV_IVA
[LOG 14:50:37.020] Load DDS texture: Squad/Props/IVANavBall/navBall_vectors_IVA
[LOG 14:50:37.020] Load Cached PNG Texture: Squad/Props/IVANavBallNoBase/Arrows8dir
[LOG 14:50:37.020] Load Cached PNG Texture: Squad/Props/IVANavBallNoBase/IVANavBall
[LOG 14:50:37.020] Load Cached PNG Texture: Squad/Props/IVANavBallNoBase/ManeuverNode_vectors
[LOG 14:50:37.020] Load Cached PNG Texture: Squad/Props/IVANavBallNoBase/navball2
[LOG 14:50:37.020] Load Cached PNG Texture: Squad/Props/IVANavBallNoBase/navBall_DV_IVA
[LOG 14:50:37.020] Load Cached PNG Texture: Squad/Props/IVANavBallNoBase/navBall_vectors_IVA
[LOG 14:50:37.020] Load DDS texture: Squad/Props/ledPanelSpeed/circularButton
[LOG 14:50:37.020] Load DDS texture: Squad/Props/ledPanelSpeed/ledPanel
[LOG 14:50:37.021] Load DDS texture: Squad/Props/Monitor/Emissives
[LOG 14:50:37.021] Load DDS texture: Squad/Props/Monitor/Emissives_glow
[LOG 14:50:37.021] Load DDS texture: Squad/Props/Monitor/Monitor
[LOG 14:50:37.021] Load DDS texture: Squad/Props/NavBall/GaugeGee
[LOG 14:50:37.021] Load DDS texture: Squad/Props/NavBall/GaugeThrottle
[LOG 14:50:37.021] Load DDS texture: Squad/Props/NavBall/model000
[LOG 14:50:37.021] Load DDS texture: Squad/Props/NavBall/model001
[LOG 14:50:37.021] Load DDS texture: Squad/Props/NavBall/model002
[LOG 14:50:37.022] Load DDS texture: Squad/Props/NavBall/model003
[LOG 14:50:37.022] Load DDS texture: Squad/Props/PropsGeneric/propsGeneric
[LOG 14:50:37.023] Load DDS texture: Squad/Props/pullSwitch/model000
[LOG 14:50:37.023] Load DDS texture: Squad/Props/pullSwitch/model001
[LOG 14:50:37.023] Load DDS texture: Squad/Props/radarAltitude/model000
[LOG 14:50:37.023] Load DDS texture: Squad/Props/squareButton/model000
[LOG 14:50:37.023] Load DDS texture: Squad/Props/standingSwitch/model000
[LOG 14:50:37.023] Load DDS texture: Squad/Props/standingSwitch/model001
[LOG 14:50:37.024] Load DDS texture: Squad/Props/switch/model000
[LOG 14:50:37.024] Load DDS texture: Squad/Props/switchGuard/model000
[LOG 14:50:37.024] Load DDS texture: Squad/Props/switchWithGuards/model000
[LOG 14:50:37.024] Load DDS texture: Squad/Props/switchWithGuards/model001
[LOG 14:50:37.024] Load DDS texture: Squad/Props/switchWithGuards/model002
[LOG 14:50:37.024] Load DDS texture: Squad/Props/throttle/model000
[LOG 14:50:37.024] Load DDS texture: Squad/Props/throttle/model001
[LOG 14:50:37.027] Load DDS texture: Squad/Props/VSI/model000
[LOG 14:50:37.027] Load DDS texture: Squad/Spaces/crewCabinInternals/model000
[LOG 14:50:37.027] Load DDS texture: Squad/Spaces/crewCabinInternals/model001
[LOG 14:50:37.032] Load DDS texture: Squad/Spaces/crewCabinInternals/model002
[LOG 14:50:37.033] Load DDS texture: Squad/Spaces/crewCabinInternals/model003
[LOG 14:50:37.033] Load DDS texture: Squad/Spaces/crewCabinInternals/model004
[LOG 14:50:37.034] Load DDS texture: Squad/Spaces/crewCabinInternals/model005
[LOG 14:50:37.036] Load DDS texture: Squad/Spaces/cupolaInternal/ksp_l_cupola_internal_diff
[LOG 14:50:37.043] Load DDS texture: Squad/Spaces/cupolaInternal/ksp_l_cupola_internal_normal
[LOG 14:50:37.053] Load DDS texture: Squad/Spaces/cupolaInternal/ksp_l_cupola_internal_windows_alpha
[LOG 14:50:37.054] Load DDS texture: Squad/Spaces/cupolaInternal/pilot Seat
[LOG 14:50:37.058] Load DDS texture: Squad/Spaces/GenericSpace1/model000
[LOG 14:50:37.058] Load DDS texture: Squad/Spaces/GenericSpace1/model001
[LOG 14:50:37.060] Load DDS texture: Squad/Spaces/GenericSpace1/model002
[LOG 14:50:37.061] Load DDS texture: Squad/Spaces/GenericSpace1/model003
[LOG 14:50:37.063] Load DDS texture: Squad/Spaces/GenericSpace1/model004
[LOG 14:50:37.063] Load DDS texture: Squad/Spaces/GenericSpace1/model005
[LOG 14:50:37.066] Load DDS texture: Squad/Spaces/GenericSpace3/model000
[LOG 14:50:37.069] Load DDS texture: Squad/Spaces/GenericSpace3/model001
[LOG 14:50:37.069] Load DDS texture: Squad/Spaces/GenericSpace3/model002
[LOG 14:50:37.070] Load DDS texture: Squad/Spaces/GenericSpace3/model003
[LOG 14:50:37.071] Load DDS texture: Squad/Spaces/GenericSpace3/model004
[LOG 14:50:37.072] Load DDS texture: Squad/Spaces/GenericSpace3/model005
[LOG 14:50:37.073] Load DDS texture: Squad/Spaces/GenericSpace3/model006
[LOG 14:50:37.074] Load DDS texture: Squad/Spaces/GenericSpace3/model007
[LOG 14:50:37.075] Load DDS texture: Squad/Spaces/landerCabinInternals/model000
[LOG 14:50:37.077] Load DDS texture: Squad/Spaces/landerCabinInternals/model001
[LOG 14:50:37.079] Load DDS texture: Squad/Spaces/landerCabinInternals/model002
[LOG 14:50:37.080] Load DDS texture: Squad/Spaces/landerCabinInternals/model003
[LOG 14:50:37.086] Load DDS texture: Squad/Spaces/landerCabinInternals/model004
[LOG 14:50:37.087] Load DDS texture: Squad/Spaces/landerCabinInternals/model005
[LOG 14:50:37.087] Load DDS texture: Squad/Spaces/landerCabinInternals/model006
[LOG 14:50:37.090] Load DDS texture: Squad/Spaces/landerCabinInternals/model007
[LOG 14:50:37.090] Load DDS texture: Squad/Spaces/landerCabinSmallInternal/ksp_s_landerCan_internal_diff
[LOG 14:50:37.096] Load DDS texture: Squad/Spaces/landerCabinSmallInternal/ksp_s_landerCan_internal_normal
[LOG 14:50:37.105] Load DDS texture: Squad/Spaces/landerCabinSmallInternal/ksp_s_landerCan_internal_window_alpha
[LOG 14:50:37.106] Load DDS texture: Squad/Spaces/landerCabinSmallInternal/pilot Seat
[LOG 14:50:37.110] Load DDS texture: Squad/Spaces/LargeCrewedLabInternals/Glass
[LOG 14:50:37.110] Load DDS texture: Squad/Spaces/LargeCrewedLabInternals/MPL_Int
[LOG 14:50:37.115] Load DDS texture: Squad/Spaces/LargeCrewedLabInternals/MPL_Int_n_NRM
[LOG 14:50:37.116] Load DDS texture: Squad/Spaces/Mk1-3/Mk1_3_IvaProps_Diffuse
[LOG 14:50:37.124] Load DDS texture: Squad/Spaces/Mk1-3/Mk1_3_IvaProps_Normal
[LOG 14:50:37.128] Load DDS texture: Squad/Spaces/Mk1-3/Mk1_3_IvaShell_Diffuse
[LOG 14:50:37.134] Load DDS texture: Squad/Spaces/Mk1-3/Mk1_3_IvaShell_Emissive
[LOG 14:50:37.140] Load DDS texture: Squad/Spaces/Mk1-3/Mk1_3_IvaShell_Normal
[LOG 14:50:37.147] Load DDS texture: Squad/Spaces/Mk1-3/pilot Seat
[LOG 14:50:37.148] Load DDS texture: Squad/Spaces/mk1CabinInternal/Cabin_Lightmap
[LOG 14:50:37.149] Load DDS texture: Squad/Spaces/mk1CabinInternal/CockpitGeneric
[LOG 14:50:37.149] Load DDS texture: Squad/Spaces/mk1CabinInternal/CockpitGeneric_NRM
[LOG 14:50:37.149] Load DDS texture: Squad/Spaces/mk1CockpitInternal/CockpitGeneric
[LOG 14:50:37.149] Load DDS texture: Squad/Spaces/mk1CockpitInternal/CockpitGeneric_NRM
[LOG 14:50:37.149] Load DDS texture: Squad/Spaces/mk1CockpitInternal/IVAMAP
[LOG 14:50:37.151] Load DDS texture: Squad/Spaces/mk1CockpitInternal/Windows
[LOG 14:50:37.151] Load DDS texture: Squad/Spaces/mk1InlineInternal/Canopy
[LOG 14:50:37.152] Load DDS texture: Squad/Spaces/mk1InlineInternal/CockpitGeneric
[LOG 14:50:37.152] Load DDS texture: Squad/Spaces/mk1InlineInternal/CockpitGeneric_NRM
[LOG 14:50:37.152] Load DDS texture: Squad/Spaces/mk1InlineInternal/Mk1Inline_Lightmap
[LOG 14:50:37.152] Load DDS texture: Squad/Spaces/mk1PodCockpit/model000
[LOG 14:50:37.155] Load DDS texture: Squad/Spaces/mk1PodCockpit/model001
[LOG 14:50:37.156] Load DDS texture: Squad/Spaces/mk1PodCockpit/model002
[LOG 14:50:37.159] Load DDS texture: Squad/Spaces/mk1PodCockpit/model003
[LOG 14:50:37.161] Load DDS texture: Squad/Spaces/mk1PodCockpit/model004
[LOG 14:50:37.163] Load DDS texture: Squad/Spaces/mk1PodCockpit/model005
[LOG 14:50:37.164] Load DDS texture: Squad/Spaces/mk1PodCockpit/model006
[LOG 14:50:37.165] Load DDS texture: Squad/Spaces/mk1PodCockpit/model007
[LOG 14:50:37.165] Load DDS texture: Squad/Spaces/mk1pod_IVA/mk1pod_iva_props_diffuse
[LOG 14:50:37.172] Load DDS texture: Squad/Spaces/mk1pod_IVA/mk1pod_iva_props_emissive
[LOG 14:50:37.172] Load DDS texture: Squad/Spaces/mk1pod_IVA/mk1pod_iva_props_normal
[LOG 14:50:37.179] Load DDS texture: Squad/Spaces/mk1pod_IVA/mk1pod_iva_shell_diffuse
[LOG 14:50:37.186] Load DDS texture: Squad/Spaces/mk1pod_IVA/mk1pod_iva_shell_normal
[LOG 14:50:37.196] Load MBM texture: Squad/Spaces/mk1pod_IVA/pilot Seat
[LOG 14:50:37.250] Load DDS texture: Squad/Spaces/mk2CockpitStandardInternal/CargoBagA
[LOG 14:50:37.250] Load DDS texture: Squad/Spaces/mk2CockpitStandardInternal/Mk2StandardIVA
[LOG 14:50:37.251] Load DDS texture: Squad/Spaces/mk2CockpitStandardInternal/Pilotseat
[LOG 14:50:37.251] Load DDS texture: Squad/Spaces/mk2CockpitStandardInternal/Windows
[LOG 14:50:37.251] Load DDS texture: Squad/Spaces/Mk2CrewCabinInternal/CargoBagA
[LOG 14:50:37.251] Load DDS texture: Squad/Spaces/Mk2CrewCabinInternal/Glass
[LOG 14:50:37.251] Load DDS texture: Squad/Spaces/Mk2CrewCabinInternal/Mk2StandardIVA
[LOG 14:50:37.252] Load DDS texture: Squad/Spaces/Mk2CrewCabinInternal/Pilotseat
[LOG 14:50:37.252] Load DDS texture: Squad/Spaces/mk2InlineInternal/CockpitGeneric
[LOG 14:50:37.254] Load DDS texture: Squad/Spaces/mk2InlineInternal/CockpitGeneric_NRM
[LOG 14:50:37.255] Load DDS texture: Squad/Spaces/mk2InlineInternal/Mk2InlineLightmap
[LOG 14:50:37.255] Load DDS texture: Squad/Spaces/mk2InlineInternal/propsGeneric
[LOG 14:50:37.256] Load DDS texture: Squad/Spaces/mk2LanderCanInternal/mk2LanderCan_props_diffuse
[LOG 14:50:37.263] Load DDS texture: Squad/Spaces/mk2LanderCanInternal/mk2LanderCan_props_normal
[LOG 14:50:37.269] Load DDS texture: Squad/Spaces/mk2LanderCanInternal/mk2LanderCan_shell_diffuse
[LOG 14:50:37.275] Load DDS texture: Squad/Spaces/mk2LanderCanInternal/mk2LanderCan_shell_normal
[LOG 14:50:37.281] Load MBM texture: Squad/Spaces/mk2LanderCanInternal/pilot Seat
[LOG 14:50:37.331] Load DDS texture: Squad/Spaces/MK3CockpitInternal/Glass
[LOG 14:50:37.331] Load DDS texture: Squad/Spaces/MK3CockpitInternal/Mk2StandardIVA
[LOG 14:50:37.332] Load DDS texture: Squad/Spaces/MK3_CrewCab_Int/Glass
[LOG 14:50:37.332] Load DDS texture: Squad/Spaces/MK3_CrewCab_Int/GlassMK3CC
[LOG 14:50:37.332] Load DDS texture: Squad/Spaces/MK3_CrewCab_Int/Mk2StandardIVA
[LOG 14:50:37.332] Load DDS texture: Squad/Spaces/MK3_CrewCab_Int/MK3_CrewCab_Int
[LOG 14:50:37.333] Load DDS texture: Squad/Spaces/MK3_CrewCab_Int/MK3_CrewCab_Int_n
[LOG 14:50:37.333] Load DDS texture: Squad/Spaces/MK3_CrewCab_Int/Pilotseat
[LOG 14:50:37.334] Load DDS texture: Squad/Spaces/Placeholder/PlaceholderIVA
[LOG 14:50:37.334] Load DDS texture: Squad/Spaces/PodCockpit/model000
[LOG 14:50:37.335] Load DDS texture: Squad/Spaces/PodCockpit/model001
[LOG 14:50:37.338] Load DDS texture: Squad/Spaces/PodCockpit/model002
[LOG 14:50:37.342] Load DDS texture: Squad/Spaces/PodCockpit/model003
[LOG 14:50:37.343] Load DDS texture: Squad/Spaces/PodCockpit/model004
[LOG 14:50:37.344] Load DDS texture: Squad/Spaces/PodCockpit/model005
[LOG 14:50:37.346] Load DDS texture: Squad/Spaces/PodCockpit/model006
[LOG 14:50:37.346] Load DDS texture: Squad/Spaces/PodCockpit/model007
[LOG 14:50:37.346] Load DDS texture: Squad/Spaces/sharedAssets/CockpitGeneric
[LOG 14:50:37.348] Load DDS texture: Squad/Spaces/sharedAssets/CockpitGeneric_NRM
[LOG 14:50:37.350] Load Cached PNG Texture: Squad/Strategies/Icons/AggressiveNegotiations
[LOG 14:50:37.350] Load Cached PNG Texture: Squad/Strategies/Icons/AppreciationCampaign
[LOG 14:50:37.350] Load Cached PNG Texture: Squad/Strategies/Icons/BailOutGrant
[LOG 14:50:37.350] Load Cached PNG Texture: Squad/Strategies/Icons/FundraisingCampaign
[LOG 14:50:37.350] Load Cached PNG Texture: Squad/Strategies/Icons/LeadershipInitiative
[LOG 14:50:37.350] Load Cached PNG Texture: Squad/Strategies/Icons/OpenSourceTechProgram
[LOG 14:50:37.351] Load Cached PNG Texture: Squad/Strategies/Icons/OutsourcedResearch
[LOG 14:50:37.351] Load Cached PNG Texture: Squad/Strategies/Icons/PatentsLicensing
[LOG 14:50:37.351] Load Cached PNG Texture: Squad/Strategies/Icons/RecoveryTransponderFitting
[LOG 14:50:37.351] Load Cached PNG Texture: Squad/Strategies/Icons/ResearchRightsSellOut
[LOG 14:50:37.351] Load Cached PNG Texture: Squad/Strategies/Icons/UnpaidResearchProgram
[LOG 14:50:37.351] Load Cached PNG Texture: Squad/Tutorials/ChuteColors
[LOG 14:50:37.351] Load DDS texture: Squad/Tutorials/EditorCoM
[LOG 14:50:37.351] Load Cached PNG Texture: Squad/Tutorials/EditorSnap
[LOG 14:50:37.351] Load Cached PNG Texture: Squad/Tutorials/EditorSnap4x
[LOG 14:50:37.351] Load Cached PNG Texture: Squad/Tutorials/EditorSymm
[LOG 14:50:37.352] Load Cached PNG Texture: Squad/Tutorials/StagingStack
[LOG 14:50:37.352] Load PNG texture: Squad/Tutorials/YPRDiagram
[WRN 14:50:37.353] Texture isn't eligible for DXT compression, width and height must be multiples of 4
[LOG 14:50:37.353] Load Cached PNG Texture: SquadExpansion/MakingHistory/Banners/Fail/default
[LOG 14:50:37.353] Load Cached PNG Texture: SquadExpansion/MakingHistory/Banners/Fail/fail01
[LOG 14:50:37.353] Load Cached PNG Texture: SquadExpansion/MakingHistory/Banners/Fail/fail02
[LOG 14:50:37.353] Load PNG texture: SquadExpansion/MakingHistory/Banners/Menu/default
[WRN 14:50:37.356] Texture isn't eligible for DXT compression, width and height must be multiples of 4
[LOG 14:50:37.356] Load PNG texture: SquadExpansion/MakingHistory/Banners/Menu/MBanner_01
[WRN 14:50:37.361] Texture isn't eligible for DXT compression, width and height must be multiples of 4
[LOG 14:50:37.361] Load PNG texture: SquadExpansion/MakingHistory/Banners/Menu/MBanner_02
[WRN 14:50:37.365] Texture isn't eligible for DXT compression, width and height must be multiples of 4
[LOG 14:50:37.369] Load PNG texture: SquadExpansion/MakingHistory/Banners/Menu/MBanner_03
[WRN 14:50:37.373] Texture isn't eligible for DXT compression, width and height must be multiples of 4
[LOG 14:50:37.373] Load Cached PNG Texture: SquadExpansion/MakingHistory/Banners/Success/default
[LOG 14:50:37.373] Load Cached PNG Texture: SquadExpansion/MakingHistory/Banners/Success/success01
[LOG 14:50:37.373] Load Cached PNG Texture: SquadExpansion/MakingHistory/Banners/Success/success02
[LOG 14:50:37.373] Load Cached PNG Texture: SquadExpansion/MakingHistory/Missions/Acapello 13/Banners/Fail/fail01
[LOG 14:50:37.373] Load PNG texture: SquadExpansion/MakingHistory/Missions/Acapello 13/Banners/Menu/Mun
[WRN 14:50:37.376] Texture isn't eligible for DXT compression, width and height must be multiples of 4
[LOG 14:50:37.376] Load Cached PNG Texture: SquadExpansion/MakingHistory/Missions/Acapello 13/Banners/Success/success01
[LOG 14:50:37.376] Load Cached PNG Texture: SquadExpansion/MakingHistory/Missions/Acapello 15/Banners/Fail/default
[LOG 14:50:37.376] Load Cached PNG Texture: SquadExpansion/MakingHistory/Missions/Acapello 15/Banners/Fail/fail02
[LOG 14:50:37.376] Load PNG texture: SquadExpansion/MakingHistory/Missions/Acapello 15/Banners/Menu/default
[WRN 14:50:37.379] Texture isn't eligible for DXT compression, width and height must be multiples of 4
[LOG 14:50:37.379] Load Cached PNG Texture: SquadExpansion/MakingHistory/Missions/Acapello 15/Banners/Success/default
[LOG 14:50:37.379] Load Cached PNG Texture: SquadExpansion/MakingHistory/Missions/Blue Mun/Banners/Fail/fail01
[LOG 14:50:37.379] Load PNG texture: SquadExpansion/MakingHistory/Missions/Blue Mun/Banners/Menu/default
[WRN 14:50:37.382] Texture isn't eligible for DXT compression, width and height must be multiples of 4
[LOG 14:50:37.382] Load Cached PNG Texture: SquadExpansion/MakingHistory/Missions/Blue Mun/Banners/Success/success02
[LOG 14:50:37.382] Load Cached PNG Texture: SquadExpansion/MakingHistory/Missions/Dawn of the Space Age/Banners/Fail/default
[LOG 14:50:37.382] Load PNG texture: SquadExpansion/MakingHistory/Missions/Dawn of the Space Age/Banners/Menu/default
[WRN 14:50:37.385] Texture isn't eligible for DXT compression, width and height must be multiples of 4
[LOG 14:50:37.385] Load Cached PNG Texture: SquadExpansion/MakingHistory/Missions/Dawn of the Space Age/Banners/Success/default
[LOG 14:50:37.385] Load Cached PNG Texture: SquadExpansion/MakingHistory/Missions/Meet Me in Zero G/Banners/Fail/default
[LOG 14:50:37.385] Load Cached PNG Texture: SquadExpansion/MakingHistory/Missions/Meet Me in Zero G/Banners/Fail/fail01
[LOG 14:50:37.385] Load PNG texture: SquadExpansion/MakingHistory/Missions/Meet Me in Zero G/Banners/Menu/default
[WRN 14:50:37.388] Texture isn't eligible for DXT compression, width and height must be multiples of 4
[LOG 14:50:37.388] Load Cached PNG Texture: SquadExpansion/MakingHistory/Missions/Meet Me in Zero G/Banners/Success/default
[LOG 14:50:37.388] Load Cached PNG Texture: SquadExpansion/MakingHistory/Missions/Meet Me in Zero G/Banners/Success/success02
[LOG 14:50:37.388] Load Cached PNG Texture: SquadExpansion/MakingHistory/Missions/Munar 1/Banners/Fail/default
[LOG 14:50:37.388] Load Cached PNG Texture: SquadExpansion/MakingHistory/Missions/Munar 1/Banners/Fail/fail02
[LOG 14:50:37.388] Load PNG texture: SquadExpansion/MakingHistory/Missions/Munar 1/Banners/Menu/default
[WRN 14:50:37.391] Texture isn't eligible for DXT compression, width and height must be multiples of 4
[LOG 14:50:37.391] Load Cached PNG Texture: SquadExpansion/MakingHistory/Missions/Munar 1/Banners/Success/default
[LOG 14:50:37.391] Load Cached PNG Texture: SquadExpansion/MakingHistory/Missions/Munar 1/Banners/Success/success01
[LOG 14:50:37.391] Load Cached PNG Texture: SquadExpansion/MakingHistory/Missions/Sally-Hut 1/Banners/Fail/default
[LOG 14:50:37.391] Load Cached PNG Texture: SquadExpansion/MakingHistory/Missions/Sally-Hut 1/Banners/Fail/fail01
[LOG 14:50:37.391] Load Cached PNG Texture: SquadExpansion/MakingHistory/Missions/Sally-Hut 1/Banners/Menu/bannerSatellite
[LOG 14:50:37.392] Load Cached PNG Texture: SquadExpansion/MakingHistory/Missions/Sally-Hut 1/Banners/Success/default
[LOG 14:50:37.392] Load Cached PNG Texture: SquadExpansion/MakingHistory/Missions/Sally-Hut 1/Banners/Success/success02
[LOG 14:50:37.392] Load Cached PNG Texture: SquadExpansion/MakingHistory/Missions/To the Mun Via Minmus/Banners/Fail/fail02
[LOG 14:50:37.392] Load PNG texture: SquadExpansion/MakingHistory/Missions/To the Mun Via Minmus/Banners/Menu/MissionBannerKerbin
[WRN 14:50:37.396] Texture isn't eligible for DXT compression, width and height must be multiples of 4
[LOG 14:50:37.396] Load Cached PNG Texture: SquadExpansion/MakingHistory/Missions/To the Mun Via Minmus/Banners/Success/success01
[LOG 14:50:37.396] Load Cached PNG Texture: SquadExpansion/MakingHistory/Missions/Trouble in the Void/Banners/Fail/fail01
[LOG 14:50:37.396] Load PNG texture: SquadExpansion/MakingHistory/Missions/Trouble in the Void/Banners/Menu/default
[WRN 14:50:37.399] Texture isn't eligible for DXT compression, width and height must be multiples of 4
[LOG 14:50:37.403] Load Cached PNG Texture: SquadExpansion/MakingHistory/Missions/Trouble in the Void/Banners/Success/success02
[LOG 14:50:37.403] Load Cached PNG Texture: SquadExpansion/MakingHistory/Missions/Ziggy Kerman and the Spiders from Duna/Banners/Fail/fail02
[LOG 14:50:37.403] Load Cached PNG Texture: SquadExpansion/MakingHistory/Missions/Ziggy Kerman and the Spiders from Duna/Banners/Menu/bannerSatellite
[LOG 14:50:37.403] Load Cached PNG Texture: SquadExpansion/MakingHistory/Missions/Ziggy Kerman and the Spiders from Duna/Banners/Success/success01
[LOG 14:50:37.403] Load Cached PNG Texture: SquadExpansion/MakingHistory/Parts/@thumbs/Decoupler.1p5_icon0
[LOG 14:50:37.403] Load Cached PNG Texture: SquadExpansion/MakingHistory/Parts/@thumbs/Decoupler.1p5_icon1
[LOG 14:50:37.403] Load Cached PNG Texture: SquadExpansion/MakingHistory/Parts/@thumbs/EquiTriangle0_icon0
[LOG 14:50:37.403] Load Cached PNG Texture: SquadExpansion/MakingHistory/Parts/@thumbs/EquiTriangle0_icon1
[LOG 14:50:37.403] Load Cached PNG Texture: SquadExpansion/MakingHistory/Parts/@thumbs/EquiTriangle0_icon2
[LOG 14:50:37.403] Load Cached PNG Texture: SquadExpansion/MakingHistory/Parts/@thumbs/EquiTriangle0_icon3
[LOG 14:50:37.404] Load Cached PNG Texture: SquadExpansion/MakingHistory/Parts/@thumbs/EquiTriangle1p5_icon0
[LOG 14:50:37.404] Load Cached PNG Texture: SquadExpansion/MakingHistory/Parts/@thumbs/EquiTriangle1p5_icon1
[LOG 14:50:37.404] Load Cached PNG Texture: SquadExpansion/MakingHistory/Parts/@thumbs/EquiTriangle1p5_icon2
[LOG 14:50:37.404] Load Cached PNG Texture: SquadExpansion/MakingHistory/Parts/@thumbs/EquiTriangle1p5_icon3
[LOG 14:50:37.404] Load Cached PNG Texture: SquadExpansion/MakingHistory/Parts/@thumbs/EquiTriangle1_icon0
[LOG 14:50:37.404] Load Cached PNG Texture: SquadExpansion/MakingHistory/Parts/@thumbs/EquiTriangle1_icon1
[LOG 14:50:37.404] Load Cached PNG Texture: SquadExpansion/MakingHistory/Parts/@thumbs/EquiTriangle1_icon2
[LOG 14:50:37.404] Load Cached PNG Texture: SquadExpansion/MakingHistory/Parts/@thumbs/EquiTriangle1_icon3
[LOG 14:50:37.404] Load Cached PNG Texture: SquadExpansion/MakingHistory/Parts/@thumbs/EquiTriangle2_icon0
[LOG 14:50:37.404] Load Cached PNG Texture: SquadExpansion/MakingHistory/Parts/@thumbs/EquiTriangle2_icon1
[LOG 14:50:37.405] Load Cached PNG Texture: SquadExpansion/MakingHistory/Parts/@thumbs/EquiTriangle2_icon2
[LOG 14:50:37.405] Load Cached PNG Texture: SquadExpansion/MakingHistory/Parts/@thumbs/EquiTriangle2_icon3
[LOG 14:50:37.405] Load Cached PNG Texture: SquadExpansion/MakingHistory/Parts/@thumbs/HeatShield1p5_icon
[LOG 14:50:37.405] Load Cached PNG Texture: SquadExpansion/MakingHistory/Parts/@thumbs/InflatableAirlock_icon
[LOG 14:50:37.405] Load Cached PNG Texture: SquadExpansion/MakingHistory/Parts/@thumbs/LiquidEngineRV-1_icon
[LOG 14:50:37.405] Load Cached PNG Texture: SquadExpansion/MakingHistory/Parts/@thumbs/monopropMiniSphere_icon
[LOG 14:50:37.405] Load Cached PNG Texture: SquadExpansion/MakingHistory/Parts/@thumbs/Panel0_icon0
[LOG 14:50:37.405] Load Cached PNG Texture: SquadExpansion/MakingHistory/Parts/@thumbs/Panel0_icon1
[LOG 14:50:37.405] Load Cached PNG Texture: SquadExpansion/MakingHistory/Parts/@thumbs/Panel0_icon2
[LOG 14:50:37.405] Load Cached PNG Texture: SquadExpansion/MakingHistory/Parts/@thumbs/Panel0_icon3
[LOG 14:50:37.406] Load Cached PNG Texture: SquadExpansion/MakingHistory/Parts/@thumbs/Panel1p5_icon0
[LOG 14:50:37.406] Load Cached PNG Texture: SquadExpansion/MakingHistory/Parts/@thumbs/Panel1p5_icon1
[LOG 14:50:37.406] Load Cached PNG Texture: SquadExpansion/MakingHistory/Parts/@thumbs/Panel1p5_icon2
[LOG 14:50:37.406] Load Cached PNG Texture: SquadExpansion/MakingHistory/Parts/@thumbs/Panel1p5_icon3
[LOG 14:50:37.406] Load Cached PNG Texture: SquadExpansion/MakingHistory/Parts/@thumbs/Panel1_icon0
[LOG 14:50:37.406] Load Cached PNG Texture: SquadExpansion/MakingHistory/Parts/@thumbs/Panel1_icon1
[LOG 14:50:37.406] Load Cached PNG Texture: SquadExpansion/MakingHistory/Parts/@thumbs/Panel1_icon2
[LOG 14:50:37.406] Load Cached PNG Texture: SquadExpansion/MakingHistory/Parts/@thumbs/Panel1_icon3
[LOG 14:50:37.406] Load Cached PNG Texture: SquadExpansion/MakingHistory/Parts/@thumbs/roverWheelM1-F_icon0
[LOG 14:50:37.407] Load Cached PNG Texture: SquadExpansion/MakingHistory/Parts/@thumbs/roverWheelM1-F_icon1
[LOG 14:50:37.407] Load Cached PNG Texture: SquadExpansion/MakingHistory/Parts/@thumbs/Separator.1p5_icon0
[LOG 14:50:37.407] Load Cached PNG Texture: SquadExpansion/MakingHistory/Parts/@thumbs/Separator.1p5_icon1
[LOG 14:50:37.407] Load Cached PNG Texture: SquadExpansion/MakingHistory/Parts/@thumbs/Size1p5.Strut.Decoupler_icon0
[LOG 14:50:37.407] Load Cached PNG Texture: SquadExpansion/MakingHistory/Parts/@thumbs/Size1p5.Strut.Decoupler_icon1
[LOG 14:50:37.407] Load Cached PNG Texture: SquadExpansion/MakingHistory/Parts/@thumbs/Size1to0ServiceModule_icon
[LOG 14:50:37.407] Load Cached PNG Texture: SquadExpansion/MakingHistory/Parts/@thumbs/Triangle0_icon0
[LOG 14:50:37.407] Load Cached PNG Texture: SquadExpansion/MakingHistory/Parts/@thumbs/Triangle0_icon1
[LOG 14:50:37.407] Load Cached PNG Texture: SquadExpansion/MakingHistory/Parts/@thumbs/Triangle0_icon2
[LOG 14:50:37.408] Load Cached PNG Texture: SquadExpansion/MakingHistory/Parts/@thumbs/Triangle0_icon3
[LOG 14:50:37.408] Load Cached PNG Texture: SquadExpansion/MakingHistory/Parts/@thumbs/Triangle1p5_icon0
[LOG 14:50:37.408] Load Cached PNG Texture: SquadExpansion/MakingHistory/Parts/@thumbs/Triangle1p5_icon1
[LOG 14:50:37.408] Load Cached PNG Texture: SquadExpansion/MakingHistory/Parts/@thumbs/Triangle1p5_icon2
[LOG 14:50:37.408] Load Cached PNG Texture: SquadExpansion/MakingHistory/Parts/@thumbs/Triangle1p5_icon3
[LOG 14:50:37.408] Load Cached PNG Texture: SquadExpansion/MakingHistory/Parts/@thumbs/Triangle1_icon0
[LOG 14:50:37.408] Load Cached PNG Texture: SquadExpansion/MakingHistory/Parts/@thumbs/Triangle1_icon1
[LOG 14:50:37.408] Load Cached PNG Texture: SquadExpansion/MakingHistory/Parts/@thumbs/Triangle1_icon2
[LOG 14:50:37.409] Load Cached PNG Texture: SquadExpansion/MakingHistory/Parts/@thumbs/Triangle1_icon3
[LOG 14:50:37.409] Load Cached PNG Texture: SquadExpansion/MakingHistory/Parts/@thumbs/Triangle2_icon0
[LOG 14:50:37.409] Load Cached PNG Texture: SquadExpansion/MakingHistory/Parts/@thumbs/Triangle2_icon1
[LOG 14:50:37.409] Load Cached PNG Texture: SquadExpansion/MakingHistory/Parts/@thumbs/Triangle2_icon2
[LOG 14:50:37.409] Load Cached PNG Texture: SquadExpansion/MakingHistory/Parts/@thumbs/Triangle2_icon3
[LOG 14:50:37.409] Load Cached PNG Texture: SquadExpansion/MakingHistory/Parts/@thumbs/Tube1_icon0
[LOG 14:50:37.412] Load Cached PNG Texture: SquadExpansion/MakingHistory/Parts/@thumbs/Tube1_icon1
[LOG 14:50:37.412] Load Cached PNG Texture: SquadExpansion/MakingHistory/Parts/@thumbs/Tube1_icon2
[LOG 14:50:37.412] Load Cached PNG Texture: SquadExpansion/MakingHistory/Parts/@thumbs/Tube1_icon3
[LOG 14:50:37.412] Load Cached PNG Texture: SquadExpansion/MakingHistory/Parts/@thumbs/Tube1_icon4
[LOG 14:50:37.412] Load Cached PNG Texture: SquadExpansion/MakingHistory/Parts/Aero/protectiveRocketNoseMk5A/s1p5_cone
[LOG 14:50:37.413] Load Cached PNG Texture: SquadExpansion/MakingHistory/Parts/Aero/protectiveRocketNoseMk5A/s1p5_cone_Orange
[LOG 14:50:37.415] Load DDS texture: SquadExpansion/MakingHistory/Parts/Coupling/Assets/airlock
[LOG 14:50:37.415] Load DDS texture: SquadExpansion/MakingHistory/Parts/Coupling/Assets/airlock_N
[LOG 14:50:37.415] Load DDS texture: SquadExpansion/MakingHistory/Parts/Coupling/Assets/EnginePlate
[LOG 14:50:37.416] Load DDS texture: SquadExpansion/MakingHistory/Parts/Coupling/Assets/Size1_5_Decoupler_grey
[LOG 14:50:37.417] Load DDS texture: SquadExpansion/MakingHistory/Parts/Coupling/Assets/Size1_5_Decoupler_orange
[LOG 14:50:37.417] Load DDS texture: SquadExpansion/MakingHistory/Parts/Engine/Assets/KE-1
[LOG 14:50:37.417] Load DDS texture: SquadExpansion/MakingHistory/Parts/Engine/Assets/KE-1_BASE
[LOG 14:50:37.419] Load DDS texture: SquadExpansion/MakingHistory/Parts/Engine/Assets/LV-T87
[LOG 14:50:37.420] Load DDS texture: SquadExpansion/MakingHistory/Parts/Engine/Assets/LV-T91
[LOG 14:50:37.421] Load DDS texture: SquadExpansion/MakingHistory/Parts/Engine/Assets/RE-I2
[LOG 14:50:37.424] Load DDS texture: SquadExpansion/MakingHistory/Parts/Engine/Assets/RE-J10
[LOG 14:50:37.424] Load DDS texture: SquadExpansion/MakingHistory/Parts/Engine/Assets/RE-J10_N
[LOG 14:50:37.425] Load DDS texture: SquadExpansion/MakingHistory/Parts/Engine/Assets/RK-7
[LOG 14:50:37.428] Load DDS texture: SquadExpansion/MakingHistory/Parts/Engine/Assets/RK-7_N
[LOG 14:50:37.428] Load DDS texture: SquadExpansion/MakingHistory/Parts/Engine/solidBoosterTHK/SolidBoosterS2-17_emissive
[LOG 14:50:37.439] Load DDS texture: SquadExpansion/MakingHistory/Parts/Engine/solidBoosterTHK/solidBoosterTHK_diffuse
[LOG 14:50:37.448] Load DDS texture: SquadExpansion/MakingHistory/Parts/FuelTank/Assets/Size1p5_02
[LOG 14:50:37.449] Load DDS texture: SquadExpansion/MakingHistory/Parts/FuelTank/Assets/Size1p5_02_ALT01
[LOG 14:50:37.450] Load DDS texture: SquadExpansion/MakingHistory/Parts/FuelTank/Assets/Size1p5_02_ALT02
[LOG 14:50:37.452] Load DDS texture: SquadExpansion/MakingHistory/Parts/FuelTank/Assets/Size1p5_02_ALT02_normal
[LOG 14:50:37.453] Load DDS texture: SquadExpansion/MakingHistory/Parts/FuelTank/Assets/Size1p5_mono
[LOG 14:50:37.455] Load DDS texture: SquadExpansion/MakingHistory/Parts/FuelTank/Assets/Size1p5_mono_2
[LOG 14:50:37.456] Load DDS texture: SquadExpansion/MakingHistory/Parts/FuelTank/Assets/Size1p5_mono_N
[LOG 14:50:37.457] Load DDS texture: SquadExpansion/MakingHistory/Parts/FuelTank/Assets/Size1_5_TankAdapters
[LOG 14:50:37.458] Load DDS texture: SquadExpansion/MakingHistory/Parts/FuelTank/Assets/Size1_5_TankAdapters_ALT01
[LOG 14:50:37.459] Load DDS texture: SquadExpansion/MakingHistory/Parts/FuelTank/Assets/Size1_5_TankAdapters_ALT02
[LOG 14:50:37.460] Load DDS texture: SquadExpansion/MakingHistory/Parts/FuelTank/Assets/Size1_5_TankAdapters_ALT02nm
[LOG 14:50:37.461] Load DDS texture: SquadExpansion/MakingHistory/Parts/FuelTank/Assets/Size1_5_TankAdapters_N
[LOG 14:50:37.463] Load DDS texture: SquadExpansion/MakingHistory/Parts/FuelTank/Assets/Size1_5_Tanks
[LOG 14:50:37.463] Load DDS texture: SquadExpansion/MakingHistory/Parts/FuelTank/Assets/Size1_5_Tanks_ALT02
[LOG 14:50:37.466] Load DDS texture: SquadExpansion/MakingHistory/Parts/FuelTank/Assets/Size1_5_Tanks_ALT02_nm
[LOG 14:50:37.466] Load DDS texture: SquadExpansion/MakingHistory/Parts/FuelTank/Assets/Size1_5_Tanks_grey
[LOG 14:50:37.467] Load DDS texture: SquadExpansion/MakingHistory/Parts/FuelTank/Assets/Size4_Tanks
[LOG 14:50:37.476] Load DDS texture: SquadExpansion/MakingHistory/Parts/FuelTank/Assets/Size4_Tanks_N
[LOG 14:50:37.482] Load DDS texture: SquadExpansion/MakingHistory/Parts/Ground/Assets/RoverWheel
[LOG 14:50:37.483] Load DDS texture: SquadExpansion/MakingHistory/Parts/Ground/Assets/RoverWheelG
[LOG 14:50:37.483] Load DDS texture: SquadExpansion/MakingHistory/Parts/Payload/Assets/Size1to0ServiceBay
[LOG 14:50:37.484] Load DDS texture: SquadExpansion/MakingHistory/Parts/Payload/Assets/Size1to0ServiceBay_n
[LOG 14:50:37.486] Load DDS texture: SquadExpansion/MakingHistory/Parts/Payload/Assets/SM18_diffuse
[LOG 14:50:37.491] Load Cached PNG Texture: SquadExpansion/MakingHistory/Parts/Payload/Assets/SM18_NRM
[LOG 14:50:37.498] Load DDS texture: SquadExpansion/MakingHistory/Parts/Payload/Assets/SM18_specular
[LOG 14:50:37.504] Load DDS texture: SquadExpansion/MakingHistory/Parts/Payload/Assets/SM25_diffuse
[LOG 14:50:37.505] Load DDS texture: SquadExpansion/MakingHistory/Parts/Payload/Assets/SM25_normals
[LOG 14:50:37.506] Load DDS texture: SquadExpansion/MakingHistory/Parts/Pods/Assets/KV1
[LOG 14:50:37.508] Load DDS texture: SquadExpansion/MakingHistory/Parts/Pods/Assets/KV1_GLOW
[LOG 14:50:37.509] Load DDS texture: SquadExpansion/MakingHistory/Parts/Pods/Assets/KV2
[LOG 14:50:37.510] Load DDS texture: SquadExpansion/MakingHistory/Parts/Pods/Assets/KV3
[LOG 14:50:37.512] Load DDS texture: SquadExpansion/MakingHistory/Parts/Pods/Assets/Mk2Pod
[LOG 14:50:37.512] Load DDS texture: SquadExpansion/MakingHistory/Parts/Pods/Assets/Mk2Pod_GLOW
[LOG 14:50:37.514] Load DDS texture: SquadExpansion/MakingHistory/Parts/Pods/Assets/Mk2Pod_n
[LOG 14:50:37.515] Load DDS texture: SquadExpansion/MakingHistory/Parts/Pods/Assets/Size1_5_Lander
[LOG 14:50:37.516] Load DDS texture: SquadExpansion/MakingHistory/Parts/Pods/Assets/Size1_5_Lander_GLOW
[LOG 14:50:37.517] Load DDS texture: SquadExpansion/MakingHistory/Parts/SharedAssets/Shrouds
[LOG 14:50:37.519] Load DDS texture: SquadExpansion/MakingHistory/Parts/SharedAssets/Shrouds_N
[LOG 14:50:37.519] Load DDS texture: SquadExpansion/MakingHistory/Parts/Structural/Assets/NormalMap
[LOG 14:50:37.522] Load DDS texture: SquadExpansion/MakingHistory/Parts/Structural/Assets/Panels
[LOG 14:50:37.526] Load DDS texture: SquadExpansion/MakingHistory/Parts/Structural/Assets/Panels_Dark_D
[LOG 14:50:37.528] Load DDS texture: SquadExpansion/MakingHistory/Parts/Structural/Assets/Panels_Gold_D
[LOG 14:50:37.530] Load Cached PNG Texture: SquadExpansion/MakingHistory/Parts/Structural/Assets/Panels_Gold_NRM
[LOG 14:50:37.533] Load DDS texture: SquadExpansion/MakingHistory/Parts/Structural/Assets/Panels_Gold_S
[LOG 14:50:37.535] Load DDS texture: SquadExpansion/MakingHistory/Parts/Structural/Assets/Panels_Silver_D
[LOG 14:50:37.537] Load DDS texture: SquadExpansion/MakingHistory/Parts/Structural/Assets/Panels_Silver_S
[LOG 14:50:37.539] Load Cached PNG Texture: SquadExpansion/MakingHistory/Ships/@thumbs/VAB/Acapello
[LOG 14:50:37.539] Load Cached PNG Texture: SquadExpansion/MakingHistory/Ships/@thumbs/VAB/Beta Centaurus
[LOG 14:50:37.543] Load Cached PNG Texture: SquadExpansion/MakingHistory/Ships/@thumbs/VAB/Goliath II HLV
[LOG 14:50:37.546] Load Cached PNG Texture: SquadExpansion/MakingHistory/Ships/@thumbs/VAB/Muna 1
[LOG 14:50:37.546] Load Cached PNG Texture: SquadExpansion/MakingHistory/Ships/@thumbs/VAB/Sally-Hut 1
[LOG 14:50:37.546] Load Cached PNG Texture: SquadExpansion/MakingHistory/Ships/@thumbs/VAB/SWM-94 Communications Satellite
[LOG 14:50:37.546] Load Cached PNG Texture: SquadExpansion/MakingHistory/Ships/@thumbs/VAB/Valshkod 2
[LOG 14:50:37.546] Load DDS texture: SquadExpansion/MakingHistory/Spaces/KVPods/airlock
[LOG 14:50:37.549] Load DDS texture: SquadExpansion/MakingHistory/Spaces/KVPods/airlock_N
[LOG 14:50:37.549] Load DDS texture: SquadExpansion/MakingHistory/Spaces/KVPods/KV1_Props_Diffuse
[LOG 14:50:37.554] Load DDS texture: SquadExpansion/MakingHistory/Spaces/KVPods/KV1_Props_Normal
[LOG 14:50:37.563] Load DDS texture: SquadExpansion/MakingHistory/Spaces/KVPods/KV1_Shell_Diffuse
[LOG 14:50:37.569] Load DDS texture: SquadExpansion/MakingHistory/Spaces/KVPods/KV1_Shell_Emissive
[LOG 14:50:37.572] Load DDS texture: SquadExpansion/MakingHistory/Spaces/KVPods/KV1_Shell_Normal
[LOG 14:50:37.580] Load DDS texture: SquadExpansion/MakingHistory/Spaces/KVPods/KV1_Vzor_Diffuse
[LOG 14:50:37.581] Load DDS texture: SquadExpansion/MakingHistory/Spaces/KVPods/KV2_Props_Diffuse
[LOG 14:50:37.585] Load DDS texture: SquadExpansion/MakingHistory/Spaces/KVPods/KV2_Props_Emissive
[LOG 14:50:37.591] Load DDS texture: SquadExpansion/MakingHistory/Spaces/KVPods/KV2_Props_Normal
[LOG 14:50:37.598] Load DDS texture: SquadExpansion/MakingHistory/Spaces/KVPods/KV2_Shell_Diffuse
[LOG 14:50:37.604] Load DDS texture: SquadExpansion/MakingHistory/Spaces/KVPods/KV2_Shell_Normal
[LOG 14:50:37.610] Load DDS texture: SquadExpansion/MakingHistory/Spaces/KVPods/KV3_Props_Diffuse
[LOG 14:50:37.617] Load DDS texture: SquadExpansion/MakingHistory/Spaces/KVPods/KV3_Props_Normal
[LOG 14:50:37.623] Load DDS texture: SquadExpansion/MakingHistory/Spaces/KVPods/KV3_Shell_Diffuse
[LOG 14:50:37.627] Load DDS texture: SquadExpansion/MakingHistory/Spaces/KVPods/KV3_Shell_Normal
[LOG 14:50:37.632] Load DDS texture: SquadExpansion/MakingHistory/Spaces/KVPods/motor
[LOG 14:50:37.632] Load DDS texture: SquadExpansion/MakingHistory/Spaces/KVPods/pilot Seat
[LOG 14:50:37.633] Load DDS texture: SquadExpansion/MakingHistory/Spaces/MEM/PANELS_AO
[LOG 14:50:37.637] Load DDS texture: SquadExpansion/MakingHistory/Spaces/MEM/PANELS_EMISSIVE
[LOG 14:50:37.642] Load DDS texture: SquadExpansion/MakingHistory/Spaces/MEM/PANELS_NORMAL
[LOG 14:50:37.647] Load DDS texture: SquadExpansion/MakingHistory/Spaces/MEM/pilot Seat
[LOG 14:50:37.651] Load DDS texture: SquadExpansion/MakingHistory/Spaces/MEM/propsGeneric
[LOG 14:50:37.653] Load DDS texture: SquadExpansion/MakingHistory/Spaces/MEM/PROPS_AO
[LOG 14:50:37.658] Load DDS texture: SquadExpansion/MakingHistory/Spaces/MEM/PROPS_EMISSIVE
[LOG 14:50:37.659] Load DDS texture: SquadExpansion/MakingHistory/Spaces/MEM/PROPS_NORMAL
[LOG 14:50:37.664] Load DDS texture: SquadExpansion/MakingHistory/Spaces/Mk2Pod/DIfuse_controlboard
[LOG 14:50:37.671] Load DDS texture: SquadExpansion/MakingHistory/Spaces/Mk2Pod/Normal_controlbard
[LOG 14:50:37.677] Load DDS texture: SquadExpansion/MakingHistory/Spaces/Mk2Pod/Outershell_Base_Color
[LOG 14:50:37.684] Load DDS texture: SquadExpansion/MakingHistory/Spaces/Mk2Pod/Outershell_Normal
[LOG 14:50:37.693] Load DDS texture: SquadExpansion/MakingHistory/Spaces/Mk2Pod/pilot Seat
[LOG 14:50:37.694] Load Cached PNG Texture: SquadExpansion/Serenity/Parts/@thumbs/controller1000_icon
[LOG 14:50:37.695] Load Cached PNG Texture: SquadExpansion/Serenity/Parts/@thumbs/DeployedCentralStation_icon
[LOG 14:50:37.695] Load Cached PNG Texture: SquadExpansion/Serenity/Parts/@thumbs/DeployedGoExOb_icon
[LOG 14:50:37.695] Load Cached PNG Texture: SquadExpansion/Serenity/Parts/@thumbs/DeployedIONExp_icon
[LOG 14:50:37.695] Load Cached PNG Texture: SquadExpansion/Serenity/Parts/@thumbs/DeployedRTG_icon
[LOG 14:50:37.695] Load Cached PNG Texture: SquadExpansion/Serenity/Parts/@thumbs/DeployedSatDish_icon
[LOG 14:50:37.695] Load Cached PNG Texture: SquadExpansion/Serenity/Parts/@thumbs/DeployedSeismicSensor_icon
[LOG 14:50:37.695] Load Cached PNG Texture: SquadExpansion/Serenity/Parts/@thumbs/DeployedSolarPanel_icon
[LOG 14:50:37.695] Load Cached PNG Texture: SquadExpansion/Serenity/Parts/@thumbs/DeployedWeatherStn_icon
[LOG 14:50:37.696] Load Cached PNG Texture: SquadExpansion/Serenity/Parts/@thumbs/FanShroud.01_icon0
[LOG 14:50:37.696] Load Cached PNG Texture: SquadExpansion/Serenity/Parts/@thumbs/FanShroud.01_icon1
[LOG 14:50:37.696] Load Cached PNG Texture: SquadExpansion/Serenity/Parts/@thumbs/FanShroud.02_icon0
[LOG 14:50:37.696] Load Cached PNG Texture: SquadExpansion/Serenity/Parts/@thumbs/FanShroud.02_icon1
[LOG 14:50:37.696] Load Cached PNG Texture: SquadExpansion/Serenity/Parts/@thumbs/hinge.01.s_icon0
[LOG 14:50:37.696] Load Cached PNG Texture: SquadExpansion/Serenity/Parts/@thumbs/hinge.01.s_icon1
[LOG 14:50:37.696] Load Cached PNG Texture: SquadExpansion/Serenity/Parts/@thumbs/hinge.01_icon0
[LOG 14:50:37.696] Load Cached PNG Texture: SquadExpansion/Serenity/Parts/@thumbs/hinge.01_icon1
[LOG 14:50:37.696] Load Cached PNG Texture: SquadExpansion/Serenity/Parts/@thumbs/hinge.03.s_icon0
[LOG 14:50:37.696] Load Cached PNG Texture: SquadExpansion/Serenity/Parts/@thumbs/hinge.03.s_icon1
[LOG 14:50:37.697] Load Cached PNG Texture: SquadExpansion/Serenity/Parts/@thumbs/hinge.03_icon0
[LOG 14:50:37.697] Load Cached PNG Texture: SquadExpansion/Serenity/Parts/@thumbs/hinge.03_icon1
[LOG 14:50:37.697] Load Cached PNG Texture: SquadExpansion/Serenity/Parts/@thumbs/largeFanBlade_icon0
[LOG 14:50:37.697] Load Cached PNG Texture: SquadExpansion/Serenity/Parts/@thumbs/largeFanBlade_icon1
[LOG 14:50:37.697] Load Cached PNG Texture: SquadExpansion/Serenity/Parts/@thumbs/largePropeller_icon0
[LOG 14:50:37.697] Load Cached PNG Texture: SquadExpansion/Serenity/Parts/@thumbs/largePropeller_icon1
[LOG 14:50:37.697] Load Cached PNG Texture: SquadExpansion/Serenity/Parts/@thumbs/lGripPad_icon0
[LOG 14:50:37.697] Load Cached PNG Texture: SquadExpansion/Serenity/Parts/@thumbs/lGripPad_icon1
[LOG 14:50:37.697] Load Cached PNG Texture: SquadExpansion/Serenity/Parts/@thumbs/lGripStrip_icon
[LOG 14:50:37.697] Load Cached PNG Texture: SquadExpansion/Serenity/Parts/@thumbs/mediumFanBlade_icon0
[LOG 14:50:37.697] Load Cached PNG Texture: SquadExpansion/Serenity/Parts/@thumbs/mediumFanBlade_icon1
[LOG 14:50:37.697] Load Cached PNG Texture: SquadExpansion/Serenity/Parts/@thumbs/mediumPropeller_icon0
[LOG 14:50:37.697] Load Cached PNG Texture: SquadExpansion/Serenity/Parts/@thumbs/mediumPropeller_icon1
[LOG 14:50:37.698] Load Cached PNG Texture: SquadExpansion/Serenity/Parts/@thumbs/mGripPad_icon0
[LOG 14:50:37.698] Load Cached PNG Texture: SquadExpansion/Serenity/Parts/@thumbs/mGripPad_icon1
[LOG 14:50:37.698] Load Cached PNG Texture: SquadExpansion/Serenity/Parts/@thumbs/noseconeTiny_icon
[LOG 14:50:37.698] Load Cached PNG Texture: SquadExpansion/Serenity/Parts/@thumbs/noseconeVS_icon
[LOG 14:50:37.698] Load Cached PNG Texture: SquadExpansion/Serenity/Parts/@thumbs/piston.01_icon0
[LOG 14:50:37.698] Load Cached PNG Texture: SquadExpansion/Serenity/Parts/@thumbs/piston.01_icon1
[LOG 14:50:37.698] Load Cached PNG Texture: SquadExpansion/Serenity/Parts/@thumbs/piston.02_icon0
[LOG 14:50:37.698] Load Cached PNG Texture: SquadExpansion/Serenity/Parts/@thumbs/piston.02_icon1
[LOG 14:50:37.698] Load Cached PNG Texture: SquadExpansion/Serenity/Parts/@thumbs/piston.03_icon0
[LOG 14:50:37.698] Load Cached PNG Texture: SquadExpansion/Serenity/Parts/@thumbs/piston.03_icon1
[LOG 14:50:37.699] Load Cached PNG Texture: SquadExpansion/Serenity/Parts/@thumbs/piston.04_icon0
[LOG 14:50:37.699] Load Cached PNG Texture: SquadExpansion/Serenity/Parts/@thumbs/piston.04_icon1
[LOG 14:50:37.699] Load Cached PNG Texture: SquadExpansion/Serenity/Parts/@thumbs/RobotArmScanner.S1_icon
[LOG 14:50:37.699] Load Cached PNG Texture: SquadExpansion/Serenity/Parts/@thumbs/RobotArmScanner.S2_icon
[LOG 14:50:37.699] Load Cached PNG Texture: SquadExpansion/Serenity/Parts/@thumbs/RobotArmScanner.S3_icon
[LOG 14:50:37.699] Load Cached PNG Texture: SquadExpansion/Serenity/Parts/@thumbs/rotor.01s_icon0
[LOG 14:50:37.699] Load Cached PNG Texture: SquadExpansion/Serenity/Parts/@thumbs/rotor.01s_icon1
[LOG 14:50:37.699] Load Cached PNG Texture: SquadExpansion/Serenity/Parts/@thumbs/rotor.01_icon0
[LOG 14:50:37.699] Load Cached PNG Texture: SquadExpansion/Serenity/Parts/@thumbs/rotor.01_icon1
[LOG 14:50:37.699] Load Cached PNG Texture: SquadExpansion/Serenity/Parts/@thumbs/rotor.02s_icon0
[LOG 14:50:37.699] Load Cached PNG Texture: SquadExpansion/Serenity/Parts/@thumbs/rotor.02s_icon1
[LOG 14:50:37.700] Load Cached PNG Texture: SquadExpansion/Serenity/Parts/@thumbs/rotor.02_icon0
[LOG 14:50:37.700] Load Cached PNG Texture: SquadExpansion/Serenity/Parts/@thumbs/rotor.02_icon1
[LOG 14:50:37.700] Load Cached PNG Texture: SquadExpansion/Serenity/Parts/@thumbs/RotorEngine.02_icon
[LOG 14:50:37.700] Load Cached PNG Texture: SquadExpansion/Serenity/Parts/@thumbs/rotoServo.00_icon0
[LOG 14:50:37.700] Load Cached PNG Texture: SquadExpansion/Serenity/Parts/@thumbs/rotoServo.00_icon1
[LOG 14:50:37.700] Load Cached PNG Texture: SquadExpansion/Serenity/Parts/@thumbs/rotoServo.02_icon0
[LOG 14:50:37.700] Load Cached PNG Texture: SquadExpansion/Serenity/Parts/@thumbs/rotoServo.02_icon1
[LOG 14:50:37.700] Load Cached PNG Texture: SquadExpansion/Serenity/Parts/@thumbs/rotoServo.03_icon0
[LOG 14:50:37.700] Load Cached PNG Texture: SquadExpansion/Serenity/Parts/@thumbs/rotoServo.03_icon1
[LOG 14:50:37.700] Load Cached PNG Texture: SquadExpansion/Serenity/Parts/@thumbs/sGripPad_icon0
[LOG 14:50:37.700] Load Cached PNG Texture: SquadExpansion/Serenity/Parts/@thumbs/sGripPad_icon1
[LOG 14:50:37.700] Load Cached PNG Texture: SquadExpansion/Serenity/Parts/@thumbs/sGripStrip_icon
[LOG 14:50:37.700] Load Cached PNG Texture: SquadExpansion/Serenity/Parts/@thumbs/smallFanBlade_icon0
[LOG 14:50:37.701] Load Cached PNG Texture: SquadExpansion/Serenity/Parts/@thumbs/smallFanBlade_icon1
[LOG 14:50:37.701] Load Cached PNG Texture: SquadExpansion/Serenity/Parts/@thumbs/smallHeliBlade_icon0
[LOG 14:50:37.701] Load Cached PNG Texture: SquadExpansion/Serenity/Parts/@thumbs/smallHeliBlade_icon1
[LOG 14:50:37.701] Load Cached PNG Texture: SquadExpansion/Serenity/Parts/@thumbs/smallPropeller_icon0
[LOG 14:50:37.701] Load Cached PNG Texture: SquadExpansion/Serenity/Parts/@thumbs/smallPropeller_icon1
[LOG 14:50:37.701] Load DDS texture: SquadExpansion/Serenity/Parts/Aero/Assets/copterBlades_diffuse
[LOG 14:50:37.701] Load DDS texture: SquadExpansion/Serenity/Parts/Aero/Assets/shroudsDiffuse_color
[LOG 14:50:37.701] Load DDS texture: SquadExpansion/Serenity/Parts/Aero/Assets/shroudsDiffuse_plain
[LOG 14:50:37.701] Load Cached PNG Texture: SquadExpansion/Serenity/Parts/DeployedScience/MockupTexture
[LOG 14:50:37.701] Load DDS texture: SquadExpansion/Serenity/Parts/DeployedScience/Assets/centralStation_diffuse
[LOG 14:50:37.703] Load DDS texture: SquadExpansion/Serenity/Parts/DeployedScience/Assets/centralStation_emissive
[LOG 14:50:37.730] Load DDS texture: SquadExpansion/Serenity/Parts/DeployedScience/Assets/GenericParts_diffuse
[LOG 14:50:37.732] Load DDS texture: SquadExpansion/Serenity/Parts/DeployedScience/Assets/GenericParts_emissive
[LOG 14:50:37.734] Load DDS texture: SquadExpansion/Serenity/Parts/DeployedScience/Assets/GenericParts_normal
[LOG 14:50:37.736] Load DDS texture: SquadExpansion/Serenity/Parts/DeployedScience/Assets/goex_diffuse
[LOG 14:50:37.739] Load DDS texture: SquadExpansion/Serenity/Parts/DeployedScience/Assets/goex_specMapped
[LOG 14:50:37.742] Load DDS texture: SquadExpansion/Serenity/Parts/DeployedScience/Assets/Grid
[LOG 14:50:37.742] Load DDS texture: SquadExpansion/Serenity/Parts/DeployedScience/Assets/IonExperiment_diffuse
[LOG 14:50:37.743] Load DDS texture: SquadExpansion/Serenity/Parts/DeployedScience/Assets/RTGCask_diffuse
[LOG 14:50:37.744] Load DDS texture: SquadExpansion/Serenity/Parts/DeployedScience/Assets/satDish_diffuse
[LOG 14:50:37.745] Load Cached PNG Texture: SquadExpansion/Serenity/Parts/DeployedScience/Assets/Scratch
[LOG 14:50:37.746] Load DDS texture: SquadExpansion/Serenity/Parts/DeployedScience/Assets/Screen2
[LOG 14:50:37.747] Load DDS texture: SquadExpansion/Serenity/Parts/DeployedScience/Assets/Screen3
[LOG 14:50:37.747] Load DDS texture: SquadExpansion/Serenity/Parts/DeployedScience/Assets/ScreenReadout
[LOG 14:50:37.747] Load DDS texture: SquadExpansion/Serenity/Parts/DeployedScience/Assets/seismicSensor_diffuse
[LOG 14:50:37.747] Load DDS texture: SquadExpansion/Serenity/Parts/DeployedScience/Assets/seismicSensor_nrm
[LOG 14:50:37.748] Load DDS texture: SquadExpansion/Serenity/Parts/DeployedScience/Assets/seismicSensor_specularMapped
[LOG 14:50:37.750] Load DDS texture: SquadExpansion/Serenity/Parts/DeployedScience/Assets/SolarGraph
[LOG 14:50:37.750] Load DDS texture: SquadExpansion/Serenity/Parts/DeployedScience/Assets/solarPanel_diffuse
[LOG 14:50:37.751] Load DDS texture: SquadExpansion/Serenity/Parts/DeployedScience/Assets/Waveleght3
[LOG 14:50:37.751] Load DDS texture: SquadExpansion/Serenity/Parts/DeployedScience/Assets/Wavelenght
[LOG 14:50:37.751] Load DDS texture: SquadExpansion/Serenity/Parts/DeployedScience/Assets/Wavelenght2
[LOG 14:50:37.751] Load DDS texture: SquadExpansion/Serenity/Parts/DeployedScience/Assets/wavelenght4
[LOG 14:50:37.751] Load DDS texture: SquadExpansion/Serenity/Parts/DeployedScience/Assets/wavelenght5
[LOG 14:50:37.752] Load DDS texture: SquadExpansion/Serenity/Parts/DeployedScience/Assets/WeatherStation [Normal]
[LOG 14:50:37.782] Load DDS texture: SquadExpansion/Serenity/Parts/DeployedScience/Assets/Weather_Station_diffuse
[LOG 14:50:37.791] Load DDS texture: SquadExpansion/Serenity/Parts/DeployedScience/Assets/Weather_Station_normal
[LOG 14:50:37.800] Load DDS texture: SquadExpansion/Serenity/Parts/Propellers/Assets/blade_diffuse
[LOG 14:50:37.800] Load DDS texture: SquadExpansion/Serenity/Parts/Propellers/Assets/copterBlades_diffuse
[LOG 14:50:37.801] Load DDS texture: SquadExpansion/Serenity/Parts/Propellers/Assets/fan_diffuse
[LOG 14:50:37.801] Load DDS texture: SquadExpansion/Serenity/Parts/Robotics/Assets/hinges-03-s_diffuse_Color
[LOG 14:50:37.801] Load DDS texture: SquadExpansion/Serenity/Parts/Robotics/Assets/hinges-03_diffuse_color
[LOG 14:50:37.803] Load DDS texture: SquadExpansion/Serenity/Parts/Robotics/Assets/hinges-03_diffuse_plain
[LOG 14:50:37.806] Load DDS texture: SquadExpansion/Serenity/Parts/Robotics/Assets/hinges_diffuse
[LOG 14:50:37.806] Load DDS texture: SquadExpansion/Serenity/Parts/Robotics/Assets/Hinge_diffuse_G-00_Color
[LOG 14:50:37.807] Load DDS texture: SquadExpansion/Serenity/Parts/Robotics/Assets/Hinge_diffuse_G-11_Color
[LOG 14:50:37.807] Load DDS texture: SquadExpansion/Serenity/Parts/Robotics/Assets/Hinge_diffuse_G-11_plain
[LOG 14:50:37.808] Load DDS texture: SquadExpansion/Serenity/Parts/Robotics/Assets/Hinge_normal
[LOG 14:50:37.808] Load DDS texture: SquadExpansion/Serenity/Parts/Robotics/Assets/RotorEngine_02_diffuse
[LOG 14:50:37.809] Load DDS texture: SquadExpansion/Serenity/Parts/Robotics/Assets/RotorEngine_03_diffuse
[LOG 14:50:37.811] Load DDS texture: SquadExpansion/Serenity/Parts/Robotics/Assets/RotorEngine_03_normal
[LOG 14:50:37.833] Load DDS texture: SquadExpansion/Serenity/Parts/Robotics/Assets/Rotor_01_diffuse_color
[LOG 14:50:37.835] Load DDS texture: SquadExpansion/Serenity/Parts/Robotics/Assets/Rotor_01_diffuse_plain
[LOG 14:50:37.836] Load DDS texture: SquadExpansion/Serenity/Parts/Robotics/Assets/Rotor_01_normal
[LOG 14:50:37.837] Load DDS texture: SquadExpansion/Serenity/Parts/Robotics/Assets/Rotor_01_specular_D
[LOG 14:50:37.837] Load DDS texture: SquadExpansion/Serenity/Parts/Robotics/Assets/Rotor_02_diffuse_color
[LOG 14:50:37.838] Load DDS texture: SquadExpansion/Serenity/Parts/Robotics/Assets/Rotor_03_diffuse_color
[LOG 14:50:37.840] Load DDS texture: SquadExpansion/Serenity/Parts/Robotics/Assets/Rotor_03_diffuse_plain
[LOG 14:50:37.841] Load DDS texture: SquadExpansion/Serenity/Parts/Robotics/Assets/Rotor_03_normal
[LOG 14:50:37.841] Load DDS texture: SquadExpansion/Serenity/Parts/Robotics/Assets/rotoServos_diffuse_color
[LOG 14:50:37.842] Load DDS texture: SquadExpansion/Serenity/Parts/Robotics/Assets/rotoServos_diffuse_plain
[LOG 14:50:37.843] Load DDS texture: SquadExpansion/Serenity/Parts/Robotics/Assets/rotoServos_nrm
[LOG 14:50:37.845] Load DDS texture: SquadExpansion/Serenity/Parts/Robotics/Controllers/roboController_diffuse
[LOG 14:50:37.845] Load DDS texture: SquadExpansion/Serenity/Parts/Robotics/Controllers/roboController_emissive
[LOG 14:50:37.845] Load Cached PNG Texture: SquadExpansion/Serenity/Parts/Science/RobotArmScanner/Assets/DrillBits
[LOG 14:50:37.845] Load DDS texture: SquadExpansion/Serenity/Parts/Science/RobotArmScanner/Assets/DustParticle
[WRN 14:50:37.845] Duplicate PNG texture 'SquadExpansion/Serenity/Parts/Science/RobotArmScanner/Assets/DustParticle' with extension 'png' won't be loaded
[LOG 14:50:37.845] Load DDS texture: SquadExpansion/Serenity/Parts/Science/RobotArmScanner/Assets/GenericParts_diffuse
[LOG 14:50:37.854] Load DDS texture: SquadExpansion/Serenity/Parts/Science/RobotArmScanner/Assets/GenericParts_normal
[LOG 14:50:37.861] Load DDS texture: SquadExpansion/Serenity/Parts/Science/RobotArmScanner/Assets/ROCArm3_diffuse
[LOG 14:50:37.868] Load DDS texture: SquadExpansion/Serenity/Parts/Science/RobotArmScanner/Assets/ROCArm3_normal
[LOG 14:50:37.874] Load DDS texture: SquadExpansion/Serenity/Parts/Science/RobotArmScanner/Assets/ROCArm_2_diffuse
[LOG 14:50:37.877] Load DDS texture: SquadExpansion/Serenity/Parts/Science/RobotArmScanner/Assets/ROCArm_2_normal
[LOG 14:50:37.880] Load Cached PNG Texture: SquadExpansion/Serenity/Parts/Science/RobotArmScanner/Assets/Scratch
[LOG 14:50:37.881] Load DDS texture: SquadExpansion/Serenity/Parts/Science/RobotArmScanner/Assets/SmallArm_diffuse
[LOG 14:50:37.882] Load DDS texture: SquadExpansion/Serenity/Parts/Science/RobotArmScanner/Assets/SmallArm_normal
[LOG 14:50:37.884] Load DDS texture: SquadExpansion/Serenity/Parts/Structural/gripPads/Assets/gripPads_diffuse
[LOG 14:50:37.885] Load DDS texture: SquadExpansion/Serenity/Parts/Structural/gripPads/Assets/gripPads_nrm
[LOG 14:50:37.887] Load Cached PNG Texture: SquadExpansion/Serenity/Ships/@thumbs/SPH/Arrow-E
[LOG 14:50:37.887] Load Cached PNG Texture: SquadExpansion/Serenity/Ships/@thumbs/SPH/Butterfly Rover
[LOG 14:50:37.887] Load Cached PNG Texture: SquadExpansion/Serenity/Ships/@thumbs/SPH/Jeb_s Quadtaxi
[LOG 14:50:37.887] Load Cached PNG Texture: SquadExpansion/Serenity/Ships/@thumbs/SPH/Kerbodyne Rotodyne
[LOG 14:50:37.887] Load Cached PNG Texture: SquadExpansion/Serenity/Ships/@thumbs/SPH/Seahawk
[LOG 14:50:37.888] Load Cached PNG Texture: SquadExpansion/Serenity/Ships/@thumbs/SPH/Val-Thopter
[LOG 14:50:37.889] Load MU model: Squad/FX/afterburner_flame
[LOG 14:50:37.897] Load MU model: Squad/FX/afterburner_shock
[LOG 14:50:37.898] Load MU model: Squad/FX/diamondBlue
[LOG 14:50:37.898] Load MU model: Squad/FX/exhaustFlames_blue
[LOG 14:50:38.016] Load MU model: Squad/FX/hydroLOXFlame
[LOG 14:50:38.017] Load MU model: Squad/FX/IonPlume
[LOG 14:50:38.017] Load MU model: Squad/FX/ks1_Exhaust
[LOG 14:50:38.017] Load MU model: Squad/FX/ks25_Exhaust
[LOG 14:50:38.018] Load MU model: Squad/FX/ksX_Exhaust
[LOG 14:50:38.018] Load MU model: Squad/FX/LES_Thruster
[LOG 14:50:38.019] Load MU model: Squad/FX/Monoprop_big
[LOG 14:50:38.019] Load MU model: Squad/FX/Monoprop_medium
[LOG 14:50:38.019] Load MU model: Squad/FX/Monoprop_small
[LOG 14:50:38.020] Load MU model: Squad/FX/shockExhaust_blue
[LOG 14:50:38.020] Load MU model: Squad/FX/shockExhaust_blue_small
[LOG 14:50:38.020] Load MU model: Squad/FX/shockExhaust_red_small
[LOG 14:50:38.021] Load MU model: Squad/FX/SRB_Large
[LOG 14:50:38.021] Load MU model: Squad/FX/SRB_LargeSparks
[LOG 14:50:38.021] Load MU model: Squad/Parts/Aero/aerodynamicNoseCone/aerodynamicNoseCone
[LOG 14:50:38.024] Load MU model: Squad/Parts/Aero/airbrake/Airbrake
[LOG 14:50:38.029] Load MU model: Squad/Parts/Aero/airIntakeRadialXM-G50/RadialIntake
[LOG 14:50:38.029] Load MU model: Squad/Parts/Aero/airlinerWings/ControlSurface
[LOG 14:50:38.029] Load MU model: Squad/Parts/Aero/airlinerWings/MainWing
[LOG 14:50:38.029] Load MU model: Squad/Parts/Aero/airlinerWings/TailFin
[LOG 14:50:38.034] Load MU model: Squad/Parts/Aero/airplaneFins/AdvCanard
[LOG 14:50:38.034] Load MU model: Squad/Parts/Aero/airplaneFins/Canard
[LOG 14:50:38.034] Load MU model: Squad/Parts/Aero/airplaneFins/Swept
[LOG 14:50:38.034] Load MU model: Squad/Parts/Aero/airplaneFins/TailFin
[LOG 14:50:38.034] Load MU model: Squad/Parts/Aero/basicFin/basicFin
[LOG 14:50:38.035] Load MU model: Squad/Parts/Aero/circularIntake/CircularIntake
[LOG 14:50:38.036] Load MU model: Squad/Parts/Aero/circularIntake/ConeIntake
[LOG 14:50:38.040] Load MU model: Squad/Parts/Aero/cones/Assets/AvioCone
[LOG 14:50:38.040] Load MU model: Squad/Parts/Aero/cones/Assets/ConeA
[LOG 14:50:38.040] Load MU model: Squad/Parts/Aero/cones/Assets/ConeB
[LOG 14:50:38.044] Load MU model: Squad/Parts/Aero/cones/Assets/NCS
[LOG 14:50:38.044] Load MU model: Squad/Parts/Aero/cones/Assets/orangeNoseCone
[LOG 14:50:38.044] Load MU model: Squad/Parts/Aero/cones/Assets/rocketNoseCone
[LOG 14:50:38.045] Load MU model: Squad/Parts/Aero/cones/Assets/rocketNoseCone_v2
[LOG 14:50:38.045] Load MU model: Squad/Parts/Aero/cones/Assets/rocketNoseCone_v3
[LOG 14:50:38.045] Load MU model: Squad/Parts/Aero/cones/Assets/TailA
[LOG 14:50:38.046] Load MU model: Squad/Parts/Aero/cones/Assets/TailB
[LOG 14:50:38.046] Load MU model: Squad/Parts/Aero/cones/Assets/TinyCone
[LOG 14:50:38.046] Load MU model: Squad/Parts/Aero/fairings/AutoTruss
[LOG 14:50:38.049] Load MU model: Squad/Parts/Aero/fairings/fairingSize1
[LOG 14:50:38.050] Load MU model: Squad/Parts/Aero/fairings/fairingSize2
[LOG 14:50:38.050] Load MU model: Squad/Parts/Aero/fairings/fairingSize3
[LOG 14:50:38.051] Load MU model: Squad/Parts/Aero/HeatShield/HeatShield0
[LOG 14:50:38.051] Load MU model: Squad/Parts/Aero/HeatShield/HeatShield1
[LOG 14:50:38.051] Load MU model: Squad/Parts/Aero/HeatShield/HeatShield2
[LOG 14:50:38.052] Load MU model: Squad/Parts/Aero/HeatShield/HeatShield3
[LOG 14:50:38.052] Load MU model: Squad/Parts/Aero/InflatableHeatShield/HeatShield
[LOG 14:50:38.058] Load MU model: Squad/Parts/Aero/intakeRadialLong/IntakeRadial
[LOG 14:50:38.058] Load MU model: Squad/Parts/Aero/miniIntake/SmallIntake
[LOG 14:50:38.058] Load MU model: Squad/Parts/Aero/ramAirIntake/RampIntake
[LOG 14:50:38.059] Load MU model: Squad/Parts/Aero/shuttleWings/ShuttleDeltaWing
[LOG 14:50:38.059] Load MU model: Squad/Parts/Aero/shuttleWings/ShuttleElevonA
[LOG 14:50:38.059] Load MU model: Squad/Parts/Aero/shuttleWings/ShuttleElevonB
[LOG 14:50:38.059] Load MU model: Squad/Parts/Aero/shuttleWings/ShuttleRudder
[LOG 14:50:38.060] Load MU model: Squad/Parts/Aero/shuttleWings/ShuttleStrake
[LOG 14:50:38.060] Load MU model: Squad/Parts/Aero/wingletAV-R8/model
[LOG 14:50:38.060] Load MU model: Squad/Parts/Aero/wingletAV-T1/model
[LOG 14:50:38.060] Load MU model: Squad/Parts/Aero/wingletDeltaDeluxe/model
[LOG 14:50:38.060] Load MU model: Squad/Parts/Aero/wings/connector1
[LOG 14:50:38.061] Load MU model: Squad/Parts/Aero/wings/connector2
[LOG 14:50:38.063] Load MU model: Squad/Parts/Aero/wings/connector3
[LOG 14:50:38.063] Load MU model: Squad/Parts/Aero/wings/connector4
[LOG 14:50:38.063] Load MU model: Squad/Parts/Aero/wings/connector5
[LOG 14:50:38.063] Load MU model: Squad/Parts/Aero/wings/delta
[LOG 14:50:38.063] Load MU model: Squad/Parts/Aero/wings/delta_small
[LOG 14:50:38.063] Load MU model: Squad/Parts/Aero/wings/elevon1
[LOG 14:50:38.064] Load MU model: Squad/Parts/Aero/wings/elevon2
[LOG 14:50:38.064] Load MU model: Squad/Parts/Aero/wings/elevon3
[LOG 14:50:38.064] Load MU model: Squad/Parts/Aero/wings/elevon4
[LOG 14:50:38.064] Load MU model: Squad/Parts/Aero/wings/elevon5
[LOG 14:50:38.064] Load MU model: Squad/Parts/Aero/wings/strake
[LOG 14:50:38.064] Load MU model: Squad/Parts/Aero/wings/structural1
[LOG 14:50:38.065] Load MU model: Squad/Parts/Aero/wings/structural2
[LOG 14:50:38.068] Load MU model: Squad/Parts/Aero/wings/structural3
[LOG 14:50:38.068] Load MU model: Squad/Parts/Aero/wings/structural4
[LOG 14:50:38.068] Load MU model: Squad/Parts/Aero/wings/swept1
[LOG 14:50:38.068] Load MU model: Squad/Parts/Aero/wings/swept2
[LOG 14:50:38.068] Load MU model: Squad/Parts/Cargo/CargoContainers/cargoContainer
[LOG 14:50:38.069] Load MU model: Squad/Parts/Cargo/CargoContainers/smallCargoContainer
[LOG 14:50:38.069] Load MU model: Squad/Parts/Cargo/Cylinder/EVAcylinder
[LOG 14:50:38.069] Load MU model: Squad/Parts/Cargo/GroundAnchor/groundAnchor
[LOG 14:50:38.070] Load MU model: Squad/Parts/Cargo/Jetpack/Jetpack
[LOG 14:50:38.071] Load MU model: Squad/Parts/Cargo/Parachute/Parachute
[LOG 14:50:38.071] Load MU model: Squad/Parts/Cargo/RepairKit/RepairKit
[LOG 14:50:38.089] Load MU model: Squad/Parts/Cargo/ScienceKit/ExperimentKit
[LOG 14:50:38.092] Load MU model: Squad/Parts/Cargo/StorageUnits/Assets/CargoStorageUnit
[LOG 14:50:38.092] Load MU model: Squad/Parts/Cargo/StorageUnits/Assets/ConformalStorageUnit
[LOG 14:50:38.093] Load MU model: Squad/Parts/Command/advancedSasModuleLarge/model
[LOG 14:50:38.093] Load MU model: Squad/Parts/Command/cupola/model
[LOG 14:50:38.094] Load MU model: Squad/Parts/Command/externalCommandSeat/model
[LOG 14:50:38.095] Load MU model: Squad/Parts/Command/hitchhikerStorageContainer/model
[LOG 14:50:38.095] Load MU model: Squad/Parts/Command/inlineAdvancedStabilizer/model
[LOG 14:50:38.096] Load MU model: Squad/Parts/Command/inlineReactionWheel/model
[LOG 14:50:38.096] Load MU model: Squad/Parts/Command/Mk1-3Pod/Mk1-3
[LOG 14:50:38.097] Load MU model: Squad/Parts/Command/mk1Cockpits/Cabin
[LOG 14:50:38.097] Load MU model: Squad/Parts/Command/mk1Cockpits/CockpitInline
[LOG 14:50:38.099] Load MU model: Squad/Parts/Command/mk1Cockpits/CockpitStandard
[LOG 14:50:38.128] Load MU model: Squad/Parts/Command/mk1LanderCan/model
[LOG 14:50:38.129] Load MU model: Squad/Parts/Command/mk1pod_v2/Mk1Pod_v2
[LOG 14:50:38.130] Load MU model: Squad/Parts/Command/mk2CockpitInline/model
[LOG 14:50:38.131] Load MU model: Squad/Parts/Command/mk2CockpitStandard/model
[LOG 14:50:38.131] Load MU model: Squad/Parts/Command/mk2DroneCore/model
[LOG 14:50:38.132] Load MU model: Squad/Parts/Command/mk2LanderCan/model
[LOG 14:50:38.132] Load MU model: Squad/Parts/Command/mk2LanderCan_v2/mk2LanderCan
[LOG 14:50:38.134] Load MU model: Squad/Parts/Command/mk3CockpitShuttle/model
[LOG 14:50:38.134] Load MU model: Squad/Parts/Command/MpoProbe/MpoProbe
[LOG 14:50:38.135] Load MU model: Squad/Parts/Command/MtmStage/MTM_Stage
[LOG 14:50:38.136] Load MU model: Squad/Parts/Command/probeCoreCube/probeCoreCube
[LOG 14:50:38.136] Load MU model: Squad/Parts/Command/probeCoreHex/model
[LOG 14:50:38.136] Load MU model: Squad/Parts/Command/probeCoreHex_v2/model
[LOG 14:50:38.136] Load MU model: Squad/Parts/Command/probeCoreOcto2_v2/probeCoreOcto2_v2
[LOG 14:50:38.137] Load MU model: Squad/Parts/Command/probeCoreOcto_v2/probeCoreOcto_v2
[LOG 14:50:38.137] Load MU model: Squad/Parts/Command/probeRoverBody/model
[LOG 14:50:38.137] Load MU model: Squad/Parts/Command/probeRoverBody_v2/probeRoverBody_v2
[LOG 14:50:38.138] Load MU model: Squad/Parts/Command/probeStackLarge/model
[LOG 14:50:38.138] Load MU model: Squad/Parts/Command/probeStackSmall/model
[LOG 14:50:38.138] Load MU model: Squad/Parts/Command/probeStackSphere_v2/probeStackSphere_v2
[LOG 14:50:38.138] Load MU model: Squad/Parts/CompoundParts/FuelLine/model
[LOG 14:50:38.139] Load MU model: Squad/Parts/CompoundParts/strutConnector/model
[LOG 14:50:38.139] Load MU model: Squad/Parts/Coupling/Assets/Decoupler_0
[LOG 14:50:38.139] Load MU model: Squad/Parts/Coupling/Assets/Decoupler_1
[LOG 14:50:38.140] Load MU model: Squad/Parts/Coupling/Assets/Decoupler_1p5
[LOG 14:50:38.140] Load MU model: Squad/Parts/Coupling/Assets/Decoupler_2
[LOG 14:50:38.142] Load MU model: Squad/Parts/Coupling/Assets/Decoupler_3
[LOG 14:50:38.142] Load MU model: Squad/Parts/Coupling/Assets/Decoupler_4
[LOG 14:50:38.142] Load MU model: Squad/Parts/Coupling/Assets/Separator_0
[LOG 14:50:38.152] Load MU model: Squad/Parts/Coupling/Assets/Separator_1
[LOG 14:50:38.152] Load MU model: Squad/Parts/Coupling/Assets/Separator_1p5
[LOG 14:50:38.153] Load MU model: Squad/Parts/Coupling/Assets/Separator_2
[LOG 14:50:38.153] Load MU model: Squad/Parts/Coupling/Assets/Separator_3
[LOG 14:50:38.153] Load MU model: Squad/Parts/Coupling/Assets/Separator_4
[LOG 14:50:38.158] Load MU model: Squad/Parts/Electrical/10CSolarPanels/assets/OX-10C
[LOG 14:50:38.159] Load MU model: Squad/Parts/Electrical/10CSolarPanels/assets/SP-10C
[LOG 14:50:38.163] Load MU model: Squad/Parts/Electrical/10LSolarPanels/assets/OX-10L
[LOG 14:50:38.164] Load MU model: Squad/Parts/Electrical/10LSolarPanels/assets/SP-10L
[LOG 14:50:38.165] Load MU model: Squad/Parts/Electrical/1x6ShroudSolarPanels/model
[LOG 14:50:38.168] Load MU model: Squad/Parts/Electrical/1x6SolarPanels/model
[LOG 14:50:38.168] Load MU model: Squad/Parts/Electrical/3x2ShroudSolarPanels/model
[LOG 14:50:38.169] Load MU model: Squad/Parts/Electrical/3x2SolarPanels/model
[LOG 14:50:38.169] Load MU model: Squad/Parts/Electrical/gigantorXlSolarArray/model
[LOG 14:50:38.170] Load MU model: Squad/Parts/Electrical/radialFlatSolarPanel/model
[LOG 14:50:38.170] Load MU model: Squad/Parts/Electrical/RTG/model
[LOG 14:50:38.179] Load MU model: Squad/Parts/Electrical/z-100Battery/model
[LOG 14:50:38.179] Load MU model: Squad/Parts/Electrical/z-1kBattery/model
[LOG 14:50:38.179] Load MU model: Squad/Parts/Electrical/z-200Battery/model
[LOG 14:50:38.181] Load MU model: Squad/Parts/Electrical/z-400Battery/model
[LOG 14:50:38.181] Load MU model: Squad/Parts/Electrical/z-4kBattery/model
[LOG 14:50:38.181] Load MU model: Squad/Parts/Engine/ionEngine/model
[LOG 14:50:38.181] Load MU model: Squad/Parts/Engine/jetEngines/turbineInside
[LOG 14:50:38.181] Load MU model: Squad/Parts/Engine/jetEngines/turboFanSize1
[LOG 14:50:38.186] Load MU model: Squad/Parts/Engine/jetEngines/turboFanSize2
[LOG 14:50:38.186] Load MU model: Squad/Parts/Engine/jetEngines/turboJet
[LOG 14:50:38.188] Load MU model: Squad/Parts/Engine/jetEngines/turboRamJet
[LOG 14:50:38.189] Load MU model: Squad/Parts/Engine/liquidEngine24-77/model
[LOG 14:50:38.191] Load MU model: Squad/Parts/Engine/liquidEngine24-77_v2/Twitch_v2
[LOG 14:50:38.191] Load MU model: Squad/Parts/Engine/liquidEngine48-7S_v2/SparkV2
[LOG 14:50:38.192] Load MU model: Squad/Parts/Engine/liquidEngineAerospike/AeroSpike
[LOG 14:50:38.192] Load MU model: Squad/Parts/Engine/liquidEngineLV-1_v2/Assets/Ant
[LOG 14:50:38.193] Load MU model: Squad/Parts/Engine/liquidEngineLV-1_v2/Assets/Spider
[LOG 14:50:38.193] Load MU model: Squad/Parts/Engine/liquidEngineLV-909_v2/TerrierV2
[LOG 14:50:38.194] Load MU model: Squad/Parts/Engine/liquidEngineLV-N/model
[LOG 14:50:38.195] Load MU model: Squad/Parts/Engine/liquidEngineLV-T30/model
[LOG 14:50:38.197] Load MU model: Squad/Parts/Engine/liquidEngineLV-T30_v2/Reliant_v2
[LOG 14:50:38.199] Load MU model: Squad/Parts/Engine/liquidEngineLV-T45/model
[LOG 14:50:38.199] Load MU model: Squad/Parts/Engine/liquidEngineLV-T45_v2/Swivel_v2
[LOG 14:50:38.201] Load MU model: Squad/Parts/Engine/liquidEngineMainsail_v2/liquidEngineMainsail_v2
[LOG 14:50:38.202] Load MU model: Squad/Parts/Engine/liquidEngineMk55/Thud
[LOG 14:50:38.203] Load MU model: Squad/Parts/Engine/liquidEnginePoodle_v2/LqdEnginePoodle_v2
[LOG 14:50:38.206] Load MU model: Squad/Parts/Engine/liquidEngineSkipper_v2/skipper_v2
[LOG 14:50:38.207] Load MU model: Squad/Parts/Engine/liquidEngineSSME/SSME
[LOG 14:50:38.208] Load MU model: Squad/Parts/Engine/MassiveSRB/MassiveSRB
[LOG 14:50:38.208] Load MU model: Squad/Parts/Engine/miniJet/SmallJet
[LOG 14:50:38.208] Load MU model: Squad/Parts/Engine/OMSEngine/Puff_v2
[LOG 14:50:38.209] Load MU model: Squad/Parts/Engine/rapierEngine/rapier
[LOG 14:50:38.210] Load MU model: Squad/Parts/Engine/Size1_SRBs/SRB10
[LOG 14:50:38.210] Load MU model: Squad/Parts/Engine/Size1_SRBs/SRB5
[LOG 14:50:38.211] Load MU model: Squad/Parts/Engine/Size2LFB/Size2LFB
[LOG 14:50:38.212] Load MU model: Squad/Parts/Engine/Size2LFB_v2/Size2LFB_v2
[LOG 14:50:38.213] Load MU model: Squad/Parts/Engine/Size3AdvancedEngine/Size3AdvancedEngine
[LOG 14:50:38.214] Load MU model: Squad/Parts/Engine/Size3EngineCluster/Size3EngineCluster
[LOG 14:50:38.215] Load MU model: Squad/Parts/Engine/solidBoosterBACC/model
[LOG 14:50:38.215] Load MU model: Squad/Parts/Engine/solidBoosterS2-17/solidBoosterS2-17
[LOG 14:50:38.216] Load MU model: Squad/Parts/Engine/solidBoosterS2-33/solidBoosterS2-33
[LOG 14:50:38.217] Load MU model: Squad/Parts/Engine/solidBoosterSep/model
[LOG 14:50:38.217] Load MU model: Squad/Parts/Engine/SolidBoostersF/Assets/SolidBoosterF3S0
[LOG 14:50:38.217] Load MU model: Squad/Parts/Engine/SolidBoostersF/Assets/SolidBoosterFM1
[LOG 14:50:38.218] Load MU model: Squad/Parts/FuelTank/adapterTanks/Mk3-Mk2
[LOG 14:50:38.218] Load MU model: Squad/Parts/FuelTank/adapterTanks/Mk3-Size2
[LOG 14:50:38.218] Load MU model: Squad/Parts/FuelTank/adapterTanks/Mk3-Size2Slant
[LOG 14:50:38.219] Load MU model: Squad/Parts/FuelTank/adapterTanks/ShuttleAdapter
[LOG 14:50:38.219] Load MU model: Squad/Parts/FuelTank/adapterTanks/Size2-Mk2
[LOG 14:50:38.219] Load MU model: Squad/Parts/FuelTank/adapterTanks/Size2-Size1
[LOG 14:50:38.219] Load MU model: Squad/Parts/FuelTank/adapterTanks/Size2-Size1Slant
[LOG 14:50:38.220] Load MU model: Squad/Parts/FuelTank/adapterTanks/Size3-Mk3
[LOG 14:50:38.220] Load MU model: Squad/Parts/FuelTank/drainTankFTE-1/fuelValve
[LOG 14:50:38.220] Load MU model: Squad/Parts/FuelTank/FoilTanks/RadialTank_Capsule
[LOG 14:50:38.220] Load MU model: Squad/Parts/FuelTank/FoilTanks/RadialTank_Round
[LOG 14:50:38.221] Load MU model: Squad/Parts/FuelTank/FoilTanks/ToroidTank
[LOG 14:50:38.221] Load MU model: Squad/Parts/FuelTank/fuelTankOscarB/model
[LOG 14:50:38.221] Load MU model: Squad/Parts/FuelTank/miniFuselage/Fuselage
[LOG 14:50:38.221] Load MU model: Squad/Parts/FuelTank/mk2Adapters/bicoupler
[LOG 14:50:38.222] Load MU model: Squad/Parts/FuelTank/mk2Adapters/long
[LOG 14:50:38.222] Load MU model: Squad/Parts/FuelTank/mk2Adapters/standard
[LOG 14:50:38.222] Load MU model: Squad/Parts/FuelTank/mk2FuselageLong/FuselageLongLFO
[LOG 14:50:38.222] Load MU model: Squad/Parts/FuelTank/mk2FuselageLong/FuselageLongLiquid
[LOG 14:50:38.223] Load MU model: Squad/Parts/FuelTank/mk2FuselageShort/FuselageShortLFO
[LOG 14:50:38.223] Load MU model: Squad/Parts/FuelTank/mk2FuselageShort/FuselageShortLiquid
[LOG 14:50:38.223] Load MU model: Squad/Parts/FuelTank/mk2FuselageShort/FuselageShortMono
[LOG 14:50:38.223] Load MU model: Squad/Parts/FuelTank/mk3Fuselage/CREW
[LOG 14:50:38.224] Load MU model: Squad/Parts/FuelTank/mk3Fuselage/LFO_100
[LOG 14:50:38.224] Load MU model: Squad/Parts/FuelTank/mk3Fuselage/LFO_25
[LOG 14:50:38.224] Load MU model: Squad/Parts/FuelTank/mk3Fuselage/LFO_50
[LOG 14:50:38.224] Load MU model: Squad/Parts/FuelTank/mk3Fuselage/LF_100
[LOG 14:50:38.224] Load MU model: Squad/Parts/FuelTank/mk3Fuselage/LF_25
[LOG 14:50:38.225] Load MU model: Squad/Parts/FuelTank/mk3Fuselage/LF_50
[LOG 14:50:38.225] Load MU model: Squad/Parts/FuelTank/mk3Fuselage/MONO
[LOG 14:50:38.225] Load MU model: Squad/Parts/FuelTank/RCSFuelTankR1/RCSFuelTankR1_01
[LOG 14:50:38.226] Load MU model: Squad/Parts/FuelTank/RCSFuelTankR10/model
[LOG 14:50:38.226] Load MU model: Squad/Parts/FuelTank/RCSFuelTankR25/RCSFuelTankR25
[LOG 14:50:38.226] Load MU model: Squad/Parts/FuelTank/RCSTankRadial/model
[LOG 14:50:38.226] Load MU model: Squad/Parts/FuelTank/RCStankRadialLong/model
[LOG 14:50:38.226] Load MU model: Squad/Parts/FuelTank/RockomaxTanks/Assets/Rockomax16
[LOG 14:50:38.227] Load MU model: Squad/Parts/FuelTank/RockomaxTanks/Assets/Rockomax32
[LOG 14:50:38.227] Load MU model: Squad/Parts/FuelTank/RockomaxTanks/Assets/Rockomax64
[LOG 14:50:38.227] Load MU model: Squad/Parts/FuelTank/RockomaxTanks/Assets/Rockomax8
[LOG 14:50:38.228] Load MU model: Squad/Parts/FuelTank/Size1_Tanks/Size1Tank_01
[LOG 14:50:38.228] Load MU model: Squad/Parts/FuelTank/Size1_Tanks/Size1Tank_02
[LOG 14:50:38.228] Load MU model: Squad/Parts/FuelTank/Size1_Tanks/Size1Tank_03
[LOG 14:50:38.230] Load MU model: Squad/Parts/FuelTank/Size1_Tanks/Size1Tank_04
[LOG 14:50:38.230] Load MU model: Squad/Parts/FuelTank/Size3Tanks/Size3LargeTank
[LOG 14:50:38.231] Load MU model: Squad/Parts/FuelTank/Size3Tanks/Size3MediumTank
[LOG 14:50:38.231] Load MU model: Squad/Parts/FuelTank/Size3Tanks/Size3SmallTank
[LOG 14:50:38.231] Load MU model: Squad/Parts/FuelTank/xenonTank/model
[LOG 14:50:38.232] Load MU model: Squad/Parts/FuelTank/xenonTankLarge/model
[LOG 14:50:38.232] Load MU model: Squad/Parts/FuelTank/xenonTankRadial/model
[LOG 14:50:38.232] Load MU model: Squad/Parts/Misc/AsteroidDay/CamSat
[LOG 14:50:38.233] Load MU model: Squad/Parts/Misc/AsteroidDay/HECS2
[LOG 14:50:38.233] Load MU model: Squad/Parts/Misc/AsteroidDay/HighGainAntenna
[LOG 14:50:38.234] Load MU model: Squad/Parts/Misc/AsteroidDay/LgRadialSolar
[LOG 14:50:38.235] Load MU model: Squad/Parts/Misc/PotatoComet/Cube
[LOG 14:50:38.235] Load MU model: Squad/Parts/Misc/PotatoRoid/Cube
[LOG 14:50:38.235] Load MU model: Squad/Parts/Resources/FuelCell/FuelCell
[LOG 14:50:38.235] Load MU model: Squad/Parts/Resources/FuelCell/FuelCellArray
[LOG 14:50:38.236] Load MU model: Squad/Parts/Resources/ISRU/ISRU
[LOG 14:50:38.236] Load MU model: Squad/Parts/Resources/LargeTank/LargeTank
[LOG 14:50:38.237] Load MU model: Squad/Parts/Resources/MiniDrill/MiniDrill
[LOG 14:50:38.238] Load MU model: Squad/Parts/Resources/MiniISRU/MiniISRU
[LOG 14:50:38.238] Load MU model: Squad/Parts/Resources/OrbitalScanner/OrbitalScanner
[LOG 14:50:38.239] Load MU model: Squad/Parts/Resources/RadialDrill/TriBitDrill
[LOG 14:50:38.242] Load MU model: Squad/Parts/Resources/RadialTank/RadialOreTank
[LOG 14:50:38.242] Load MU model: Squad/Parts/Resources/SmallTank/SmallTank
[LOG 14:50:38.242] Load MU model: Squad/Parts/Resources/SurfaceScanner/SurfaceScanner
[LOG 14:50:38.242] Load MU model: Squad/Parts/Resources/SurveyScanner/SurveyScanner
[LOG 14:50:38.243] Load MU model: Squad/Parts/Science/AtmosphereSensor/model
[LOG 14:50:38.243] Load MU model: Squad/Parts/Science/GooExperiment/GooExperiment
[LOG 14:50:38.244] Load MU model: Squad/Parts/Science/LargeCrewedLab/large_crewed_lab
[LOG 14:50:38.245] Load MU model: Squad/Parts/Science/Magnetometer/Magnetometer
[LOG 14:50:38.249] Load MU model: Squad/Parts/Science/MaterialBay/science_module_small
[LOG 14:50:38.250] Load MU model: Squad/Parts/Science/ScienceBox/ScienceBox
[LOG 14:50:38.250] Load MU model: Squad/Parts/Science/sensorAccelerometer/model
[LOG 14:50:38.250] Load MU model: Squad/Parts/Science/sensorBarometer/model
[LOG 14:50:38.250] Load MU model: Squad/Parts/Science/sensorGravimeter/model
[LOG 14:50:38.250] Load MU model: Squad/Parts/Science/sensorThermometer/model
[LOG 14:50:38.251] Load MU model: Squad/Parts/Structural/FLAdapters/Assets/adapterSmallMiniShort_v2
[LOG 14:50:38.251] Load MU model: Squad/Parts/Structural/FLAdapters/Assets/adapterSmallMiniTall_v2
[LOG 14:50:38.251] Load MU model: Squad/Parts/Structural/mk1Parts/Fuselage
[LOG 14:50:38.251] Load MU model: Squad/Parts/Structural/mk1Parts/IntakeFuselage
[LOG 14:50:38.252] Load MU model: Squad/Parts/Structural/mk1Parts/Nacelle1
[LOG 14:50:38.252] Load MU model: Squad/Parts/Structural/mk1Parts/Nacelle2
[LOG 14:50:38.252] Load MU model: Squad/Parts/Structural/mk1Parts/Structural
[LOG 14:50:38.253] Load MU model: Squad/Parts/Structural/mk1Parts/StructuralHollow
[LOG 14:50:38.253] Load MU model: Squad/Parts/Structural/Size3To2Adapter_v2/Size2to3_v2
[LOG 14:50:38.253] Load MU model: Squad/Parts/Structural/stackAdapters/Assets/adapterLargeSmallBi
[LOG 14:50:38.253] Load MU model: Squad/Parts/Structural/stackAdapters/Assets/adapterLargeSmallQuad
[LOG 14:50:38.254] Load MU model: Squad/Parts/Structural/stackAdapters/Assets/adapterLargeSmallTri
[LOG 14:50:38.254] Load MU model: Squad/Parts/Structural/stationHub/model
[LOG 14:50:38.254] Load MU model: Squad/Parts/Structural/structuralIBeam200/model
[LOG 14:50:38.255] Load MU model: Squad/Parts/Structural/structuralIBeam200Pocket/model
[LOG 14:50:38.255] Load MU model: Squad/Parts/Structural/structuralIBeam650/model
[LOG 14:50:38.255] Load MU model: Squad/Parts/Structural/structuralMicronode/model
[LOG 14:50:38.255] Load MU model: Squad/Parts/Structural/structuralPanel1x1/model
[LOG 14:50:38.255] Load MU model: Squad/Parts/Structural/structuralPanel2x2/model
[LOG 14:50:38.255] Load MU model: Squad/Parts/Structural/structuralPylons/PylonBig
[LOG 14:50:38.255] Load MU model: Squad/Parts/Structural/structuralPylons/PylonSmall
[LOG 14:50:38.256] Load MU model: Squad/Parts/Structural/strutCubicOcto/model
[LOG 14:50:38.256] Load MU model: Squad/Parts/Structural/strutOcto/model
[LOG 14:50:38.256] Load MU model: Squad/Parts/Structural/trussGirderAdapter/model
[LOG 14:50:38.256] Load MU model: Squad/Parts/Structural/trussGirderL/model
[LOG 14:50:38.256] Load MU model: Squad/Parts/Structural/trussGirderXL/model
[LOG 14:50:38.257] Load MU model: Squad/Parts/Thermal/FoldingRadiators/foldingRadLarge
[LOG 14:50:38.262] Load MU model: Squad/Parts/Thermal/FoldingRadiators/foldingRadMed
[LOG 14:50:38.265] Load MU model: Squad/Parts/Thermal/FoldingRadiators/foldingRadSmall
[LOG 14:50:38.267] Load MU model: Squad/Parts/Thermal/RadiatorPanels/radPanelEdge
[LOG 14:50:38.268] Load MU model: Squad/Parts/Thermal/RadiatorPanels/radPanelLg
[LOG 14:50:38.268] Load MU model: Squad/Parts/Thermal/RadiatorPanels/radPanelSm
[LOG 14:50:38.268] Load MU model: Squad/Parts/Utility/commDish88-88/model
[LOG 14:50:38.273] Load MU model: Squad/Parts/Utility/commsAntennaDTS-M1/mediumDishAntenna
[LOG 14:50:38.274] Load MU model: Squad/Parts/Utility/commsDish16/model
[LOG 14:50:38.275] Load MU model: Squad/Parts/Utility/decouplerRadialHDM/model
[LOG 14:50:38.275] Load MU model: Squad/Parts/Utility/decouplerRadialTT-38K/model
[LOG 14:50:38.275] Load MU model: Squad/Parts/Utility/decouplerRadialTT-70/model
[LOG 14:50:38.276] Load MU model: Squad/Parts/Utility/DirectAntennas/HGAntenna
[LOG 14:50:38.277] Load MU model: Squad/Parts/Utility/DirectAntennas/HGAntenna_v2
[LOG 14:50:38.277] Load MU model: Squad/Parts/Utility/DirectAntennas/SurfAntenna
[LOG 14:50:38.278] Load MU model: Squad/Parts/Utility/dockingPort/dockingPort
[LOG 14:50:38.278] Load MU model: Squad/Parts/Utility/dockingPortInline/dockingPortInline
[LOG 14:50:38.279] Load MU model: Squad/Parts/Utility/dockingPortJr/dockingPortJr
[LOG 14:50:38.279] Load MU model: Squad/Parts/Utility/dockingPortShielded/dockingPortShielded
[LOG 14:50:38.280] Load MU model: Squad/Parts/Utility/dockingPortSr/dockingPortSr
[LOG 14:50:38.281] Load MU model: Squad/Parts/Utility/Fireworks/Assets/fireworksLauncherBig
[LOG 14:50:38.281] Load MU model: Squad/Parts/Utility/Fireworks/Assets/fireworksLauncherSmall
[LOG 14:50:38.282] Load MU model: Squad/Parts/Utility/flags/flagFlat/flagFlatMeshes
[LOG 14:50:38.285] Load MU model: Squad/Parts/Utility/flags/flagSize0/flagSize0Meshes
[LOG 14:50:38.286] Load MU model: Squad/Parts/Utility/flags/flagSize1/flagSize1Meshes
[LOG 14:50:38.287] Load MU model: Squad/Parts/Utility/flags/flagSize2/flagSize2Meshes
[LOG 14:50:38.289] Load MU model: Squad/Parts/Utility/flags/flagSize3/flagSize3Meshes
[LOG 14:50:38.290] Load MU model: Squad/Parts/Utility/GrapplingDevice/GrapplingArm
[LOG 14:50:38.295] Load MU model: Squad/Parts/Utility/ladderRadial/model
[LOG 14:50:38.295] Load MU model: Squad/Parts/Utility/ladderTelescopic/model
[LOG 14:50:38.296] Load MU model: Squad/Parts/Utility/ladderTelescopicBay/model
[LOG 14:50:38.299] Load MU model: Squad/Parts/Utility/landingLegLT-1/model
[LOG 14:50:38.299] Load MU model: Squad/Parts/Utility/landingLegLT-2/model
[LOG 14:50:38.300] Load MU model: Squad/Parts/Utility/landingLegLT-5/model
[WRN 14:50:38.301] WheelCollider requires an attached Rigidbody to function.
[WRN 14:50:38.302] WheelCollider requires an attached Rigidbody to function.
[LOG 14:50:38.302] Load MU model: Squad/Parts/Utility/launchClamp1/model
[LOG 14:50:38.303] Load MU model: Squad/Parts/Utility/launchEscapeSystem/LaunchEscapeSystem
[LOG 14:50:38.303] Load MU model: Squad/Parts/Utility/Lights/Assets/light_02
[LOG 14:50:38.304] Load MU model: Squad/Parts/Utility/Lights/Assets/light_03
[LOG 14:50:38.304] Load MU model: Squad/Parts/Utility/Lights/Assets/light_04
[LOG 14:50:38.304] Load MU model: Squad/Parts/Utility/Lights/Assets/light_07
[LOG 14:50:38.305] Load MU model: Squad/Parts/Utility/Lights/Assets/light_08
[LOG 14:50:38.305] Load MU model: Squad/Parts/Utility/Lights/Assets/light_12
[LOG 14:50:38.306] Load MU model: Squad/Parts/Utility/linearVernorRCS/Assets/linearRCS
[LOG 14:50:38.306] Load MU model: Squad/Parts/Utility/linearVernorRCS/Assets/vernorEngine
[LOG 14:50:38.307] Load MU model: Squad/Parts/Utility/mk2CargoBay/BayLarge
[LOG 14:50:38.307] Load MU model: Squad/Parts/Utility/mk2CargoBay/BaySmall
[LOG 14:50:38.308] Load MU model: Squad/Parts/Utility/mk2CrewCabin/model
[LOG 14:50:38.308] Load MU model: Squad/Parts/Utility/mk2DockingPort/mk2Dockingport
[LOG 14:50:38.309] Load MU model: Squad/Parts/Utility/mk3CargoBay/long
[LOG 14:50:38.310] Load MU model: Squad/Parts/Utility/mk3CargoBay/medium
[LOG 14:50:38.311] Load MU model: Squad/Parts/Utility/mk3CargoBay/ramp
[LOG 14:50:38.312] Load MU model: Squad/Parts/Utility/mk3CargoBay/short
[LOG 14:50:38.313] Load MU model: Squad/Parts/Utility/parachuteMk1/model
[LOG 14:50:38.313] Load MU model: Squad/Parts/Utility/parachuteMk12-R/model
[LOG 14:50:38.313] Load MU model: Squad/Parts/Utility/parachuteMk16-XL/model
[LOG 14:50:38.314] Load MU model: Squad/Parts/Utility/parachuteMk2-R/model
[LOG 14:50:38.314] Load MU model: Squad/Parts/Utility/parachuteMk25/model
[LOG 14:50:38.314] Load MU model: Squad/Parts/Utility/radialAttachmentPoint/model
[LOG 14:50:38.315] Load MU model: Squad/Parts/Utility/rcsBlockRV-105_v2/rcsBlock105
[LOG 14:50:38.316] Load MU model: Squad/Parts/Utility/rcsSmallLinear/Assets/RCSLinearSmall
[LOG 14:50:38.316] Load MU model: Squad/Parts/Utility/RelayAntennas/HGAntenna
[LOG 14:50:38.317] Load MU model: Squad/Parts/Utility/RelayAntennas/RA-100
[LOG 14:50:38.318] Load MU model: Squad/Parts/Utility/RelayAntennas/RA-5
[LOG 14:50:38.318] Load MU model: Squad/Parts/Utility/RelayAntennas/RA-50
[LOG 14:50:38.318] Load MU model: Squad/Parts/Utility/rockomaxAdapters/Assets/brandAdapter
[LOG 14:50:38.318] Load MU model: Squad/Parts/Utility/rockomaxAdapters/Assets/brandAdapter02
[LOG 14:50:38.319] Load MU model: Squad/Parts/Utility/ServiceBay_v2/Assets/ServiceBay_125_v2
[LOG 14:50:38.320] Load MU model: Squad/Parts/Utility/ServiceBay_v2/Assets/ServiceBay_250_v2
[LOG 14:50:38.321] Load MU model: Squad/Parts/Utility/smallClaw/smallClaw
[LOG 14:50:38.325] Load MU model: Squad/Parts/Utility/spotLightMk1/model
[LOG 14:50:38.325] Load MU model: Squad/Parts/Utility/spotLightMk1_v2/model
[LOG 14:50:38.326] Load MU model: Squad/Parts/Utility/spotLightMk2/model
[LOG 14:50:38.326] Load MU model: Squad/Parts/Utility/spotLightMk2_v2/model
[LOG 14:50:38.326] Load MU model: Squad/Parts/Utility/stackCouplers/Assets/stackBiCoupler_v2
[LOG 14:50:38.327] Load MU model: Squad/Parts/Utility/stackCouplers/Assets/stackQuadCoupler
[LOG 14:50:38.327] Load MU model: Squad/Parts/Utility/stackCouplers/Assets/stackTriCoupler_v2
[LOG 14:50:38.328] Load MU model: Squad/Parts/Wheel/LandingGear/GearExtraLarge
[WRN 14:50:38.329] WheelCollider requires an attached Rigidbody to function.
[WRN 14:50:38.329] WheelCollider requires an attached Rigidbody to function.
[LOG 14:50:38.330] Load MU model: Squad/Parts/Wheel/LandingGear/GearFixed
[WRN 14:50:38.330] WheelCollider requires an attached Rigidbody to function.
[WRN 14:50:38.331] WheelCollider requires an attached Rigidbody to function.
[LOG 14:50:38.331] Load MU model: Squad/Parts/Wheel/LandingGear/GearFree
[WRN 14:50:38.331] WheelCollider requires an attached Rigidbody to function.
[WRN 14:50:38.331] WheelCollider requires an attached Rigidbody to function.
[LOG 14:50:38.331] Load MU model: Squad/Parts/Wheel/LandingGear/GearLarge
[WRN 14:50:38.331] WheelCollider requires an attached Rigidbody to function.
[WRN 14:50:38.331] WheelCollider requires an attached Rigidbody to function.
[LOG 14:50:38.333] Load MU model: Squad/Parts/Wheel/LandingGear/GearMedium
[WRN 14:50:38.334] WheelCollider requires an attached Rigidbody to function.
[WRN 14:50:38.334] WheelCollider requires an attached Rigidbody to function.
[LOG 14:50:38.335] Load MU model: Squad/Parts/Wheel/LandingGear/GearSmall
[WRN 14:50:38.335] WheelCollider requires an attached Rigidbody to function.
[WRN 14:50:38.335] WheelCollider requires an attached Rigidbody to function.
[LOG 14:50:38.335] Load MU model: Squad/Parts/Wheel/roverWheelM1/model
[WRN 14:50:38.336] WheelCollider requires an attached Rigidbody to function.
[WRN 14:50:38.336] WheelCollider requires an attached Rigidbody to function.
[LOG 14:50:38.336] Load MU model: Squad/Parts/Wheel/roverWheelS2/model
[WRN 14:50:38.336] WheelCollider requires an attached Rigidbody to function.
[WRN 14:50:38.336] WheelCollider requires an attached Rigidbody to function.
[LOG 14:50:38.337] Load MU model: Squad/Parts/Wheel/roverWheelTR-2L/model
[WRN 14:50:38.337] WheelCollider requires an attached Rigidbody to function.
[WRN 14:50:38.337] WheelCollider requires an attached Rigidbody to function.
[LOG 14:50:38.337] Load MU model: Squad/Parts/Wheel/roverWheelXL3/model
[WRN 14:50:38.339] WheelCollider requires an attached Rigidbody to function.
[WRN 14:50:38.339] WheelCollider requires an attached Rigidbody to function.
[LOG 14:50:38.339] Load MU model: Squad/Props/AltimeterThreeHands/model
[LOG 14:50:38.339] Load MU model: Squad/Props/AtmosphereDepth/model
[LOG 14:50:38.339] Load MU model: Squad/Props/AxisIndicator/model
[LOG 14:50:38.339] Load MU model: Squad/Props/buttonsGeneric/circularButton
[LOG 14:50:38.339] Load MU model: Squad/Props/buttonsGeneric/clusterButtons
[LOG 14:50:38.340] Load MU model: Squad/Props/buttonsGeneric/clusterButtons2
[LOG 14:50:38.340] Load MU model: Squad/Props/buttonsGeneric/clusterKnob
[LOG 14:50:38.340] Load MU model: Squad/Props/buttonsGeneric/clusterKnob2
[LOG 14:50:38.340] Load MU model: Squad/Props/buttonsGeneric/clusterMixed
[LOG 14:50:38.340] Load MU model: Squad/Props/buttonsGeneric/clusterSwitches01
[LOG 14:50:38.341] Load MU model: Squad/Props/buttonsGeneric/clusterSwitches02
[LOG 14:50:38.341] Load MU model: Squad/Props/buttonsGeneric/clusterSwitches03
[LOG 14:50:38.341] Load MU model: Squad/Props/buttonsGeneric/clusterSwitches04
[LOG 14:50:38.342] Load MU model: Squad/Props/buttonsGeneric/clusterSwitches05
[LOG 14:50:38.342] Load MU model: Squad/Props/buttonsGeneric/clusterSwitches06
[LOG 14:50:38.342] Load MU model: Squad/Props/buttonsGeneric/clusterSwitches07
[LOG 14:50:38.342] Load MU model: Squad/Props/buttonsGeneric/directionalKnob
[LOG 14:50:38.342] Load MU model: Squad/Props/buttonsGeneric/directionalKnob2
[LOG 14:50:38.343] Load MU model: Squad/Props/buttonsGeneric/pullSwitch
[LOG 14:50:38.343] Load MU model: Squad/Props/buttonsGeneric/squareButton
[LOG 14:50:38.343] Load MU model: Squad/Props/buttonsGeneric/standingSwitch
[LOG 14:50:38.343] Load MU model: Squad/Props/buttonsGeneric/switch
[LOG 14:50:38.343] Load MU model: Squad/Props/buttonsGeneric/switchWithGuards
[LOG 14:50:38.344] Load MU model: Squad/Props/ButtonSquare/model
[LOG 14:50:38.344] Load MU model: Squad/Props/circularButton/model
[LOG 14:50:38.344] Load MU model: Squad/Props/Compass/model
[LOG 14:50:38.344] Load MU model: Squad/Props/directionalKnob/model
[LOG 14:50:38.344] Load MU model: Squad/Props/directionalKnob2/model
[LOG 14:50:38.344] Load MU model: Squad/Props/IndicatorPanel/model
[LOG 14:50:38.345] Load MU model: Squad/Props/IVANavBall/model
[LOG 14:50:38.345] Load MU model: Squad/Props/IVANavBallNoBase/model
[LOG 14:50:38.346] Load MU model: Squad/Props/ledPanelSpeed/model
[LOG 14:50:38.346] Load MU model: Squad/Props/Monitor/MonitorDockingMode
[LOG 14:50:38.346] Load MU model: Squad/Props/NavBall/model
[LOG 14:50:38.347] Load MU model: Squad/Props/PropsGeneric/Button_DockingMode
[LOG 14:50:38.347] Load MU model: Squad/Props/PropsGeneric/CargoBagA
[LOG 14:50:38.349] Load MU model: Squad/Props/PropsGeneric/CargoBagB
[LOG 14:50:38.349] Load MU model: Squad/Props/PropsGeneric/CargoBagC
[LOG 14:50:38.349] Load MU model: Squad/Props/PropsGeneric/Hatch_Plane
[LOG 14:50:38.349] Load MU model: Squad/Props/PropsGeneric/Hatch_Plane_Curve90
[LOG 14:50:38.350] Load MU model: Squad/Props/PropsGeneric/Hatch_Plane_Frame
[LOG 14:50:38.350] Load MU model: Squad/Props/PropsGeneric/Seat_Passenger
[LOG 14:50:38.350] Load MU model: Squad/Props/PropsGeneric/Seat_Pilot
[LOG 14:50:38.350] Load MU model: Squad/Props/PropsGeneric/Seat_Pilot_Helmet
[LOG 14:50:38.350] Load MU model: Squad/Props/PropsGeneric/SideStick
[LOG 14:50:38.351] Load MU model: Squad/Props/pullSwitch/model
[LOG 14:50:38.351] Load MU model: Squad/Props/radarAltitude/model
[LOG 14:50:38.351] Load MU model: Squad/Props/squareButton/model
[LOG 14:50:38.351] Load MU model: Squad/Props/standingSwitch/model
[LOG 14:50:38.351] Load MU model: Squad/Props/switch/model
[LOG 14:50:38.351] Load MU model: Squad/Props/switchGuard/model
[LOG 14:50:38.351] Load MU model: Squad/Props/switchWithGuards/model
[LOG 14:50:38.352] Load MU model: Squad/Props/throttle/model
[LOG 14:50:38.352] Load MU model: Squad/Props/VSI/model
[LOG 14:50:38.352] Load MU model: Squad/Spaces/crewCabinInternals/model
[LOG 14:50:38.354] Load MU model: Squad/Spaces/cupolaInternal/model
[LOG 14:50:38.355] Load MU model: Squad/Spaces/GenericSpace1/model
[LOG 14:50:38.356] Load MU model: Squad/Spaces/GenericSpace3/model
[LOG 14:50:38.358] Load MU model: Squad/Spaces/landerCabinInternals/model
[LOG 14:50:38.359] Load MU model: Squad/Spaces/landerCabinSmallInternal/model
[LOG 14:50:38.360] Load MU model: Squad/Spaces/LargeCrewedLabInternals/Large_Crewed_lab_Int
[LOG 14:50:38.362] Load MU model: Squad/Spaces/Mk1-3/model
[LOG 14:50:38.364] Load MU model: Squad/Spaces/mk1CabinInternal/mk1cabin
[LOG 14:50:38.368] Load MU model: Squad/Spaces/mk1CockpitInternal/Mk1StandardIVA
[LOG 14:50:38.370] Load MU model: Squad/Spaces/mk1InlineInternal/Mk1InlineIVA
[LOG 14:50:38.370] Load MU model: Squad/Spaces/mk1PodCockpit/model
[LOG 14:50:38.372] Load MU model: Squad/Spaces/mk1pod_IVA/mk1pod_IVA
[LOG 14:50:38.373] Load MU model: Squad/Spaces/mk2CockpitStandardInternal/model
[LOG 14:50:38.374] Load MU model: Squad/Spaces/Mk2CrewCabinInternal/MK2_CrewCab_Int
[LOG 14:50:38.375] Load MU model: Squad/Spaces/mk2InlineInternal/mk2InlineIVA
[LOG 14:50:38.377] Load MU model: Squad/Spaces/mk2LanderCanInternal/mk2LanderCanInternal
[LOG 14:50:38.378] Load MU model: Squad/Spaces/MK3CockpitInternal/MK3_Cockpit_Int
[LOG 14:50:38.379] Load MU model: Squad/Spaces/MK3_CrewCab_Int/MK3_CrewCab_Int
[LOG 14:50:38.383] Load MU model: Squad/Spaces/OverlayMasks/CupolaMask
[LOG 14:50:38.383] Load MU model: Squad/Spaces/OverlayMasks/HitchhikerBorder
[LOG 14:50:38.384] Load MU model: Squad/Spaces/OverlayMasks/HitchhikerMask
[LOG 14:50:38.384] Load MU model: Squad/Spaces/OverlayMasks/LargeLabBorder
[LOG 14:50:38.384] Load MU model: Squad/Spaces/OverlayMasks/LargeLabMask
[LOG 14:50:38.384] Load MU model: Squad/Spaces/OverlayMasks/Mk1CabinBorder
[LOG 14:50:38.384] Load MU model: Squad/Spaces/OverlayMasks/Mk1CabinMask
[LOG 14:50:38.384] Load MU model: Squad/Spaces/OverlayMasks/Mk1InlineMask
[LOG 14:50:38.385] Load MU model: Squad/Spaces/OverlayMasks/Mk1InlineMask2
[LOG 14:50:38.385] Load MU model: Squad/Spaces/OverlayMasks/Mk1StandardBorder2
[LOG 14:50:38.385] Load MU model: Squad/Spaces/OverlayMasks/Mk1StandardBorder3
[LOG 14:50:38.385] Load MU model: Squad/Spaces/OverlayMasks/Mk1StandardMask
[LOG 14:50:38.385] Load MU model: Squad/Spaces/OverlayMasks/Mk1StandardMask2
[LOG 14:50:38.385] Load MU model: Squad/Spaces/OverlayMasks/Mk1StandardMask3
[LOG 14:50:38.385] Load MU model: Squad/Spaces/OverlayMasks/Mk2CabinBorder
[LOG 14:50:38.385] Load MU model: Squad/Spaces/OverlayMasks/Mk2CabinMask
[LOG 14:50:38.385] Load MU model: Squad/Spaces/OverlayMasks/Mk2InlineBorder
[LOG 14:50:38.386] Load MU model: Squad/Spaces/OverlayMasks/Mk2InlineMask
[LOG 14:50:38.386] Load MU model: Squad/Spaces/OverlayMasks/Mk2StandardBorder
[LOG 14:50:38.386] Load MU model: Squad/Spaces/OverlayMasks/Mk2StandardMask
[LOG 14:50:38.386] Load MU model: Squad/Spaces/OverlayMasks/Mk3CabinBorder
[LOG 14:50:38.386] Load MU model: Squad/Spaces/OverlayMasks/Mk3CabinMask
[LOG 14:50:38.386] Load MU model: Squad/Spaces/OverlayMasks/Mk3CabinMask2
[LOG 14:50:38.386] Load MU model: Squad/Spaces/OverlayMasks/Mk3ShuttleBorder
[LOG 14:50:38.386] Load MU model: Squad/Spaces/OverlayMasks/Mk3ShuttleMask
[LOG 14:50:38.386] Load MU model: Squad/Spaces/OverlayMasks/Size1LanderBorder
[LOG 14:50:38.387] Load MU model: Squad/Spaces/OverlayMasks/Size1LanderMask
[LOG 14:50:38.387] Load MU model: Squad/Spaces/OverlayMasks/Size1PodBorder
[LOG 14:50:38.387] Load MU model: Squad/Spaces/OverlayMasks/Size1PodMask
[LOG 14:50:38.387] Load MU model: Squad/Spaces/OverlayMasks/Size2LanderBorder
[LOG 14:50:38.387] Load MU model: Squad/Spaces/OverlayMasks/Size2LanderMask
[LOG 14:50:38.387] Load MU model: Squad/Spaces/OverlayMasks/Size2PodBorder
[LOG 14:50:38.387] Load MU model: Squad/Spaces/OverlayMasks/Size2PodMask
[LOG 14:50:38.387] Load MU model: Squad/Spaces/Placeholder/PlaceholderIVA
[LOG 14:50:38.388] Load MU model: Squad/Spaces/PodCockpit/model
[LOG 14:50:38.390] Load MU model: SquadExpansion/MakingHistory/Parts/Aero/protectiveRocketNoseMk5A/Size_1_5_Cone
[LOG 14:50:38.391] Load MU model: SquadExpansion/MakingHistory/Parts/Coupling/Assets/EnginePlate
[LOG 14:50:38.391] Load MU model: SquadExpansion/MakingHistory/Parts/Coupling/Assets/InflatableAirlock
[LOG 14:50:38.392] Load MU model: SquadExpansion/MakingHistory/Parts/Coupling/Assets/Size1_5_Decoupler
[LOG 14:50:38.392] Load MU model: SquadExpansion/MakingHistory/Parts/Engine/Assets/KE-1
[LOG 14:50:38.396] Load MU model: SquadExpansion/MakingHistory/Parts/Engine/Assets/LV-T87
[LOG 14:50:38.398] Load MU model: SquadExpansion/MakingHistory/Parts/Engine/Assets/LV-T91
[LOG 14:50:38.399] Load MU model: SquadExpansion/MakingHistory/Parts/Engine/Assets/RE-I2
[LOG 14:50:38.401] Load MU model: SquadExpansion/MakingHistory/Parts/Engine/Assets/RE-J10
[LOG 14:50:38.403] Load MU model: SquadExpansion/MakingHistory/Parts/Engine/Assets/RK-7
[LOG 14:50:38.405] Load MU model: SquadExpansion/MakingHistory/Parts/Engine/Assets/RV-1
[LOG 14:50:38.405] Load MU model: SquadExpansion/MakingHistory/Parts/Engine/solidBoosterTHK/solidBoosterTHK
[LOG 14:50:38.406] Load MU model: SquadExpansion/MakingHistory/Parts/FuelTank/Assets/MiniMonoTank
[LOG 14:50:38.406] Load MU model: SquadExpansion/MakingHistory/Parts/FuelTank/Assets/Size1_5_Size0_Adapter_01
[LOG 14:50:38.406] Load MU model: SquadExpansion/MakingHistory/Parts/FuelTank/Assets/Size1_5_Size1_Adapter_01
[LOG 14:50:38.406] Load MU model: SquadExpansion/MakingHistory/Parts/FuelTank/Assets/Size1_5_Size1_Adapter_02
[LOG 14:50:38.406] Load MU model: SquadExpansion/MakingHistory/Parts/FuelTank/Assets/Size1_5_Size2_Adapter_01
[LOG 14:50:38.407] Load MU model: SquadExpansion/MakingHistory/Parts/FuelTank/Assets/Size1_5_Tank_01
[LOG 14:50:38.407] Load MU model: SquadExpansion/MakingHistory/Parts/FuelTank/Assets/Size1_5_Tank_02
[LOG 14:50:38.407] Load MU model: SquadExpansion/MakingHistory/Parts/FuelTank/Assets/Size1_5_Tank_03
[LOG 14:50:38.407] Load MU model: SquadExpansion/MakingHistory/Parts/FuelTank/Assets/Size1_5_Tank_04
[LOG 14:50:38.408] Load MU model: SquadExpansion/MakingHistory/Parts/FuelTank/Assets/Size1_5_Tank_05
[LOG 14:50:38.408] Load MU model: SquadExpansion/MakingHistory/Parts/FuelTank/Assets/Size3_Size4_Adapter_01
[LOG 14:50:38.409] Load MU model: SquadExpansion/MakingHistory/Parts/FuelTank/Assets/Size4_EngineAdapter_01
[LOG 14:50:38.409] Load MU model: SquadExpansion/MakingHistory/Parts/FuelTank/Assets/Size4_Tank_01
[LOG 14:50:38.410] Load MU model: SquadExpansion/MakingHistory/Parts/FuelTank/Assets/Size4_Tank_02
[LOG 14:50:38.410] Load MU model: SquadExpansion/MakingHistory/Parts/FuelTank/Assets/Size4_Tank_03
[LOG 14:50:38.410] Load MU model: SquadExpansion/MakingHistory/Parts/FuelTank/Assets/Size4_Tank_04
[LOG 14:50:38.411] Load MU model: SquadExpansion/MakingHistory/Parts/FuelTank/Assets/Size_1p5_Monoprop
[LOG 14:50:38.411] Load MU model: SquadExpansion/MakingHistory/Parts/Ground/Assets/RoverWheel
[WRN 14:50:38.412] WheelCollider requires an attached Rigidbody to function.
[WRN 14:50:38.412] WheelCollider requires an attached Rigidbody to function.
[LOG 14:50:38.412] Load MU model: SquadExpansion/MakingHistory/Parts/Payload/Assets/ServiceModule18
[LOG 14:50:38.413] Load MU model: SquadExpansion/MakingHistory/Parts/Payload/Assets/ServiceModule25
[LOG 14:50:38.414] Load MU model: SquadExpansion/MakingHistory/Parts/Payload/Assets/Size1to0ServiceModule
[LOG 14:50:38.414] Load MU model: SquadExpansion/MakingHistory/Parts/Pods/Assets/Mk2Pod
[LOG 14:50:38.415] Load MU model: SquadExpansion/MakingHistory/Parts/Pods/Assets/RoundPod
[LOG 14:50:38.415] Load MU model: SquadExpansion/MakingHistory/Parts/Pods/Assets/Size1_5_Lander
[LOG 14:50:38.416] Load MU model: SquadExpansion/MakingHistory/Parts/SharedAssets/Shroud1p5x0
[LOG 14:50:38.416] Load MU model: SquadExpansion/MakingHistory/Parts/SharedAssets/Shroud1p5x1
[LOG 14:50:38.416] Load MU model: SquadExpansion/MakingHistory/Parts/SharedAssets/Shroud1p5x2
[LOG 14:50:38.416] Load MU model: SquadExpansion/MakingHistory/Parts/SharedAssets/Shroud1p5x3
[LOG 14:50:38.417] Load MU model: SquadExpansion/MakingHistory/Parts/SharedAssets/Shroud1p5x4
[LOG 14:50:38.417] Load MU model: SquadExpansion/MakingHistory/Parts/SharedAssets/Shroud1x0
[LOG 14:50:38.417] Load MU model: SquadExpansion/MakingHistory/Parts/SharedAssets/Shroud1x1
[LOG 14:50:38.417] Load MU model: SquadExpansion/MakingHistory/Parts/SharedAssets/Shroud1x2
[LOG 14:50:38.417] Load MU model: SquadExpansion/MakingHistory/Parts/SharedAssets/Shroud1x3
[LOG 14:50:38.417] Load MU model: SquadExpansion/MakingHistory/Parts/SharedAssets/Shroud1x4
[LOG 14:50:38.417] Load MU model: SquadExpansion/MakingHistory/Parts/SharedAssets/Shroud2x0
[LOG 14:50:38.417] Load MU model: SquadExpansion/MakingHistory/Parts/SharedAssets/Shroud2x1
[LOG 14:50:38.418] Load MU model: SquadExpansion/MakingHistory/Parts/SharedAssets/Shroud2x2
[LOG 14:50:38.418] Load MU model: SquadExpansion/MakingHistory/Parts/SharedAssets/Shroud2x3
[LOG 14:50:38.418] Load MU model: SquadExpansion/MakingHistory/Parts/SharedAssets/Shroud2x4
[LOG 14:50:38.418] Load MU model: SquadExpansion/MakingHistory/Parts/SharedAssets/Shroud3x0
[LOG 14:50:38.418] Load MU model: SquadExpansion/MakingHistory/Parts/SharedAssets/Shroud3x1
[LOG 14:50:38.418] Load MU model: SquadExpansion/MakingHistory/Parts/SharedAssets/Shroud3x2
[LOG 14:50:38.418] Load MU model: SquadExpansion/MakingHistory/Parts/SharedAssets/Shroud3x3
[LOG 14:50:38.418] Load MU model: SquadExpansion/MakingHistory/Parts/SharedAssets/Shroud3x4
[LOG 14:50:38.419] Load MU model: SquadExpansion/MakingHistory/Parts/SharedAssets/Shroud4x0
[LOG 14:50:38.419] Load MU model: SquadExpansion/MakingHistory/Parts/SharedAssets/Shroud4x1
[LOG 14:50:38.419] Load MU model: SquadExpansion/MakingHistory/Parts/SharedAssets/Shroud4x2
[LOG 14:50:38.419] Load MU model: SquadExpansion/MakingHistory/Parts/SharedAssets/Shroud4x3
[LOG 14:50:38.419] Load MU model: SquadExpansion/MakingHistory/Parts/SharedAssets/Shroud4x4
[LOG 14:50:38.419] Load MU model: SquadExpansion/MakingHistory/Parts/SharedAssets/ShroudCollider0
[LOG 14:50:38.420] Load MU model: SquadExpansion/MakingHistory/Parts/SharedAssets/ShroudCollider1
[LOG 14:50:38.420] Load MU model: SquadExpansion/MakingHistory/Parts/SharedAssets/ShroudCollider1p5
[LOG 14:50:38.420] Load MU model: SquadExpansion/MakingHistory/Parts/SharedAssets/ShroudCollider2
[LOG 14:50:38.420] Load MU model: SquadExpansion/MakingHistory/Parts/SharedAssets/ShroudCollider3
[LOG 14:50:38.421] Load MU model: SquadExpansion/MakingHistory/Parts/SharedAssets/ShroudCollider4
[LOG 14:50:38.421] Load MU model: SquadExpansion/MakingHistory/Parts/Structural/Assets/EquiTriangle0
[LOG 14:50:38.421] Load MU model: SquadExpansion/MakingHistory/Parts/Structural/Assets/EquiTriangle1
[LOG 14:50:38.421] Load MU model: SquadExpansion/MakingHistory/Parts/Structural/Assets/EquiTriangle1p5
[LOG 14:50:38.421] Load MU model: SquadExpansion/MakingHistory/Parts/Structural/Assets/EquiTriangle2
[LOG 14:50:38.421] Load MU model: SquadExpansion/MakingHistory/Parts/Structural/Assets/Panel0
[LOG 14:50:38.422] Load MU model: SquadExpansion/MakingHistory/Parts/Structural/Assets/Panel1
[LOG 14:50:38.422] Load MU model: SquadExpansion/MakingHistory/Parts/Structural/Assets/Panel1p5
[LOG 14:50:38.422] Load MU model: SquadExpansion/MakingHistory/Parts/Structural/Assets/Panel2
[LOG 14:50:38.422] Load MU model: SquadExpansion/MakingHistory/Parts/Structural/Assets/Triangle0
[LOG 14:50:38.422] Load MU model: SquadExpansion/MakingHistory/Parts/Structural/Assets/Triangle1
[LOG 14:50:38.422] Load MU model: SquadExpansion/MakingHistory/Parts/Structural/Assets/Triangle1p5
[LOG 14:50:38.423] Load MU model: SquadExpansion/MakingHistory/Parts/Structural/Assets/Triangle2
[LOG 14:50:38.423] Load MU model: SquadExpansion/MakingHistory/Parts/Utility/flags/flagSize1p5/flagSize1p5Meshes
[LOG 14:50:38.424] Load MU model: SquadExpansion/MakingHistory/Parts/Utility/flags/flagSize4/flagSize4Meshes
[LOG 14:50:38.426] Load MU model: SquadExpansion/MakingHistory/Spaces/KVPods/Airlock_IVA
[LOG 14:50:38.426] Load MU model: SquadExpansion/MakingHistory/Spaces/KVPods/KV1_IVA
[LOG 14:50:38.427] Load MU model: SquadExpansion/MakingHistory/Spaces/KVPods/KV2_IVA
[LOG 14:50:38.429] Load MU model: SquadExpansion/MakingHistory/Spaces/KVPods/KV3_IVA
[LOG 14:50:38.431] Load MU model: SquadExpansion/MakingHistory/Spaces/MEM/MEM_IVA
[LOG 14:50:38.433] Load MU model: SquadExpansion/MakingHistory/Spaces/Mk2Pod/MK2POD_IVA
[LOG 14:50:38.435] Load MU model: SquadExpansion/Serenity/Parts/Aero/Assets/FanShroud_01
[LOG 14:50:38.436] Load MU model: SquadExpansion/Serenity/Parts/Aero/Assets/FanShroud_02
[LOG 14:50:38.437] Load MU model: SquadExpansion/Serenity/Parts/Aero/Assets/FanShroud_03
[LOG 14:50:38.437] Load MU model: SquadExpansion/Serenity/Parts/Aero/Assets/noseconeTiny
[LOG 14:50:38.438] Load MU model: SquadExpansion/Serenity/Parts/Aero/Assets/noseconeVS
[LOG 14:50:38.438] Load MU model: SquadExpansion/Serenity/Parts/DeployedScience/Assets/CentralStation
[LOG 14:50:38.440] Load MU model: SquadExpansion/Serenity/Parts/DeployedScience/Assets/GoExOb
[LOG 14:50:38.443] Load MU model: SquadExpansion/Serenity/Parts/DeployedScience/Assets/IonExperiment
[LOG 14:50:38.444] Load MU model: SquadExpansion/Serenity/Parts/DeployedScience/Assets/RTGCask
[LOG 14:50:38.445] Load MU model: SquadExpansion/Serenity/Parts/DeployedScience/Assets/satDish
[LOG 14:50:38.447] Load MU model: SquadExpansion/Serenity/Parts/DeployedScience/Assets/seismicSensor
[LOG 14:50:38.452] Load MU model: SquadExpansion/Serenity/Parts/DeployedScience/Assets/solarPanel
[LOG 14:50:38.454] Load MU model: SquadExpansion/Serenity/Parts/DeployedScience/Assets/WeatherStation
[LOG 14:50:38.457] Load MU model: SquadExpansion/Serenity/Parts/Propellers/Assets/largeFanBlade
[LOG 14:50:38.457] Load MU model: SquadExpansion/Serenity/Parts/Propellers/Assets/largeHeliBlade
[LOG 14:50:38.457] Load MU model: SquadExpansion/Serenity/Parts/Propellers/Assets/largePropeller
[LOG 14:50:38.458] Load MU model: SquadExpansion/Serenity/Parts/Propellers/Assets/mediumFanBlade
[LOG 14:50:38.458] Load MU model: SquadExpansion/Serenity/Parts/Propellers/Assets/mediumHeliBlade
[LOG 14:50:38.458] Load MU model: SquadExpansion/Serenity/Parts/Propellers/Assets/mediumPropeller
[LOG 14:50:38.458] Load MU model: SquadExpansion/Serenity/Parts/Propellers/Assets/smallFanBlade
[LOG 14:50:38.459] Load MU model: SquadExpansion/Serenity/Parts/Propellers/Assets/smallHeliBlade
[LOG 14:50:38.459] Load MU model: SquadExpansion/Serenity/Parts/Propellers/Assets/smallPropeller
[LOG 14:50:38.459] Load MU model: SquadExpansion/Serenity/Parts/Robotics/Assets/hinge_01
[LOG 14:50:38.459] Load MU model: SquadExpansion/Serenity/Parts/Robotics/Assets/hinge_01_s
[LOG 14:50:38.460] Load MU model: SquadExpansion/Serenity/Parts/Robotics/Assets/hinge_03
[LOG 14:50:38.460] Load MU model: SquadExpansion/Serenity/Parts/Robotics/Assets/hinge_03_s
[LOG 14:50:38.460] Load MU model: SquadExpansion/Serenity/Parts/Robotics/Assets/hinge_04
[LOG 14:50:38.461] Load MU model: SquadExpansion/Serenity/Parts/Robotics/Assets/piston_01
[LOG 14:50:38.461] Load MU model: SquadExpansion/Serenity/Parts/Robotics/Assets/piston_02
[LOG 14:50:38.461] Load MU model: SquadExpansion/Serenity/Parts/Robotics/Assets/piston_03
[LOG 14:50:38.462] Load MU model: SquadExpansion/Serenity/Parts/Robotics/Assets/piston_04
[LOG 14:50:38.462] Load MU model: SquadExpansion/Serenity/Parts/Robotics/Assets/RotorEngine_02
[LOG 14:50:38.463] Load MU model: SquadExpansion/Serenity/Parts/Robotics/Assets/RotorEngine_03
[LOG 14:50:38.464] Load MU model: SquadExpansion/Serenity/Parts/Robotics/Assets/rotor_01
[LOG 14:50:38.464] Load MU model: SquadExpansion/Serenity/Parts/Robotics/Assets/rotor_01s
[LOG 14:50:38.465] Load MU model: SquadExpansion/Serenity/Parts/Robotics/Assets/rotor_02
[LOG 14:50:38.465] Load MU model: SquadExpansion/Serenity/Parts/Robotics/Assets/rotor_02s
[LOG 14:50:38.467] Load MU model: SquadExpansion/Serenity/Parts/Robotics/Assets/rotor_03
[LOG 14:50:38.467] Load MU model: SquadExpansion/Serenity/Parts/Robotics/Assets/rotor_03s
[LOG 14:50:38.469] Load MU model: SquadExpansion/Serenity/Parts/Robotics/Assets/RotoServo_00
[LOG 14:50:38.469] Load MU model: SquadExpansion/Serenity/Parts/Robotics/Assets/RotoServo_02
[LOG 14:50:38.470] Load MU model: SquadExpansion/Serenity/Parts/Robotics/Assets/RotoServo_03
[LOG 14:50:38.470] Load MU model: SquadExpansion/Serenity/Parts/Robotics/Assets/RotoServo_04
[LOG 14:50:38.471] Load MU model: SquadExpansion/Serenity/Parts/Robotics/Controllers/controller1000
[LOG 14:50:38.471] Load MU model: SquadExpansion/Serenity/Parts/Science/RobotArmScanner/Assets/ROCArm_01
[LOG 14:50:38.472] Load MU model: SquadExpansion/Serenity/Parts/Science/RobotArmScanner/Assets/ROCArm_02
[LOG 14:50:38.473] Load MU model: SquadExpansion/Serenity/Parts/Science/RobotArmScanner/Assets/ROCArm_03
[LOG 14:50:38.476] Load MU model: SquadExpansion/Serenity/Parts/Structural/gripPads/Assets/lGripPad
[LOG 14:50:38.476] Load MU model: SquadExpansion/Serenity/Parts/Structural/gripPads/Assets/lGripStrip
[LOG 14:50:38.476] Load MU model: SquadExpansion/Serenity/Parts/Structural/gripPads/Assets/mGripPad
[LOG 14:50:38.477] Load MU model: SquadExpansion/Serenity/Parts/Structural/gripPads/Assets/sGripPad
[LOG 14:50:38.477] Load MU model: SquadExpansion/Serenity/Parts/Structural/gripPads/Assets/sGripStrip
[LOG 14:50:38.477] Loading Asset Bundle Definitions
[LOG 14:50:38.479] AssetLoader: Loading bundle definitions
[LOG 14:50:38.613] AssetLoader: Loaded bundle 'squadcore'
[LOG 14:50:38.614] AssetLoader: Loaded bundle 'squadcorefx'
[LOG 14:50:38.614] AssetLoader: Loaded mod bundle 'kspedia'
[LOG 14:50:38.614] AssetLoader: Loaded mod bundle 'kspedia_actionsets'
[LOG 14:50:38.615] AssetLoader: Loaded mod bundle 'kspedia_aircraft'
[LOG 14:50:38.615] AssetLoader: Loaded mod bundle 'kspedia_aircraftbasics'
[LOG 14:50:38.615] AssetLoader: Loaded mod bundle 'kspedia_aircraftbasicsbalance'
[LOG 14:50:38.616] AssetLoader: Loaded mod bundle 'kspedia_aircraftbasicsbalance2'
[LOG 14:50:38.616] AssetLoader: Loaded mod bundle 'kspedia_aircraftbasicscol'
[LOG 14:50:38.616] AssetLoader: Loaded mod bundle 'kspedia_aircraftbasicscontrol'
[LOG 14:50:38.617] AssetLoader: Loaded mod bundle 'kspedia_aircraftbasicscontrolsurfaces'
[LOG 14:50:38.617] AssetLoader: Loaded mod bundle 'kspedia_aircraftbasicsdrag'
[LOG 14:50:38.617] AssetLoader: Loaded mod bundle 'kspedia_aircraftbasicsengines'
[LOG 14:50:38.617] AssetLoader: Loaded mod bundle 'kspedia_aircraftbasicsforces'
[LOG 14:50:38.618] AssetLoader: Loaded mod bundle 'kspedia_aircraftbasicsintakes'
[LOG 14:50:38.618] AssetLoader: Loaded mod bundle 'kspedia_aircraftbasicslandinggear'
[LOG 14:50:38.618] AssetLoader: Loaded mod bundle 'kspedia_aircraftbasicslift'
[LOG 14:50:38.618] AssetLoader: Loaded mod bundle 'kspedia_axisgroups'
[LOG 14:50:38.619] AssetLoader: Loaded mod bundle 'kspedia_career'
[LOG 14:50:38.619] AssetLoader: Loaded mod bundle 'kspedia_careerbasicscontracts'
[LOG 14:50:38.619] AssetLoader: Loaded mod bundle 'kspedia_careerbasicscrew'
[LOG 14:50:38.620] AssetLoader: Loaded mod bundle 'kspedia_careerbasicscurrencies'
[LOG 14:50:38.620] AssetLoader: Loaded mod bundle 'kspedia_careerbasicsexperience'
[LOG 14:50:38.620] AssetLoader: Loaded mod bundle 'kspedia_careerbasicsfacilities'
[LOG 14:50:38.620] AssetLoader: Loaded mod bundle 'kspedia_careerbasicsstrategies'
[LOG 14:50:38.621] AssetLoader: Loaded mod bundle 'kspedia_careerbasicstechnology'
[LOG 14:50:38.621] AssetLoader: Loaded mod bundle 'kspedia_careerui-ac'
[LOG 14:50:38.621] AssetLoader: Loaded mod bundle 'kspedia_careerui-admin'
[LOG 14:50:38.622] AssetLoader: Loaded mod bundle 'kspedia_careerui-ksc'
[LOG 14:50:38.622] AssetLoader: Loaded mod bundle 'kspedia_careerui-mc'
[LOG 14:50:38.622] AssetLoader: Loaded mod bundle 'kspedia_careerui-sciencearchives'
[LOG 14:50:38.622] AssetLoader: Loaded mod bundle 'kspedia_careerui-techtree'
[LOG 14:50:38.623] AssetLoader: Loaded mod bundle 'kspedia_careerui-ts'
[LOG 14:50:38.623] AssetLoader: Loaded mod bundle 'kspedia_careerui'
[LOG 14:50:38.623] AssetLoader: Loaded mod bundle 'kspedia_cargoapp'
[LOG 14:50:38.624] AssetLoader: Loaded mod bundle 'kspedia_cargomode'
[LOG 14:50:38.624] AssetLoader: Loaded mod bundle 'kspedia_cargosystem-placeableparts'
[LOG 14:50:38.624] AssetLoader: Loaded mod bundle 'kspedia_cargosystem'
[LOG 14:50:38.624] AssetLoader: Loaded mod bundle 'kspedia_chute'
[LOG 14:50:38.625] AssetLoader: Loaded mod bundle 'kspedia_commnet'
[LOG 14:50:38.625] AssetLoader: Loaded mod bundle 'kspedia_commnetbasics'
[LOG 14:50:38.625] AssetLoader: Loaded mod bundle 'kspedia_commnetbuildingeffectivenetworks'
[LOG 14:50:38.625] AssetLoader: Loaded mod bundle 'kspedia_commnetcalculatingrange'
[LOG 14:50:38.626] AssetLoader: Loaded mod bundle 'kspedia_commnetcontrollevels'
[LOG 14:50:38.626] AssetLoader: Loaded mod bundle 'kspedia_commnetcontrollinks'
[LOG 14:50:38.626] AssetLoader: Loaded mod bundle 'kspedia_commnetcontrolpoints'
[LOG 14:50:38.626] AssetLoader: Loaded mod bundle 'kspedia_commnetgui'
[LOG 14:50:38.627] AssetLoader: Loaded mod bundle 'kspedia_commnetgui01'
[LOG 14:50:38.627] AssetLoader: Loaded mod bundle 'kspedia_commnetgui02'
[LOG 14:50:38.627] AssetLoader: Loaded mod bundle 'kspedia_commnetrange'
[LOG 14:50:38.627] AssetLoader: Loaded mod bundle 'kspedia_commnetrelays'
[LOG 14:50:38.627] AssetLoader: Loaded mod bundle 'kspedia_commnetsciencetransmission'
[LOG 14:50:38.628] AssetLoader: Loaded mod bundle 'kspedia_commnetsignalstrength'
[LOG 14:50:38.628] AssetLoader: Loaded mod bundle 'kspedia_commnettransmission'
[LOG 14:50:38.628] AssetLoader: Loaded mod bundle 'kspedia_constructionui-actiongroups'
[LOG 14:50:38.628] AssetLoader: Loaded mod bundle 'kspedia_constructionui-applauncher'
[LOG 14:50:38.629] AssetLoader: Loaded mod bundle 'kspedia_constructionui-crew'
[LOG 14:50:38.629] AssetLoader: Loaded mod bundle 'kspedia_constructionui-engineersreport'
[LOG 14:50:38.629] AssetLoader: Loaded mod bundle 'kspedia_constructionui-gizmos'
[LOG 14:50:38.630] AssetLoader: Loaded mod bundle 'kspedia_constructionui-infos'
[LOG 14:50:38.630] AssetLoader: Loaded mod bundle 'kspedia_constructionui-partdetails'
[LOG 14:50:38.630] AssetLoader: Loaded mod bundle 'kspedia_constructionui-parts'
[LOG 14:50:38.630] AssetLoader: Loaded mod bundle 'kspedia_constructionui-symmetry'
[LOG 14:50:38.631] AssetLoader: Loaded mod bundle 'kspedia_constructionui-vesseldetails'
[LOG 14:50:38.631] AssetLoader: Loaded mod bundle 'kspedia_constructionui'
[LOG 14:50:38.631] AssetLoader: Loaded mod bundle 'kspedia_controls-dockingmode'
[LOG 14:50:38.631] AssetLoader: Loaded mod bundle 'kspedia_controls-editor'
[LOG 14:50:38.632] AssetLoader: Loaded mod bundle 'kspedia_controls-editorgizmos'
[LOG 14:50:38.632] AssetLoader: Loaded mod bundle 'kspedia_controls-eva'
[LOG 14:50:38.632] AssetLoader: Loaded mod bundle 'kspedia_controls-flight'
[LOG 14:50:38.633] AssetLoader: Loaded mod bundle 'kspedia_controls-flightactivities'
[LOG 14:50:38.633] AssetLoader: Loaded mod bundle 'kspedia_controls-flightdirections'
[LOG 14:50:38.633] AssetLoader: Loaded mod bundle 'kspedia_controls-general'
[LOG 14:50:38.633] AssetLoader: Loaded mod bundle 'kspedia_controls-mapandtime'
[LOG 14:50:38.634] AssetLoader: Loaded mod bundle 'kspedia_controls-mouseconstruction'
[LOG 14:50:38.634] AssetLoader: Loaded mod bundle 'kspedia_controls-mouseflight'
[LOG 14:50:38.634] AssetLoader: Loaded mod bundle 'kspedia_controls-rcs'
[LOG 14:50:38.634] AssetLoader: Loaded mod bundle 'kspedia_controls'
[LOG 14:50:38.635] AssetLoader: Loaded mod bundle 'kspedia_eastereggs'
[LOG 14:50:38.635] AssetLoader: Loaded mod bundle 'kspedia_evaconstructionmode'
[LOG 14:50:38.635] AssetLoader: Loaded mod bundle 'kspedia_facilities-ac'
[LOG 14:50:38.635] AssetLoader: Loaded mod bundle 'kspedia_facilities-admin'
[LOG 14:50:38.636] AssetLoader: Loaded mod bundle 'kspedia_facilities-context'
[LOG 14:50:38.636] AssetLoader: Loaded mod bundle 'kspedia_facilities-ksc'
[LOG 14:50:38.636] AssetLoader: Loaded mod bundle 'kspedia_facilities-launchpad'
[LOG 14:50:38.636] AssetLoader: Loaded mod bundle 'kspedia_facilities-mc'
[LOG 14:50:38.637] AssetLoader: Loaded mod bundle 'kspedia_facilities-randd'
[LOG 14:50:38.637] AssetLoader: Loaded mod bundle 'kspedia_facilities-runway'
[LOG 14:50:38.637] AssetLoader: Loaded mod bundle 'kspedia_facilities-sph'
[LOG 14:50:38.637] AssetLoader: Loaded mod bundle 'kspedia_facilities-ts'
[LOG 14:50:38.638] AssetLoader: Loaded mod bundle 'kspedia_facilities-vab'
[LOG 14:50:38.638] AssetLoader: Loaded mod bundle 'kspedia_flightui-altimeter'
[LOG 14:50:38.638] AssetLoader: Loaded mod bundle 'kspedia_flightui-applauncher'
[LOG 14:50:38.638] AssetLoader: Loaded mod bundle 'kspedia_flightui-evaactivities'
[LOG 14:50:38.639] AssetLoader: Loaded mod bundle 'kspedia_flightui-maneuvermodeeditor'
[LOG 14:50:38.639] AssetLoader: Loaded mod bundle 'kspedia_flightui-maneuvermodeeditorcont'
[LOG 14:50:38.639] AssetLoader: Loaded mod bundle 'kspedia_flightui-maneuvermodeorbit'
[LOG 14:50:38.639] AssetLoader: Loaded mod bundle 'kspedia_flightui-maneuvertoolinfo'
[LOG 14:50:38.639] AssetLoader: Loaded mod bundle 'kspedia_flightui-maneuvertoolmain'
[LOG 14:50:38.640] AssetLoader: Loaded mod bundle 'kspedia_flightui-modecontrol'
[LOG 14:50:38.640] AssetLoader: Loaded mod bundle 'kspedia_flightui-navball'
[LOG 14:50:38.640] AssetLoader: Loaded mod bundle 'kspedia_flightui-partrepairs'
[LOG 14:50:38.640] AssetLoader: Loaded mod bundle 'kspedia_flightui-portraits'
[LOG 14:50:38.641] AssetLoader: Loaded mod bundle 'kspedia_flightui-staging'
[LOG 14:50:38.641] AssetLoader: Loaded mod bundle 'kspedia_flightui-timeandaction'
[LOG 14:50:38.641] AssetLoader: Loaded mod bundle 'kspedia_flightui'
[LOG 14:50:38.641] AssetLoader: Loaded mod bundle 'kspedia_heat'
[LOG 14:50:38.642] AssetLoader: Loaded mod bundle 'kspedia_heatactiveradiators'
[LOG 14:50:38.642] AssetLoader: Loaded mod bundle 'kspedia_heatengines'
[LOG 14:50:38.642] AssetLoader: Loaded mod bundle 'kspedia_heatflow'
[LOG 14:50:38.643] AssetLoader: Loaded mod bundle 'kspedia_heatpart'
[LOG 14:50:38.643] AssetLoader: Loaded mod bundle 'kspedia_heatpassiveradiators'
[LOG 14:50:38.643] AssetLoader: Loaded mod bundle 'kspedia_heatshields'
[LOG 14:50:38.643] AssetLoader: Loaded mod bundle 'kspedia_kerbnet'
[LOG 14:50:38.644] AssetLoader: Loaded mod bundle 'kspedia_kerbnetinterface'
[LOG 14:50:38.644] AssetLoader: Loaded mod bundle 'kspedia_kerbnetmodes'
[LOG 14:50:38.644] AssetLoader: Loaded mod bundle 'kspedia_kerbnetwaypoints'
[LOG 14:50:38.644] AssetLoader: Loaded mod bundle 'kspedia_locations'
[LOG 14:50:38.645] AssetLoader: Loaded mod bundle 'kspedia_manual'
[LOG 14:50:38.645] AssetLoader: Loaded mod bundle 'kspedia_mapui-alarmclockcreation'
[LOG 14:50:38.645] AssetLoader: Loaded mod bundle 'kspedia_mapui-alarmclockmain'
[LOG 14:50:38.646] AssetLoader: Loaded mod bundle 'kspedia_mapui-burnindicator'
[LOG 14:50:38.646] AssetLoader: Loaded mod bundle 'kspedia_mapui-dvtoolsflight'
[LOG 14:50:38.646] AssetLoader: Loaded mod bundle 'kspedia_mapui-dvtoolsvab'
[LOG 14:50:38.646] AssetLoader: Loaded mod bundle 'kspedia_mapui-mannodes'
[LOG 14:50:38.647] AssetLoader: Loaded mod bundle 'kspedia_mapui-orbitnodes'
[LOG 14:50:38.647] AssetLoader: Loaded mod bundle 'kspedia_mapui-orbitnodes2'
[LOG 14:50:38.647] AssetLoader: Loaded mod bundle 'kspedia_mapui'
[LOG 14:50:38.647] AssetLoader: Loaded mod bundle 'kspedia_orbitalbasics-atmosphere'
[LOG 14:50:38.648] AssetLoader: Loaded mod bundle 'kspedia_orbitalbasics-gettingbackdown'
[LOG 14:50:38.648] AssetLoader: Loaded mod bundle 'kspedia_orbitalbasics-gettingupthere'
[LOG 14:50:38.648] AssetLoader: Loaded mod bundle 'kspedia_orbitalbasics-gravityturn'
[LOG 14:50:38.648] AssetLoader: Loaded mod bundle 'kspedia_orbitalbasics-orbits'
[LOG 14:50:38.648] AssetLoader: Loaded mod bundle 'kspedia_orbitalbasics-stayingupthere'
[LOG 14:50:38.649] AssetLoader: Loaded mod bundle 'kspedia_orbitalbasics'
[LOG 14:50:38.649] AssetLoader: Loaded mod bundle 'kspedia_orbitaldefinitions-appe'
[LOG 14:50:38.649] AssetLoader: Loaded mod bundle 'kspedia_orbitaldefinitions-dirandinc'
[LOG 14:50:38.649] AssetLoader: Loaded mod bundle 'kspedia_orbitaldefinitions-directions'
[LOG 14:50:38.650] AssetLoader: Loaded mod bundle 'kspedia_orbitaldefinitions-eccentricity'
[LOG 14:50:38.650] AssetLoader: Loaded mod bundle 'kspedia_orbitaldefinitions'
[LOG 14:50:38.650] AssetLoader: Loaded mod bundle 'kspedia_orbitalmaneuvers-adjustinginclination'
[LOG 14:50:38.650] AssetLoader: Loaded mod bundle 'kspedia_orbitalmaneuvers-deltav'
[LOG 14:50:38.651] AssetLoader: Loaded mod bundle 'kspedia_orbitalmaneuvers-efficiency'
[LOG 14:50:38.651] AssetLoader: Loaded mod bundle 'kspedia_orbitalmaneuvers-hohmanntransfer'
[LOG 14:50:38.651] AssetLoader: Loaded mod bundle 'kspedia_orbitalmaneuvers-hohmanntransfer2'
[LOG 14:50:38.651] AssetLoader: Loaded mod bundle 'kspedia_orbitalmaneuvers-orbittypes'
[LOG 14:50:38.652] AssetLoader: Loaded mod bundle 'kspedia_orbitalmaneuvers-radandantirad'
[LOG 14:50:38.652] AssetLoader: Loaded mod bundle 'kspedia_orbitalmaneuvers-shapingup'
[LOG 14:50:38.652] AssetLoader: Loaded mod bundle 'kspedia_orbitalmaneuvers'
[LOG 14:50:38.652] AssetLoader: Loaded mod bundle 'kspedia_planets-dres'
[LOG 14:50:38.653] AssetLoader: Loaded mod bundle 'kspedia_planets-duna'
[LOG 14:50:38.653] AssetLoader: Loaded mod bundle 'kspedia_planets-eeloo'
[LOG 14:50:38.653] AssetLoader: Loaded mod bundle 'kspedia_planets-eve'
[LOG 14:50:38.653] AssetLoader: Loaded mod bundle 'kspedia_planets-jool'
[LOG 14:50:38.654] AssetLoader: Loaded mod bundle 'kspedia_planets-kerbin'
[LOG 14:50:38.654] AssetLoader: Loaded mod bundle 'kspedia_planets-moho'
[LOG 14:50:38.654] AssetLoader: Loaded mod bundle 'kspedia_planets-sun'
[LOG 14:50:38.655] AssetLoader: Loaded mod bundle 'kspedia_planets-system'
[LOG 14:50:38.655] AssetLoader: Loaded mod bundle 'kspedia_resources-asteroidmining'
[LOG 14:50:38.655] AssetLoader: Loaded mod bundle 'kspedia_resources-conversionmanagement'
[LOG 14:50:38.656] AssetLoader: Loaded mod bundle 'kspedia_resources-drilling'
[LOG 14:50:38.656] AssetLoader: Loaded mod bundle 'kspedia_resources-findingit'
[LOG 14:50:38.656] AssetLoader: Loaded mod bundle 'kspedia_resources-findingit2'
[LOG 14:50:38.657] AssetLoader: Loaded mod bundle 'kspedia_resources-storageandconversion'
[LOG 14:50:38.657] AssetLoader: Loaded mod bundle 'kspedia_resources'
[LOG 14:50:38.657] AssetLoader: Loaded mod bundle 'kspedia_rocketry'
[LOG 14:50:38.658] AssetLoader: Loaded mod bundle 'kspedia_rocketryadvanced-fairings'
[LOG 14:50:38.658] AssetLoader: Loaded mod bundle 'kspedia_rocketryadvanced-girders'
[LOG 14:50:38.658] AssetLoader: Loaded mod bundle 'kspedia_rocketryadvanced'
[LOG 14:50:38.659] AssetLoader: Loaded mod bundle 'kspedia_rocketrybasics'
[LOG 14:50:38.659] AssetLoader: Loaded mod bundle 'kspedia_rocketrybasicsaero'
[LOG 14:50:38.659] AssetLoader: Loaded mod bundle 'kspedia_rocketrybasicscentered'
[LOG 14:50:38.660] AssetLoader: Loaded mod bundle 'kspedia_rocketrybasicschutes'
[LOG 14:50:38.660] AssetLoader: Loaded mod bundle 'kspedia_rocketrybasicscontrol'
[LOG 14:50:38.661] AssetLoader: Loaded mod bundle 'kspedia_rocketrybasicsecrecharging'
[LOG 14:50:38.661] AssetLoader: Loaded mod bundle 'kspedia_rocketrybasicsengines'
[LOG 14:50:38.661] AssetLoader: Loaded mod bundle 'kspedia_rocketrybasicsforces'
[LOG 14:50:38.662] AssetLoader: Loaded mod bundle 'kspedia_rocketrybasicshatchesandladders'
[LOG 14:50:38.662] AssetLoader: Loaded mod bundle 'kspedia_rocketrybasicshibernation'
[LOG 14:50:38.662] AssetLoader: Loaded mod bundle 'kspedia_rocketrybasicsresources'
[LOG 14:50:38.662] AssetLoader: Loaded mod bundle 'kspedia_rocketrybasicsservicecontainers'
[LOG 14:50:38.663] AssetLoader: Loaded mod bundle 'kspedia_rocketrybasicsstability'
[LOG 14:50:38.663] AssetLoader: Loaded mod bundle 'kspedia_rocketrybasicsstabilityassist'
[LOG 14:50:38.663] AssetLoader: Loaded mod bundle 'kspedia_rocketrybasicsstaging'
[LOG 14:50:38.663] AssetLoader: Loaded mod bundle 'kspedia_rocketrybasicssymmetry'
[LOG 14:50:38.664] AssetLoader: Loaded mod bundle 'kspedia_science'
[LOG 14:50:38.664] AssetLoader: Loaded mod bundle 'kspedia_sciencedata'
[LOG 14:50:38.664] AssetLoader: Loaded mod bundle 'kspedia_scienceexperiments'
[LOG 14:50:38.664] AssetLoader: Loaded mod bundle 'kspedia_sciencelab'
[LOG 14:50:38.665] AssetLoader: Loaded mod bundle 'kspedia_sciencetransmitted'
[LOG 14:50:38.665] AssetLoader: Loaded mod bundle 'kspedia_spacetravel'
[LOG 14:50:38.665] AssetLoader: Loaded mod bundle 'kspedia_variantswitcher'
[LOG 14:50:38.666] AssetLoader: Loaded mod bundle 'kspfonts'
[LOG 14:50:38.808] AssetLoader: Loaded bundle 'squadcore'
[LOG 14:50:38.809] AssetLoader: Loaded bundle 'squadcorefx'
[LOG 14:50:38.809] AssetLoader: Loaded mod bundle 'kspedia_builder'
[LOG 14:50:38.810] AssetLoader: Loaded mod bundle 'kspedia_buildertoolbar'
[LOG 14:50:38.810] AssetLoader: Loaded mod bundle 'kspedia_canvas'
[LOG 14:50:38.810] AssetLoader: Loaded mod bundle 'kspedia_exportingvalidation'
[LOG 14:50:38.811] AssetLoader: Loaded mod bundle 'kspedia_flight'
[LOG 14:50:38.811] AssetLoader: Loaded mod bundle 'kspedia_flightapp'
[LOG 14:50:38.811] AssetLoader: Loaded mod bundle 'kspedia_gap'
[LOG 14:50:38.812] AssetLoader: Loaded mod bundle 'kspedia_gaptools'
[LOG 14:50:38.812] AssetLoader: Loaded mod bundle 'kspedia_makinghistory'
[LOG 14:50:38.812] AssetLoader: Loaded mod bundle 'kspedia_missionbriefing'
[LOG 14:50:38.812] AssetLoader: Loaded mod bundle 'kspedia_nodedocking'
[LOG 14:50:38.813] AssetLoader: Loaded mod bundle 'kspedia_nodesconnectors'
[LOG 14:50:38.813] AssetLoader: Loaded mod bundle 'kspedia_sap'
[LOG 14:50:38.813] AssetLoader: Loaded mod bundle 'kspedia_sidebar'
[LOG 14:50:38.814] AssetLoader: Loaded mod bundle 'kspedia_testingcheckpoints'
[LOG 14:50:38.814] AssetLoader: Loaded bundle 'makinghistory'
[LOG 14:50:38.814] AssetLoader: Loaded mod bundle 'kspedia_bladecyclic-collective-behaviour'
[LOG 14:50:38.814] AssetLoader: Loaded mod bundle 'kspedia_bladecyclic-collective-controls'
[LOG 14:50:38.815] AssetLoader: Loaded mod bundle 'kspedia_deployedscience-experiments'
[LOG 14:50:38.815] AssetLoader: Loaded mod bundle 'kspedia_deployedscience'
[LOG 14:50:38.815] AssetLoader: Loaded mod bundle 'kspedia_grippads'
[LOG 14:50:38.816] AssetLoader: Loaded mod bundle 'kspedia_layindtracks'
[LOG 14:50:38.816] AssetLoader: Loaded mod bundle 'kspedia_propellers'
[LOG 14:50:38.816] AssetLoader: Loaded mod bundle 'kspedia_propellersaerodynamics'
[LOG 14:50:38.817] AssetLoader: Loaded mod bundle 'kspedia_roboticcontroller'
[LOG 14:50:38.817] AssetLoader: Loaded mod bundle 'kspedia_roboticparts'
[LOG 14:50:38.817] AssetLoader: Loaded mod bundle 'kspedia_surface features-overview'
[LOG 14:50:38.817] AssetLoader: Loaded mod bundle 'kspedia_surface features-roverarmdetails'
[LOG 14:50:38.818] AssetLoader: Loaded mod bundle 'kspedia_trackeditor'
[LOG 14:50:38.818] AssetLoader: Loaded mod bundle 'kspedia_trackeditortoolbar'
[LOG 14:50:38.819] AssetLoader: Loaded mod bundle 'serenity'
[LOG 14:50:38.820] AssetLoader: Finished loading. 226 bundle definitions loaded.
[LOG 14:50:38.820] Compiling Configs:
[LOG 14:50:38.820] Config(PHYSICSGLOBALS) /Physics/PHYSICSGLOBALS
[LOG 14:50:38.820] Config(KSP_COMMUNITY_FIXES) KSPCommunityFixes/Settings/KSP_COMMUNITY_FIXES
[LOG 14:50:38.821] Config(Localization) KSPCommunityFixes/Localization/en-us/Localization
[LOG 14:50:38.821] Config(Localization) KSPCommunityFixes/Localization/fr-fr/Localization
[LOG 14:50:38.821] Config(Localization) KSPCommunityFixes/Localization/ru/Localization
[LOG 14:50:38.821] Config(Localization) KSPCommunityFixes/Localization/zh-cn/Localization
[LOG 14:50:38.821] Config(@PART[*]:HAS[@MODULE[ModuleDockingNodeFixed]]:NEEDS[FixDockingNodes]:FINAL) KSPCommunityFixes/MMPatches/ModSupport/FixDockingNodes/@PART[*]:HAS[@MODULE[ModuleDockingNodeFixed]]:NEEDS[FixDockingNodes]:FINAL
[LOG 14:50:38.821] Config(@PART[*]:HAS[@MODULE[Refunding]]:LAST[999_KSP-Recall]) KSPCommunityFixes/MMPatches/ModSupport/KSPRecall/@PART[*]:HAS[@MODULE[Refunding]]:LAST[999_KSP-Recall]
[LOG 14:50:38.821] Config(@PART[*]:HAS[#hasRefundingOnRecovery[?rue]]:LAST[999_KSP-Recall]) KSPCommunityFixes/MMPatches/ModSupport/KSPRecall/@PART[*]:HAS[#hasRefundingOnRecovery[?rue]]:LAST[999_KSP-Recall]
[LOG 14:50:38.821] Config(@PART[*]:HAS[#hasRefundingOnRecovery]:LAST[999_KSP-Recall]) KSPCommunityFixes/MMPatches/ModSupport/KSPRecall/@PART[*]:HAS[#hasRefundingOnRecovery]:LAST[999_KSP-Recall]
[LOG 14:50:38.821] Config(@KSP-Recall:LAST[999_KSP-Recall]) KSPCommunityFixes/MMPatches/ModSupport/KSPRecall/@KSP-Recall:LAST[999_KSP-Recall]
[LOG 14:50:38.821] Config(@KSP-Recall:HAS[#hasRefundingOnRecovery[?rue]]:LAST[999_KSP-Recall]) KSPCommunityFixes/MMPatches/ModSupport/KSPRecall/@KSP-Recall:HAS[#hasRefundingOnRecovery[?rue]]:LAST[999_KSP-Recall]
[LOG 14:50:38.821] Config(@KSP-Recall:HAS[#hasRefundingOnRecovery]:LAST[999_KSP-Recall]) KSPCommunityFixes/MMPatches/ModSupport/KSPRecall/@KSP-Recall:HAS[#hasRefundingOnRecovery]:LAST[999_KSP-Recall]
[LOG 14:50:38.821] Config(@KSP_COMMUNITY_FIXES:NEEDS[AttachedOnEditor]) KSPCommunityFixes/MMPatches/ModSupport/KSPRecall/@KSP_COMMUNITY_FIXES:NEEDS[AttachedOnEditor]
[LOG 14:50:38.821] Config(@KSP_COMMUNITY_FIXES:NEEDS[UniversalStorage2]) KSPCommunityFixes/MMPatches/ModSupport/UniversalStorage/@KSP_COMMUNITY_FIXES:NEEDS[UniversalStorage2]
[LOG 14:50:38.821] Config(@PART[telescopicLadderBay]:FIRST) KSPCommunityFixes/MMPatches/StockTweaks/LadderToggleableLight/@PART[telescopicLadderBay]:FIRST
[LOG 14:50:38.821] Config(@PART[telescopicLadderBay]:HAS[#LadderToggleableLight[?rue]]:FIRST) KSPCommunityFixes/MMPatches/StockTweaks/LadderToggleableLight/@PART[telescopicLadderBay]:HAS[#LadderToggleableLight[?rue]]:FIRST
[LOG 14:50:38.821] Config(@PART[telescopicLadderBay]:HAS[#LadderToggleableLight]:FIRST) KSPCommunityFixes/MMPatches/StockTweaks/LadderToggleableLight/@PART[telescopicLadderBay]:HAS[#LadderToggleableLight]:FIRST
[LOG 14:50:38.821] Config(@PART[GearSmall]:FIRST) KSPCommunityFixes/MMPatches/StockTweaks/LandingGearLights/@PART[GearSmall]:FIRST
[LOG 14:50:38.821] Config(@PART[SmallGearBay]:FIRST) KSPCommunityFixes/MMPatches/StockTweaks/LandingGearLights/@PART[SmallGearBay]:FIRST
[LOG 14:50:38.821] Config(@PART[sasModule]:FOR[KSPCommunityFixes]) KSPCommunityFixes/MMPatches/StockTweaks/ManufacturerFixes/@PART[sasModule]:FOR[KSPCommunityFixes]
[LOG 14:50:38.821] Config(@PART[xenonTankRadial]:FOR[KSPCommunityFixes]) KSPCommunityFixes/MMPatches/StockTweaks/ManufacturerFixes/@PART[xenonTankRadial]:FOR[KSPCommunityFixes]
[LOG 14:50:38.821] Config(@PART[winglet|fireworksLauncherSmall|fireworksLauncherBig]:FOR[KSPCommunityFixes]) KSPCommunityFixes/MMPatches/StockTweaks/ManufacturerFixes/@PART[winglet|fireworksLauncherSmall|fireworksLauncherBig]:FOR[KSPCommunityFixes]
[LOG 14:50:38.821] Config(@PART[solidBooster_sm_v2|solidBooster_v2]:FOR[KSPCommunityFixes]) KSPCommunityFixes/MMPatches/StockTweaks/ManufacturerFixes/@PART[solidBooster_sm_v2|solidBooster_v2]:FOR[KSPCommunityFixes]
[LOG 14:50:38.821] Config(@PART[ServiceBay_125_v2|ServiceBay_250_v2]:FOR[KSPCommunityFixes]) KSPCommunityFixes/MMPatches/StockTweaks/ManufacturerFixes/@PART[ServiceBay_125_v2|ServiceBay_250_v2]:FOR[KSPCommunityFixes]
[LOG 14:50:38.821] Config(@PART[externalTankCapsule]:FOR[KSPCommunityFixes]) KSPCommunityFixes/MMPatches/StockTweaks/ManufacturerFixes/@PART[externalTankCapsule]:FOR[KSPCommunityFixes]
[LOG 14:50:38.821] Config(@PART[RCSFuelTank|rcsTankMini|RCSTank1-2]:FOR[KSPCommunityFixes]) KSPCommunityFixes/MMPatches/StockTweaks/ManufacturerFixes/@PART[RCSFuelTank|rcsTankMini|RCSTank1-2]:FOR[KSPCommunityFixes]
[LOG 14:50:38.821] Config(@PART[landerCabinSmall]:FOR[KSPCommunityFixes]) KSPCommunityFixes/MMPatches/StockTweaks/ManufacturerFixes/@PART[landerCabinSmall]:FOR[KSPCommunityFixes]
[LOG 14:50:38.821] Config(@PART[dockingPortLateral]:FOR[KSPCommunityFixes]) KSPCommunityFixes/MMPatches/StockTweaks/ManufacturerFixes/@PART[dockingPortLateral]:FOR[KSPCommunityFixes]
[LOG 14:50:38.822] Config(@PART[EnginePlate4]:FOR[KSPCommunityFixes]:NEEDS[SquadExpansion/MakingHistory]) KSPCommunityFixes/MMPatches/StockTweaks/ManufacturerFixes/@PART[EnginePlate4]:FOR[KSPCommunityFixes]:NEEDS[SquadExpansion/MakingHistory]
[LOG 14:50:38.822] Config(@PART[Mk2Pod]:FOR[KSPCommunityFixes]:NEEDS[SquadExpansion/MakingHistory]) KSPCommunityFixes/MMPatches/StockTweaks/ManufacturerFixes/@PART[Mk2Pod]:FOR[KSPCommunityFixes]:NEEDS[SquadExpansion/MakingHistory]
[LOG 14:50:38.822] Config(@PART[evaChute|parachuteSingle|parachuteRadial|radialDrogue|parachuteLarge|parachuteDrogue]:FOR[KSPCommunityFixes]) KSPCommunityFixes/MMPatches/StockTweaks/ManufacturerFixes/@PART[evaChute|parachuteSingle|parachuteRadial|radialDrogue|parachuteLarge|parachuteDrogue]:FOR[KSPCommunityFixes]
[LOG 14:50:38.822] Config(@PART[stackPoint1|dockingPort1|dockingPort2|dockingPort3|dockingPortLarge]:FOR[KSPCommunityFixes]) KSPCommunityFixes/MMPatches/StockTweaks/ManufacturerFixes/@PART[stackPoint1|dockingPort1|dockingPort2|dockingPort3|dockingPortLarge]:FOR[KSPCommunityFixes]
[LOG 14:50:38.822] Config(AGENT) KSPCommunityFixes/MMPatches/StockTweaks/ManufacturerFixes/Clamp-O-Tron
[LOG 14:50:38.822] Config(AGENT) KSPCommunityFixes/MMPatches/StockTweaks/ManufacturerFixes/FreeFall Parachutes
[LOG 14:50:38.822] Config(AGENT) KSPCommunityFixes/MMPatches/StockTweaks/ManufacturerFixes/LightYear Tire Company
[LOG 14:50:38.822] Config(AGENT) KSPCommunityFixes/MMPatches/StockTweaks/ManufacturerFixes/Stratus Corporation
[LOG 14:50:38.822] Config(Localization) KSPCommunityFixes/MMPatches/StockTweaks/ManufacturerFixes/Localization
[LOG 14:50:38.822] Config(AGENT) Squad/Agencies/Agents/C7 Aerospace Division
[LOG 14:50:38.822] Config(AGENT) Squad/Agencies/Agents/Dinkelstein Kerman's Construction Emporium
[LOG 14:50:38.822] Config(AGENT) Squad/Agencies/Agents/Experimental Engineering Group
[LOG 14:50:38.822] Config(AGENT) Squad/Agencies/Agents/FLOOYD Dynamics Research Labs
[LOG 14:50:38.822] Config(AGENT) Squad/Agencies/Agents/Goliath National Products
[LOG 14:50:38.822] Config(AGENT) Squad/Agencies/Agents/Integrated Integrals
[LOG 14:50:38.822] Config(AGENT) Squad/Agencies/Agents/Ionic Symphonic Protonic Electronics
[LOG 14:50:38.822] Config(AGENT) Squad/Agencies/Agents/Jebediah Kerman's Junkyard and Spacecraft Parts Co
[LOG 14:50:38.822] Config(AGENT) Squad/Agencies/Agents/Kerbal Motion LLC
[LOG 14:50:38.822] Config(AGENT) Squad/Agencies/Agents/Kerbin World-Firsts Record-Keeping Society
[LOG 14:50:38.822] Config(AGENT) Squad/Agencies/Agents/Kerbodyne
[LOG 14:50:38.822] Config(AGENT) Squad/Agencies/Agents/Kerlington Model Rockets and Paper Products Inc
[LOG 14:50:38.822] Config(AGENT) Squad/Agencies/Agents/Maxo Construction Toys
[LOG 14:50:38.822] Config(AGENT) Squad/Agencies/Agents/Moving Parts Experts Group
[LOG 14:50:38.822] Config(AGENT) Squad/Agencies/Agents/O.M.B. Demolition Enterprises
[LOG 14:50:38.822] Config(AGENT) Squad/Agencies/Agents/Periapsis Rocket Supplies Co
[LOG 14:50:38.822] Config(AGENT) Squad/Agencies/Agents/Probodobodyne Inc
[LOG 14:50:38.822] Config(AGENT) Squad/Agencies/Agents/Research & Development Department
[LOG 14:50:38.822] Config(AGENT) Squad/Agencies/Agents/Reaction Systems Ltd
[LOG 14:50:38.823] Config(AGENT) Squad/Agencies/Agents/Rockomax Conglomerate
[LOG 14:50:38.823] Config(AGENT) Squad/Agencies/Agents/Rokea Inc
[LOG 14:50:38.823] Config(AGENT) Squad/Agencies/Agents/Sean's Cannery
[LOG 14:50:38.823] Config(AGENT) Squad/Agencies/Agents/STEADLER Engineering Corps
[LOG 14:50:38.823] Config(AGENT) Squad/Agencies/Agents/StrutCo
[LOG 14:50:38.823] Config(AGENT) Squad/Agencies/Agents/Vac-Co Advanced Suction Systems
[LOG 14:50:38.823] Config(AGENT) Squad/Agencies/Agents/WinterOwl Aircraft Emporium
[LOG 14:50:38.823] Config(AGENT) Squad/Agencies/Agents/Zaltonic Electronics
[LOG 14:50:38.823] Config(CONTRACT_CONSTRUCTION_PARTS) Squad/Contracts/constructionContractParts/CONTRACT_CONSTRUCTION_PARTS
[LOG 14:50:38.823] Config(Contracts) Squad/Contracts/Contracts/Contracts
[LOG 14:50:38.823] Config(CONTRACTCRAFT) Squad/Contracts/PrebuiltCraft/prebuiltData/CONTRACTCRAFT
[LOG 14:50:38.823] Config(CONTRACTCRAFT) Squad/Contracts/PrebuiltCraft/OrbitalConstructionContract/orbitalConstructionContractCraft/CONTRACTCRAFT
[LOG 14:50:38.823] Config(CONTRACTCRAFT) Squad/Contracts/PrebuiltCraft/RepairContract/repairContractCraft/CONTRACTCRAFT
[LOG 14:50:38.823] Config(CONTRACTCRAFT) Squad/Contracts/PrebuiltCraft/RoverContract/roverContractCraft/CONTRACTCRAFT
[LOG 14:50:38.823] Config(KEYBOARD_LAYOUT) Squad/Controls/Azerty/#autoLOC_6001233
[LOG 14:50:38.823] Config(PITCH_DOWN) Squad/Controls/Azerty/PITCH_DOWN
[LOG 14:50:38.823] Config(PITCH_UP) Squad/Controls/Azerty/PITCH_UP
[LOG 14:50:38.823] Config(YAW_LEFT) Squad/Controls/Azerty/YAW_LEFT
[LOG 14:50:38.823] Config(YAW_RIGHT) Squad/Controls/Azerty/YAW_RIGHT
[LOG 14:50:38.823] Config(ROLL_LEFT) Squad/Controls/Azerty/ROLL_LEFT
[LOG 14:50:38.823] Config(ROLL_RIGHT) Squad/Controls/Azerty/ROLL_RIGHT
[LOG 14:50:38.823] Config(THROTTLE_UP) Squad/Controls/Azerty/THROTTLE_UP
[LOG 14:50:38.823] Config(THROTTLE_DOWN) Squad/Controls/Azerty/THROTTLE_DOWN
[LOG 14:50:38.823] Config(SAS_HOLD) Squad/Controls/Azerty/SAS_HOLD
[LOG 14:50:38.823] Config(SAS_TOGGLE) Squad/Controls/Azerty/SAS_TOGGLE
[LOG 14:50:38.823] Config(LAUNCH_STAGES) Squad/Controls/Azerty/LAUNCH_STAGES
[LOG 14:50:38.824] Config(Docking_toggleRotLin) Squad/Controls/Azerty/Docking_toggleRotLin
[LOG 14:50:38.824] Config(CAMERA_MODE) Squad/Controls/Azerty/CAMERA_MODE
[LOG 14:50:38.824] Config(CAMERA_NEXT) Squad/Controls/Azerty/CAMERA_NEXT
[LOG 14:50:38.824] Config(PAUSE) Squad/Controls/Azerty/PAUSE
[LOG 14:50:38.824] Config(PRECISION_CTRL) Squad/Controls/Azerty/PRECISION_CTRL
[LOG 14:50:38.824] Config(ZOOM_IN) Squad/Controls/Azerty/ZOOM_IN
[LOG 14:50:38.824] Config(ZOOM_OUT) Squad/Controls/Azerty/ZOOM_OUT
[LOG 14:50:38.824] Config(SCROLL_VIEW_UP) Squad/Controls/Azerty/SCROLL_VIEW_UP
[LOG 14:50:38.824] Config(SCROLL_VIEW_DOWN) Squad/Controls/Azerty/SCROLL_VIEW_DOWN
[LOG 14:50:38.824] Config(SCROLL_ICONS_UP) Squad/Controls/Azerty/SCROLL_ICONS_UP
[LOG 14:50:38.824] Config(SCROLL_ICONS_DOWN) Squad/Controls/Azerty/SCROLL_ICONS_DOWN
[LOG 14:50:38.824] Config(CAMERA_ORBIT_UP) Squad/Controls/Azerty/CAMERA_ORBIT_UP
[LOG 14:50:38.824] Config(CAMERA_ORBIT_DOWN) Squad/Controls/Azerty/CAMERA_ORBIT_DOWN
[LOG 14:50:38.824] Config(CAMERA_ORBIT_LEFT) Squad/Controls/Azerty/CAMERA_ORBIT_LEFT
[LOG 14:50:38.824] Config(CAMERA_ORBIT_RIGHT) Squad/Controls/Azerty/CAMERA_ORBIT_RIGHT
[LOG 14:50:38.824] Config(CAMERA_RESET) Squad/Controls/Azerty/CAMERA_RESET
[LOG 14:50:38.824] Config(CAMERA_MOUSE_TOGGLE) Squad/Controls/Azerty/CAMERA_MOUSE_TOGGLE
[LOG 14:50:38.824] Config(TIME_WARP_INCREASE) Squad/Controls/Azerty/TIME_WARP_INCREASE
[LOG 14:50:38.824] Config(TIME_WARP_DECREASE) Squad/Controls/Azerty/TIME_WARP_DECREASE
[LOG 14:50:38.824] Config(TIME_WARP_STOP) Squad/Controls/Azerty/TIME_WARP_STOP
[LOG 14:50:38.824] Config(MAP_VIEW_TOGGLE) Squad/Controls/Azerty/MAP_VIEW_TOGGLE
[LOG 14:50:38.824] Config(NAVBALL_TOGGLE) Squad/Controls/Azerty/NAVBALL_TOGGLE
[LOG 14:50:38.824] Config(UIMODE_STAGING) Squad/Controls/Azerty/UIMODE_STAGING
[LOG 14:50:38.824] Config(UIMODE_DOCKING) Squad/Controls/Azerty/UIMODE_DOCKING
[LOG 14:50:38.824] Config(TRANSLATE_DOWN) Squad/Controls/Azerty/TRANSLATE_DOWN
[LOG 14:50:38.824] Config(TRANSLATE_UP) Squad/Controls/Azerty/TRANSLATE_UP
[LOG 14:50:38.824] Config(TRANSLATE_LEFT) Squad/Controls/Azerty/TRANSLATE_LEFT
[LOG 14:50:38.824] Config(TRANSLATE_RIGHT) Squad/Controls/Azerty/TRANSLATE_RIGHT
[LOG 14:50:38.824] Config(TRANSLATE_FWD) Squad/Controls/Azerty/TRANSLATE_FWD
[LOG 14:50:38.824] Config(TRANSLATE_BACK) Squad/Controls/Azerty/TRANSLATE_BACK
[LOG 14:50:38.825] Config(RCS_TOGGLE) Squad/Controls/Azerty/RCS_TOGGLE
[LOG 14:50:38.825] Config(FOCUS_NEXT_VESSEL) Squad/Controls/Azerty/FOCUS_NEXT_VESSEL
[LOG 14:50:38.825] Config(FOCUS_PREV_VESSEL) Squad/Controls/Azerty/FOCUS_PREV_VESSEL
[LOG 14:50:38.825] Config(TOGGLE_UI) Squad/Controls/Azerty/TOGGLE_UI
[LOG 14:50:38.825] Config(TOGGLE_STATUS_SCREEN) Squad/Controls/Azerty/TOGGLE_STATUS_SCREEN
[LOG 14:50:38.825] Config(TAKE_SCREENSHOT) Squad/Controls/Azerty/TAKE_SCREENSHOT
[LOG 14:50:38.825] Config(TOGGLE_LABELS) Squad/Controls/Azerty/TOGGLE_LABELS
[LOG 14:50:38.825] Config(TOGGLE_TEMP_GAUGES) Squad/Controls/Azerty/TOGGLE_TEMP_GAUGES
[LOG 14:50:38.825] Config(TOGGLE_TEMP_OVERLAY) Squad/Controls/Azerty/TOGGLE_TEMP_OVERLAY
[LOG 14:50:38.825] Config(TOGGLE_FLIGHT_FORCES) Squad/Controls/Azerty/TOGGLE_FLIGHT_FORCES
[LOG 14:50:38.825] Config(QUICKSAVE) Squad/Controls/Azerty/QUICKSAVE
[LOG 14:50:38.825] Config(QUICKLOAD) Squad/Controls/Azerty/QUICKLOAD
[LOG 14:50:38.825] Config(THROTTLE_CUTOFF) Squad/Controls/Azerty/THROTTLE_CUTOFF
[LOG 14:50:38.825] Config(THROTTLE_FULL) Squad/Controls/Azerty/THROTTLE_FULL
[LOG 14:50:38.825] Config(LANDING_GEAR) Squad/Controls/Azerty/LANDING_GEAR
[LOG 14:50:38.825] Config(HEADLIGHT_TOGGLE) Squad/Controls/Azerty/HEADLIGHT_TOGGLE
[LOG 14:50:38.825] Config(BRAKES) Squad/Controls/Azerty/BRAKES
[LOG 14:50:38.825] Config(TOGGLE_SPACENAV_FLIGHT_CONTROL) Squad/Controls/Azerty/TOGGLE_SPACENAV_FLIGHT_CONTROL
[LOG 14:50:38.825] Config(TOGGLE_SPACENAV_ROLL_LOCK) Squad/Controls/Azerty/TOGGLE_SPACENAV_ROLL_LOCK
[LOG 14:50:38.825] Config(WHEEL_STEER_LEFT) Squad/Controls/Azerty/WHEEL_STEER_LEFT
[LOG 14:50:38.825] Config(WHEEL_STEER_RIGHT) Squad/Controls/Azerty/WHEEL_STEER_RIGHT
[LOG 14:50:38.825] Config(WHEEL_THROTTLE_DOWN) Squad/Controls/Azerty/WHEEL_THROTTLE_DOWN
[LOG 14:50:38.825] Config(WHEEL_THROTTLE_UP) Squad/Controls/Azerty/WHEEL_THROTTLE_UP
[LOG 14:50:38.825] Config(EVA_forward) Squad/Controls/Azerty/EVA_forward
[LOG 14:50:38.825] Config(EVA_back) Squad/Controls/Azerty/EVA_back
[LOG 14:50:38.825] Config(EVA_left) Squad/Controls/Azerty/EVA_left
[LOG 14:50:38.825] Config(EVA_right) Squad/Controls/Azerty/EVA_right
[LOG 14:50:38.825] Config(EVA_yaw_left) Squad/Controls/Azerty/EVA_yaw_left
[LOG 14:50:38.825] Config(EVA_yaw_right) Squad/Controls/Azerty/EVA_yaw_right
[LOG 14:50:38.826] Config(EVA_Pack_forward) Squad/Controls/Azerty/EVA_Pack_forward
[LOG 14:50:38.826] Config(EVA_Pack_back) Squad/Controls/Azerty/EVA_Pack_back
[LOG 14:50:38.826] Config(EVA_Pack_left) Squad/Controls/Azerty/EVA_Pack_left
[LOG 14:50:38.826] Config(EVA_Pack_right) Squad/Controls/Azerty/EVA_Pack_right
[LOG 14:50:38.826] Config(EVA_Pack_up) Squad/Controls/Azerty/EVA_Pack_up
[LOG 14:50:38.826] Config(EVA_Pack_down) Squad/Controls/Azerty/EVA_Pack_down
[LOG 14:50:38.826] Config(EVA_Jump) Squad/Controls/Azerty/EVA_Jump
[LOG 14:50:38.826] Config(EVA_Run) Squad/Controls/Azerty/EVA_Run
[LOG 14:50:38.826] Config(EVA_ToggleMovementMode) Squad/Controls/Azerty/EVA_ToggleMovementMode
[LOG 14:50:38.826] Config(EVA_TogglePack) Squad/Controls/Azerty/EVA_TogglePack
[LOG 14:50:38.826] Config(EVA_Use) Squad/Controls/Azerty/EVA_Use
[LOG 14:50:38.826] Config(EVA_Board) Squad/Controls/Azerty/EVA_Board
[LOG 14:50:38.826] Config(EVA_Orient) Squad/Controls/Azerty/EVA_Orient
[LOG 14:50:38.826] Config(EVA_Lights) Squad/Controls/Azerty/EVA_Lights
[LOG 14:50:38.826] Config(EVA_ChuteDeploy) Squad/Controls/Azerty/EVA_ChuteDeploy
[LOG 14:50:38.826] Config(Editor_pitchUp) Squad/Controls/Azerty/Editor_pitchUp
[LOG 14:50:38.826] Config(Editor_pitchDown) Squad/Controls/Azerty/Editor_pitchDown
[LOG 14:50:38.826] Config(Editor_yawLeft) Squad/Controls/Azerty/Editor_yawLeft
[LOG 14:50:38.826] Config(Editor_yawRight) Squad/Controls/Azerty/Editor_yawRight
[LOG 14:50:38.826] Config(Editor_rollLeft) Squad/Controls/Azerty/Editor_rollLeft
[LOG 14:50:38.826] Config(Editor_rollRight) Squad/Controls/Azerty/Editor_rollRight
[LOG 14:50:38.826] Config(Editor_resetRotation) Squad/Controls/Azerty/Editor_resetRotation
[LOG 14:50:38.826] Config(Editor_modePlace) Squad/Controls/Azerty/Editor_modePlace
[LOG 14:50:38.826] Config(Editor_modeOffset) Squad/Controls/Azerty/Editor_modeOffset
[LOG 14:50:38.826] Config(Editor_modeRotate) Squad/Controls/Azerty/Editor_modeRotate
[LOG 14:50:38.826] Config(Editor_modeRoot) Squad/Controls/Azerty/Editor_modeRoot
[LOG 14:50:38.826] Config(Editor_coordSystem) Squad/Controls/Azerty/Editor_coordSystem
[LOG 14:50:38.826] Config(Editor_toggleSymMethod) Squad/Controls/Azerty/Editor_toggleSymMethod
[LOG 14:50:38.826] Config(Editor_toggleSymMode) Squad/Controls/Azerty/Editor_toggleSymMode
[LOG 14:50:38.827] Config(Editor_toggleAngleSnap) Squad/Controls/Azerty/Editor_toggleAngleSnap
[LOG 14:50:38.827] Config(Editor_fineTweak) Squad/Controls/Azerty/Editor_fineTweak
[LOG 14:50:38.827] Config(Editor_partSearch) Squad/Controls/Azerty/Editor_partSearch
[LOG 14:50:38.827] Config(Editor_zoomScrollModifier) Squad/Controls/Azerty/Editor_zoomScrollModifier
[LOG 14:50:38.827] Config(MODIFIER_KEY) Squad/Controls/Azerty/MODIFIER_KEY
[LOG 14:50:38.827] Config(AbortActionGroup) Squad/Controls/Azerty/AbortActionGroup
[LOG 14:50:38.827] Config(CustomActionGroup1) Squad/Controls/Azerty/CustomActionGroup1
[LOG 14:50:38.827] Config(CustomActionGroup2) Squad/Controls/Azerty/CustomActionGroup2
[LOG 14:50:38.827] Config(CustomActionGroup3) Squad/Controls/Azerty/CustomActionGroup3
[LOG 14:50:38.827] Config(CustomActionGroup4) Squad/Controls/Azerty/CustomActionGroup4
[LOG 14:50:38.827] Config(CustomActionGroup5) Squad/Controls/Azerty/CustomActionGroup5
[LOG 14:50:38.827] Config(CustomActionGroup6) Squad/Controls/Azerty/CustomActionGroup6
[LOG 14:50:38.827] Config(CustomActionGroup7) Squad/Controls/Azerty/CustomActionGroup7
[LOG 14:50:38.827] Config(CustomActionGroup8) Squad/Controls/Azerty/CustomActionGroup8
[LOG 14:50:38.827] Config(CustomActionGroup9) Squad/Controls/Azerty/CustomActionGroup9
[LOG 14:50:38.827] Config(CustomActionGroup10) Squad/Controls/Azerty/CustomActionGroup10
[LOG 14:50:38.827] Config(KEY_MAP) Squad/Controls/Azerty/KEY_MAP
[LOG 14:50:38.827] Config(KEYBOARD_LAYOUT) Squad/Controls/Dvorak/#autoLOC_6001234
[LOG 14:50:38.827] Config(PITCH_DOWN) Squad/Controls/Dvorak/PITCH_DOWN
[LOG 14:50:38.827] Config(PITCH_UP) Squad/Controls/Dvorak/PITCH_UP
[LOG 14:50:38.827] Config(YAW_LEFT) Squad/Controls/Dvorak/YAW_LEFT
[LOG 14:50:38.827] Config(YAW_RIGHT) Squad/Controls/Dvorak/YAW_RIGHT
[LOG 14:50:38.827] Config(ROLL_LEFT) Squad/Controls/Dvorak/ROLL_LEFT
[LOG 14:50:38.827] Config(ROLL_RIGHT) Squad/Controls/Dvorak/ROLL_RIGHT
[LOG 14:50:38.827] Config(THROTTLE_UP) Squad/Controls/Dvorak/THROTTLE_UP
[LOG 14:50:38.827] Config(THROTTLE_DOWN) Squad/Controls/Dvorak/THROTTLE_DOWN
[LOG 14:50:38.827] Config(SAS_HOLD) Squad/Controls/Dvorak/SAS_HOLD
[LOG 14:50:38.827] Config(SAS_TOGGLE) Squad/Controls/Dvorak/SAS_TOGGLE
[LOG 14:50:38.827] Config(LAUNCH_STAGES) Squad/Controls/Dvorak/LAUNCH_STAGES
[LOG 14:50:38.827] Config(Docking_toggleRotLin) Squad/Controls/Dvorak/Docking_toggleRotLin
[LOG 14:50:38.828] Config(CAMERA_MODE) Squad/Controls/Dvorak/CAMERA_MODE
[LOG 14:50:38.828] Config(CAMERA_NEXT) Squad/Controls/Dvorak/CAMERA_NEXT
[LOG 14:50:38.828] Config(PAUSE) Squad/Controls/Dvorak/PAUSE
[LOG 14:50:38.828] Config(PRECISION_CTRL) Squad/Controls/Dvorak/PRECISION_CTRL
[LOG 14:50:38.828] Config(ZOOM_IN) Squad/Controls/Dvorak/ZOOM_IN
[LOG 14:50:38.828] Config(ZOOM_OUT) Squad/Controls/Dvorak/ZOOM_OUT
[LOG 14:50:38.828] Config(SCROLL_VIEW_UP) Squad/Controls/Dvorak/SCROLL_VIEW_UP
[LOG 14:50:38.828] Config(SCROLL_VIEW_DOWN) Squad/Controls/Dvorak/SCROLL_VIEW_DOWN
[LOG 14:50:38.828] Config(SCROLL_ICONS_UP) Squad/Controls/Dvorak/SCROLL_ICONS_UP
[LOG 14:50:38.828] Config(SCROLL_ICONS_DOWN) Squad/Controls/Dvorak/SCROLL_ICONS_DOWN
[LOG 14:50:38.828] Config(CAMERA_ORBIT_UP) Squad/Controls/Dvorak/CAMERA_ORBIT_UP
[LOG 14:50:38.828] Config(CAMERA_ORBIT_DOWN) Squad/Controls/Dvorak/CAMERA_ORBIT_DOWN
[LOG 14:50:38.828] Config(CAMERA_ORBIT_LEFT) Squad/Controls/Dvorak/CAMERA_ORBIT_LEFT
[LOG 14:50:38.828] Config(CAMERA_ORBIT_RIGHT) Squad/Controls/Dvorak/CAMERA_ORBIT_RIGHT
[LOG 14:50:38.828] Config(CAMERA_RESET) Squad/Controls/Dvorak/CAMERA_RESET
[LOG 14:50:38.828] Config(CAMERA_MOUSE_TOGGLE) Squad/Controls/Dvorak/CAMERA_MOUSE_TOGGLE
[LOG 14:50:38.828] Config(TIME_WARP_INCREASE) Squad/Controls/Dvorak/TIME_WARP_INCREASE
[LOG 14:50:38.828] Config(TIME_WARP_DECREASE) Squad/Controls/Dvorak/TIME_WARP_DECREASE
[LOG 14:50:38.828] Config(TIME_WARP_STOP) Squad/Controls/Dvorak/TIME_WARP_STOP
[LOG 14:50:38.828] Config(MAP_VIEW_TOGGLE) Squad/Controls/Dvorak/MAP_VIEW_TOGGLE
[LOG 14:50:38.828] Config(NAVBALL_TOGGLE) Squad/Controls/Dvorak/NAVBALL_TOGGLE
[LOG 14:50:38.828] Config(UIMODE_STAGING) Squad/Controls/Dvorak/UIMODE_STAGING
[LOG 14:50:38.828] Config(UIMODE_DOCKING) Squad/Controls/Dvorak/UIMODE_DOCKING
[LOG 14:50:38.828] Config(TRANSLATE_DOWN) Squad/Controls/Dvorak/TRANSLATE_DOWN
[LOG 14:50:38.828] Config(TRANSLATE_UP) Squad/Controls/Dvorak/TRANSLATE_UP
[LOG 14:50:38.828] Config(TRANSLATE_LEFT) Squad/Controls/Dvorak/TRANSLATE_LEFT
[LOG 14:50:38.828] Config(TRANSLATE_RIGHT) Squad/Controls/Dvorak/TRANSLATE_RIGHT
[LOG 14:50:38.828] Config(TRANSLATE_FWD) Squad/Controls/Dvorak/TRANSLATE_FWD
[LOG 14:50:38.829] Config(TRANSLATE_BACK) Squad/Controls/Dvorak/TRANSLATE_BACK
[LOG 14:50:38.829] Config(RCS_TOGGLE) Squad/Controls/Dvorak/RCS_TOGGLE
[LOG 14:50:38.829] Config(FOCUS_NEXT_VESSEL) Squad/Controls/Dvorak/FOCUS_NEXT_VESSEL
[LOG 14:50:38.829] Config(FOCUS_PREV_VESSEL) Squad/Controls/Dvorak/FOCUS_PREV_VESSEL
[LOG 14:50:38.829] Config(TOGGLE_UI) Squad/Controls/Dvorak/TOGGLE_UI
[LOG 14:50:38.829] Config(TOGGLE_STATUS_SCREEN) Squad/Controls/Dvorak/TOGGLE_STATUS_SCREEN
[LOG 14:50:38.829] Config(TAKE_SCREENSHOT) Squad/Controls/Dvorak/TAKE_SCREENSHOT
[LOG 14:50:38.829] Config(TOGGLE_LABELS) Squad/Controls/Dvorak/TOGGLE_LABELS
[LOG 14:50:38.829] Config(TOGGLE_TEMP_GAUGES) Squad/Controls/Dvorak/TOGGLE_TEMP_GAUGES
[LOG 14:50:38.829] Config(TOGGLE_TEMP_OVERLAY) Squad/Controls/Dvorak/TOGGLE_TEMP_OVERLAY
[LOG 14:50:38.829] Config(TOGGLE_FLIGHT_FORCES) Squad/Controls/Dvorak/TOGGLE_FLIGHT_FORCES
[LOG 14:50:38.829] Config(QUICKSAVE) Squad/Controls/Dvorak/QUICKSAVE
[LOG 14:50:38.829] Config(QUICKLOAD) Squad/Controls/Dvorak/QUICKLOAD
[LOG 14:50:38.829] Config(THROTTLE_CUTOFF) Squad/Controls/Dvorak/THROTTLE_CUTOFF
[LOG 14:50:38.829] Config(THROTTLE_FULL) Squad/Controls/Dvorak/THROTTLE_FULL
[LOG 14:50:38.829] Config(LANDING_GEAR) Squad/Controls/Dvorak/LANDING_GEAR
[LOG 14:50:38.829] Config(HEADLIGHT_TOGGLE) Squad/Controls/Dvorak/HEADLIGHT_TOGGLE
[LOG 14:50:38.829] Config(BRAKES) Squad/Controls/Dvorak/BRAKES
[LOG 14:50:38.829] Config(TOGGLE_SPACENAV_FLIGHT_CONTROL) Squad/Controls/Dvorak/TOGGLE_SPACENAV_FLIGHT_CONTROL
[LOG 14:50:38.829] Config(TOGGLE_SPACENAV_ROLL_LOCK) Squad/Controls/Dvorak/TOGGLE_SPACENAV_ROLL_LOCK
[LOG 14:50:38.829] Config(WHEEL_STEER_LEFT) Squad/Controls/Dvorak/WHEEL_STEER_LEFT
[LOG 14:50:38.829] Config(WHEEL_STEER_RIGHT) Squad/Controls/Dvorak/WHEEL_STEER_RIGHT
[LOG 14:50:38.829] Config(WHEEL_THROTTLE_DOWN) Squad/Controls/Dvorak/WHEEL_THROTTLE_DOWN
[LOG 14:50:38.829] Config(WHEEL_THROTTLE_UP) Squad/Controls/Dvorak/WHEEL_THROTTLE_UP
[LOG 14:50:38.829] Config(EVA_forward) Squad/Controls/Dvorak/EVA_forward
[LOG 14:50:38.829] Config(EVA_back) Squad/Controls/Dvorak/EVA_back
[LOG 14:50:38.829] Config(EVA_left) Squad/Controls/Dvorak/EVA_left
[LOG 14:50:38.829] Config(EVA_right) Squad/Controls/Dvorak/EVA_right
[LOG 14:50:38.830] Config(EVA_yaw_left) Squad/Controls/Dvorak/EVA_yaw_left
[LOG 14:50:38.830] Config(EVA_yaw_right) Squad/Controls/Dvorak/EVA_yaw_right
[LOG 14:50:38.830] Config(EVA_Pack_forward) Squad/Controls/Dvorak/EVA_Pack_forward
[LOG 14:50:38.830] Config(EVA_Pack_back) Squad/Controls/Dvorak/EVA_Pack_back
[LOG 14:50:38.830] Config(EVA_Pack_left) Squad/Controls/Dvorak/EVA_Pack_left
[LOG 14:50:38.830] Config(EVA_Pack_right) Squad/Controls/Dvorak/EVA_Pack_right
[LOG 14:50:38.830] Config(EVA_Pack_up) Squad/Controls/Dvorak/EVA_Pack_up
[LOG 14:50:38.830] Config(EVA_Pack_down) Squad/Controls/Dvorak/EVA_Pack_down
[LOG 14:50:38.830] Config(EVA_Jump) Squad/Controls/Dvorak/EVA_Jump
[LOG 14:50:38.830] Config(EVA_Run) Squad/Controls/Dvorak/EVA_Run
[LOG 14:50:38.830] Config(EVA_ToggleMovementMode) Squad/Controls/Dvorak/EVA_ToggleMovementMode
[LOG 14:50:38.830] Config(EVA_TogglePack) Squad/Controls/Dvorak/EVA_TogglePack
[LOG 14:50:38.830] Config(EVA_Use) Squad/Controls/Dvorak/EVA_Use
[LOG 14:50:38.830] Config(EVA_Board) Squad/Controls/Dvorak/EVA_Board
[LOG 14:50:38.830] Config(EVA_Orient) Squad/Controls/Dvorak/EVA_Orient
[LOG 14:50:38.830] Config(EVA_Lights) Squad/Controls/Dvorak/EVA_Lights
[LOG 14:50:38.830] Config(EVA_ChuteDeploy) Squad/Controls/Dvorak/EVA_ChuteDeploy
[LOG 14:50:38.830] Config(Editor_pitchUp) Squad/Controls/Dvorak/Editor_pitchUp
[LOG 14:50:38.830] Config(Editor_pitchDown) Squad/Controls/Dvorak/Editor_pitchDown
[LOG 14:50:38.830] Config(Editor_yawLeft) Squad/Controls/Dvorak/Editor_yawLeft
[LOG 14:50:38.830] Config(Editor_yawRight) Squad/Controls/Dvorak/Editor_yawRight
[LOG 14:50:38.830] Config(Editor_rollLeft) Squad/Controls/Dvorak/Editor_rollLeft
[LOG 14:50:38.830] Config(Editor_rollRight) Squad/Controls/Dvorak/Editor_rollRight
[LOG 14:50:38.830] Config(Editor_resetRotation) Squad/Controls/Dvorak/Editor_resetRotation
[LOG 14:50:38.830] Config(Editor_modePlace) Squad/Controls/Dvorak/Editor_modePlace
[LOG 14:50:38.830] Config(Editor_modeOffset) Squad/Controls/Dvorak/Editor_modeOffset
[LOG 14:50:38.830] Config(Editor_modeRotate) Squad/Controls/Dvorak/Editor_modeRotate
[LOG 14:50:38.830] Config(Editor_modeRoot) Squad/Controls/Dvorak/Editor_modeRoot
[LOG 14:50:38.830] Config(Editor_coordSystem) Squad/Controls/Dvorak/Editor_coordSystem
[LOG 14:50:38.830] Config(Editor_toggleSymMethod) Squad/Controls/Dvorak/Editor_toggleSymMethod
[LOG 14:50:38.831] Config(Editor_toggleSymMode) Squad/Controls/Dvorak/Editor_toggleSymMode
[LOG 14:50:38.831] Config(Editor_toggleAngleSnap) Squad/Controls/Dvorak/Editor_toggleAngleSnap
[LOG 14:50:38.831] Config(Editor_fineTweak) Squad/Controls/Dvorak/Editor_fineTweak
[LOG 14:50:38.831] Config(Editor_partSearch) Squad/Controls/Dvorak/Editor_partSearch
[LOG 14:50:38.831] Config(Editor_zoomScrollModifier) Squad/Controls/Dvorak/Editor_zoomScrollModifier
[LOG 14:50:38.831] Config(MODIFIER_KEY) Squad/Controls/Dvorak/MODIFIER_KEY
[LOG 14:50:38.831] Config(AbortActionGroup) Squad/Controls/Dvorak/AbortActionGroup
[LOG 14:50:38.831] Config(CustomActionGroup1) Squad/Controls/Dvorak/CustomActionGroup1
[LOG 14:50:38.831] Config(CustomActionGroup2) Squad/Controls/Dvorak/CustomActionGroup2
[LOG 14:50:38.831] Config(CustomActionGroup3) Squad/Controls/Dvorak/CustomActionGroup3
[LOG 14:50:38.831] Config(CustomActionGroup4) Squad/Controls/Dvorak/CustomActionGroup4
[LOG 14:50:38.831] Config(CustomActionGroup5) Squad/Controls/Dvorak/CustomActionGroup5
[LOG 14:50:38.831] Config(CustomActionGroup6) Squad/Controls/Dvorak/CustomActionGroup6
[LOG 14:50:38.831] Config(CustomActionGroup7) Squad/Controls/Dvorak/CustomActionGroup7
[LOG 14:50:38.831] Config(CustomActionGroup8) Squad/Controls/Dvorak/CustomActionGroup8
[LOG 14:50:38.831] Config(CustomActionGroup9) Squad/Controls/Dvorak/CustomActionGroup9
[LOG 14:50:38.831] Config(CustomActionGroup10) Squad/Controls/Dvorak/CustomActionGroup10
[LOG 14:50:38.831] Config(KEY_MAP) Squad/Controls/Dvorak/KEY_MAP
[LOG 14:50:38.831] Config(KEYBOARD_LAYOUT) Squad/Controls/Qwerty/#autoLOC_6001227
[LOG 14:50:38.831] Config(PITCH_DOWN) Squad/Controls/Qwerty/PITCH_DOWN
[LOG 14:50:38.831] Config(PITCH_UP) Squad/Controls/Qwerty/PITCH_UP
[LOG 14:50:38.831] Config(YAW_LEFT) Squad/Controls/Qwerty/YAW_LEFT
[LOG 14:50:38.831] Config(YAW_RIGHT) Squad/Controls/Qwerty/YAW_RIGHT
[LOG 14:50:38.831] Config(ROLL_LEFT) Squad/Controls/Qwerty/ROLL_LEFT
[LOG 14:50:38.831] Config(ROLL_RIGHT) Squad/Controls/Qwerty/ROLL_RIGHT
[LOG 14:50:38.831] Config(THROTTLE_UP) Squad/Controls/Qwerty/THROTTLE_UP
[LOG 14:50:38.832] Config(THROTTLE_DOWN) Squad/Controls/Qwerty/THROTTLE_DOWN
[LOG 14:50:38.832] Config(SAS_HOLD) Squad/Controls/Qwerty/SAS_HOLD
[LOG 14:50:38.832] Config(SAS_TOGGLE) Squad/Controls/Qwerty/SAS_TOGGLE
[LOG 14:50:38.832] Config(LAUNCH_STAGES) Squad/Controls/Qwerty/LAUNCH_STAGES
[LOG 14:50:38.832] Config(Docking_toggleRotLin) Squad/Controls/Qwerty/Docking_toggleRotLin
[LOG 14:50:38.832] Config(CAMERA_MODE) Squad/Controls/Qwerty/CAMERA_MODE
[LOG 14:50:38.832] Config(CAMERA_NEXT) Squad/Controls/Qwerty/CAMERA_NEXT
[LOG 14:50:38.832] Config(PAUSE) Squad/Controls/Qwerty/PAUSE
[LOG 14:50:38.832] Config(PRECISION_CTRL) Squad/Controls/Qwerty/PRECISION_CTRL
[LOG 14:50:38.832] Config(ZOOM_IN) Squad/Controls/Qwerty/ZOOM_IN
[LOG 14:50:38.832] Config(ZOOM_OUT) Squad/Controls/Qwerty/ZOOM_OUT
[LOG 14:50:38.832] Config(SCROLL_VIEW_UP) Squad/Controls/Qwerty/SCROLL_VIEW_UP
[LOG 14:50:38.832] Config(SCROLL_VIEW_DOWN) Squad/Controls/Qwerty/SCROLL_VIEW_DOWN
[LOG 14:50:38.832] Config(SCROLL_ICONS_UP) Squad/Controls/Qwerty/SCROLL_ICONS_UP
[LOG 14:50:38.832] Config(SCROLL_ICONS_DOWN) Squad/Controls/Qwerty/SCROLL_ICONS_DOWN
[LOG 14:50:38.832] Config(CAMERA_ORBIT_UP) Squad/Controls/Qwerty/CAMERA_ORBIT_UP
[LOG 14:50:38.832] Config(CAMERA_ORBIT_DOWN) Squad/Controls/Qwerty/CAMERA_ORBIT_DOWN
[LOG 14:50:38.832] Config(CAMERA_ORBIT_LEFT) Squad/Controls/Qwerty/CAMERA_ORBIT_LEFT
[LOG 14:50:38.832] Config(CAMERA_ORBIT_RIGHT) Squad/Controls/Qwerty/CAMERA_ORBIT_RIGHT
[LOG 14:50:38.832] Config(CAMERA_RESET) Squad/Controls/Qwerty/CAMERA_RESET
[LOG 14:50:38.832] Config(CAMERA_MOUSE_TOGGLE) Squad/Controls/Qwerty/CAMERA_MOUSE_TOGGLE
[LOG 14:50:38.832] Config(TIME_WARP_INCREASE) Squad/Controls/Qwerty/TIME_WARP_INCREASE
[LOG 14:50:38.832] Config(TIME_WARP_DECREASE) Squad/Controls/Qwerty/TIME_WARP_DECREASE
[LOG 14:50:38.832] Config(TIME_WARP_STOP) Squad/Controls/Qwerty/TIME_WARP_STOP
[LOG 14:50:38.832] Config(MAP_VIEW_TOGGLE) Squad/Controls/Qwerty/MAP_VIEW_TOGGLE
[LOG 14:50:38.832] Config(NAVBALL_TOGGLE) Squad/Controls/Qwerty/NAVBALL_TOGGLE
[LOG 14:50:38.832] Config(UIMODE_STAGING) Squad/Controls/Qwerty/UIMODE_STAGING
[LOG 14:50:38.832] Config(UIMODE_DOCKING) Squad/Controls/Qwerty/UIMODE_DOCKING
[LOG 14:50:38.832] Config(TRANSLATE_DOWN) Squad/Controls/Qwerty/TRANSLATE_DOWN
[LOG 14:50:38.832] Config(TRANSLATE_UP) Squad/Controls/Qwerty/TRANSLATE_UP
[LOG 14:50:38.833] Config(TRANSLATE_LEFT) Squad/Controls/Qwerty/TRANSLATE_LEFT
[LOG 14:50:38.833] Config(TRANSLATE_RIGHT) Squad/Controls/Qwerty/TRANSLATE_RIGHT
[LOG 14:50:38.833] Config(TRANSLATE_FWD) Squad/Controls/Qwerty/TRANSLATE_FWD
[LOG 14:50:38.833] Config(TRANSLATE_BACK) Squad/Controls/Qwerty/TRANSLATE_BACK
[LOG 14:50:38.833] Config(RCS_TOGGLE) Squad/Controls/Qwerty/RCS_TOGGLE
[LOG 14:50:38.833] Config(FOCUS_NEXT_VESSEL) Squad/Controls/Qwerty/FOCUS_NEXT_VESSEL
[LOG 14:50:38.833] Config(FOCUS_PREV_VESSEL) Squad/Controls/Qwerty/FOCUS_PREV_VESSEL
[LOG 14:50:38.833] Config(TOGGLE_UI) Squad/Controls/Qwerty/TOGGLE_UI
[LOG 14:50:38.833] Config(TOGGLE_STATUS_SCREEN) Squad/Controls/Qwerty/TOGGLE_STATUS_SCREEN
[LOG 14:50:38.833] Config(TAKE_SCREENSHOT) Squad/Controls/Qwerty/TAKE_SCREENSHOT
[LOG 14:50:38.833] Config(TOGGLE_LABELS) Squad/Controls/Qwerty/TOGGLE_LABELS
[LOG 14:50:38.833] Config(TOGGLE_TEMP_GAUGES) Squad/Controls/Qwerty/TOGGLE_TEMP_GAUGES
[LOG 14:50:38.833] Config(TOGGLE_TEMP_OVERLAY) Squad/Controls/Qwerty/TOGGLE_TEMP_OVERLAY
[LOG 14:50:38.833] Config(TOGGLE_FLIGHT_FORCES) Squad/Controls/Qwerty/TOGGLE_FLIGHT_FORCES
[LOG 14:50:38.833] Config(QUICKSAVE) Squad/Controls/Qwerty/QUICKSAVE
[LOG 14:50:38.833] Config(QUICKLOAD) Squad/Controls/Qwerty/QUICKLOAD
[LOG 14:50:38.833] Config(THROTTLE_CUTOFF) Squad/Controls/Qwerty/THROTTLE_CUTOFF
[LOG 14:50:38.833] Config(THROTTLE_FULL) Squad/Controls/Qwerty/THROTTLE_FULL
[LOG 14:50:38.833] Config(LANDING_GEAR) Squad/Controls/Qwerty/LANDING_GEAR
[LOG 14:50:38.833] Config(HEADLIGHT_TOGGLE) Squad/Controls/Qwerty/HEADLIGHT_TOGGLE
[LOG 14:50:38.833] Config(BRAKES) Squad/Controls/Qwerty/BRAKES
[LOG 14:50:38.833] Config(TOGGLE_SPACENAV_FLIGHT_CONTROL) Squad/Controls/Qwerty/TOGGLE_SPACENAV_FLIGHT_CONTROL
[LOG 14:50:38.833] Config(TOGGLE_SPACENAV_ROLL_LOCK) Squad/Controls/Qwerty/TOGGLE_SPACENAV_ROLL_LOCK
[LOG 14:50:38.833] Config(WHEEL_STEER_LEFT) Squad/Controls/Qwerty/WHEEL_STEER_LEFT
[LOG 14:50:38.833] Config(WHEEL_STEER_RIGHT) Squad/Controls/Qwerty/WHEEL_STEER_RIGHT
[LOG 14:50:38.833] Config(WHEEL_THROTTLE_DOWN) Squad/Controls/Qwerty/WHEEL_THROTTLE_DOWN
[LOG 14:50:38.833] Config(WHEEL_THROTTLE_UP) Squad/Controls/Qwerty/WHEEL_THROTTLE_UP
[LOG 14:50:38.833] Config(EVA_forward) Squad/Controls/Qwerty/EVA_forward
[LOG 14:50:38.834] Config(EVA_back) Squad/Controls/Qwerty/EVA_back
[LOG 14:50:38.834] Config(EVA_left) Squad/Controls/Qwerty/EVA_left
[LOG 14:50:38.834] Config(EVA_right) Squad/Controls/Qwerty/EVA_right
[LOG 14:50:38.834] Config(EVA_yaw_left) Squad/Controls/Qwerty/EVA_yaw_left
[LOG 14:50:38.834] Config(EVA_yaw_right) Squad/Controls/Qwerty/EVA_yaw_right
[LOG 14:50:38.834] Config(EVA_Pack_forward) Squad/Controls/Qwerty/EVA_Pack_forward
[LOG 14:50:38.834] Config(EVA_Pack_back) Squad/Controls/Qwerty/EVA_Pack_back
[LOG 14:50:38.834] Config(EVA_Pack_left) Squad/Controls/Qwerty/EVA_Pack_left
[LOG 14:50:38.834] Config(EVA_Pack_right) Squad/Controls/Qwerty/EVA_Pack_right
[LOG 14:50:38.834] Config(EVA_Pack_up) Squad/Controls/Qwerty/EVA_Pack_up
[LOG 14:50:38.834] Config(EVA_Pack_down) Squad/Controls/Qwerty/EVA_Pack_down
[LOG 14:50:38.834] Config(EVA_Jump) Squad/Controls/Qwerty/EVA_Jump
[LOG 14:50:38.834] Config(EVA_Run) Squad/Controls/Qwerty/EVA_Run
[LOG 14:50:38.834] Config(EVA_ToggleMovementMode) Squad/Controls/Qwerty/EVA_ToggleMovementMode
[LOG 14:50:38.834] Config(EVA_TogglePack) Squad/Controls/Qwerty/EVA_TogglePack
[LOG 14:50:38.834] Config(EVA_Use) Squad/Controls/Qwerty/EVA_Use
[LOG 14:50:38.834] Config(EVA_Board) Squad/Controls/Qwerty/EVA_Board
[LOG 14:50:38.834] Config(EVA_Orient) Squad/Controls/Qwerty/EVA_Orient
[LOG 14:50:38.834] Config(EVA_Lights) Squad/Controls/Qwerty/EVA_Lights
[LOG 14:50:38.834] Config(EVA_ChuteDeploy) Squad/Controls/Qwerty/EVA_ChuteDeploy
[LOG 14:50:38.834] Config(Editor_pitchUp) Squad/Controls/Qwerty/Editor_pitchUp
[LOG 14:50:38.834] Config(Editor_pitchDown) Squad/Controls/Qwerty/Editor_pitchDown
[LOG 14:50:38.834] Config(Editor_yawLeft) Squad/Controls/Qwerty/Editor_yawLeft
[LOG 14:50:38.834] Config(Editor_yawRight) Squad/Controls/Qwerty/Editor_yawRight
[LOG 14:50:38.834] Config(Editor_rollLeft) Squad/Controls/Qwerty/Editor_rollLeft
[LOG 14:50:38.834] Config(Editor_rollRight) Squad/Controls/Qwerty/Editor_rollRight
[LOG 14:50:38.834] Config(Editor_resetRotation) Squad/Controls/Qwerty/Editor_resetRotation
[LOG 14:50:38.834] Config(Editor_modePlace) Squad/Controls/Qwerty/Editor_modePlace
[LOG 14:50:38.834] Config(Editor_modeOffset) Squad/Controls/Qwerty/Editor_modeOffset
[LOG 14:50:38.834] Config(Editor_modeRotate) Squad/Controls/Qwerty/Editor_modeRotate
[LOG 14:50:38.835] Config(Editor_modeRoot) Squad/Controls/Qwerty/Editor_modeRoot
[LOG 14:50:38.835] Config(Editor_coordSystem) Squad/Controls/Qwerty/Editor_coordSystem
[LOG 14:50:38.835] Config(Editor_toggleSymMethod) Squad/Controls/Qwerty/Editor_toggleSymMethod
[LOG 14:50:38.835] Config(Editor_toggleSymMode) Squad/Controls/Qwerty/Editor_toggleSymMode
[LOG 14:50:38.835] Config(Editor_toggleAngleSnap) Squad/Controls/Qwerty/Editor_toggleAngleSnap
[LOG 14:50:38.835] Config(Editor_fineTweak) Squad/Controls/Qwerty/Editor_fineTweak
[LOG 14:50:38.835] Config(Editor_partSearch) Squad/Controls/Qwerty/Editor_partSearch
[LOG 14:50:38.835] Config(Editor_zoomScrollModifier) Squad/Controls/Qwerty/Editor_zoomScrollModifier
[LOG 14:50:38.835] Config(MODIFIER_KEY) Squad/Controls/Qwerty/MODIFIER_KEY
[LOG 14:50:38.835] Config(AbortActionGroup) Squad/Controls/Qwerty/AbortActionGroup
[LOG 14:50:38.835] Config(CustomActionGroup1) Squad/Controls/Qwerty/CustomActionGroup1
[LOG 14:50:38.835] Config(CustomActionGroup2) Squad/Controls/Qwerty/CustomActionGroup2
[LOG 14:50:38.835] Config(CustomActionGroup3) Squad/Controls/Qwerty/CustomActionGroup3
[LOG 14:50:38.835] Config(CustomActionGroup4) Squad/Controls/Qwerty/CustomActionGroup4
[LOG 14:50:38.835] Config(CustomActionGroup5) Squad/Controls/Qwerty/CustomActionGroup5
[LOG 14:50:38.835] Config(CustomActionGroup6) Squad/Controls/Qwerty/CustomActionGroup6
[LOG 14:50:38.835] Config(CustomActionGroup7) Squad/Controls/Qwerty/CustomActionGroup7
[LOG 14:50:38.835] Config(CustomActionGroup8) Squad/Controls/Qwerty/CustomActionGroup8
[LOG 14:50:38.835] Config(CustomActionGroup9) Squad/Controls/Qwerty/CustomActionGroup9
[LOG 14:50:38.835] Config(CustomActionGroup10) Squad/Controls/Qwerty/CustomActionGroup10
[LOG 14:50:38.835] Config(KEY_MAP) Squad/Controls/Qwerty/KEY_MAP
[LOG 14:50:38.835] Config(KEYBOARD_LAYOUT) Squad/Controls/Qwerty_en-GB/#autoLOC_6001228
[LOG 14:50:38.835] Config(KEY_MAP) Squad/Controls/Qwerty_en-GB/KEY_MAP
[LOG 14:50:38.835] Config(KEYBOARD_LAYOUT) Squad/Controls/Qwerty_es-LA/#autoLOC_6001229
[LOG 14:50:38.835] Config(CAMERA_MOUSE_TOGGLE) Squad/Controls/Qwerty_es-LA/CAMERA_MOUSE_TOGGLE
[LOG 14:50:38.835] Config(TIME_WARP_STOP) Squad/Controls/Qwerty_es-LA/TIME_WARP_STOP
[LOG 14:50:38.835] Config(FOCUS_NEXT_VESSEL) Squad/Controls/Qwerty_es-LA/FOCUS_NEXT_VESSEL
[LOG 14:50:38.835] Config(FOCUS_PREV_VESSEL) Squad/Controls/Qwerty_es-LA/FOCUS_PREV_VESSEL
[LOG 14:50:38.835] Config(CAMERA_RESET) Squad/Controls/Qwerty_es-LA/CAMERA_RESET
[LOG 14:50:38.836] Config(Editor_partSearch) Squad/Controls/Qwerty_es-LA/Editor_partSearch
[LOG 14:50:38.836] Config(KEY_MAP) Squad/Controls/Qwerty_es-LA/KEY_MAP
[LOG 14:50:38.836] Config(KEYBOARD_LAYOUT) Squad/Controls/Qwerty_it-IT/#autoLOC_6001230
[LOG 14:50:38.836] Config(FOCUS_NEXT_VESSEL) Squad/Controls/Qwerty_it-IT/FOCUS_NEXT_VESSEL
[LOG 14:50:38.836] Config(FOCUS_PREV_VESSEL) Squad/Controls/Qwerty_it-IT/FOCUS_PREV_VESSEL
[LOG 14:50:38.836] Config(CAMERA_MOUSE_TOGGLE) Squad/Controls/Qwerty_it-IT/CAMERA_MOUSE_TOGGLE
[LOG 14:50:38.836] Config(TIME_WARP_STOP) Squad/Controls/Qwerty_it-IT/TIME_WARP_STOP
[LOG 14:50:38.836] Config(CAMERA_RESET) Squad/Controls/Qwerty_it-IT/CAMERA_RESET
[LOG 14:50:38.836] Config(Editor_partSearch) Squad/Controls/Qwerty_it-IT/Editor_partSearch
[LOG 14:50:38.836] Config(KEY_MAP) Squad/Controls/Qwerty_it-IT/KEY_MAP
[LOG 14:50:38.836] Config(KEYBOARD_LAYOUT) Squad/Controls/Qwerty_ja-JP/#autoLOC_6001231
[LOG 14:50:38.836] Config(FOCUS_NEXT_VESSEL) Squad/Controls/Qwerty_ja-JP/FOCUS_NEXT_VESSEL
[LOG 14:50:38.836] Config(FOCUS_PREV_VESSEL) Squad/Controls/Qwerty_ja-JP/FOCUS_PREV_VESSEL
[LOG 14:50:38.836] Config(PRECISION_CTRL) Squad/Controls/Qwerty_ja-JP/PRECISION_CTRL
[LOG 14:50:38.836] Config(CAMERA_MOUSE_TOGGLE) Squad/Controls/Qwerty_ja-JP/CAMERA_MOUSE_TOGGLE
[LOG 14:50:38.836] Config(Editor_partSearch) Squad/Controls/Qwerty_ja-JP/Editor_partSearch
[LOG 14:50:38.836] Config(CAMERA_RESET) Squad/Controls/Qwerty_ja-JP/CAMERA_RESET
[LOG 14:50:38.836] Config(KEY_MAP) Squad/Controls/Qwerty_ja-JP/KEY_MAP
[LOG 14:50:38.836] Config(KEYBOARD_LAYOUT) Squad/Controls/Qwerty_pt-PT/#autoLOC_6001230
[LOG 14:50:38.836] Config(FOCUS_NEXT_VESSEL) Squad/Controls/Qwerty_pt-PT/FOCUS_NEXT_VESSEL
[LOG 14:50:38.836] Config(FOCUS_PREV_VESSEL) Squad/Controls/Qwerty_pt-PT/FOCUS_PREV_VESSEL
[LOG 14:50:38.836] Config(CAMERA_MOUSE_TOGGLE) Squad/Controls/Qwerty_pt-PT/CAMERA_MOUSE_TOGGLE
[LOG 14:50:38.836] Config(TIME_WARP_STOP) Squad/Controls/Qwerty_pt-PT/TIME_WARP_STOP
[LOG 14:50:38.836] Config(CAMERA_RESET) Squad/Controls/Qwerty_pt-PT/CAMERA_RESET
[LOG 14:50:38.836] Config(Editor_partSearch) Squad/Controls/Qwerty_pt-PT/Editor_partSearch
[LOG 14:50:38.836] Config(KEY_MAP) Squad/Controls/Qwerty_pt-PT/KEY_MAP
[LOG 14:50:38.836] Config(KEYBOARD_LAYOUT) Squad/Controls/Qwertz/#autoLOC_6001232
[LOG 14:50:38.836] Config(PITCH_DOWN) Squad/Controls/Qwertz/PITCH_DOWN
[LOG 14:50:38.836] Config(PITCH_UP) Squad/Controls/Qwertz/PITCH_UP
[LOG 14:50:38.836] Config(YAW_LEFT) Squad/Controls/Qwertz/YAW_LEFT
[LOG 14:50:38.837] Config(YAW_RIGHT) Squad/Controls/Qwertz/YAW_RIGHT
[LOG 14:50:38.837] Config(ROLL_LEFT) Squad/Controls/Qwertz/ROLL_LEFT
[LOG 14:50:38.837] Config(ROLL_RIGHT) Squad/Controls/Qwertz/ROLL_RIGHT
[LOG 14:50:38.837] Config(THROTTLE_UP) Squad/Controls/Qwertz/THROTTLE_UP
[LOG 14:50:38.837] Config(THROTTLE_DOWN) Squad/Controls/Qwertz/THROTTLE_DOWN
[LOG 14:50:38.837] Config(SAS_HOLD) Squad/Controls/Qwertz/SAS_HOLD
[LOG 14:50:38.837] Config(SAS_TOGGLE) Squad/Controls/Qwertz/SAS_TOGGLE
[LOG 14:50:38.837] Config(LAUNCH_STAGES) Squad/Controls/Qwertz/LAUNCH_STAGES
[LOG 14:50:38.837] Config(Docking_toggleRotLin) Squad/Controls/Qwertz/Docking_toggleRotLin
[LOG 14:50:38.837] Config(CAMERA_MODE) Squad/Controls/Qwertz/CAMERA_MODE
[LOG 14:50:38.837] Config(CAMERA_NEXT) Squad/Controls/Qwertz/CAMERA_NEXT
[LOG 14:50:38.837] Config(PAUSE) Squad/Controls/Qwertz/PAUSE
[LOG 14:50:38.837] Config(PRECISION_CTRL) Squad/Controls/Qwertz/PRECISION_CTRL
[LOG 14:50:38.837] Config(ZOOM_IN) Squad/Controls/Qwertz/ZOOM_IN
[LOG 14:50:38.837] Config(ZOOM_OUT) Squad/Controls/Qwertz/ZOOM_OUT
[LOG 14:50:38.837] Config(SCROLL_VIEW_UP) Squad/Controls/Qwertz/SCROLL_VIEW_UP
[LOG 14:50:38.837] Config(SCROLL_VIEW_DOWN) Squad/Controls/Qwertz/SCROLL_VIEW_DOWN
[LOG 14:50:38.837] Config(SCROLL_ICONS_UP) Squad/Controls/Qwertz/SCROLL_ICONS_UP
[LOG 14:50:38.837] Config(SCROLL_ICONS_DOWN) Squad/Controls/Qwertz/SCROLL_ICONS_DOWN
[LOG 14:50:38.837] Config(CAMERA_ORBIT_UP) Squad/Controls/Qwertz/CAMERA_ORBIT_UP
[LOG 14:50:38.837] Config(CAMERA_ORBIT_DOWN) Squad/Controls/Qwertz/CAMERA_ORBIT_DOWN
[LOG 14:50:38.837] Config(CAMERA_ORBIT_LEFT) Squad/Controls/Qwertz/CAMERA_ORBIT_LEFT
[LOG 14:50:38.837] Config(CAMERA_ORBIT_RIGHT) Squad/Controls/Qwertz/CAMERA_ORBIT_RIGHT
[LOG 14:50:38.837] Config(CAMERA_RESET) Squad/Controls/Qwertz/CAMERA_RESET
[LOG 14:50:38.837] Config(CAMERA_MOUSE_TOGGLE) Squad/Controls/Qwertz/CAMERA_MOUSE_TOGGLE
[LOG 14:50:38.837] Config(TIME_WARP_INCREASE) Squad/Controls/Qwertz/TIME_WARP_INCREASE
[LOG 14:50:38.837] Config(TIME_WARP_DECREASE) Squad/Controls/Qwertz/TIME_WARP_DECREASE
[LOG 14:50:38.837] Config(TIME_WARP_STOP) Squad/Controls/Qwertz/TIME_WARP_STOP
[LOG 14:50:38.837] Config(MAP_VIEW_TOGGLE) Squad/Controls/Qwertz/MAP_VIEW_TOGGLE
[LOG 14:50:38.838] Config(NAVBALL_TOGGLE) Squad/Controls/Qwertz/NAVBALL_TOGGLE
[LOG 14:50:38.838] Config(UIMODE_STAGING) Squad/Controls/Qwertz/UIMODE_STAGING
[LOG 14:50:38.838] Config(UIMODE_DOCKING) Squad/Controls/Qwertz/UIMODE_DOCKING
[LOG 14:50:38.838] Config(TRANSLATE_DOWN) Squad/Controls/Qwertz/TRANSLATE_DOWN
[LOG 14:50:38.838] Config(TRANSLATE_UP) Squad/Controls/Qwertz/TRANSLATE_UP
[LOG 14:50:38.838] Config(TRANSLATE_LEFT) Squad/Controls/Qwertz/TRANSLATE_LEFT
[LOG 14:50:38.838] Config(TRANSLATE_RIGHT) Squad/Controls/Qwertz/TRANSLATE_RIGHT
[LOG 14:50:38.838] Config(TRANSLATE_FWD) Squad/Controls/Qwertz/TRANSLATE_FWD
[LOG 14:50:38.838] Config(TRANSLATE_BACK) Squad/Controls/Qwertz/TRANSLATE_BACK
[LOG 14:50:38.838] Config(RCS_TOGGLE) Squad/Controls/Qwertz/RCS_TOGGLE
[LOG 14:50:38.838] Config(FOCUS_NEXT_VESSEL) Squad/Controls/Qwertz/FOCUS_NEXT_VESSEL
[LOG 14:50:38.838] Config(FOCUS_PREV_VESSEL) Squad/Controls/Qwertz/FOCUS_PREV_VESSEL
[LOG 14:50:38.838] Config(TOGGLE_UI) Squad/Controls/Qwertz/TOGGLE_UI
[LOG 14:50:38.838] Config(TOGGLE_STATUS_SCREEN) Squad/Controls/Qwertz/TOGGLE_STATUS_SCREEN
[LOG 14:50:38.838] Config(TAKE_SCREENSHOT) Squad/Controls/Qwertz/TAKE_SCREENSHOT
[LOG 14:50:38.838] Config(TOGGLE_LABELS) Squad/Controls/Qwertz/TOGGLE_LABELS
[LOG 14:50:38.838] Config(TOGGLE_TEMP_GAUGES) Squad/Controls/Qwertz/TOGGLE_TEMP_GAUGES
[LOG 14:50:38.838] Config(TOGGLE_TEMP_OVERLAY) Squad/Controls/Qwertz/TOGGLE_TEMP_OVERLAY
[LOG 14:50:38.838] Config(TOGGLE_FLIGHT_FORCES) Squad/Controls/Qwertz/TOGGLE_FLIGHT_FORCES
[LOG 14:50:38.838] Config(QUICKSAVE) Squad/Controls/Qwertz/QUICKSAVE
[LOG 14:50:38.838] Config(QUICKLOAD) Squad/Controls/Qwertz/QUICKLOAD
[LOG 14:50:38.838] Config(THROTTLE_CUTOFF) Squad/Controls/Qwertz/THROTTLE_CUTOFF
[LOG 14:50:38.838] Config(THROTTLE_FULL) Squad/Controls/Qwertz/THROTTLE_FULL
[LOG 14:50:38.838] Config(LANDING_GEAR) Squad/Controls/Qwertz/LANDING_GEAR
[LOG 14:50:38.838] Config(HEADLIGHT_TOGGLE) Squad/Controls/Qwertz/HEADLIGHT_TOGGLE
[LOG 14:50:38.838] Config(BRAKES) Squad/Controls/Qwertz/BRAKES
[LOG 14:50:38.838] Config(TOGGLE_SPACENAV_FLIGHT_CONTROL) Squad/Controls/Qwertz/TOGGLE_SPACENAV_FLIGHT_CONTROL
[LOG 14:50:38.838] Config(TOGGLE_SPACENAV_ROLL_LOCK) Squad/Controls/Qwertz/TOGGLE_SPACENAV_ROLL_LOCK
[LOG 14:50:38.838] Config(WHEEL_STEER_LEFT) Squad/Controls/Qwertz/WHEEL_STEER_LEFT
[LOG 14:50:38.839] Config(WHEEL_STEER_RIGHT) Squad/Controls/Qwertz/WHEEL_STEER_RIGHT
[LOG 14:50:38.839] Config(WHEEL_THROTTLE_DOWN) Squad/Controls/Qwertz/WHEEL_THROTTLE_DOWN
[LOG 14:50:38.839] Config(WHEEL_THROTTLE_UP) Squad/Controls/Qwertz/WHEEL_THROTTLE_UP
[LOG 14:50:38.839] Config(EVA_forward) Squad/Controls/Qwertz/EVA_forward
[LOG 14:50:38.839] Config(EVA_back) Squad/Controls/Qwertz/EVA_back
[LOG 14:50:38.839] Config(EVA_left) Squad/Controls/Qwertz/EVA_left
[LOG 14:50:38.839] Config(EVA_right) Squad/Controls/Qwertz/EVA_right
[LOG 14:50:38.839] Config(EVA_yaw_left) Squad/Controls/Qwertz/EVA_yaw_left
[LOG 14:50:38.839] Config(EVA_yaw_right) Squad/Controls/Qwertz/EVA_yaw_right
[LOG 14:50:38.839] Config(EVA_Pack_forward) Squad/Controls/Qwertz/EVA_Pack_forward
[LOG 14:50:38.839] Config(EVA_Pack_back) Squad/Controls/Qwertz/EVA_Pack_back
[LOG 14:50:38.839] Config(EVA_Pack_left) Squad/Controls/Qwertz/EVA_Pack_left
[LOG 14:50:38.839] Config(EVA_Pack_right) Squad/Controls/Qwertz/EVA_Pack_right
[LOG 14:50:38.839] Config(EVA_Pack_up) Squad/Controls/Qwertz/EVA_Pack_up
[LOG 14:50:38.839] Config(EVA_Pack_down) Squad/Controls/Qwertz/EVA_Pack_down
[LOG 14:50:38.840] Config(EVA_Jump) Squad/Controls/Qwertz/EVA_Jump
[LOG 14:50:38.840] Config(EVA_Run) Squad/Controls/Qwertz/EVA_Run
[LOG 14:50:38.840] Config(EVA_ToggleMovementMode) Squad/Controls/Qwertz/EVA_ToggleMovementMode
[LOG 14:50:38.840] Config(EVA_TogglePack) Squad/Controls/Qwertz/EVA_TogglePack
[LOG 14:50:38.840] Config(EVA_Use) Squad/Controls/Qwertz/EVA_Use
[LOG 14:50:38.840] Config(EVA_Board) Squad/Controls/Qwertz/EVA_Board
[LOG 14:50:38.840] Config(EVA_Orient) Squad/Controls/Qwertz/EVA_Orient
[LOG 14:50:38.840] Config(EVA_Lights) Squad/Controls/Qwertz/EVA_Lights
[LOG 14:50:38.840] Config(Editor_pitchUp) Squad/Controls/Qwertz/Editor_pitchUp
[LOG 14:50:38.840] Config(Editor_pitchDown) Squad/Controls/Qwertz/Editor_pitchDown
[LOG 14:50:38.840] Config(Editor_yawLeft) Squad/Controls/Qwertz/Editor_yawLeft
[LOG 14:50:38.840] Config(Editor_yawRight) Squad/Controls/Qwertz/Editor_yawRight
[LOG 14:50:38.840] Config(Editor_rollLeft) Squad/Controls/Qwertz/Editor_rollLeft
[LOG 14:50:38.840] Config(Editor_rollRight) Squad/Controls/Qwertz/Editor_rollRight
[LOG 14:50:38.840] Config(Editor_resetRotation) Squad/Controls/Qwertz/Editor_resetRotation
[LOG 14:50:38.840] Config(Editor_modePlace) Squad/Controls/Qwertz/Editor_modePlace
[LOG 14:50:38.840] Config(Editor_modeOffset) Squad/Controls/Qwertz/Editor_modeOffset
[LOG 14:50:38.840] Config(Editor_modeRotate) Squad/Controls/Qwertz/Editor_modeRotate
[LOG 14:50:38.840] Config(Editor_modeRoot) Squad/Controls/Qwertz/Editor_modeRoot
[LOG 14:50:38.840] Config(Editor_coordSystem) Squad/Controls/Qwertz/Editor_coordSystem
[LOG 14:50:38.840] Config(Editor_toggleSymMethod) Squad/Controls/Qwertz/Editor_toggleSymMethod
[LOG 14:50:38.840] Config(Editor_toggleSymMode) Squad/Controls/Qwertz/Editor_toggleSymMode
[LOG 14:50:38.840] Config(Editor_toggleAngleSnap) Squad/Controls/Qwertz/Editor_toggleAngleSnap
[LOG 14:50:38.840] Config(Editor_fineTweak) Squad/Controls/Qwertz/Editor_fineTweak
[LOG 14:50:38.840] Config(Editor_partSearch) Squad/Controls/Qwertz/Editor_partSearch
[LOG 14:50:38.840] Config(Editor_zoomScrollModifier) Squad/Controls/Qwertz/Editor_zoomScrollModifier
[LOG 14:50:38.840] Config(MODIFIER_KEY) Squad/Controls/Qwertz/MODIFIER_KEY
[LOG 14:50:38.840] Config(AbortActionGroup) Squad/Controls/Qwertz/AbortActionGroup
[LOG 14:50:38.840] Config(CustomActionGroup1) Squad/Controls/Qwertz/CustomActionGroup1
[LOG 14:50:38.841] Config(CustomActionGroup2) Squad/Controls/Qwertz/CustomActionGroup2
[LOG 14:50:38.841] Config(CustomActionGroup3) Squad/Controls/Qwertz/CustomActionGroup3
[LOG 14:50:38.841] Config(CustomActionGroup4) Squad/Controls/Qwertz/CustomActionGroup4
[LOG 14:50:38.841] Config(CustomActionGroup5) Squad/Controls/Qwertz/CustomActionGroup5
[LOG 14:50:38.841] Config(CustomActionGroup6) Squad/Controls/Qwertz/CustomActionGroup6
[LOG 14:50:38.841] Config(CustomActionGroup7) Squad/Controls/Qwertz/CustomActionGroup7
[LOG 14:50:38.841] Config(CustomActionGroup8) Squad/Controls/Qwertz/CustomActionGroup8
[LOG 14:50:38.841] Config(CustomActionGroup9) Squad/Controls/Qwertz/CustomActionGroup9
[LOG 14:50:38.841] Config(CustomActionGroup10) Squad/Controls/Qwertz/CustomActionGroup10
[LOG 14:50:38.841] Config(KEY_MAP) Squad/Controls/Qwertz/KEY_MAP
[LOG 14:50:38.841] Config(EXPERIENCE_TRAIT) Squad/Experience/Traits/Pilot
[LOG 14:50:38.841] Config(EXPERIENCE_TRAIT) Squad/Experience/Traits/Engineer
[LOG 14:50:38.841] Config(EXPERIENCE_TRAIT) Squad/Experience/Traits/Scientist
[LOG 14:50:38.841] Config(EXPERIENCE_TRAIT) Squad/Experience/Traits/Tourist
[LOG 14:50:38.841] Config(Localization) Squad/Localization/dictionary/Localization
[LOG 14:50:38.841] Config(MISSIONPACK) Squad/Missions/MissionPacks/squad_ESA
[LOG 14:50:38.841] Config(VARIANTTHEME) Squad/Parts/VariantThemes/White
[LOG 14:50:38.841] Config(VARIANTTHEME) Squad/Parts/VariantThemes/BlackAndWhite
[LOG 14:50:38.841] Config(VARIANTTHEME) Squad/Parts/VariantThemes/GrayAndOrange
[LOG 14:50:38.841] Config(VARIANTTHEME) Squad/Parts/VariantThemes/Dark
[LOG 14:50:38.841] Config(VARIANTTHEME) Squad/Parts/VariantThemes/Gray
[LOG 14:50:38.841] Config(VARIANTTHEME) Squad/Parts/VariantThemes/Orange
[LOG 14:50:38.841] Config(VARIANTTHEME) Squad/Parts/VariantThemes/Gold
[LOG 14:50:38.841] Config(VARIANTTHEME) Squad/Parts/VariantThemes/Bare
[LOG 14:50:38.841] Config(VARIANTTHEME) Squad/Parts/VariantThemes/Shroud
[LOG 14:50:38.842] Config(VARIANTTHEME) Squad/Parts/VariantThemes/GrayAndWhite
[LOG 14:50:38.842] Config(VARIANTTHEME) Squad/Parts/VariantThemes/YellowAndWhite
[LOG 14:50:38.842] Config(VARIANTTHEME) Squad/Parts/VariantThemes/Silver
[LOG 14:50:38.842] Config(VARIANTTHEME) Squad/Parts/VariantThemes/Gray with Stripes
[LOG 14:50:38.842] Config(PART) Squad/Parts/Aero/aerodynamicNoseCone/aerodynamicNoseCone/noseCone
[LOG 14:50:38.842] Config(PART) Squad/Parts/Aero/airbrake/Airbrake/airbrake1
[LOG 14:50:38.842] Config(PART) Squad/Parts/Aero/airIntakeRadialXM-G50/airIntakeRadialXM-G50/airScoop
[LOG 14:50:38.842] Config(PART) Squad/Parts/Aero/airlinerWings/ControlSurface/airlinerCtrlSrf
[LOG 14:50:38.842] Config(PART) Squad/Parts/Aero/airlinerWings/MainWing/airlinerMainWing
[LOG 14:50:38.842] Config(PART) Squad/Parts/Aero/airlinerWings/TailFin/airlinerTailFin
[LOG 14:50:38.842] Config(PART) Squad/Parts/Aero/airplaneFins/advancedCanard/AdvancedCanard
[LOG 14:50:38.842] Config(PART) Squad/Parts/Aero/airplaneFins/standardCanard/CanardController
[LOG 14:50:38.842] Config(PART) Squad/Parts/Aero/airplaneFins/sweptWing/sweptWing
[LOG 14:50:38.842] Config(PART) Squad/Parts/Aero/airplaneFins/tailfin/tailfin
[LOG 14:50:38.842] Config(PART) Squad/Parts/Aero/basicFin/basicFin/basicFin
[LOG 14:50:38.842] Config(PART) Squad/Parts/Aero/circularIntake/circularIntake/CircularIntake
[LOG 14:50:38.842] Config(PART) Squad/Parts/Aero/circularIntake/intakeShockCone/shockConeIntake
[LOG 14:50:38.842] Config(PART) Squad/Parts/Aero/cones/avionicsNoseCone/avionicsNoseCone
[LOG 14:50:38.842] Config(PART) Squad/Parts/Aero/cones/ConeA/pointyNoseConeA
[LOG 14:50:38.842] Config(PART) Squad/Parts/Aero/cones/ConeB/pointyNoseConeB
[LOG 14:50:38.842] Config(PART) Squad/Parts/Aero/cones/noseConeAdapter/noseConeAdapter
[LOG 14:50:38.842] Config(PART) Squad/Parts/Aero/cones/protectiveRocketNoseMk7_v2/rocketNoseCone_v2
[LOG 14:50:38.842] Config(PART) Squad/Parts/Aero/cones/protectiveRocketNoseMk7_v3/rocketNoseCone_v3
[LOG 14:50:38.842] Config(PART) Squad/Parts/Aero/cones/rocketNoseCone_size3/rocketNoseConeSize3
[LOG 14:50:38.842] Config(PART) Squad/Parts/Aero/cones/smallNoseCone/standardNoseCone
[LOG 14:50:38.842] Config(PART) Squad/Parts/Aero/cones/tailConnectorA/airplaneTail
[LOG 14:50:38.843] Config(PART) Squad/Parts/Aero/cones/tailConnectorB/airplaneTailB
[LOG 14:50:38.843] Config(PART) Squad/Parts/Aero/fairings/fairingSize1/fairingSize1
[LOG 14:50:38.843] Config(PART) Squad/Parts/Aero/fairings/fairingSize2/fairingSize2
[LOG 14:50:38.843] Config(PART) Squad/Parts/Aero/fairings/fairingSize3/fairingSize3
[LOG 14:50:38.843] Config(PART) Squad/Parts/Aero/HeatShield/HeatShield0/HeatShield0
[LOG 14:50:38.843] Config(PART) Squad/Parts/Aero/HeatShield/HeatShield1/HeatShield1
[LOG 14:50:38.843] Config(PART) Squad/Parts/Aero/HeatShield/HeatShield2/HeatShield2
[LOG 14:50:38.843] Config(PART) Squad/Parts/Aero/HeatShield/HeatShield3/HeatShield3
[LOG 14:50:38.843] Config(PART) Squad/Parts/Aero/InflatableHeatShield/HeatShield/InflatableHeatShield
[LOG 14:50:38.843] Config(PART) Squad/Parts/Aero/intakeRadialLong/intakeRadialLong/IntakeRadialLong
[LOG 14:50:38.843] Config(PART) Squad/Parts/Aero/miniIntake/SmallIntake/miniIntake
[LOG 14:50:38.843] Config(PART) Squad/Parts/Aero/ramAirIntake/ramAirIntake/ramAirIntake
[LOG 14:50:38.843] Config(PART) Squad/Parts/Aero/shuttleWings/delta/wingShuttleDelta
[LOG 14:50:38.843] Config(PART) Squad/Parts/Aero/shuttleWings/elevon1/wingShuttleElevon1
[LOG 14:50:38.843] Config(PART) Squad/Parts/Aero/shuttleWings/elevon2/wingShuttleElevon2
[LOG 14:50:38.843] Config(PART) Squad/Parts/Aero/shuttleWings/rudder/wingShuttleRudder
[LOG 14:50:38.843] Config(PART) Squad/Parts/Aero/shuttleWings/strake/wingShuttleStrake
[LOG 14:50:38.843] Config(PART) Squad/Parts/Aero/wingletAV-R8/wingletAV-R8/R8winglet
[LOG 14:50:38.843] Config(PART) Squad/Parts/Aero/wingletAV-T1/wingletAV-T1/winglet
[LOG 14:50:38.843] Config(PART) Squad/Parts/Aero/wingletDeltaDeluxe/wingletDeltaDeluxe/winglet3
[LOG 14:50:38.843] Config(PART) Squad/Parts/Aero/wings/connector1/wingConnector
[LOG 14:50:38.843] Config(PART) Squad/Parts/Aero/wings/connector2/wingConnector2
[LOG 14:50:38.843] Config(PART) Squad/Parts/Aero/wings/connector3/wingConnector3
[LOG 14:50:38.843] Config(PART) Squad/Parts/Aero/wings/connector4/wingConnector4
[LOG 14:50:38.844] Config(PART) Squad/Parts/Aero/wings/connector5/wingConnector5
[LOG 14:50:38.844] Config(PART) Squad/Parts/Aero/wings/delta/deltaWing
[LOG 14:50:38.844] Config(PART) Squad/Parts/Aero/wings/delta_small/delta_small
[LOG 14:50:38.844] Config(PART) Squad/Parts/Aero/wings/elevon1/StandardCtrlSrf
[LOG 14:50:38.844] Config(PART) Squad/Parts/Aero/wings/elevon2/elevon2
[LOG 14:50:38.844] Config(PART) Squad/Parts/Aero/wings/elevon3/elevon3
[LOG 14:50:38.844] Config(PART) Squad/Parts/Aero/wings/elevon4/smallCtrlSrf
[LOG 14:50:38.844] Config(PART) Squad/Parts/Aero/wings/elevon5/elevon5
[LOG 14:50:38.844] Config(PART) Squad/Parts/Aero/wings/strake/wingStrake
[LOG 14:50:38.844] Config(PART) Squad/Parts/Aero/wings/structural1/structuralWing
[LOG 14:50:38.844] Config(PART) Squad/Parts/Aero/wings/structural2/structuralWing2
[LOG 14:50:38.844] Config(PART) Squad/Parts/Aero/wings/structural3/structuralWing3
[LOG 14:50:38.844] Config(PART) Squad/Parts/Aero/wings/structural4/structuralWing4
[LOG 14:50:38.844] Config(PART) Squad/Parts/Aero/wings/swept1/sweptWing1
[LOG 14:50:38.844] Config(PART) Squad/Parts/Aero/wings/swept2/sweptWing2
[LOG 14:50:38.844] Config(PART) Squad/Parts/Cargo/CargoContainers/cargoContainer/cargoContainer
[LOG 14:50:38.844] Config(PART) Squad/Parts/Cargo/CargoContainers/smallCargoContainer/smallCargoContainer
[LOG 14:50:38.844] Config(PART) Squad/Parts/Cargo/Cylinder/Cylinder/evaCylinder
[LOG 14:50:38.844] Config(PART) Squad/Parts/Cargo/GroundAnchor/groundAnchor/groundAnchor
[LOG 14:50:38.844] Config(PART) Squad/Parts/Cargo/Jetpack/Jetpack/evaJetpack
[LOG 14:50:38.844] Config(PART) Squad/Parts/Cargo/Parachute/Parachute/evaChute
[LOG 14:50:38.844] Config(PART) Squad/Parts/Cargo/RepairKit/RepairKit/evaRepairKit
[LOG 14:50:38.844] Config(PART) Squad/Parts/Cargo/ScienceKit/evaScienceKit/evaScienceKit
[LOG 14:50:38.844] Config(PART) Squad/Parts/Cargo/StorageUnits/CargoStorageUnit/CargoStorageUnit
[LOG 14:50:38.844] Config(PART) Squad/Parts/Cargo/StorageUnits/ConformalStorageUnit/ConformalStorageUnit
[LOG 14:50:38.844] Config(PART) Squad/Parts/Command/advancedSasModuleLarge/advSasModuleLarge/asasmodule1-2
[LOG 14:50:38.845] Config(PART) Squad/Parts/Command/cupola/cupola/cupola
[LOG 14:50:38.845] Config(PART) Squad/Parts/Command/externalCommandSeat/externalCommandSeat/seatExternalCmd
[LOG 14:50:38.845] Config(PART) Squad/Parts/Command/hitchhikerStorageContainer/hitchikerStorageContainer/crewCabin
[LOG 14:50:38.845] Config(PART) Squad/Parts/Command/inlineAdvancedStabilizer/inlineAdvancedStabilizer/advSasModule
[LOG 14:50:38.845] Config(PART) Squad/Parts/Command/inlineReactionWheel/inlineReactionWheel/sasModule
[LOG 14:50:38.845] Config(PART) Squad/Parts/Command/Mk1-3Pod/mk1-3/mk1-3pod
[LOG 14:50:38.845] Config(PART) Squad/Parts/Command/mk1Cockpits/mk1Cockpit/Mark1Cockpit
[LOG 14:50:38.845] Config(PART) Squad/Parts/Command/mk1Cockpits/mk1CrewCabin/MK1CrewCabin
[LOG 14:50:38.845] Config(PART) Squad/Parts/Command/mk1Cockpits/mk1InlineCockpit/Mark2Cockpit
[LOG 14:50:38.845] Config(PART) Squad/Parts/Command/mk1LanderCan/mk1LanderCan/landerCabinSmall
[LOG 14:50:38.845] Config(PART) Squad/Parts/Command/mk1pod_v2/mk1Pod_v2/mk1pod_v2
[LOG 14:50:38.845] Config(PART) Squad/Parts/Command/mk2CockpitInline/mk2CockpitInline/mk2Cockpit_Inline
[LOG 14:50:38.845] Config(PART) Squad/Parts/Command/mk2CockpitStandard/mk2CockpitStandard/mk2Cockpit_Standard
[LOG 14:50:38.845] Config(PART) Squad/Parts/Command/mk2DroneCore/mk2Dronecore/mk2DroneCore
[LOG 14:50:38.845] Config(PART) Squad/Parts/Command/mk2LanderCan/mk2LanderCan/mk2LanderCabin
[LOG 14:50:38.845] Config(PART) Squad/Parts/Command/mk2LanderCan_v2/mk2LanderCan_v2/mk2LanderCabin_v2
[LOG 14:50:38.845] Config(PART) Squad/Parts/Command/mk3CockpitShuttle/mk3CockpitShuttle/mk3Cockpit_Shuttle
[LOG 14:50:38.845] Config(PART) Squad/Parts/Command/MpoProbe/MpoProbe/MpoProbe
[LOG 14:50:38.845] Config(PART) Squad/Parts/Command/MtmStage/MTM_Stage/MtmStage
[LOG 14:50:38.845] Config(PART) Squad/Parts/Command/probeCoreCube/probeCoreCube/probeCoreCube
[LOG 14:50:38.845] Config(PART) Squad/Parts/Command/probeCoreHex/probeCoreHex/probeCoreHex
[LOG 14:50:38.845] Config(PART) Squad/Parts/Command/probeCoreHex_v2/probeCoreHex_v2/probeCoreHex_v2
[LOG 14:50:38.846] Config(PART) Squad/Parts/Command/probeCoreOcto2_v2/probeCoreOcto2_v2/probeCoreOcto2_v2
[LOG 14:50:38.846] Config(PART) Squad/Parts/Command/probeCoreOcto_v2/probeCoreOcto_v2/probeCoreOcto_v2
[LOG 14:50:38.846] Config(PART) Squad/Parts/Command/probeRoverBody/probeRoverBody/roverBody
[LOG 14:50:38.846] Config(PART) Squad/Parts/Command/probeRoverBody_v2/probeRoverBody_v2/roverBody_v2
[LOG 14:50:38.846] Config(PART) Squad/Parts/Command/probeStackLarge/probeStackLarge/probeStackLarge
[LOG 14:50:38.846] Config(PART) Squad/Parts/Command/probeStackSmall/probeStackSmall/probeStackSmall
[LOG 14:50:38.846] Config(PART) Squad/Parts/Command/probeStackSphere_v2/probeStackSphere_v2/probeCoreSphere_v2
[LOG 14:50:38.846] Config(PART) Squad/Parts/CompoundParts/FuelLine/fuelLine/fuelLine
[LOG 14:50:38.846] Config(PART) Squad/Parts/CompoundParts/strutConnector/strutConnector/strutConnector
[LOG 14:50:38.846] Config(PART) Squad/Parts/Coupling/Decoupler_0/Decoupler_0
[LOG 14:50:38.846] Config(PART) Squad/Parts/Coupling/Decoupler_1/Decoupler_1
[LOG 14:50:38.846] Config(PART) Squad/Parts/Coupling/Decoupler_2/Decoupler_2
[LOG 14:50:38.846] Config(PART) Squad/Parts/Coupling/Decoupler_3/Decoupler_3
[LOG 14:50:38.846] Config(PART) Squad/Parts/Coupling/Separator_0/Separator_0
[LOG 14:50:38.846] Config(PART) Squad/Parts/Coupling/Separator_1/Separator_1
[LOG 14:50:38.846] Config(PART) Squad/Parts/Coupling/Separator_2/Separator_2
[LOG 14:50:38.846] Config(PART) Squad/Parts/Coupling/Separator_3/Separator_3
[LOG 14:50:38.846] Config(PART) Squad/Parts/Electrical/10CSolarPanels/OX-10C/solarPanelOX10C
[LOG 14:50:38.846] Config(PART) Squad/Parts/Electrical/10CSolarPanels/SP-10C/solarPanelSP10C
[LOG 14:50:38.846] Config(PART) Squad/Parts/Electrical/10LSolarPanels/OX-10L/solarPanelOX10L
[LOG 14:50:38.846] Config(PART) Squad/Parts/Electrical/10LSolarPanels/SP-10L/solarPanelSP10L
[LOG 14:50:38.846] Config(PART) Squad/Parts/Electrical/1x6ShroudSolarPanels/1x6ShroudSolarPanels/solarPanels2
[LOG 14:50:38.846] Config(PART) Squad/Parts/Electrical/1x6SolarPanels/1x6SolarPanels/solarPanels4
[LOG 14:50:38.846] Config(PART) Squad/Parts/Electrical/3x2ShroudSolarPanels/3x2ShroudSolarPanels/solarPanels1
[LOG 14:50:38.847] Config(PART) Squad/Parts/Electrical/3x2SolarPanels/3x2SolarPanels/solarPanels3
[LOG 14:50:38.847] Config(PART) Squad/Parts/Electrical/gigantorXlSolarArray/gigantorXlSolarArray/largeSolarPanel
[LOG 14:50:38.847] Config(PART) Squad/Parts/Electrical/radialFlatSolarPanel/radialFlatSolarPanel/solarPanels5
[LOG 14:50:38.847] Config(PART) Squad/Parts/Electrical/RTG/RTG/rtg
[LOG 14:50:38.847] Config(PART) Squad/Parts/Electrical/z-100Battery/z-100Battery/batteryPack
[LOG 14:50:38.847] Config(PART) Squad/Parts/Electrical/z-1kBattery/z-1kBattery/batteryBank
[LOG 14:50:38.847] Config(PART) Squad/Parts/Electrical/z-200Battery/z-200Battery/batteryBankMini
[LOG 14:50:38.847] Config(PART) Squad/Parts/Electrical/z-400Battery/z-400Battery/ksp_r_largeBatteryPack
[LOG 14:50:38.847] Config(PART) Squad/Parts/Electrical/z-4kBattery/z-4kBattery/batteryBankLarge
[LOG 14:50:38.847] Config(PART) Squad/Parts/Engine/ionEngine/ionEngine/ionEngine
[LOG 14:50:38.847] Config(PART) Squad/Parts/Engine/jetEngines/jetEngineAfterburning/turboJet
[LOG 14:50:38.847] Config(PART) Squad/Parts/Engine/jetEngines/jetEngineBasic/JetEngine
[LOG 14:50:38.847] Config(PART) Squad/Parts/Engine/jetEngines/jetEngineBig/turboFanSize2
[LOG 14:50:38.847] Config(PART) Squad/Parts/Engine/jetEngines/jetEngineTurbo/turboFanEngine
[LOG 14:50:38.847] Config(PART) Squad/Parts/Engine/liquidEngine24-77/liquidEngine24-77/smallRadialEngine
[LOG 14:50:38.847] Config(PART) Squad/Parts/Engine/liquidEngine24-77_v2/liquidEngine24-77_v2/smallRadialEngine_v2
[LOG 14:50:38.847] Config(PART) Squad/Parts/Engine/liquidEngine48-7S_v2/liquidEngine48-7S_v2/liquidEngineMini_v2
[LOG 14:50:38.847] Config(PART) Squad/Parts/Engine/liquidEngineAerospike/liquidEngineAerospike/toroidalAerospike
[LOG 14:50:38.847] Config(PART) Squad/Parts/Engine/liquidEngineLV-1_v2/liquidEngineLV-1R _v2/radialEngineMini_v2
[LOG 14:50:38.847] Config(PART) Squad/Parts/Engine/liquidEngineLV-1_v2/liquidEngineLV-1_v2/microEngine_v2
[LOG 14:50:38.847] Config(PART) Squad/Parts/Engine/liquidEngineLV-909_v2/liquidEngineLV-909_v2/liquidEngine3_v2
[LOG 14:50:38.847] Config(PART) Squad/Parts/Engine/liquidEngineLV-N/liquidEngineLV-N/nuclearEngine
[LOG 14:50:38.848] Config(PART) Squad/Parts/Engine/liquidEngineLV-T30/liquidEngineLV-T30/liquidEngine
[LOG 14:50:38.848] Config(PART) Squad/Parts/Engine/liquidEngineLV-T30_v2/liquidEngineLV-T30_v2/liquidEngine_v2
[LOG 14:50:38.848] Config(PART) Squad/Parts/Engine/liquidEngineLV-T45/liquidEngineLV-T45/liquidEngine2
[LOG 14:50:38.848] Config(PART) Squad/Parts/Engine/liquidEngineLV-T45_v2/liquidEngineLV-T45_v2/liquidEngine2_v2
[LOG 14:50:38.848] Config(PART) Squad/Parts/Engine/liquidEngineMainsail_v2/liquidEngineMainsail_v2/liquidEngineMainsail_v2
[LOG 14:50:38.848] Config(PART) Squad/Parts/Engine/liquidEngineMk55/liquidEngineMk55/radialLiquidEngine1-2
[LOG 14:50:38.848] Config(PART) Squad/Parts/Engine/liquidEnginePoodle_v2/liquidEnginePoodle_v2/liquidEngine2-2_v2
[LOG 14:50:38.848] Config(PART) Squad/Parts/Engine/liquidEngineSkipper_v2/skipperLiquidEngine_v2/engineLargeSkipper_v2
[LOG 14:50:38.848] Config(PART) Squad/Parts/Engine/liquidEngineSSME/SSME/SSME
[LOG 14:50:38.848] Config(PART) Squad/Parts/Engine/MassiveSRB/part/MassiveBooster
[LOG 14:50:38.848] Config(PART) Squad/Parts/Engine/miniJet/SmallJetEngine/miniJetEngine
[LOG 14:50:38.848] Config(PART) Squad/Parts/Engine/OMSEngine/omsEngine/omsEngine
[LOG 14:50:38.848] Config(PART) Squad/Parts/Engine/rapierEngine/rapierEngine/RAPIER
[LOG 14:50:38.848] Config(PART) Squad/Parts/Engine/Size1_SRBs/solidBoosterRT-10_v2/solidBooster_v2
[LOG 14:50:38.848] Config(PART) Squad/Parts/Engine/Size1_SRBs/solidBoosterRT-5_v2/solidBooster_sm_v2
[LOG 14:50:38.848] Config(PART) Squad/Parts/Engine/Size2LFB/part/Size2LFB
[LOG 14:50:38.848] Config(PART) Squad/Parts/Engine/Size2LFB_v2/part/Size2LFB_v2
[LOG 14:50:38.848] Config(PART) Squad/Parts/Engine/Size3AdvancedEngine/part/Size3AdvancedEngine
[LOG 14:50:38.848] Config(PART) Squad/Parts/Engine/Size3EngineCluster/part/Size3EngineCluster
[LOG 14:50:38.848] Config(PART) Squad/Parts/Engine/solidBoosterBACC/solidBoosterBACC/solidBooster1-1
[LOG 14:50:38.848] Config(PART) Squad/Parts/Engine/solidBoosterS2-17/solidBoosterS2-17/Thoroughbred
[LOG 14:50:38.848] Config(PART) Squad/Parts/Engine/solidBoosterS2-33/solidBoosterS2-33/Clydesdale
[LOG 14:50:38.849] Config(PART) Squad/Parts/Engine/solidBoosterSep/solidBoosterSep/sepMotor1
[LOG 14:50:38.849] Config(PART) Squad/Parts/Engine/SolidBoostersF/SolidBoosterF3S0/Shrimp
[LOG 14:50:38.849] Config(PART) Squad/Parts/Engine/SolidBoostersF/SolidBoosterFM1/Mite
[LOG 14:50:38.849] Config(PART) Squad/Parts/FuelTank/adapterTanks/Mk3-Mk2/adapterMk3-Mk2
[LOG 14:50:38.849] Config(PART) Squad/Parts/FuelTank/adapterTanks/Mk3-ShuttleAdapter/adapterEngines
[LOG 14:50:38.849] Config(PART) Squad/Parts/FuelTank/adapterTanks/Mk3-Size2/adapterMk3-Size2
[LOG 14:50:38.849] Config(PART) Squad/Parts/FuelTank/adapterTanks/Mk3-Size2Slant/adapterMk3-Size2Slant
[LOG 14:50:38.849] Config(PART) Squad/Parts/FuelTank/adapterTanks/Size2-Mk2/adapterSize2-Mk2
[LOG 14:50:38.849] Config(PART) Squad/Parts/FuelTank/adapterTanks/Size2-Size1/adapterSize2-Size1
[LOG 14:50:38.849] Config(PART) Squad/Parts/FuelTank/adapterTanks/Size2-Size1Slant/adapterSize2-Size1Slant
[LOG 14:50:38.849] Config(PART) Squad/Parts/FuelTank/adapterTanks/Size3-Mk3/adapterSize3-Mk3
[LOG 14:50:38.849] Config(PART) Squad/Parts/FuelTank/drainTankFTE-1/ReleaseValve/ReleaseValve
[LOG 14:50:38.849] Config(PART) Squad/Parts/FuelTank/FoilTanks/RadialTank_Capsule/externalTankCapsule
[LOG 14:50:38.849] Config(PART) Squad/Parts/FuelTank/FoilTanks/RadialTank_Round/externalTankRound
[LOG 14:50:38.849] Config(PART) Squad/Parts/FuelTank/FoilTanks/ToroidTank/externalTankToroid
[LOG 14:50:38.849] Config(PART) Squad/Parts/FuelTank/fuelTankOscarB/fuelTankOscarB/miniFuelTank
[LOG 14:50:38.849] Config(PART) Squad/Parts/FuelTank/miniFuselage/miniFuselage/miniFuselage
[LOG 14:50:38.849] Config(PART) Squad/Parts/FuelTank/mk2Adapters/bicoupler/mk2_1m_Bicoupler
[LOG 14:50:38.849] Config(PART) Squad/Parts/FuelTank/mk2Adapters/long/mk2_1m_AdapterLong
[LOG 14:50:38.849] Config(PART) Squad/Parts/FuelTank/mk2Adapters/standard/mk2SpacePlaneAdapter
[LOG 14:50:38.849] Config(PART) Squad/Parts/FuelTank/mk2FuselageLong/LFO_long/mk2FuselageLongLFO
[LOG 14:50:38.849] Config(PART) Squad/Parts/FuelTank/mk2FuselageLong/L_long/mk2Fuselage
[LOG 14:50:38.849] Config(PART) Squad/Parts/FuelTank/mk2FuselageShort/LFO_short/mk2FuselageShortLFO
[LOG 14:50:38.849] Config(PART) Squad/Parts/FuelTank/mk2FuselageShort/L_short/mk2FuselageShortLiquid
[LOG 14:50:38.849] Config(PART) Squad/Parts/FuelTank/mk2FuselageShort/Mono_short/mk2FuselageShortMono
[LOG 14:50:38.849] Config(PART) Squad/Parts/FuelTank/mk3Fuselage/CREW/mk3CrewCabin
[LOG 14:50:38.850] Config(PART) Squad/Parts/FuelTank/mk3Fuselage/LFO_100/mk3FuselageLFO_100
[LOG 14:50:38.850] Config(PART) Squad/Parts/FuelTank/mk3Fuselage/LFO_25/mk3FuselageLFO_25
[LOG 14:50:38.850] Config(PART) Squad/Parts/FuelTank/mk3Fuselage/LFO_50/mk3FuselageLFO_50
[LOG 14:50:38.850] Config(PART) Squad/Parts/FuelTank/mk3Fuselage/LF_100/mk3FuselageLF_100
[LOG 14:50:38.850] Config(PART) Squad/Parts/FuelTank/mk3Fuselage/LF_25/mk3FuselageLF_25
[LOG 14:50:38.850] Config(PART) Squad/Parts/FuelTank/mk3Fuselage/LF_50/mk3FuselageLF_50
[LOG 14:50:38.850] Config(PART) Squad/Parts/FuelTank/mk3Fuselage/MONO/mk3FuselageMONO
[LOG 14:50:38.850] Config(PART) Squad/Parts/FuelTank/RCSFuelTankR1/RCSFuelTankR1/RCSTank1-2
[LOG 14:50:38.850] Config(PART) Squad/Parts/FuelTank/RCSFuelTankR10/RCSFuelTankR10/rcsTankMini
[LOG 14:50:38.850] Config(PART) Squad/Parts/FuelTank/RCSFuelTankR25/RCSFuelTankR25/RCSFuelTank
[LOG 14:50:38.850] Config(PART) Squad/Parts/FuelTank/RCSTankRadial/radialRCSTank/radialRCSTank
[LOG 14:50:38.850] Config(PART) Squad/Parts/FuelTank/RCStankRadialLong/RCSTankRadialLong/rcsTankRadialLong
[LOG 14:50:38.850] Config(PART) Squad/Parts/FuelTank/RockomaxTanks/Rockomax16/Rockomax16_BW
[LOG 14:50:38.850] Config(PART) Squad/Parts/FuelTank/RockomaxTanks/Rockomax32/Rockomax32_BW
[LOG 14:50:38.850] Config(PART) Squad/Parts/FuelTank/RockomaxTanks/Rockomax64/Rockomax64_BW
[LOG 14:50:38.850] Config(PART) Squad/Parts/FuelTank/RockomaxTanks/Rockomax8/Rockomax8BW
[LOG 14:50:38.850] Config(PART) Squad/Parts/FuelTank/Size1_Tanks/fuelTankT100/fuelTankSmallFlat
[LOG 14:50:38.850] Config(PART) Squad/Parts/FuelTank/Size1_Tanks/fuelTankT200/fuelTankSmall
[LOG 14:50:38.850] Config(PART) Squad/Parts/FuelTank/Size1_Tanks/fuelTankT400/fuelTank
[LOG 14:50:38.850] Config(PART) Squad/Parts/FuelTank/Size1_Tanks/fuelTankT800/fuelTank_long
[LOG 14:50:38.850] Config(PART) Squad/Parts/FuelTank/Size3Tanks/large/Size3LargeTank
[LOG 14:50:38.850] Config(PART) Squad/Parts/FuelTank/Size3Tanks/medium/Size3MediumTank
[LOG 14:50:38.850] Config(PART) Squad/Parts/FuelTank/Size3Tanks/small/Size3SmallTank
[LOG 14:50:38.850] Config(PART) Squad/Parts/FuelTank/xenonTank/xenonTank/xenonTank
[LOG 14:50:38.850] Config(PART) Squad/Parts/FuelTank/xenonTankLarge/xenonTankLarge/xenonTankLarge
[LOG 14:50:38.850] Config(PART) Squad/Parts/FuelTank/xenonTankRadial/xenonTankRadial/xenonTankRadial
[LOG 14:50:38.850] Config(PART) Squad/Parts/Misc/AsteroidDay/CamSat/InfraredTelescope
[LOG 14:50:38.851] Config(PART) Squad/Parts/Misc/AsteroidDay/HECS2/HECS2_ProbeCore
[LOG 14:50:38.851] Config(PART) Squad/Parts/Misc/AsteroidDay/HighGainAntenna/HighGainAntenna
[LOG 14:50:38.851] Config(PART) Squad/Parts/Misc/AsteroidDay/LgRadialSolar/LgRadialSolarPanel
[LOG 14:50:38.851] Config(PART) Squad/Parts/Misc/PotatoComet/part/PotatoComet
[LOG 14:50:38.851] Config(PART) Squad/Parts/Misc/PotatoRoid/part/PotatoRoid
[LOG 14:50:38.851] Config(PART) Squad/Parts/Prebuilt/flag/flag
[LOG 14:50:38.851] Config(PART) Squad/Parts/Prebuilt/kerbalEVA/kerbalEVA
[LOG 14:50:38.851] Config(PART) Squad/Parts/Prebuilt/kerbalEVAfemale/kerbalEVAfemale
[LOG 14:50:38.851] Config(PART) Squad/Parts/Prebuilt/kerbalEVASlimSuit/kerbalEVASlimSuit
[LOG 14:50:38.851] Config(PART) Squad/Parts/Prebuilt/kerbalEVASlimSuitFemale/kerbalEVASlimSuitFemale
[LOG 14:50:38.851] Config(PART) Squad/Parts/Resources/FuelCell/FuelCell/FuelCell
[LOG 14:50:38.851] Config(PART) Squad/Parts/Resources/FuelCell/FuelCellArray/FuelCellArray
[LOG 14:50:38.851] Config(PART) Squad/Parts/Resources/ISRU/ISRU/ISRU
[LOG 14:50:38.851] Config(PART) Squad/Parts/Resources/LargeTank/LargeTank/LargeTank
[LOG 14:50:38.851] Config(PART) Squad/Parts/Resources/MiniDrill/MiniDrill/MiniDrill
[LOG 14:50:38.851] Config(PART) Squad/Parts/Resources/MiniISRU/MiniISRU/MiniISRU
[LOG 14:50:38.851] Config(PART) Squad/Parts/Resources/OrbitalScanner/OrbitalScanner/OrbitalScanner
[LOG 14:50:38.851] Config(PART) Squad/Parts/Resources/RadialDrill/RadialDrill/RadialDrill
[LOG 14:50:38.851] Config(PART) Squad/Parts/Resources/RadialTank/RadialTank/RadialOreTank
[LOG 14:50:38.851] Config(PART) Squad/Parts/Resources/SmallTank/SmallTank/SmallTank
[LOG 14:50:38.851] Config(PART) Squad/Parts/Resources/SurfaceScanner/SurfaceScanner/SurfaceScanner
[LOG 14:50:38.851] Config(PART) Squad/Parts/Resources/SurveyScanner/SurveyScanner/SurveyScanner
[LOG 14:50:38.851] Config(PART) Squad/Parts/Science/AtmosphereSensor/sensorAtmosphere/sensorAtmosphere
[LOG 14:50:38.851] Config(PART) Squad/Parts/Science/GooExperiment/gooExperiment/GooExperiment
[LOG 14:50:38.852] Config(PART) Squad/Parts/Science/LargeCrewedLab/largeCrewedLab/Large_Crewed_Lab
[LOG 14:50:38.852] Config(PART) Squad/Parts/Science/Magnetometer/Magnetometer/Magnetometer
[LOG 14:50:38.852] Config(PART) Squad/Parts/Science/MaterialBay/materialBay/science_module
[LOG 14:50:38.852] Config(PART) Squad/Parts/Science/ScienceBox/ScienceBox/ScienceBox
[LOG 14:50:38.852] Config(PART) Squad/Parts/Science/sensorAccelerometer/sensorAccelerometer/sensorAccelerometer
[LOG 14:50:38.852] Config(PART) Squad/Parts/Science/sensorBarometer/sensorBarometer/sensorBarometer
[LOG 14:50:38.852] Config(PART) Squad/Parts/Science/sensorGravimeter/sensorGravimeter/sensorGravimeter
[LOG 14:50:38.852] Config(PART) Squad/Parts/Science/sensorThermometer/sensorThermometer/sensorThermometer
[LOG 14:50:38.852] Config(PART) Squad/Parts/Structural/FLAdapters/adapterSmallMiniShort/adapterSmallMiniShort
[LOG 14:50:38.852] Config(PART) Squad/Parts/Structural/FLAdapters/adapterSmallMiniTall/adapterSmallMiniTall
[LOG 14:50:38.852] Config(PART) Squad/Parts/Structural/mk1Parts/engineBodyRadial/radialEngineBody
[LOG 14:50:38.852] Config(PART) Squad/Parts/Structural/mk1Parts/engineNacelle/nacelleBody
[LOG 14:50:38.852] Config(PART) Squad/Parts/Structural/mk1Parts/mk1Fuselage/MK1Fuselage
[LOG 14:50:38.852] Config(PART) Squad/Parts/Structural/mk1Parts/mk1FuselageIntake/MK1IntakeFuselage
[LOG 14:50:38.852] Config(PART) Squad/Parts/Structural/mk1Parts/mk1Structural/Mk1FuselageStructural
[LOG 14:50:38.852] Config(PART) Squad/Parts/Structural/Size3To2Adapter_v2/Size2to3_v2/Size3To2Adapter_v2
[LOG 14:50:38.852] Config(PART) Squad/Parts/Structural/stackAdapters/adapterLargeSmallBi/adapterLargeSmallBi
[LOG 14:50:38.852] Config(PART) Squad/Parts/Structural/stackAdapters/adapterLargeSmallQuad/adapterLargeSmallQuad
[LOG 14:50:38.852] Config(PART) Squad/Parts/Structural/stackAdapters/adapterLargeSmallTri/adapterLargeSmallTri
[LOG 14:50:38.852] Config(PART) Squad/Parts/Structural/stationHub/stationHub/stationHub
[LOG 14:50:38.852] Config(PART) Squad/Parts/Structural/structuralIBeam200/structuralIBeam200/structuralIBeam2
[LOG 14:50:38.852] Config(PART) Squad/Parts/Structural/structuralIBeam200Pocket/structuralIBeam200Pocket/structuralIBeam3
[LOG 14:50:38.852] Config(PART) Squad/Parts/Structural/structuralIBeam650/structuralIBeam650/structuralIBeam1
[LOG 14:50:38.852] Config(PART) Squad/Parts/Structural/structuralMicronode/structuralMicronode/structuralMiniNode
[LOG 14:50:38.852] Config(PART) Squad/Parts/Structural/structuralPanel1x1/structuralPanel1x1/structuralPanel1
[LOG 14:50:38.852] Config(PART) Squad/Parts/Structural/structuralPanel2x2/structuralPanel2x2/structuralPanel2
[LOG 14:50:38.852] Config(PART) Squad/Parts/Structural/structuralPylons/smallHardpoint/smallHardpoint
[LOG 14:50:38.852] Config(PART) Squad/Parts/Structural/structuralPylons/structuralPylon/structuralPylon
[LOG 14:50:38.853] Config(PART) Squad/Parts/Structural/strutCubicOcto/strutCubicOcto/strutCube
[LOG 14:50:38.853] Config(PART) Squad/Parts/Structural/strutOcto/strutOcto/strutOcto
[LOG 14:50:38.853] Config(PART) Squad/Parts/Structural/trussGirderAdapter/trussGirderAdapter/trussAdapter
[LOG 14:50:38.853] Config(PART) Squad/Parts/Structural/trussGirderL/trussGirderL/trussPiece1x
[LOG 14:50:38.853] Config(PART) Squad/Parts/Structural/trussGirderXL/trussGirderXL/trussPiece3x
[LOG 14:50:38.853] Config(PART) Squad/Parts/Thermal/FoldingRadiators/foldingRadLarge/foldingRadLarge
[LOG 14:50:38.853] Config(PART) Squad/Parts/Thermal/FoldingRadiators/foldingRadMed/foldingRadMed
[LOG 14:50:38.853] Config(PART) Squad/Parts/Thermal/FoldingRadiators/foldingRadSmall/foldingRadSmall
[LOG 14:50:38.853] Config(PART) Squad/Parts/Thermal/RadiatorPanels/radPanelEdge/radPanelEdge
[LOG 14:50:38.853] Config(PART) Squad/Parts/Thermal/RadiatorPanels/radPanelLg/radPanelLg
[LOG 14:50:38.853] Config(PART) Squad/Parts/Thermal/RadiatorPanels/radPanelSm/radPanelSm
[LOG 14:50:38.853] Config(PART) Squad/Parts/Utility/commDish88-88/commDish88-88/commDish
[LOG 14:50:38.853] Config(PART) Squad/Parts/Utility/commsAntennaDTS-M1/commsAntennaDTS-M1/mediumDishAntenna
[LOG 14:50:38.853] Config(PART) Squad/Parts/Utility/commsDish16/commsAntenna16/longAntenna
[LOG 14:50:38.853] Config(PART) Squad/Parts/Utility/decouplerRadialHDM/decouplerRadialHDM/radialDecoupler1-2
[LOG 14:50:38.853] Config(PART) Squad/Parts/Utility/decouplerRadialTT-38K/decouplerRadialTT-38K/radialDecoupler
[LOG 14:50:38.853] Config(PART) Squad/Parts/Utility/decouplerRadialTT-70/decouplerRadialTT-70/radialDecoupler2
[LOG 14:50:38.853] Config(PART) Squad/Parts/Utility/DirectAntennas/C16S/SurfAntenna
[LOG 14:50:38.853] Config(PART) Squad/Parts/Utility/DirectAntennas/HG-5/HighGainAntenna5
[LOG 14:50:38.853] Config(PART) Squad/Parts/Utility/DirectAntennas/HG-5_v2/HighGainAntenna5_v2
[LOG 14:50:38.853] Config(PART) Squad/Parts/Utility/dockingPort/dockingPort/dockingPort2
[LOG 14:50:38.853] Config(PART) Squad/Parts/Utility/dockingPortInline/dockingPortInline/dockingPortLateral
[LOG 14:50:38.853] Config(PART) Squad/Parts/Utility/dockingPortJr/dockingPortJr/dockingPort3
[LOG 14:50:38.853] Config(PART) Squad/Parts/Utility/dockingPortShielded/dockingPortShielded/dockingPort1
[LOG 14:50:38.853] Config(PART) Squad/Parts/Utility/dockingPortSr/dockingPortSr/dockingPortLarge
[LOG 14:50:38.853] Config(PART) Squad/Parts/Utility/Fireworks/fireworksLauncherBig/fireworksLauncherBig
[LOG 14:50:38.854] Config(PART) Squad/Parts/Utility/Fireworks/fireworksLauncherSmall/fireworksLauncherSmall
[LOG 14:50:38.854] Config(PART) Squad/Parts/Utility/flags/flagFlat/flagFlat/flagPartFlat
[LOG 14:50:38.854] Config(PART) Squad/Parts/Utility/flags/flagSize0/flagSize0/flagPartSize0
[LOG 14:50:38.854] Config(PART) Squad/Parts/Utility/flags/flagSize1/flagSize1/flagPartSize1
[LOG 14:50:38.854] Config(PART) Squad/Parts/Utility/flags/flagSize2/flagSize2/flagPartSize2
[LOG 14:50:38.854] Config(PART) Squad/Parts/Utility/flags/flagSize3/flagSize3/flagPartSize3
[LOG 14:50:38.854] Config(PART) Squad/Parts/Utility/GrapplingDevice/part/GrapplingDevice
[LOG 14:50:38.854] Config(PART) Squad/Parts/Utility/ladderRadial/ladderRadial/ladder1
[LOG 14:50:38.854] Config(PART) Squad/Parts/Utility/ladderTelescopic/ladderTelescopic/telescopicLadder
[LOG 14:50:38.854] Config(PART) Squad/Parts/Utility/ladderTelescopicBay/ladderTelescopicBay/telescopicLadderBay
[LOG 14:50:38.854] Config(PART) Squad/Parts/Utility/landingLegLT-1/landingLegLT-1/landingLeg1
[LOG 14:50:38.854] Config(PART) Squad/Parts/Utility/landingLegLT-2/landingLegLT-2/landingLeg1-2
[LOG 14:50:38.854] Config(PART) Squad/Parts/Utility/landingLegLT-5/landingLegLT-5/miniLandingLeg
[LOG 14:50:38.854] Config(PART) Squad/Parts/Utility/launchClamp1/launchClamp1/launchClamp1
[LOG 14:50:38.854] Config(PART) Squad/Parts/Utility/launchEscapeSystem/part/LaunchEscapeSystem
[LOG 14:50:38.854] Config(PART) Squad/Parts/Utility/Lights/domeLight1/domeLight1
[LOG 14:50:38.854] Config(PART) Squad/Parts/Utility/Lights/groundLight1/groundLight1
[LOG 14:50:38.854] Config(PART) Squad/Parts/Utility/Lights/groundLight2/groundLight2
[LOG 14:50:38.854] Config(PART) Squad/Parts/Utility/Lights/navLight1/navLight1
[LOG 14:50:38.854] Config(PART) Squad/Parts/Utility/Lights/spotLight1/spotLight3
[LOG 14:50:38.854] Config(PART) Squad/Parts/Utility/Lights/stripLight1/stripLight1
[LOG 14:50:38.854] Config(PART) Squad/Parts/Utility/linearVernorRCS/linearRCS/linearRcs
[LOG 14:50:38.854] Config(PART) Squad/Parts/Utility/linearVernorRCS/vernorEngine/vernierEngine
[LOG 14:50:38.854] Config(PART) Squad/Parts/Utility/mk2CargoBay/BayL/mk2CargoBayL
[LOG 14:50:38.854] Config(PART) Squad/Parts/Utility/mk2CargoBay/BayS/mk2CargoBayS
[LOG 14:50:38.855] Config(PART) Squad/Parts/Utility/mk2CrewCabin/mk2CrewCabin/mk2CrewCabin
[LOG 14:50:38.855] Config(PART) Squad/Parts/Utility/mk2DockingPort/mk2DockingPort/mk2DockingPort
[LOG 14:50:38.855] Config(PART) Squad/Parts/Utility/mk3CargoBay/long/mk3CargoBayL
[LOG 14:50:38.855] Config(PART) Squad/Parts/Utility/mk3CargoBay/medium/mk3CargoBayM
[LOG 14:50:38.855] Config(PART) Squad/Parts/Utility/mk3CargoBay/ramp/mk3CargoRamp
[LOG 14:50:38.855] Config(PART) Squad/Parts/Utility/mk3CargoBay/short/mk3CargoBayS
[LOG 14:50:38.855] Config(PART) Squad/Parts/Utility/parachuteMk1/parachuteMk1/parachuteSingle
[LOG 14:50:38.855] Config(PART) Squad/Parts/Utility/parachuteMk12-R/parachuteMk12-R/radialDrogue
[LOG 14:50:38.855] Config(PART) Squad/Parts/Utility/parachuteMk16-XL/parachuteMk16-XL/parachuteLarge
[LOG 14:50:38.855] Config(PART) Squad/Parts/Utility/parachuteMk2-R/parachuteMk2-R/parachuteRadial
[LOG 14:50:38.855] Config(PART) Squad/Parts/Utility/parachuteMk25/parachuteMk25/parachuteDrogue
[LOG 14:50:38.855] Config(PART) Squad/Parts/Utility/radialAttachmentPoint/radialAttachmentPoint/stackPoint1
[LOG 14:50:38.855] Config(PART) Squad/Parts/Utility/rcsBlockRV-105_v2/rcsBlockRV-105/RCSBlock_v2
[LOG 14:50:38.855] Config(PART) Squad/Parts/Utility/rcsBlockRV-105_v2/RCSblock_01_small/RCSblock_01_small
[LOG 14:50:38.855] Config(PART) Squad/Parts/Utility/rcsSmallLinear/RCSLinearSmall/RCSLinearSmall
[LOG 14:50:38.855] Config(PART) Squad/Parts/Utility/RelayAntennas/RA-100/RelayAntenna100
[LOG 14:50:38.855] Config(PART) Squad/Parts/Utility/RelayAntennas/RA-5/RelayAntenna5
[LOG 14:50:38.855] Config(PART) Squad/Parts/Utility/RelayAntennas/RA-50/RelayAntenna50
[LOG 14:50:38.855] Config(PART) Squad/Parts/Utility/rockomaxAdapters/largeAdapter/largeAdapter
[LOG 14:50:38.855] Config(PART) Squad/Parts/Utility/rockomaxAdapters/largeAdapterShort/largeAdapter2
[LOG 14:50:38.855] Config(PART) Squad/Parts/Utility/ServiceBay_v2/ServiceBay_125_v2/ServiceBay_125_v2
[LOG 14:50:38.855] Config(PART) Squad/Parts/Utility/ServiceBay_v2/ServiceBay_250_v2/ServiceBay_250_v2
[LOG 14:50:38.855] Config(PART) Squad/Parts/Utility/smallClaw/smallClaw/smallClaw
[LOG 14:50:38.855] Config(PART) Squad/Parts/Utility/spotLightMk1/spotLightMk1/spotLight1
[LOG 14:50:38.855] Config(PART) Squad/Parts/Utility/spotLightMk1_v2/spotLightMk1_v2/spotLight1_v2
[LOG 14:50:38.855] Config(PART) Squad/Parts/Utility/spotLightMk2/spotLightMk2/spotLight2
[LOG 14:50:38.856] Config(PART) Squad/Parts/Utility/spotLightMk2_v2/spotLightMk2_v2/spotLight2_v2
[LOG 14:50:38.856] Config(PART) Squad/Parts/Utility/stackCouplers/stackBiCoupler_v2/stackBiCoupler_v2
[LOG 14:50:38.856] Config(PART) Squad/Parts/Utility/stackCouplers/stackQuadCoupler/stackQuadCoupler
[LOG 14:50:38.856] Config(PART) Squad/Parts/Utility/stackCouplers/stackTriCoupler_v2/stackTriCoupler_v2
[LOG 14:50:38.856] Config(PART) Squad/Parts/Wheel/LandingGear/GearExtraLarge/GearLarge
[LOG 14:50:38.856] Config(PART) Squad/Parts/Wheel/LandingGear/GearFixed/GearFixed
[LOG 14:50:38.856] Config(PART) Squad/Parts/Wheel/LandingGear/GearFree/GearFree
[LOG 14:50:38.856] Config(PART) Squad/Parts/Wheel/LandingGear/GearLarge/GearMedium
[LOG 14:50:38.856] Config(PART) Squad/Parts/Wheel/LandingGear/GearMedium/GearSmall
[LOG 14:50:38.856] Config(PART) Squad/Parts/Wheel/LandingGear/GearSmall/SmallGearBay
[LOG 14:50:38.856] Config(PART) Squad/Parts/Wheel/roverWheelM1/roverWheelM1/roverWheel1
[LOG 14:50:38.856] Config(PART) Squad/Parts/Wheel/roverWheelS2/roverWheelS2/roverWheel2
[LOG 14:50:38.856] Config(PART) Squad/Parts/Wheel/roverWheelTR-2L/roverWheelTR-2L/wheelMed
[LOG 14:50:38.856] Config(PART) Squad/Parts/Wheel/roverWheelXL3/roverWheelXL3/roverWheel3
[LOG 14:50:38.856] Config(PROP) Squad/Props/AltimeterThreeHands/prop/AltimeterThreeHands
[LOG 14:50:38.856] Config(PROP) Squad/Props/AtmosphereDepth/prop/AtmosphereDepth
[LOG 14:50:38.856] Config(PROP) Squad/Props/AxisIndicator/pitchConfig/AxisIndicatorPitch
[LOG 14:50:38.856] Config(PROP) Squad/Props/AxisIndicator/rollConfig/AxisIndicatorRoll
[LOG 14:50:38.856] Config(PROP) Squad/Props/AxisIndicator/yawConfig/AxisIndicatorYaw
[LOG 14:50:38.856] Config(PROP) Squad/Props/buttonsGeneric/circularButton/genericCircularButton
[LOG 14:50:38.856] Config(PROP) Squad/Props/buttonsGeneric/clusterButtons/genericClusterButtons
[LOG 14:50:38.856] Config(PROP) Squad/Props/buttonsGeneric/clusterButtons2/genericClusterButtons2
[LOG 14:50:38.856] Config(PROP) Squad/Props/buttonsGeneric/clusterKnob/genericClusterKnobs
[LOG 14:50:38.856] Config(PROP) Squad/Props/buttonsGeneric/clusterKnob2/genericClusterKnobs2
[LOG 14:50:38.856] Config(PROP) Squad/Props/buttonsGeneric/clusterMixed/genericClusterMixed
[LOG 14:50:38.856] Config(PROP) Squad/Props/buttonsGeneric/clusterSwitches01/genericClusterSwitches01
[LOG 14:50:38.856] Config(PROP) Squad/Props/buttonsGeneric/clusterSwitches02/genericClusterSwitches02
[LOG 14:50:38.857] Config(PROP) Squad/Props/buttonsGeneric/clusterSwitches03/genericClusterSwitches03
[LOG 14:50:38.857] Config(PROP) Squad/Props/buttonsGeneric/clusterSwitches04/genericClusterSwitches04
[LOG 14:50:38.857] Config(PROP) Squad/Props/buttonsGeneric/clusterSwitches05/genericClusterSwitches05
[LOG 14:50:38.857] Config(PROP) Squad/Props/buttonsGeneric/clusterSwitches06/genericClusterSwitches06
[LOG 14:50:38.857] Config(PROP) Squad/Props/buttonsGeneric/clusterSwitches07/genericClusterSwitches07
[LOG 14:50:38.857] Config(PROP) Squad/Props/buttonsGeneric/directionalKnob/genericDirectionalKnob
[LOG 14:50:38.857] Config(PROP) Squad/Props/buttonsGeneric/directionalKnob2/genericDirectionalKnob2
[LOG 14:50:38.857] Config(PROP) Squad/Props/buttonsGeneric/pullSwitch/genericPullSwitch
[LOG 14:50:38.857] Config(PROP) Squad/Props/buttonsGeneric/squareButton/genericSquareButton
[LOG 14:50:38.857] Config(PROP) Squad/Props/buttonsGeneric/standingSwitch/genericStandingSwitch
[LOG 14:50:38.857] Config(PROP) Squad/Props/buttonsGeneric/switch/genericSwitch
[LOG 14:50:38.857] Config(PROP) Squad/Props/buttonsGeneric/switchWithGuards/genericSwitchWithGuards
[LOG 14:50:38.857] Config(PROP) Squad/Props/ButtonSquare/prop/ButtonSquare
[LOG 14:50:38.857] Config(PROP) Squad/Props/circularButton/prop/circularButton
[LOG 14:50:38.857] Config(PROP) Squad/Props/Compass/prop/Compass
[LOG 14:50:38.857] Config(PROP) Squad/Props/directionalKnob/prop/directionalKnob
[LOG 14:50:38.857] Config(PROP) Squad/Props/directionalKnob2/prop/directionalKnob2
[LOG 14:50:38.857] Config(PROP) Squad/Props/IndicatorPanel/prop/IndicatorPanel
[LOG 14:50:38.857] Config(PROP) Squad/Props/IVANavBall/prop/NavBall
[LOG 14:50:38.857] Config(PROP) Squad/Props/IVANavBallNoBase/prop/NavBallNoBase
[LOG 14:50:38.857] Config(PROP) Squad/Props/ledPanelSpeed/prop/ledPanelSpeed
[LOG 14:50:38.857] Config(PROP) Squad/Props/Monitor/DockingMode/MonitorDockingMode
[LOG 14:50:38.857] Config(PROP) Squad/Props/NavBall/prop/NavBall
[LOG 14:50:38.857] Config(PROP) Squad/Props/PropsGeneric/Button_DockingMode/Button_DockingMode
[LOG 14:50:38.857] Config(PROP) Squad/Props/PropsGeneric/CargoBagA/CargoBagA
[LOG 14:50:38.857] Config(PROP) Squad/Props/PropsGeneric/CargoBagB/CargoBagB
[LOG 14:50:38.857] Config(PROP) Squad/Props/PropsGeneric/CargoBagC/CargoBagC
[LOG 14:50:38.857] Config(PROP) Squad/Props/PropsGeneric/Hatch_Plane/Hatch_Plane
[LOG 14:50:38.857] Config(PROP) Squad/Props/PropsGeneric/Hatch_Plane_Curve90/Hatch_Plane_Curve90
[LOG 14:50:38.858] Config(PROP) Squad/Props/PropsGeneric/Hatch_Plane_Frame/Hatch_Plane_Frame
[LOG 14:50:38.858] Config(PROP) Squad/Props/PropsGeneric/Seat_Passenger/Seat_Passenger
[LOG 14:50:38.858] Config(PROP) Squad/Props/PropsGeneric/Seat_Pilot/Seat_Pilot
[LOG 14:50:38.858] Config(PROP) Squad/Props/PropsGeneric/Seat_Pilot_Helmet/Seat_Pilot_Helmet
[LOG 14:50:38.858] Config(PROP) Squad/Props/PropsGeneric/SideStick/SideStick
[LOG 14:50:38.858] Config(PROP) Squad/Props/pullSwitch/prop/pullSwitch
[LOG 14:50:38.858] Config(PROP) Squad/Props/radarAltitude/prop/RadarAltimeter
[LOG 14:50:38.858] Config(PROP) Squad/Props/squareButton/prop/squareButton
[LOG 14:50:38.858] Config(PROP) Squad/Props/standingSwitch/prop/standingSwitch
[LOG 14:50:38.858] Config(PROP) Squad/Props/switch/prop/switch
[LOG 14:50:38.858] Config(PROP) Squad/Props/switchGuard/prop/switchGuard
[LOG 14:50:38.858] Config(PROP) Squad/Props/switchWithGuards/prop/switchWithGuards
[LOG 14:50:38.858] Config(PROP) Squad/Props/throttle/prop/throttle
[LOG 14:50:38.858] Config(PROP) Squad/Props/VSI/prop/VSI
[LOG 14:50:38.858] Config(SPACEOBJECTS_LIMITS) Squad/Resources/CometDefs/SPACEOBJECTS_LIMITS
[LOG 14:50:38.858] Config(COMET_MANAGER) Squad/Resources/CometDefs/COMET_MANAGER
[LOG 14:50:38.858] Config(COMET_ORBIT_TYPE) Squad/Resources/CometDefs/short
[LOG 14:50:38.858] Config(COMET_ORBIT_TYPE) Squad/Resources/CometDefs/intermediate
[LOG 14:50:38.858] Config(COMET_ORBIT_TYPE) Squad/Resources/CometDefs/long
[LOG 14:50:38.858] Config(COMET_ORBIT_TYPE) Squad/Resources/CometDefs/interstellar
[LOG 14:50:38.858] Config(FIREWORKFX_DEFINITION) Squad/Resources/FireworkFXDefinitions/classicTrail
[LOG 14:50:38.858] Config(FIREWORKFX_DEFINITION) Squad/Resources/FireworkFXDefinitions/whirlyTrail
[LOG 14:50:38.858] Config(FIREWORKFX_DEFINITION) Squad/Resources/FireworkFXDefinitions/strobeTrail
[LOG 14:50:38.858] Config(FIREWORKFX_DEFINITION) Squad/Resources/FireworkFXDefinitions/bareTrail
[LOG 14:50:38.858] Config(FIREWORKFX_DEFINITION) Squad/Resources/FireworkFXDefinitions/classicBurst
[LOG 14:50:38.858] Config(FIREWORKFX_DEFINITION) Squad/Resources/FireworkFXDefinitions/chrysBurst
[LOG 14:50:38.858] Config(FIREWORKFX_DEFINITION) Squad/Resources/FireworkFXDefinitions/palmBurst
[LOG 14:50:38.858] Config(FIREWORKFX_DEFINITION) Squad/Resources/FireworkFXDefinitions/ringBurst
[LOG 14:50:38.858] Config(FIREWORKFX_DEFINITION) Squad/Resources/FireworkFXDefinitions/crosetteBurst
[LOG 14:50:38.859] Config(FIREWORKFX_DEFINITION) Squad/Resources/FireworkFXDefinitions/willowBurst
[LOG 14:50:38.859] Config(FIREWORKFX_DEFINITION) Squad/Resources/FireworkFXDefinitions/crackeBurst
[LOG 14:50:38.859] Config(FIREWORKFX_DEFINITION) Squad/Resources/FireworkFXDefinitions/palmCrackleBurst
[LOG 14:50:38.859] Config(FIREWORKFX_DEFINITION) Squad/Resources/FireworkFXDefinitions/dragonBurst
[LOG 14:50:38.859] Config(GLOBAL_RESOURCE) Squad/Resources/Ore/GLOBAL_RESOURCE
[LOG 14:50:38.859] Config(PLANETARY_RESOURCE) Squad/Resources/Ore/PLANETARY_RESOURCE
[LOG 14:50:38.859] Config(PLANETARY_RESOURCE) Squad/Resources/Ore/PLANETARY_RESOURCE
[LOG 14:50:38.859] Config(RESOURCE_OVERLAY_CONFIGURATION_SOLID) Squad/Resources/Overlay/RESOURCE_OVERLAY_CONFIGURATION_SOLID
[LOG 14:50:38.859] Config(RESOURCE_OVERLAY_CONFIGURATION_LINES) Squad/Resources/Overlay/RESOURCE_OVERLAY_CONFIGURATION_LINES
[LOG 14:50:38.859] Config(RESOURCE_OVERLAY_CONFIGURATION_DOTS) Squad/Resources/Overlay/RESOURCE_OVERLAY_CONFIGURATION_DOTS
[LOG 14:50:38.859] Config(RESOURCE_CONFIGURATION) Squad/Resources/ResourceDefaults/RESOURCE_CONFIGURATION
[LOG 14:50:38.859] Config(RESOURCE_DEFINITION) Squad/Resources/ResourcesGeneric/LiquidFuel
[LOG 14:50:38.859] Config(RESOURCE_DEFINITION) Squad/Resources/ResourcesGeneric/Oxidizer
[LOG 14:50:38.859] Config(RESOURCE_DEFINITION) Squad/Resources/ResourcesGeneric/SolidFuel
[LOG 14:50:38.859] Config(RESOURCE_DEFINITION) Squad/Resources/ResourcesGeneric/MonoPropellant
[LOG 14:50:38.859] Config(RESOURCE_DEFINITION) Squad/Resources/ResourcesGeneric/XenonGas
[LOG 14:50:38.859] Config(RESOURCE_DEFINITION) Squad/Resources/ResourcesGeneric/ElectricCharge
[LOG 14:50:38.859] Config(RESOURCE_DEFINITION) Squad/Resources/ResourcesGeneric/IntakeAir
[LOG 14:50:38.859] Config(RESOURCE_DEFINITION) Squad/Resources/ResourcesGeneric/EVA Propellant
[LOG 14:50:38.859] Config(RESOURCE_DEFINITION) Squad/Resources/ResourcesGeneric/Ore
[LOG 14:50:38.859] Config(RESOURCE_DEFINITION) Squad/Resources/ResourcesGeneric/Ablator
[LOG 14:50:38.859] Config(EXPERIMENT_DEFINITION) Squad/Resources/ScienceDefs/EXPERIMENT_DEFINITION
[LOG 14:50:38.859] Config(EXPERIMENT_DEFINITION) Squad/Resources/ScienceDefs/EXPERIMENT_DEFINITION
[LOG 14:50:38.859] Config(EXPERIMENT_DEFINITION) Squad/Resources/ScienceDefs/EXPERIMENT_DEFINITION
[LOG 14:50:38.859] Config(EXPERIMENT_DEFINITION) Squad/Resources/ScienceDefs/EXPERIMENT_DEFINITION
[LOG 14:50:38.859] Config(EXPERIMENT_DEFINITION) Squad/Resources/ScienceDefs/EXPERIMENT_DEFINITION
[LOG 14:50:38.859] Config(EXPERIMENT_DEFINITION) Squad/Resources/ScienceDefs/EXPERIMENT_DEFINITION
[LOG 14:50:38.860] Config(EXPERIMENT_DEFINITION) Squad/Resources/ScienceDefs/EXPERIMENT_DEFINITION
[LOG 14:50:38.860] Config(EXPERIMENT_DEFINITION) Squad/Resources/ScienceDefs/EXPERIMENT_DEFINITION
[LOG 14:50:38.860] Config(EXPERIMENT_DEFINITION) Squad/Resources/ScienceDefs/EXPERIMENT_DEFINITION
[LOG 14:50:38.860] Config(EXPERIMENT_DEFINITION) Squad/Resources/ScienceDefs/EXPERIMENT_DEFINITION
[LOG 14:50:38.860] Config(EXPERIMENT_DEFINITION) Squad/Resources/ScienceDefs/EXPERIMENT_DEFINITION
[LOG 14:50:38.860] Config(EXPERIMENT_DEFINITION) Squad/Resources/ScienceDefs/EXPERIMENT_DEFINITION
[LOG 14:50:38.860] Config(EXPERIMENT_DEFINITION) Squad/Resources/ScienceDefs/EXPERIMENT_DEFINITION
[LOG 14:50:38.860] Config(EXPERIMENT_DEFINITION) Squad/Resources/ScienceDefs/EXPERIMENT_DEFINITION
[LOG 14:50:38.860] Config(EXPERIMENT_DEFINITION) Squad/Resources/ScienceDefs/EXPERIMENT_DEFINITION
[LOG 14:50:38.860] Config(EXPERIMENT_DEFINITION) Squad/Resources/ScienceDefs/EXPERIMENT_DEFINITION
[LOG 14:50:38.860] Config(EXPERIMENT_DEFINITION) Squad/Resources/ScienceDefs/EXPERIMENT_DEFINITION
[LOG 14:50:38.860] Config(EXPERIMENT_DEFINITION) Squad/Resources/ScienceDefs/EXPERIMENT_DEFINITION
[LOG 14:50:38.860] Config(STORY_DEF) Squad/Resources/StoryDefs/STORY_DEF
[LOG 14:50:38.860] Config(TechTree) Squad/Resources/TechTree/TechTree
[LOG 14:50:38.860] Config(INTERNAL) Squad/Spaces/crewCabinInternals/internal/crewCabinInternals
[LOG 14:50:38.860] Config(INTERNAL) Squad/Spaces/cupolaInternal/internal/cupolaInternal
[LOG 14:50:38.860] Config(INTERNAL) Squad/Spaces/GenericSpace1/internal/GenericSpace1
[LOG 14:50:38.860] Config(INTERNAL) Squad/Spaces/GenericSpace3/internal/GenericSpace3
[LOG 14:50:38.860] Config(INTERNAL) Squad/Spaces/landerCabinInternals/internal/landerCabinInternals
[LOG 14:50:38.860] Config(INTERNAL) Squad/Spaces/landerCabinSmallInternal/internal/landerCabinSmallInternal
[LOG 14:50:38.860] Config(INTERNAL) Squad/Spaces/LargeCrewedLabInternals/internal/Mobile_Processing_Lab_Int
[LOG 14:50:38.860] Config(INTERNAL) Squad/Spaces/Mk1-3/internal/Mk1-3
[LOG 14:50:38.860] Config(INTERNAL) Squad/Spaces/mk1CabinInternal/internal/mk1CabinInternal
[LOG 14:50:38.860] Config(INTERNAL) Squad/Spaces/mk1CockpitInternal/internal/mk1CockpitInternal
[LOG 14:50:38.860] Config(INTERNAL) Squad/Spaces/mk1InlineInternal/internal/mk1InlineInternal
[LOG 14:50:38.861] Config(INTERNAL) Squad/Spaces/mk1PodCockpit/internal/mk1PodCockpit
[LOG 14:50:38.861] Config(INTERNAL) Squad/Spaces/mk1pod_IVA/mk1pod_Internal/mk1pod_IVA
[LOG 14:50:38.861] Config(INTERNAL) Squad/Spaces/mk2CockpitStandardInternal/internal/mk2CockpitStandardInternals
[LOG 14:50:38.861] Config(INTERNAL) Squad/Spaces/Mk2CrewCabinInternal/internal_MK2_CrewCab/MK2_CrewCab_Int
[LOG 14:50:38.861] Config(INTERNAL) Squad/Spaces/mk2InlineInternal/internal/mk2InlineInternal
[LOG 14:50:38.861] Config(INTERNAL) Squad/Spaces/mk2LanderCanInternal/internal/mk2LanderCanInternal
[LOG 14:50:38.861] Config(INTERNAL) Squad/Spaces/MK3CockpitInternal/internal_MK3/MK3_Cockpit_Int
[LOG 14:50:38.861] Config(INTERNAL) Squad/Spaces/MK3_CrewCab_Int/internal_MK3_CrewCab/MK3_CrewCab_Int
[LOG 14:50:38.861] Config(INTERNAL) Squad/Spaces/Placeholder/internal/Placeholder
[LOG 14:50:38.861] Config(INTERNAL) Squad/Spaces/PodCockpit/internal/PodCockpit
[LOG 14:50:38.861] Config(STRATEGY_DEPARTMENT) Squad/Strategies/Departments/Finances
[LOG 14:50:38.861] Config(STRATEGY_DEPARTMENT) Squad/Strategies/Departments/Science
[LOG 14:50:38.861] Config(STRATEGY_DEPARTMENT) Squad/Strategies/Departments/Public Relations
[LOG 14:50:38.861] Config(STRATEGY_DEPARTMENT) Squad/Strategies/Departments/Operations
[LOG 14:50:38.861] Config(STRATEGY) Squad/Strategies/Strategies/AppreciationCampaignCfg
[LOG 14:50:38.861] Config(STRATEGY) Squad/Strategies/Strategies/FundraisingCampaignCfg
[LOG 14:50:38.861] Config(STRATEGY) Squad/Strategies/Strategies/OpenSourceTechProgramCfg
[LOG 14:50:38.861] Config(STRATEGY) Squad/Strategies/Strategies/UnpaidResearchProgramCfg
[LOG 14:50:38.861] Config(STRATEGY) Squad/Strategies/Strategies/OutsourcedResearchCfg
[LOG 14:50:38.861] Config(STRATEGY) Squad/Strategies/Strategies/PatentsLicensingCfg
[LOG 14:50:38.861] Config(STRATEGY) Squad/Strategies/Strategies/AgressiveNegotiations
[LOG 14:50:38.861] Config(STRATEGY) Squad/Strategies/Strategies/RecoveryTransponders
[LOG 14:50:38.861] Config(STRATEGY) Squad/Strategies/Strategies/BailoutGrant
[LOG 14:50:38.861] Config(STRATEGY) Squad/Strategies/Strategies/researchIPsellout
[LOG 14:50:38.861] Config(STRATEGY) Squad/Strategies/Strategies/LeadershipInitiative
[LOG 14:50:38.861] Config(TUTORIAL) Squad/Tutorials/FlightSuborbital/FlightSuborbital
[LOG 14:50:38.861] Config(TUTORIAL) Squad/Tutorials/FromMun/FromMun
[LOG 14:50:38.861] Config(TUTORIAL) Squad/Tutorials/GoForOrbit/GoForOrbit
[LOG 14:50:38.861] Config(MISSIONPACK) SquadExpansion/MakingHistory/Missions/MissionPacks/squad_MakingHistory
[LOG 14:50:38.861] Config(MISSIONPACK) SquadExpansion/MakingHistory/Missions/MissionPacks/squad_MakingHistory_Other
[LOG 14:50:38.861] Config(MISSIONPACK) SquadExpansion/MakingHistory/Missions/MissionPacks/squad_MakingHistory_Tutorial
[LOG 14:50:38.861] Config(MEBASICNODE) SquadExpansion/MakingHistory/Nodes/AccuracyLogic/TestAccuracyLogic
[LOG 14:50:38.861] Config(MEBASICNODE) SquadExpansion/MakingHistory/Nodes/ActionChancePartResourceLevels/ActionPartResourceAmount
[LOG 14:50:38.861] Config(MEBASICNODE) SquadExpansion/MakingHistory/Nodes/ActionExplode/ActionVesselExplode
[LOG 14:50:38.861] Config(MEBASICNODE) SquadExpansion/MakingHistory/Nodes/ActionMissionScore/MissionScore
[LOG 14:50:38.861] Config(MEBASICNODE) SquadExpansion/MakingHistory/Nodes/ActionModifierFunds/ModifyFunds
[LOG 14:50:38.861] Config(MEBASICNODE) SquadExpansion/MakingHistory/Nodes/ActionModifierScore/MissionScore
[LOG 14:50:38.861] Config(MEBASICNODE) SquadExpansion/MakingHistory/Nodes/ActionPartExplode/ActionPartExplode
[LOG 14:50:38.861] Config(MEBASICNODE) SquadExpansion/MakingHistory/Nodes/ActionPartResourceDrain/ActionPartResourceDrain
[LOG 14:50:38.861] Config(MEBASICNODE) SquadExpansion/MakingHistory/Nodes/ActionVesselActionGroup/ActionVesselActionGroup
[LOG 14:50:38.862] Config(MEBASICNODE) SquadExpansion/MakingHistory/Nodes/ActionVesselStage/ActionVesselStage
[LOG 14:50:38.862] Config(MEBASICNODE) SquadExpansion/MakingHistory/Nodes/CreateAsteroid/CreateAsteroid
[LOG 14:50:38.862] Config(MEBASICNODE) SquadExpansion/MakingHistory/Nodes/CreateComet/CreateComet
[LOG 14:50:38.862] Config(MEBASICNODE) SquadExpansion/MakingHistory/Nodes/CreateFlag/CreateFlag
[LOG 14:50:38.862] Config(MEBASICNODE) SquadExpansion/MakingHistory/Nodes/CreateLaunchSite/CreateLaunchSite
[LOG 14:50:38.862] Config(MEBASICNODE) SquadExpansion/MakingHistory/Nodes/CreateVessel/CreateVessel
[LOG 14:50:38.862] Config(MEBASICNODE) SquadExpansion/MakingHistory/Nodes/CrewAssignment/TestCrewAssignment
[LOG 14:50:38.862] Config(MEBASICNODE) SquadExpansion/MakingHistory/Nodes/Destroyed/Crashed
[LOG 14:50:38.862] Config(MEBASICNODE) SquadExpansion/MakingHistory/Nodes/DialogMessage/DialogMessage
[LOG 14:50:38.862] Config(MEBASICNODE) SquadExpansion/MakingHistory/Nodes/Distance/Distance
[LOG 14:50:38.862] Config(MEBASICNODE) SquadExpansion/MakingHistory/Nodes/EmptyFalse/EmptyFalse
[LOG 14:50:38.862] Config(MEBASICNODE) SquadExpansion/MakingHistory/Nodes/EmptyTrue/EmptyTrue
[LOG 14:50:38.862] Config(MEBASICNODE) SquadExpansion/MakingHistory/Nodes/EscapeSOI/SOILeft
[LOG 14:50:38.862] Config(MEBASICNODE) SquadExpansion/MakingHistory/Nodes/EVA/EVA
[LOG 14:50:38.862] Config(MEBASICNODE) SquadExpansion/MakingHistory/Nodes/Flying/Flying
[LOG 14:50:38.862] Config(MEBASICNODE) SquadExpansion/MakingHistory/Nodes/FundsRecovery/FundsRecovery
[LOG 14:50:38.862] Config(MEBASICNODE) SquadExpansion/MakingHistory/Nodes/KerbalBoarded/TestKerbalBoarded
[LOG 14:50:38.862] Config(MEBASICNODE) SquadExpansion/MakingHistory/Nodes/KerbalKilled/EVA
[LOG 14:50:38.862] Config(MEBASICNODE) SquadExpansion/MakingHistory/Nodes/KerbalRecovery/KerbalRecovery
[LOG 14:50:38.862] Config(MEBASICNODE) SquadExpansion/MakingHistory/Nodes/KerbalRescue/KerbalRescue
[LOG 14:50:38.862] Config(MEBASICNODE) SquadExpansion/MakingHistory/Nodes/Landed/Landed
[LOG 14:50:38.862] Config(MEBASICNODE) SquadExpansion/MakingHistory/Nodes/Message/Message
[LOG 14:50:38.862] Config(MEBASICNODE) SquadExpansion/MakingHistory/Nodes/MissionFunds/MissionFunds
[LOG 14:50:38.862] Config(MEBASICNODE) SquadExpansion/MakingHistory/Nodes/MissionScore/MissionScore
[LOG 14:50:38.862] Config(MEBASICNODE) SquadExpansion/MakingHistory/Nodes/Orbit/Orbit
[LOG 14:50:38.862] Config(MEBASICNODE) SquadExpansion/MakingHistory/Nodes/OrbitParams/OrbitParams
[LOG 14:50:38.862] Config(MEBASICNODE) SquadExpansion/MakingHistory/Nodes/PartDocking/TestPartDocking
[LOG 14:50:38.863] Config(MEBASICNODE) SquadExpansion/MakingHistory/Nodes/PartFailure/PartFailure
[LOG 14:50:38.863] Config(MEBASICNODE) SquadExpansion/MakingHistory/Nodes/PartGrapple/TestGrapple
[LOG 14:50:38.863] Config(MEBASICNODE) SquadExpansion/MakingHistory/Nodes/PartRepair/PartRepair
[LOG 14:50:38.863] Config(MEBASICNODE) SquadExpansion/MakingHistory/Nodes/PlaceKerbal/CreateKerbal
[LOG 14:50:38.863] Config(MEBASICNODE) SquadExpansion/MakingHistory/Nodes/PlantFlag/PlantFlag
[LOG 14:50:38.863] Config(MEBASICNODE) SquadExpansion/MakingHistory/Nodes/ReachSOI/ReachSOI
[LOG 14:50:38.863] Config(MEBASICNODE) SquadExpansion/MakingHistory/Nodes/Resource/ResourceAmount
[LOG 14:50:38.863] Config(MEBASICNODE) SquadExpansion/MakingHistory/Nodes/ResourceRecovery/TestResourcesRecovery
[LOG 14:50:38.863] Config(MEBASICNODE) SquadExpansion/MakingHistory/Nodes/ScienceExperiment/ScienceExperiment
[LOG 14:50:38.863] Config(MEBASICNODE) SquadExpansion/MakingHistory/Nodes/SetCamera/SetCamera
[LOG 14:50:38.863] Config(MEBASICNODE) SquadExpansion/MakingHistory/Nodes/SplashDown/SplashDown
[LOG 14:50:38.863] Config(MEBASICNODE) SquadExpansion/MakingHistory/Nodes/StageActivated/TestVesselStageActivated
[LOG 14:50:38.863] Config(MEBASICNODE) SquadExpansion/MakingHistory/Nodes/TakeKerbal/TestTakeKerbal
[LOG 14:50:38.863] Config(MEBASICNODE) SquadExpansion/MakingHistory/Nodes/TestFlyThrough/TestFlyThrough
[LOG 14:50:38.863] Config(MEBASICNODE) SquadExpansion/MakingHistory/Nodes/TestGoTo/TestGoTo
[LOG 14:50:38.863] Config(MEBASICNODE) SquadExpansion/MakingHistory/Nodes/TimeMET/TimeMET
[LOG 14:50:38.863] Config(MEBASICNODE) SquadExpansion/MakingHistory/Nodes/TimeOfMission/TimeOfMission
[LOG 14:50:38.863] Config(MEBASICNODE) SquadExpansion/MakingHistory/Nodes/TimeSinceNode/TestTimeSinceNode
[LOG 14:50:38.863] Config(MEBASICNODE) SquadExpansion/MakingHistory/Nodes/VesselActiveCount/TestVesselActiveCount
[LOG 14:50:38.863] Config(MEBASICNODE) SquadExpansion/MakingHistory/Nodes/VesselAltitudeGoal/VesselAltitudeGoal
[LOG 14:50:38.863] Config(MEBASICNODE) SquadExpansion/MakingHistory/Nodes/VesselCrewCount/VeselCrewCount
[LOG 14:50:38.863] Config(MEBASICNODE) SquadExpansion/MakingHistory/Nodes/VesselMassLogic/VesselMass
[LOG 14:50:38.863] Config(MEBASICNODE) SquadExpansion/MakingHistory/Nodes/VesselPartCount/PartCount
[LOG 14:50:38.863] Config(MEBASICNODE) SquadExpansion/MakingHistory/Nodes/VesselRecovery/TestVesselRecovery
[LOG 14:50:38.863] Config(MEBASICNODE) SquadExpansion/MakingHistory/Nodes/VesselStage/TestVesselStage
[LOG 14:50:38.863] Config(MEBASICNODE) SquadExpansion/MakingHistory/Nodes/VesselVelocity/VesselVelocity
[LOG 14:50:38.863] Config(PART) SquadExpansion/MakingHistory/Parts/Aero/protectiveRocketNoseMk16/rocketNoseCone_size4/rocketNoseConeSize4
[LOG 14:50:38.863] Config(PART) SquadExpansion/MakingHistory/Parts/Aero/protectiveRocketNoseMk5A/Size_1_5_Cone/Size_1_5_Cone
[LOG 14:50:38.864] Config(PART) SquadExpansion/MakingHistory/Parts/Coupling/Decoupler_1p5/Decoupler_1p5
[LOG 14:50:38.864] Config(PART) SquadExpansion/MakingHistory/Parts/Coupling/Decoupler_4/Decoupler_4
[LOG 14:50:38.864] Config(PART) SquadExpansion/MakingHistory/Parts/Coupling/EnginePlate_1p5/EnginePlate1p5
[LOG 14:50:38.864] Config(PART) SquadExpansion/MakingHistory/Parts/Coupling/EnginePlate_2/EnginePlate2
[LOG 14:50:38.864] Config(PART) SquadExpansion/MakingHistory/Parts/Coupling/EnginePlate_3/EnginePlate3
[LOG 14:50:38.864] Config(PART) SquadExpansion/MakingHistory/Parts/Coupling/EnginePlate_4/EnginePlate4
[LOG 14:50:38.864] Config(PART) SquadExpansion/MakingHistory/Parts/Coupling/EnginePlate_5/EnginePlate5
[LOG 14:50:38.864] Config(PART) SquadExpansion/MakingHistory/Parts/Coupling/InflatableAirlock/InflatableAirlock
[LOG 14:50:38.864] Config(PART) SquadExpansion/MakingHistory/Parts/Coupling/Separator_1p5/Separator_1p5
[LOG 14:50:38.864] Config(PART) SquadExpansion/MakingHistory/Parts/Coupling/Separator_4/Separator_4
[LOG 14:50:38.864] Config(PART) SquadExpansion/MakingHistory/Parts/Coupling/Size1p5_Strut_Decoupler/Size1p5_Strut_Decoupler
[LOG 14:50:38.864] Config(PART) SquadExpansion/MakingHistory/Parts/Engine/LiquidEngineKE-1/LiquidEngineKE-1
[LOG 14:50:38.864] Config(PART) SquadExpansion/MakingHistory/Parts/Engine/LiquidEngineLV-T91/LiquidEngineLV-T91
[LOG 14:50:38.864] Config(PART) SquadExpansion/MakingHistory/Parts/Engine/LiquidEngineLV-TX87/LiquidEngineLV-TX87
[LOG 14:50:38.864] Config(PART) SquadExpansion/MakingHistory/Parts/Engine/LiquidEngineRE-I2/LiquidEngineRE-I2
[LOG 14:50:38.864] Config(PART) SquadExpansion/MakingHistory/Parts/Engine/LiquidEngineRE-J10/LiquidEngineRE-J10
[LOG 14:50:38.864] Config(PART) SquadExpansion/MakingHistory/Parts/Engine/LiquidEngineRK-7/LiquidEngineRK-7
[LOG 14:50:38.864] Config(PART) SquadExpansion/MakingHistory/Parts/Engine/LiquidEngineRV-1/LiquidEngineRV-1
[LOG 14:50:38.864] Config(PART) SquadExpansion/MakingHistory/Parts/Engine/solidBoosterTHK/solidBoosterTHK/Pollux
[LOG 14:50:38.864] Config(PART) SquadExpansion/MakingHistory/Parts/FuelTank/MonoPropMini/monopropMiniSphere
[LOG 14:50:38.864] Config(PART) SquadExpansion/MakingHistory/Parts/FuelTank/Size1p5_Monoprop/Size1p5_Monoprop
[LOG 14:50:38.864] Config(PART) SquadExpansion/MakingHistory/Parts/FuelTank/Size1p5_Size0_Adapter_01/Size1p5_Size0_Adapter_01
[LOG 14:50:38.864] Config(PART) SquadExpansion/MakingHistory/Parts/FuelTank/Size1p5_Size1_Adapter_01/Size1p5_Size1_Adapter_01
[LOG 14:50:38.864] Config(PART) SquadExpansion/MakingHistory/Parts/FuelTank/Size1p5_Size1_Adapter_02/Size1p5_Size1_Adapter_02
[LOG 14:50:38.865] Config(PART) SquadExpansion/MakingHistory/Parts/FuelTank/Size1p5_Size2_Adapter_01/Size1p5_Size2_Adapter_01
[LOG 14:50:38.865] Config(PART) SquadExpansion/MakingHistory/Parts/FuelTank/Size1p5_Tank_01/Size1p5_Tank_01
[LOG 14:50:38.865] Config(PART) SquadExpansion/MakingHistory/Parts/FuelTank/Size1p5_Tank_02/Size1p5_Tank_02
[LOG 14:50:38.865] Config(PART) SquadExpansion/MakingHistory/Parts/FuelTank/Size1p5_Tank_03/Size1p5_Tank_03
[LOG 14:50:38.865] Config(PART) SquadExpansion/MakingHistory/Parts/FuelTank/Size1p5_Tank_04/Size1p5_Tank_04
[LOG 14:50:38.865] Config(PART) SquadExpansion/MakingHistory/Parts/FuelTank/Size1p5_Tank_05/Size1p5_Tank_05
[LOG 14:50:38.865] Config(PART) SquadExpansion/MakingHistory/Parts/FuelTank/Size3_Size4_Adapter_01/Size3_Size4_Adapter_01
[LOG 14:50:38.865] Config(PART) SquadExpansion/MakingHistory/Parts/FuelTank/Size4_EngineAdapter_01/Size4_EngineAdapter_01
[LOG 14:50:38.865] Config(PART) SquadExpansion/MakingHistory/Parts/FuelTank/Size4_Tank_01/Size4_Tank_01
[LOG 14:50:38.865] Config(PART) SquadExpansion/MakingHistory/Parts/FuelTank/Size4_Tank_02/Size4_Tank_02
[LOG 14:50:38.865] Config(PART) SquadExpansion/MakingHistory/Parts/FuelTank/Size4_Tank_03/Size4_Tank_03
[LOG 14:50:38.865] Config(PART) SquadExpansion/MakingHistory/Parts/FuelTank/Size4_Tank_04/Size4_Tank_04
[LOG 14:50:38.865] Config(PART) SquadExpansion/MakingHistory/Parts/Ground/RoverWheel/roverWheelM1-F
[LOG 14:50:38.865] Config(PART) SquadExpansion/MakingHistory/Parts/Payload/fairingSize1p5/fairingSize1p5
[LOG 14:50:38.865] Config(PART) SquadExpansion/MakingHistory/Parts/Payload/fairingSize4/fairingSize4
[LOG 14:50:38.865] Config(PART) SquadExpansion/MakingHistory/Parts/Payload/Size1to0ServiceModule/Size1to0ServiceModule
[LOG 14:50:38.865] Config(PART) SquadExpansion/MakingHistory/Parts/Payload/SM18/ServiceModule18
[LOG 14:50:38.865] Config(PART) SquadExpansion/MakingHistory/Parts/Payload/SM25/ServiceModule25
[LOG 14:50:38.865] Config(PART) SquadExpansion/MakingHistory/Parts/Pods/KV1Pod/kv1Pod
[LOG 14:50:38.865] Config(PART) SquadExpansion/MakingHistory/Parts/Pods/KV2Pod/kv2Pod
[LOG 14:50:38.865] Config(PART) SquadExpansion/MakingHistory/Parts/Pods/KV3Pod/kv3Pod
[LOG 14:50:38.865] Config(PART) SquadExpansion/MakingHistory/Parts/Pods/Mk2Pod/Mk2Pod
[LOG 14:50:38.865] Config(PART) SquadExpansion/MakingHistory/Parts/Pods/Size1_5_Lander/MEMLander
[LOG 14:50:38.865] Config(PART) SquadExpansion/MakingHistory/Parts/Prebuilt/kerbalEVAfemaleVintage/kerbalEVAfemaleVintage
[LOG 14:50:38.865] Config(PART) SquadExpansion/MakingHistory/Parts/Prebuilt/kerbalEVAVintage/kerbalEVAVintage
[LOG 14:50:38.866] Config(PART) SquadExpansion/MakingHistory/Parts/Structural/EquiTriangle0/EquiTriangle0
[LOG 14:50:38.866] Config(PART) SquadExpansion/MakingHistory/Parts/Structural/EquiTriangle1/EquiTriangle1
[LOG 14:50:38.866] Config(PART) SquadExpansion/MakingHistory/Parts/Structural/EquiTriangle1p5/EquiTriangle1p5
[LOG 14:50:38.866] Config(PART) SquadExpansion/MakingHistory/Parts/Structural/EquiTriangle2/EquiTriangle2
[LOG 14:50:38.866] Config(PART) SquadExpansion/MakingHistory/Parts/Structural/Panel0/Panel0
[LOG 14:50:38.866] Config(PART) SquadExpansion/MakingHistory/Parts/Structural/Panel1/Panel1
[LOG 14:50:38.866] Config(PART) SquadExpansion/MakingHistory/Parts/Structural/Panel1p5/Panel1p5
[LOG 14:50:38.866] Config(PART) SquadExpansion/MakingHistory/Parts/Structural/Panel2/Panel2
[LOG 14:50:38.866] Config(PART) SquadExpansion/MakingHistory/Parts/Structural/Triangle0/Triangle0
[LOG 14:50:38.866] Config(PART) SquadExpansion/MakingHistory/Parts/Structural/Triangle1/Triangle1
[LOG 14:50:38.866] Config(PART) SquadExpansion/MakingHistory/Parts/Structural/Triangle1p5/Triangle1p5
[LOG 14:50:38.866] Config(PART) SquadExpansion/MakingHistory/Parts/Structural/Triangle2/Triangle2
[LOG 14:50:38.866] Config(PART) SquadExpansion/MakingHistory/Parts/Structural/Tube1/Tube1
[LOG 14:50:38.866] Config(PART) SquadExpansion/MakingHistory/Parts/Structural/Tube1p5/Tube1p5
[LOG 14:50:38.866] Config(PART) SquadExpansion/MakingHistory/Parts/Structural/Tube2/Tube2
[LOG 14:50:38.866] Config(PART) SquadExpansion/MakingHistory/Parts/Structural/Tube3/Tube3
[LOG 14:50:38.866] Config(PART) SquadExpansion/MakingHistory/Parts/Structural/Tube4/Tube4
[LOG 14:50:38.866] Config(PART) SquadExpansion/MakingHistory/Parts/Thermal/HeatShield1p5/HeatShield1p5
[LOG 14:50:38.866] Config(PART) SquadExpansion/MakingHistory/Parts/Utility/flags/flagSize1p5/flagSize1p5/flagPartSize1p5
[LOG 14:50:38.866] Config(PART) SquadExpansion/MakingHistory/Parts/Utility/flags/flagSize4/flagSize4/flagPartSize4
[LOG 14:50:38.866] Config(INTERNAL) SquadExpansion/MakingHistory/Spaces/KVPods/Airlock_Internal/Airlock_IVA
[LOG 14:50:38.866] Config(INTERNAL) SquadExpansion/MakingHistory/Spaces/KVPods/KV1_Internal/KV1_IVA
[LOG 14:50:38.866] Config(INTERNAL) SquadExpansion/MakingHistory/Spaces/KVPods/KV2_Internal/KV2_IVA
[LOG 14:50:38.866] Config(INTERNAL) SquadExpansion/MakingHistory/Spaces/KVPods/KV3_Internal/KV3_IVA
[LOG 14:50:38.866] Config(INTERNAL) SquadExpansion/MakingHistory/Spaces/MEM/MEM_IVA/MEM_IVA
[LOG 14:50:38.866] Config(INTERNAL) SquadExpansion/MakingHistory/Spaces/Mk2Pod/Mk2Pod_Internal/MK2POD_IVA
[LOG 14:50:38.867] Config(Contracts) SquadExpansion/Serenity/Contracts/contracts/Contracts
[LOG 14:50:38.867] Config(EXPERIENCE_TRAIT) SquadExpansion/Serenity/Experience/Traits/Engineer
[LOG 14:50:38.867] Config(EXPERIENCE_TRAIT) SquadExpansion/Serenity/Experience/Traits/Scientist
[LOG 14:50:38.867] Config(Localization) SquadExpansion/Serenity/Localization/dictionary/Localization
[LOG 14:50:38.867] Config(PART) SquadExpansion/Serenity/Parts/Aero/FanShroud_01/FanShroud_01
[LOG 14:50:38.867] Config(PART) SquadExpansion/Serenity/Parts/Aero/FanShroud_02/FanShroud_02
[LOG 14:50:38.867] Config(PART) SquadExpansion/Serenity/Parts/Aero/FanShroud_03/FanShroud_03
[LOG 14:50:38.867] Config(PART) SquadExpansion/Serenity/Parts/Aero/noseconeTiny/noseconeTiny
[LOG 14:50:38.867] Config(PART) SquadExpansion/Serenity/Parts/Aero/noseconeVS/noseconeVS
[LOG 14:50:38.867] Config(PART) SquadExpansion/Serenity/Parts/DeployedScience/centralStation/DeployedCentralStation
[LOG 14:50:38.867] Config(PART) SquadExpansion/Serenity/Parts/DeployedScience/gooObservation/DeployedGoExOb
[LOG 14:50:38.867] Config(PART) SquadExpansion/Serenity/Parts/DeployedScience/ionCollector/DeployedIONExp
[LOG 14:50:38.867] Config(PART) SquadExpansion/Serenity/Parts/DeployedScience/rtg/DeployedRTG
[LOG 14:50:38.867] Config(PART) SquadExpansion/Serenity/Parts/DeployedScience/satDish/DeployedSatDish
[LOG 14:50:38.867] Config(PART) SquadExpansion/Serenity/Parts/DeployedScience/seismicSensor/DeployedSeismicSensor
[LOG 14:50:38.867] Config(PART) SquadExpansion/Serenity/Parts/DeployedScience/solarPanel/DeployedSolarPanel
[LOG 14:50:38.867] Config(PART) SquadExpansion/Serenity/Parts/DeployedScience/weatherStation/DeployedWeatherStn
[LOG 14:50:38.867] Config(PART) SquadExpansion/Serenity/Parts/Prebuilt/kerbalEVA/kerbalEVA
[LOG 14:50:38.867] Config(PART) SquadExpansion/Serenity/Parts/Prebuilt/kerbalEVAfemale/kerbalEVAfemale
[LOG 14:50:38.867] Config(PART) SquadExpansion/Serenity/Parts/Prebuilt/kerbalEVAfemaleFuture/kerbalEVAfemaleFuture
[LOG 14:50:38.867] Config(PART) SquadExpansion/Serenity/Parts/Prebuilt/kerbalEVAfemaleVintage/kerbalEVAfemaleVintage
[LOG 14:50:38.867] Config(PART) SquadExpansion/Serenity/Parts/Prebuilt/kerbalEVAFuture/kerbalEVAFuture
[LOG 14:50:38.867] Config(PART) SquadExpansion/Serenity/Parts/Prebuilt/kerbalEVASlimSuit/kerbalEVASlimSuit
[LOG 14:50:38.867] Config(PART) SquadExpansion/Serenity/Parts/Prebuilt/kerbalEVASlimSuitFemale/kerbalEVASlimSuitFemale
[LOG 14:50:38.868] Config(PART) SquadExpansion/Serenity/Parts/Prebuilt/kerbalEVAVintage/kerbalEVAVintage
[LOG 14:50:38.868] Config(PART) SquadExpansion/Serenity/Parts/Propellers/largeFanBlade/largeFanBlade
[LOG 14:50:38.868] Config(PART) SquadExpansion/Serenity/Parts/Propellers/largeHeliBlade/largeHeliBlade
[LOG 14:50:38.868] Config(PART) SquadExpansion/Serenity/Parts/Propellers/largePropeller/largePropeller
[LOG 14:50:38.868] Config(PART) SquadExpansion/Serenity/Parts/Propellers/mediumFanBlade/mediumFanBlade
[LOG 14:50:38.868] Config(PART) SquadExpansion/Serenity/Parts/Propellers/mediumHeliBlade/mediumHeliBlade
[LOG 14:50:38.868] Config(PART) SquadExpansion/Serenity/Parts/Propellers/mediumPropeller/mediumPropeller
[LOG 14:50:38.868] Config(PART) SquadExpansion/Serenity/Parts/Propellers/smallFanBlade/smallFanBlade
[LOG 14:50:38.868] Config(PART) SquadExpansion/Serenity/Parts/Propellers/smallHeliBlade/smallHeliBlade
[LOG 14:50:38.868] Config(PART) SquadExpansion/Serenity/Parts/Propellers/smallPropeller/smallPropeller
[LOG 14:50:38.868] Config(PART) SquadExpansion/Serenity/Parts/Robotics/hinge_01/hinge_01
[LOG 14:50:38.868] Config(PART) SquadExpansion/Serenity/Parts/Robotics/hinge_01_s/hinge_01_s
[LOG 14:50:38.868] Config(PART) SquadExpansion/Serenity/Parts/Robotics/hinge_03/hinge_03
[LOG 14:50:38.868] Config(PART) SquadExpansion/Serenity/Parts/Robotics/hinge_03_s/hinge_03_s
[LOG 14:50:38.868] Config(PART) SquadExpansion/Serenity/Parts/Robotics/hinge_04/hinge_04
[LOG 14:50:38.868] Config(PART) SquadExpansion/Serenity/Parts/Robotics/piston_01/piston_01
[LOG 14:50:38.868] Config(PART) SquadExpansion/Serenity/Parts/Robotics/piston_02/piston_02
[LOG 14:50:38.868] Config(PART) SquadExpansion/Serenity/Parts/Robotics/piston_03/piston_03
[LOG 14:50:38.868] Config(PART) SquadExpansion/Serenity/Parts/Robotics/piston_04/piston_04
[LOG 14:50:38.868] Config(PART) SquadExpansion/Serenity/Parts/Robotics/RotorEngine_02/RotorEngine_02
[LOG 14:50:38.868] Config(PART) SquadExpansion/Serenity/Parts/Robotics/RotorEngine_03/RotorEngine_03
[LOG 14:50:38.868] Config(PART) SquadExpansion/Serenity/Parts/Robotics/rotor_01/rotor_01
[LOG 14:50:38.868] Config(PART) SquadExpansion/Serenity/Parts/Robotics/rotor_01s/rotor_01s
[LOG 14:50:38.868] Config(PART) SquadExpansion/Serenity/Parts/Robotics/rotor_02/rotor_02
[LOG 14:50:38.868] Config(PART) SquadExpansion/Serenity/Parts/Robotics/rotor_02s/rotor_02s
[LOG 14:50:38.869] Config(PART) SquadExpansion/Serenity/Parts/Robotics/rotor_03/rotor_03
[LOG 14:50:38.869] Config(PART) SquadExpansion/Serenity/Parts/Robotics/rotor_03s/rotor_03s
[LOG 14:50:38.869] Config(PART) SquadExpansion/Serenity/Parts/Robotics/rotoServo_00/rotoServo_00
[LOG 14:50:38.869] Config(PART) SquadExpansion/Serenity/Parts/Robotics/rotoServo_02/rotoServo_02
[LOG 14:50:38.869] Config(PART) SquadExpansion/Serenity/Parts/Robotics/rotoServo_03/rotoServo_03
[LOG 14:50:38.869] Config(PART) SquadExpansion/Serenity/Parts/Robotics/rotoServo_04/rotoServo_04
[LOG 14:50:38.869] Config(PART) SquadExpansion/Serenity/Parts/Robotics/Controllers/KAL1000/controller1000
[LOG 14:50:38.869] Config(PART) SquadExpansion/Serenity/Parts/Science/RobotArmScanner/RobotArmScanner_S1/RobotArmScanner_S1
[LOG 14:50:38.869] Config(PART) SquadExpansion/Serenity/Parts/Science/RobotArmScanner/RobotArmScanner_S2/RobotArmScanner_S2
[LOG 14:50:38.869] Config(PART) SquadExpansion/Serenity/Parts/Science/RobotArmScanner/RobotArmScanner_S3/RobotArmScanner_S3
[LOG 14:50:38.869] Config(PART) SquadExpansion/Serenity/Parts/Structural/gripPads/lGripPad/lGripPad
[LOG 14:50:38.869] Config(PART) SquadExpansion/Serenity/Parts/Structural/gripPads/lGripStrip/lGripStrip
[LOG 14:50:38.869] Config(PART) SquadExpansion/Serenity/Parts/Structural/gripPads/mGripPad/mGripPad
[LOG 14:50:38.869] Config(PART) SquadExpansion/Serenity/Parts/Structural/gripPads/sGripPad/sGripPad
[LOG 14:50:38.869] Config(PART) SquadExpansion/Serenity/Parts/Structural/gripPads/sGripStrip/sGripStrip
[LOG 14:50:38.869] Config(DEPLOYEDSCIENCE) SquadExpansion/Serenity/Resources/DeployedScience/DEPLOYEDSCIENCE
[LOG 14:50:38.869] Config(PHYSICMATERIAL_DEFINITION) SquadExpansion/Serenity/Resources/PhysicsMaterials/MediumGrip
[LOG 14:50:38.869] Config(PHYSICMATERIAL_DEFINITION) SquadExpansion/Serenity/Resources/PhysicsMaterials/HighGrip
[LOG 14:50:38.869] Config(PHYSICMATERIAL_DEFINITION) SquadExpansion/Serenity/Resources/PhysicsMaterials/ExtremeGrip
[LOG 14:50:38.869] Config(PHYSICMATERIAL_DEFINITION) SquadExpansion/Serenity/Resources/PhysicsMaterials/LowGrip
[LOG 14:50:38.869] Config(PHYSICMATERIAL_DEFINITION) SquadExpansion/Serenity/Resources/PhysicsMaterials/Default
[LOG 14:50:38.869] Config(ROC_DEFINITION) SquadExpansion/Serenity/Resources/rocsdef/ROC_DEFINITION
[LOG 14:50:38.869] Config(ROC_DEFINITION) SquadExpansion/Serenity/Resources/rocsdef/ROC_DEFINITION
[LOG 14:50:38.869] Config(ROC_DEFINITION) SquadExpansion/Serenity/Resources/rocsdef/ROC_DEFINITION
[LOG 14:50:38.869] Config(ROC_DEFINITION) SquadExpansion/Serenity/Resources/rocsdef/ROC_DEFINITION
[LOG 14:50:38.869] Config(ROC_DEFINITION) SquadExpansion/Serenity/Resources/rocsdef/ROC_DEFINITION
[LOG 14:50:38.869] Config(ROC_DEFINITION) SquadExpansion/Serenity/Resources/rocsdef/ROC_DEFINITION
[LOG 14:50:38.870] Config(ROC_DEFINITION) SquadExpansion/Serenity/Resources/rocsdef/ROC_DEFINITION
[LOG 14:50:38.870] Config(ROC_DEFINITION) SquadExpansion/Serenity/Resources/rocsdef/ROC_DEFINITION
[LOG 14:50:38.870] Config(ROC_DEFINITION) SquadExpansion/Serenity/Resources/rocsdef/ROC_DEFINITION
[LOG 14:50:38.870] Config(ROC_DEFINITION) SquadExpansion/Serenity/Resources/rocsdef/ROC_DEFINITION
[LOG 14:50:38.870] Config(ROC_DEFINITION) SquadExpansion/Serenity/Resources/rocsdef/ROC_DEFINITION
[LOG 14:50:38.870] Config(ROC_DEFINITION) SquadExpansion/Serenity/Resources/rocsdef/ROC_DEFINITION
[LOG 14:50:38.870] Config(ROC_DEFINITION) SquadExpansion/Serenity/Resources/rocsdef/ROC_DEFINITION
[LOG 14:50:38.870] Config(ROC_DEFINITION) SquadExpansion/Serenity/Resources/rocsdef/ROC_DEFINITION
[LOG 14:50:38.870] Config(ROC_DEFINITION) SquadExpansion/Serenity/Resources/rocsdef/ROC_DEFINITION
[LOG 14:50:38.870] Config(ROC_DEFINITION) SquadExpansion/Serenity/Resources/rocsdef/ROC_DEFINITION
[LOG 14:50:38.870] Config(ROC_DEFINITION) SquadExpansion/Serenity/Resources/rocsdef/ROC_DEFINITION
[LOG 14:50:38.870] Config(ROC_DEFINITION) SquadExpansion/Serenity/Resources/rocsdef/ROC_DEFINITION
[LOG 14:50:38.870] Config(ROC_DEFINITION) SquadExpansion/Serenity/Resources/rocsdef/ROC_DEFINITION
[LOG 14:50:38.870] Config(ROC_DEFINITION) SquadExpansion/Serenity/Resources/rocsdef/ROC_DEFINITION
[LOG 14:50:38.870] Config(ROC_DEFINITION) SquadExpansion/Serenity/Resources/rocsdef/ROC_DEFINITION
[LOG 14:50:38.870] Config(ROC_DEFINITION) SquadExpansion/Serenity/Resources/rocsdef/ROC_DEFINITION
[LOG 14:50:38.870] Config(ROC_DEFINITION) SquadExpansion/Serenity/Resources/rocsdef/ROC_DEFINITION
[LOG 14:50:38.870] Config(ROC_DEFINITION) SquadExpansion/Serenity/Resources/rocsdef/ROC_DEFINITION
[LOG 14:50:38.870] Config(ROC_DEFINITION) SquadExpansion/Serenity/Resources/rocsdef/ROC_DEFINITION
[LOG 14:50:38.870] Config(ROC_DEFINITION) SquadExpansion/Serenity/Resources/rocsdef/ROC_DEFINITION
[LOG 14:50:38.870] Config(ROC_DEFINITION) SquadExpansion/Serenity/Resources/rocsdef/ROC_DEFINITION
[LOG 14:50:38.870] Config(ROC_DEFINITION) SquadExpansion/Serenity/Resources/rocsdef/ROC_DEFINITION
[LOG 14:50:38.870] Config(ROC_DEFINITION) SquadExpansion/Serenity/Resources/rocsdef/ROC_DEFINITION
[LOG 14:50:38.870] Config(ROC_DEFINITION) SquadExpansion/Serenity/Resources/rocsdef/ROC_DEFINITION
[LOG 14:50:38.870] Config(ROC_DEFINITION) SquadExpansion/Serenity/Resources/rocsdef/ROC_DEFINITION
[LOG 14:50:38.870] Config(ROC_DEFINITION) SquadExpansion/Serenity/Resources/rocsdef/ROC_DEFINITION
[LOG 14:50:38.870] Config(ROC_DEFINITION) SquadExpansion/Serenity/Resources/rocsdef/ROC_DEFINITION
[LOG 14:50:38.870] Config(ROC_DEFINITION) SquadExpansion/Serenity/Resources/rocsdef/ROC_DEFINITION
[LOG 14:50:38.871] Config(EXPERIMENT_DEFINITION) SquadExpansion/Serenity/Resources/ScienceDefs/EXPERIMENT_DEFINITION
[LOG 14:50:38.871] Config(EXPERIMENT_DEFINITION) SquadExpansion/Serenity/Resources/ScienceDefs/EXPERIMENT_DEFINITION
[LOG 14:50:38.871] Config(EXPERIMENT_DEFINITION) SquadExpansion/Serenity/Resources/ScienceDefs/EXPERIMENT_DEFINITION
[LOG 14:50:38.871] Config(EXPERIMENT_DEFINITION) SquadExpansion/Serenity/Resources/ScienceDefs/EXPERIMENT_DEFINITION
[LOG 14:50:38.871] Config(EXPERIMENT_DEFINITION) SquadExpansion/Serenity/Resources/ScienceDefs/EXPERIMENT_DEFINITION
[LOG 14:50:38.871] Config(EXPERIMENT_DEFINITION) SquadExpansion/Serenity/Resources/ScienceDefs/EXPERIMENT_DEFINITION
[LOG 14:50:38.871] Config(EXPERIMENT_DEFINITION) SquadExpansion/Serenity/Resources/ScienceDefs/EXPERIMENT_DEFINITION
[LOG 14:50:38.871] Config(EXPERIMENT_DEFINITION) SquadExpansion/Serenity/Resources/ScienceDefs/EXPERIMENT_DEFINITION
[LOG 14:50:38.871] Config(EXPERIMENT_DEFINITION) SquadExpansion/Serenity/Resources/ScienceDefs/EXPERIMENT_DEFINITION
[LOG 14:50:38.871] Config(EXPERIMENT_DEFINITION) SquadExpansion/Serenity/Resources/ScienceDefs/EXPERIMENT_DEFINITION
[LOG 14:50:38.871] Config(EXPERIMENT_DEFINITION) SquadExpansion/Serenity/Resources/ScienceDefs/EXPERIMENT_DEFINITION
[LOG 14:50:38.871] Config(EXPERIMENT_DEFINITION) SquadExpansion/Serenity/Resources/ScienceDefs/EXPERIMENT_DEFINITION
[LOG 14:50:38.871] Config(EXPERIMENT_DEFINITION) SquadExpansion/Serenity/Resources/ScienceDefs/EXPERIMENT_DEFINITION
[LOG 14:50:38.871] Config(EXPERIMENT_DEFINITION) SquadExpansion/Serenity/Resources/ScienceDefs/EXPERIMENT_DEFINITION
[LOG 14:50:38.871] Config(EXPERIMENT_DEFINITION) SquadExpansion/Serenity/Resources/ScienceDefs/EXPERIMENT_DEFINITION
[LOG 14:50:38.871] Config(EXPERIMENT_DEFINITION) SquadExpansion/Serenity/Resources/ScienceDefs/EXPERIMENT_DEFINITION
[LOG 14:50:38.871] Config(EXPERIMENT_DEFINITION) SquadExpansion/Serenity/Resources/ScienceDefs/EXPERIMENT_DEFINITION
[LOG 14:50:38.871] Config(EXPERIMENT_DEFINITION) SquadExpansion/Serenity/Resources/ScienceDefs/EXPERIMENT_DEFINITION
[LOG 14:50:38.871] Config(EXPERIMENT_DEFINITION) SquadExpansion/Serenity/Resources/ScienceDefs/EXPERIMENT_DEFINITION
[LOG 14:50:38.871] Config(EXPERIMENT_DEFINITION) SquadExpansion/Serenity/Resources/ScienceDefs/EXPERIMENT_DEFINITION
[LOG 14:50:38.871] Config(EXPERIMENT_DEFINITION) SquadExpansion/Serenity/Resources/ScienceDefs/EXPERIMENT_DEFINITION
[LOG 14:50:38.871] Config(EXPERIMENT_DEFINITION) SquadExpansion/Serenity/Resources/ScienceDefs/EXPERIMENT_DEFINITION
[LOG 14:50:38.871] Config(EXPERIMENT_DEFINITION) SquadExpansion/Serenity/Resources/ScienceDefs/EXPERIMENT_DEFINITION
[LOG 14:50:38.871] Config(EXPERIMENT_DEFINITION) SquadExpansion/Serenity/Resources/ScienceDefs/EXPERIMENT_DEFINITION
[LOG 14:50:38.871] Config(EXPERIMENT_DEFINITION) SquadExpansion/Serenity/Resources/ScienceDefs/EXPERIMENT_DEFINITION
[LOG 14:50:38.871] Config(EXPERIMENT_DEFINITION) SquadExpansion/Serenity/Resources/ScienceDefs/EXPERIMENT_DEFINITION
[LOG 14:50:38.871] Config(EXPERIMENT_DEFINITION) SquadExpansion/Serenity/Resources/ScienceDefs/EXPERIMENT_DEFINITION
[LOG 14:50:38.871] Config(EXPERIMENT_DEFINITION) SquadExpansion/Serenity/Resources/ScienceDefs/EXPERIMENT_DEFINITION
[LOG 14:50:38.871] Config(EXPERIMENT_DEFINITION) SquadExpansion/Serenity/Resources/ScienceDefs/EXPERIMENT_DEFINITION
[LOG 14:50:38.871] Config(EXPERIMENT_DEFINITION) SquadExpansion/Serenity/Resources/ScienceDefs/EXPERIMENT_DEFINITION
[LOG 14:50:38.872] Config(EXPERIMENT_DEFINITION) SquadExpansion/Serenity/Resources/ScienceDefs/EXPERIMENT_DEFINITION
[LOG 14:50:38.872] Config(EXPERIMENT_DEFINITION) SquadExpansion/Serenity/Resources/ScienceDefs/EXPERIMENT_DEFINITION
[LOG 14:50:38.872] Config(EXPERIMENT_DEFINITION) SquadExpansion/Serenity/Resources/ScienceDefs/EXPERIMENT_DEFINITION
[LOG 14:50:38.872] Config(EXPERIMENT_DEFINITION) SquadExpansion/Serenity/Resources/ScienceDefs/EXPERIMENT_DEFINITION
[LOG 14:50:38.872] Config(EXPERIMENT_DEFINITION) SquadExpansion/Serenity/Resources/ScienceDefs/EXPERIMENT_DEFINITION
[LOG 14:50:38.872] Config(EXPERIMENT_DEFINITION) SquadExpansion/Serenity/Resources/ScienceDefs/EXPERIMENT_DEFINITION
[LOG 14:50:38.872] Config(EXPERIMENT_DEFINITION) SquadExpansion/Serenity/Resources/ScienceDefs/EXPERIMENT_DEFINITION
[LOG 14:50:38.872] Config(EXPERIMENT_DEFINITION) SquadExpansion/Serenity/Resources/ScienceDefs/EXPERIMENT_DEFINITION
[LOG 14:50:38.872] Config(STORY_DEF) SquadExpansion/Serenity/Resources/StoryDefs/STORY_DEF
[LOG 14:50:38.872] Compiling Configs Completed.
[LOG 14:50:38.875] Resource LiquidFuel added to database
[LOG 14:50:38.875] Resource Oxidizer added to database
[LOG 14:50:38.875] Resource SolidFuel added to database
[LOG 14:50:38.875] Resource MonoPropellant added to database
[LOG 14:50:38.875] Resource XenonGas added to database
[LOG 14:50:38.875] Resource ElectricCharge added to database
[LOG 14:50:38.875] Resource IntakeAir added to database
[LOG 14:50:38.875] Resource EVA Propellant added to database
[LOG 14:50:38.875] Resource Ore added to database
[LOG 14:50:38.875] Resource Ablator added to database
[LOG 14:50:38.877] Resource MediumGrip added to database
[LOG 14:50:38.877] Resource HighGrip added to database
[LOG 14:50:38.877] Resource ExtremeGrip added to database
[LOG 14:50:38.877] Resource LowGrip added to database
[LOG 14:50:38.877] Resource Default added to database
[LOG 14:50:38.877] CodeAssetLoader: Compiling all code assets
[LOG 14:50:38.882] ExperienceSystemConfig: Added Effect 'DeployedSciencePowerSkill' to Trait 'Ingénieur'
[LOG 14:50:38.882] ExperienceSystemConfig: Added Effect 'DeployedScienceExpSkill' to Trait 'Scientifique'
[LOG 14:50:38.887] ConfigNode[]
[LOG 14:50:38.887] GameDatabase: Assets loaded in 7.137s
[LOG 14:50:38.889] [ModuleManager] Waited 0.000s for patching to finish
[LOG 14:50:38.889] [ModuleManager] Applying patched game database
[LOG 14:50:38.891] [ModuleManager] Dumping ModuleManager log to main log
[LOG 14:50:38.892] [ModuleManager] 
#### BEGIN MODULEMANAGER LOG ####


[LOG 14:50:32.919] Log started at 2026-09-21 14:50:32.919
[LOG 14:50:35.042] Checking Cache
[LOG 14:50:35.388] SHA generated in 0.344s
[LOG 14:50:35.388]       SHA = 75-F2-C3-3A-2F-B0-96-A0-93-0A-B9-3A-F3-A6-88-2E-D0-0F-FA-1F-29-F6-EF-63-52-A4-32-FE-DB-11-12-D0
[LOG 14:50:35.404] Cache SHA = 1F-41-7E-51-6D-FB-84-62-D4-7D-14-6D-FC-FA-28-B2-94-27-81-8B-91-5E-B8-D0-67-E8-8A-1A-F1-87-BE-51
[LOG 14:50:35.404] useCache = False
[LOG 14:50:35.405] Pre patch init
[LOG 14:50:35.620] compiling list of loaded mods...
Mod DLLs found:
  Name                                    Assembly Version         Assembly File Version    KSPAssembly Version      SHA256

  Assembly-CSharp                         0.0.0.0                  0.0.0.0                  1.12                     d9e42483f25ee80a9c11d6c1c0a0d29b4ec78c1e08d76c971b71580c9cce51e4
  ModuleManager                           4.2.3.0                  4.2.3.0                  2.5                      95847827ab293b9e82a19b7efb97ffea3e98cc03b181862536ac8eb572e30d7d
  0Harmony                                2.2.1.0                  2.2.1.0                                           19ce60ac3280f72ec1751d36a40cb7e2fece2934df8345969dc7feb83bd633e4
  HarmonyInstallChecker                   2.2.1.0                  2.2.1.0                  1.0                      f11e659e91a52c21c5bda78e52b82a7bdc246bcab6a999733af3c69a11a9dc0e
  0_MultipleModuleInPartAPI               1.0.0.0                  1.0.0.0                  1.0                      df4a22fb0535de7fa154ca234b50dd7c2fc6be879e4a877d9bad1f87bafafcbf
  KSPCommunityFixes                       1.41.0.0                 1.41.1.0                 1.41                     e08ebbec7ab34f4f7ff56d6e900051bb0d259a4bc092881d7db3ca2f9f2e9a11
  PQSBenchMod                             0.1.0.0                  0.1.0.0                                           e15b315b4eff294d5afcde177526559165cbbd3f87ff79b44e96d2af400f137a
Non-DLL mods added (:FOR[xxx]):
Mods by directory (sub directories of GameData):
  000_Harmony
  Squad
  SquadExpansion
Mods added by assemblies:

[LOG 14:50:35.622] Loading Physics.cfg
[LOG 14:50:35.627] Extracting patches
[LOG 14:50:35.646] Deleting root node in file KSPCommunityFixes/MMPatches/ModSupport/FixDockingNodes node: @PART[*]:HAS[@MODULE[ModuleDockingNodeFixed]]:NEEDS[FixDockingNodes]:FINAL as it can't satisfy its NEEDS
[LOG 14:50:35.649] Deleting root node in file KSPCommunityFixes/MMPatches/ModSupport/KSPRecall node: @KSP_COMMUNITY_FIXES:NEEDS[AttachedOnEditor] as it can't satisfy its NEEDS
[LOG 14:50:35.649] Deleting root node in file KSPCommunityFixes/MMPatches/ModSupport/UniversalStorage node: @KSP_COMMUNITY_FIXES:NEEDS[UniversalStorage2] as it can't satisfy its NEEDS
[LOG 14:50:35.757] Applying patches
[LOG 14:50:35.759] :INSERT (initial) pass
[LOG 14:50:35.788] :FIRST pass
[LOG 14:50:35.792] Applying update KSPCommunityFixes/MMPatches/StockTweaks/LadderToggleableLight/@PART[telescopicLadderBay]:FIRST to Squad/Parts/Utility/ladderTelescopicBay/ladderTelescopicBay.cfg/PART[telescopicLadderBay]
[LOG 14:50:35.801] Applying update KSPCommunityFixes/MMPatches/StockTweaks/LadderToggleableLight/@PART[telescopicLadderBay]:HAS[#LadderToggleableLight[?rue]]:FIRST to Squad/Parts/Utility/ladderTelescopicBay/ladderTelescopicBay.cfg/PART[telescopicLadderBay]
[LOG 14:50:35.801] Applying update KSPCommunityFixes/MMPatches/StockTweaks/LadderToggleableLight/@PART[telescopicLadderBay]:HAS[#LadderToggleableLight]:FIRST to Squad/Parts/Utility/ladderTelescopicBay/ladderTelescopicBay.cfg/PART[telescopicLadderBay]
[LOG 14:50:35.809] Applying update KSPCommunityFixes/MMPatches/StockTweaks/LandingGearLights/@PART[GearSmall]:FIRST to Squad/Parts/Wheel/LandingGear/GearMedium.cfg/PART[GearSmall]
[LOG 14:50:35.817] Applying update KSPCommunityFixes/MMPatches/StockTweaks/LandingGearLights/@PART[SmallGearBay]:FIRST to Squad/Parts/Wheel/LandingGear/GearSmall.cfg/PART[SmallGearBay]
[LOG 14:50:35.817] :LEGACY (default) pass
[LOG 14:50:35.821] :BEFORE[0_MULTIPLEMODULEINPARTAPI] pass
[LOG 14:50:35.821] :FOR[0_MULTIPLEMODULEINPARTAPI] pass
[LOG 14:50:35.821] :AFTER[0_MULTIPLEMODULEINPARTAPI] pass
[LOG 14:50:35.821] :BEFORE[000_HARMONY] pass
[LOG 14:50:35.821] :FOR[000_HARMONY] pass
[LOG 14:50:35.821] :AFTER[000_HARMONY] pass
[LOG 14:50:35.821] :BEFORE[0HARMONY] pass
[LOG 14:50:35.821] :FOR[0HARMONY] pass
[LOG 14:50:35.821] :AFTER[0HARMONY] pass
[LOG 14:50:35.821] :BEFORE[ASSEMBLY-CSHARP] pass
[LOG 14:50:35.821] :FOR[ASSEMBLY-CSHARP] pass
[LOG 14:50:35.821] :AFTER[ASSEMBLY-CSHARP] pass
[LOG 14:50:35.821] :BEFORE[HARMONYINSTALLCHECKER] pass
[LOG 14:50:35.821] :FOR[HARMONYINSTALLCHECKER] pass
[LOG 14:50:35.821] :AFTER[HARMONYINSTALLCHECKER] pass
[LOG 14:50:35.821] :BEFORE[KSPCOMMUNITYFIXES] pass
[LOG 14:50:35.821] :FOR[KSPCOMMUNITYFIXES] pass
[LOG 14:50:35.821] Applying update KSPCommunityFixes/MMPatches/StockTweaks/ManufacturerFixes/@PART[sasModule]:FOR[KSPCommunityFixes] to Squad/Parts/Command/inlineReactionWheel/inlineReactionWheel.cfg/PART[sasModule]
[LOG 14:50:35.823] Applying update KSPCommunityFixes/MMPatches/StockTweaks/ManufacturerFixes/@PART[xenonTankRadial]:FOR[KSPCommunityFixes] to Squad/Parts/FuelTank/xenonTankRadial/xenonTankRadial.cfg/PART[xenonTankRadial]
[LOG 14:50:35.824] Applying update KSPCommunityFixes/MMPatches/StockTweaks/ManufacturerFixes/@PART[winglet|fireworksLauncherSmall|fireworksLauncherBig]:FOR[KSPCommunityFixes] to Squad/Parts/Aero/wingletAV-T1/wingletAV-T1.cfg/PART[winglet]
[LOG 14:50:35.825] Applying update KSPCommunityFixes/MMPatches/StockTweaks/ManufacturerFixes/@PART[winglet|fireworksLauncherSmall|fireworksLauncherBig]:FOR[KSPCommunityFixes] to Squad/Parts/Utility/Fireworks/fireworksLauncherBig.cfg/PART[fireworksLauncherBig]
[LOG 14:50:35.825] Applying update KSPCommunityFixes/MMPatches/StockTweaks/ManufacturerFixes/@PART[winglet|fireworksLauncherSmall|fireworksLauncherBig]:FOR[KSPCommunityFixes] to Squad/Parts/Utility/Fireworks/fireworksLauncherSmall.cfg/PART[fireworksLauncherSmall]
[LOG 14:50:35.827] Applying update KSPCommunityFixes/MMPatches/StockTweaks/ManufacturerFixes/@PART[solidBooster_sm_v2|solidBooster_v2]:FOR[KSPCommunityFixes] to Squad/Parts/Engine/Size1_SRBs/solidBoosterRT-10_v2.cfg/PART[solidBooster_v2]
[LOG 14:50:35.827] Applying update KSPCommunityFixes/MMPatches/StockTweaks/ManufacturerFixes/@PART[solidBooster_sm_v2|solidBooster_v2]:FOR[KSPCommunityFixes] to Squad/Parts/Engine/Size1_SRBs/solidBoosterRT-5_v2.cfg/PART[solidBooster_sm_v2]
[LOG 14:50:35.829] Applying update KSPCommunityFixes/MMPatches/StockTweaks/ManufacturerFixes/@PART[ServiceBay_125_v2|ServiceBay_250_v2]:FOR[KSPCommunityFixes] to Squad/Parts/Utility/ServiceBay_v2/ServiceBay_125_v2.cfg/PART[ServiceBay_125_v2]
[LOG 14:50:35.829] Applying update KSPCommunityFixes/MMPatches/StockTweaks/ManufacturerFixes/@PART[ServiceBay_125_v2|ServiceBay_250_v2]:FOR[KSPCommunityFixes] to Squad/Parts/Utility/ServiceBay_v2/ServiceBay_250_v2.cfg/PART[ServiceBay_250_v2]
[LOG 14:50:35.831] Applying update KSPCommunityFixes/MMPatches/StockTweaks/ManufacturerFixes/@PART[externalTankCapsule]:FOR[KSPCommunityFixes] to Squad/Parts/FuelTank/FoilTanks/RadialTank_Capsule.cfg/PART[externalTankCapsule]
[LOG 14:50:35.832] Applying update KSPCommunityFixes/MMPatches/StockTweaks/ManufacturerFixes/@PART[RCSFuelTank|rcsTankMini|RCSTank1-2]:FOR[KSPCommunityFixes] to Squad/Parts/FuelTank/RCSFuelTankR1/RCSFuelTankR1.cfg/PART[RCSTank1-2]
[LOG 14:50:35.833] Applying update KSPCommunityFixes/MMPatches/StockTweaks/ManufacturerFixes/@PART[RCSFuelTank|rcsTankMini|RCSTank1-2]:FOR[KSPCommunityFixes] to Squad/Parts/FuelTank/RCSFuelTankR10/RCSFuelTankR10.cfg/PART[rcsTankMini]
[LOG 14:50:35.833] Applying update KSPCommunityFixes/MMPatches/StockTweaks/ManufacturerFixes/@PART[RCSFuelTank|rcsTankMini|RCSTank1-2]:FOR[KSPCommunityFixes] to Squad/Parts/FuelTank/RCSFuelTankR25/RCSFuelTankR25.cfg/PART[RCSFuelTank]
[LOG 14:50:35.834] Applying update KSPCommunityFixes/MMPatches/StockTweaks/ManufacturerFixes/@PART[landerCabinSmall]:FOR[KSPCommunityFixes] to Squad/Parts/Command/mk1LanderCan/mk1LanderCan.cfg/PART[landerCabinSmall]
[LOG 14:50:35.843] Applying update KSPCommunityFixes/MMPatches/StockTweaks/ManufacturerFixes/@PART[dockingPortLateral]:FOR[KSPCommunityFixes] to Squad/Parts/Utility/dockingPortInline/dockingPortInline.cfg/PART[dockingPortLateral]
[LOG 14:50:35.849] Applying update KSPCommunityFixes/MMPatches/StockTweaks/ManufacturerFixes/@PART[EnginePlate4]:FOR[KSPCommunityFixes]:NEEDS[SquadExpansion/MakingHistory] to SquadExpansion/MakingHistory/Parts/Coupling/EnginePlate_4.cfg/PART[EnginePlate4]
[LOG 14:50:35.852] Applying update KSPCommunityFixes/MMPatches/StockTweaks/ManufacturerFixes/@PART[Mk2Pod]:FOR[KSPCommunityFixes]:NEEDS[SquadExpansion/MakingHistory] to SquadExpansion/MakingHistory/Parts/Pods/Mk2Pod.cfg/PART[Mk2Pod]
[LOG 14:50:35.854] Applying update KSPCommunityFixes/MMPatches/StockTweaks/ManufacturerFixes/@PART[evaChute|parachuteSingle|parachuteRadial|radialDrogue|parachuteLarge|parachuteDrogue]:FOR[KSPCommunityFixes] to Squad/Parts/Cargo/Parachute/Parachute.cfg/PART[evaChute]
[LOG 14:50:35.860] Applying update KSPCommunityFixes/MMPatches/StockTweaks/ManufacturerFixes/@PART[evaChute|parachuteSingle|parachuteRadial|radialDrogue|parachuteLarge|parachuteDrogue]:FOR[KSPCommunityFixes] to Squad/Parts/Utility/parachuteMk1/parachuteMk1.cfg/PART[parachuteSingle]
[LOG 14:50:35.860] Applying update KSPCommunityFixes/MMPatches/StockTweaks/ManufacturerFixes/@PART[evaChute|parachuteSingle|parachuteRadial|radialDrogue|parachuteLarge|parachuteDrogue]:FOR[KSPCommunityFixes] to Squad/Parts/Utility/parachuteMk12-R/parachuteMk12-R.cfg/PART[radialDrogue]
[LOG 14:50:35.860] Applying update KSPCommunityFixes/MMPatches/StockTweaks/ManufacturerFixes/@PART[evaChute|parachuteSingle|parachuteRadial|radialDrogue|parachuteLarge|parachuteDrogue]:FOR[KSPCommunityFixes] to Squad/Parts/Utility/parachuteMk16-XL/parachuteMk16-XL.cfg/PART[parachuteLarge]
[LOG 14:50:35.861] Applying update KSPCommunityFixes/MMPatches/StockTweaks/ManufacturerFixes/@PART[evaChute|parachuteSingle|parachuteRadial|radialDrogue|parachuteLarge|parachuteDrogue]:FOR[KSPCommunityFixes] to Squad/Parts/Utility/parachuteMk2-R/parachuteMk2-R.cfg/PART[parachuteRadial]
[LOG 14:50:35.861] Applying update KSPCommunityFixes/MMPatches/StockTweaks/ManufacturerFixes/@PART[evaChute|parachuteSingle|parachuteRadial|radialDrogue|parachuteLarge|parachuteDrogue]:FOR[KSPCommunityFixes] to Squad/Parts/Utility/parachuteMk25/parachuteMk25.cfg/PART[parachuteDrogue]
[LOG 14:50:35.875] Applying update KSPCommunityFixes/MMPatches/StockTweaks/ManufacturerFixes/@PART[stackPoint1|dockingPort1|dockingPort2|dockingPort3|dockingPortLarge]:FOR[KSPCommunityFixes] to Squad/Parts/Utility/dockingPort/dockingPort.cfg/PART[dockingPort2]
[LOG 14:50:35.875] Applying update KSPCommunityFixes/MMPatches/StockTweaks/ManufacturerFixes/@PART[stackPoint1|dockingPort1|dockingPort2|dockingPort3|dockingPortLarge]:FOR[KSPCommunityFixes] to Squad/Parts/Utility/dockingPortJr/dockingPortJr.cfg/PART[dockingPort3]
[LOG 14:50:35.875] Applying update KSPCommunityFixes/MMPatches/StockTweaks/ManufacturerFixes/@PART[stackPoint1|dockingPort1|dockingPort2|dockingPort3|dockingPortLarge]:FOR[KSPCommunityFixes] to Squad/Parts/Utility/dockingPortShielded/dockingPortShielded.cfg/PART[dockingPort1]
[LOG 14:50:35.875] Applying update KSPCommunityFixes/MMPatches/StockTweaks/ManufacturerFixes/@PART[stackPoint1|dockingPort1|dockingPort2|dockingPort3|dockingPortLarge]:FOR[KSPCommunityFixes] to Squad/Parts/Utility/dockingPortSr/dockingPortSr.cfg/PART[dockingPortLarge]
[LOG 14:50:35.876] Applying update KSPCommunityFixes/MMPatches/StockTweaks/ManufacturerFixes/@PART[stackPoint1|dockingPort1|dockingPort2|dockingPort3|dockingPortLarge]:FOR[KSPCommunityFixes] to Squad/Parts/Utility/radialAttachmentPoint/radialAttachmentPoint.cfg/PART[stackPoint1]
[LOG 14:50:35.878] :AFTER[KSPCOMMUNITYFIXES] pass
[LOG 14:50:35.878] :BEFORE[MODULEMANAGER] pass
[LOG 14:50:35.878] :FOR[MODULEMANAGER] pass
[LOG 14:50:35.878] :AFTER[MODULEMANAGER] pass
[LOG 14:50:35.878] :BEFORE[PQSBENCHMOD] pass
[LOG 14:50:35.878] :FOR[PQSBENCHMOD] pass
[LOG 14:50:35.878] :AFTER[PQSBENCHMOD] pass
[LOG 14:50:35.878] :BEFORE[SQUAD] pass
[LOG 14:50:35.878] :FOR[SQUAD] pass
[LOG 14:50:35.878] :AFTER[SQUAD] pass
[LOG 14:50:35.878] :BEFORE[SQUADEXPANSION] pass
[LOG 14:50:35.878] :FOR[SQUADEXPANSION] pass
[LOG 14:50:35.878] :AFTER[SQUADEXPANSION] pass
[LOG 14:50:35.880] :LAST[999_KSP-RECALL] pass
[LOG 14:50:35.925] :FINAL pass
[LOG 14:50:35.925] Done patching
[LOG 14:50:35.925] Saving Cache
[LOG 14:50:36.058] Saving cache
[LOG 14:50:36.772] ModuleManager: 33 patches applied

[LOG 14:50:36.772] Ran in 1.730s
[LOG 14:50:36.820] Done!



#### END MODULEMANAGER LOG ####
[LOG 14:50:38.894] [ModuleManager] Running tests...
[LOG 14:50:38.895] [ModuleManager] tests complete.
[LOG 14:50:38.895] [ModuleManager] Reloading resources definitions
[LOG 14:50:38.896] Resource LiquidFuel added to database
[LOG 14:50:38.896] Resource Oxidizer added to database
[LOG 14:50:38.896] Resource SolidFuel added to database
[LOG 14:50:38.896] Resource MonoPropellant added to database
[LOG 14:50:38.896] Resource XenonGas added to database
[LOG 14:50:38.896] Resource ElectricCharge added to database
[LOG 14:50:38.896] Resource IntakeAir added to database
[LOG 14:50:38.896] Resource EVA Propellant added to database
[LOG 14:50:38.896] Resource Ore added to database
[LOG 14:50:38.896] Resource Ablator added to database
[LOG 14:50:38.896] [ModuleManager] Reloading Trait configs
[LOG 14:50:38.896] ExperienceSystemConfig: Added Effect 'DeployedSciencePowerSkill' to Trait 'Ingénieur'
[LOG 14:50:38.896] ExperienceSystemConfig: Added Effect 'DeployedScienceExpSkill' to Trait 'Scientifique'
[LOG 14:50:38.897] [ModuleManager] Reloading Part Upgrades
[LOG 14:50:38.897] [ModuleManager] Setting modded physics as the active one
[LOG 14:50:38.901] PhysicsGlobals: Loading database
[LOG 14:50:38.902] [ModuleManager] Running post patch callbacks
[LOG 14:50:38.917] [KSPCommunityFixes] Patch AutoStrutDrift applied.
[LOG 14:50:38.921] [KSPCommunityFixes] Patch EditorAnimatedPartsShipModified applied.
[LOG 14:50:38.934] [KSPCommunityFixes] Patch DragCubeLoadException applied.
[LOG 14:50:38.938] [KSPCommunityFixes] Patch DoubleCurvePreserveTangents applied.
[LOG 14:50:38.991] [KSPCommunityFixes] Patch DockingPortRotationDriftAndFixes applied.
[LOG 14:50:39.039] [KSPCommunityFixes] Patch DockingPortConserveMomentum applied.
[LOG 14:50:39.044] [KSPCommunityFixes] Patch DebugConsoleDontStealInput applied.
[LOG 14:50:39.049] [KSPCommunityFixes] Patch CorrectDragForFlags applied.
[LOG 14:50:39.050] [KSPCommunityFixes] Patch CometMiningNotRemovingMass applied.
[LOG 14:50:39.057] [KSPCommunityFixes] Patch ChutePhantomSymmetry applied.
[LOG 14:50:39.059] [KSPCommunityFixes] Patch CometSpawnerUniqueFlightId applied.
[LOG 14:50:39.061] [KSPCommunityFixes] Patch AsteroidSpawnerUniqueFlightId applied.
[LOG 14:50:39.062] [KSPCommunityFixes] Patch AsteroidInfiniteMining applied.
[LOG 14:50:39.089] [KSPCommunityFixes] Patch PersistentIConfigNode applied.
[LOG 14:50:39.089] [KSPCommunityFixes] Patch OnSymmetryFieldChanged not applied (not enabled in Settings.cfg)
[LOG 14:50:39.090] [KSPCommunityFixes] Patch ModUpgradePipeline not applied (not enabled in Settings.cfg)
[LOG 14:50:39.090] [KSPCommunityFixes] Patch KSPFieldEnumDesc not applied (not enabled in Settings.cfg)
[LOG 14:50:39.091] [KSPCommunityFixes] Patch EventProfilerMarkers not applied (not enabled in Settings.cfg)
[LOG 14:50:39.091] [KSPCommunityFixes] Patch DockingPortLockedEvents not applied (not enabled in Settings.cfg)
[LOG 14:50:39.093] [KSPCommunityFixes] Patch DepartmentHeadImage applied.
[LOG 14:50:39.105] [KSPCommunityFixes] Patch BaseFieldListUseFieldHost applied.
[LOG 14:50:39.135] [KSPCommunityFixes] Patch ResourceConverterPerf applied.
[LOG 14:50:39.144] [KSPCommunityFixes] Patch ProgressTrackingSpeedBoost applied.
[LOG 14:50:39.147] [KSPCommunityFixes] Patch PQSUpdateNoMemoryAlloc applied.
[LOG 14:50:39.147] [KSPCommunityFixes] Patch PQSOnlyStartOnce not applied (not enabled in Settings.cfg)
[LOG 14:50:39.160] [KSPCommunityFixes] Patch PQSCoroutineLeak applied.
[LOG 14:50:39.195] [KSPCommunityFixes] Patch PartSystemsFastUpdate applied.
[LOG 14:50:39.225] [KSPCommunityFixes] Patch PartParsingPerf applied.
[LOG 14:50:39.230] [KSPCommunityFixes] Patch EnginePlateAirstreamShieldedTopPart applied.
[LOG 14:50:39.241] [KSPCommunityFixes] Patch EVAConstructionMass applied.
[LOG 14:50:39.253] [KSPCommunityFixes] Patch EVAConstructionUninitializedInventory applied.
[LOG 14:50:39.262] [KSPCommunityFixes] Patch EVAKerbalRecovery applied.
[LOG 14:50:39.271] [KSPCommunityFixes] Patch TimeWarpOrbitShift applied.
[LOG 14:50:39.274] [KSPCommunityFixes] Patch TimeWarpBodyCollision applied.
[LOG 14:50:39.295] [KSPCommunityFixes] Patch ThumbnailSpotlight applied.
[LOG 14:50:39.306] [KSPCommunityFixes] Patch SymmetryReferenceOnDelete applied.
[LOG 14:50:39.306] [KSPCommunityFixes] Patch StrategyDuration not applied (not enabled in Settings.cfg)
[LOG 14:50:39.309] [KSPCommunityFixes] Patch StockAlarmDescPreserveLineBreak applied.
[LOG 14:50:39.339] [KSPCommunityFixes] Patch StickySplashedFixer applied.
[LOG 14:50:39.347] [KSPCommunityFixes] Patch ScatterDistribution applied.
[LOG 14:50:39.378] [KSPCommunityFixes] Patch RoboticsDrift applied.
[LOG 14:50:39.380] [KSPCommunityFixes] Patch RestoreMaxPhysicsDT applied.
[LOG 14:50:39.400] [KSPCommunityFixes] Patch RespawnDeadKerbals applied.
[LOG 14:50:39.404] [KSPCommunityFixes] Patch RescaledRoboticParts applied.
[LOG 14:50:39.408] [KSPCommunityFixes] Patch ReRootPreserveSurfaceAttach applied.
[LOG 14:50:39.429] [KSPCommunityFixes] Patch OptimizedModuleRaycasts applied.
[LOG 14:50:39.437] GetSubclassesOfParentClass: Found 1 types with ModuleInventoryPart parent in 7 assemblies.
[LOG 14:50:39.443] [KSPCommunityFixes] Patch RefundingOnRecovery applied.
[LOG 14:50:39.443] [KSPCommunityFixes] Patch PatchedConicEncounterFlickering applied.
[LOG 14:50:39.456] [KSPCommunityFixes] Patch PartListTooltipIconSpin applied.
[LOG 14:50:39.460] [KSPCommunityFixes] Patch PackedPartsRotation applied.
[LOG 14:50:39.475] [KSPCommunityFixes] Patch ModulePartVariantsNodePersistence applied.
[LOG 14:50:39.478] [KSPCommunityFixes] Patch ModuleAnimateGenericCrewModSpawnIVA applied.
[LOG 14:50:39.480] [KSPCommunityFixes] Patch ModuleActiveRadiatorNoParentException applied.
[LOG 14:50:39.483] [KSPCommunityFixes] Patch MapTargetBodyWithEncounter applied.
[LOG 14:50:39.486] [KSPCommunityFixes] Patch LostSoundAfterSceneSwitch applied.
[LOG 14:50:39.494] [KSPCommunityFixes] Patch LadderToggleableLight applied.
[LOG 14:50:39.510] [KSPCommunityFixes] Patch InventoryPartMass applied.
[LOG 14:50:39.517] [KSPCommunityFixes] Patch HarvesterECConsumption applied.
[LOG 14:50:39.519] [KSPCommunityFixes] Patch FixGetUnivseralTime applied.
[LOG 14:50:39.530] [KSPCommunityFixes] Patch ExtendedDeployableParts applied.
[LOG 14:50:39.532] [KSPCommunityFixes] Patch PropellantFlowDescription applied.
[LOG 14:50:39.564] [KSPCommunityFixes] Patch OptimisedVectorLines applied.
[LOG 14:50:39.577] [KSPCommunityFixes] Patch ModuleDockingNodeFindOtherNodesFaster applied.
[LOG 14:50:39.589] [KSPCommunityFixes] Patch ModuleColorChangerOptimization applied.
[LOG 14:50:39.596] [KSPCommunityFixes] Patch AutoSavedCraftNameAtLaunch applied.
[LOG 14:50:39.621] [KSPCommunityFixes] Patch PAWCollapsedInventories applied.
[LOG 14:50:39.626] [KSPCommunityFixes] Patch UIFloatEditNumericInput applied.
[LOG 14:50:39.654] [KSPCommunityFixes] Patch PAWStockGroups applied.
[LOG 14:50:39.665] [KSPCommunityFixes] Patch AltimeterHorizontalPosition applied.
[LOG 14:50:39.674] [KSPCommunityFixes] Patch SceneLoadSpeedBoost applied.
[LOG 14:50:39.720] [KSPCommunityFixes] Patch OnDemandPartBuoyancy applied.
[LOG 14:50:39.722] [KSPCommunityFixes] Patch ForceSyncSceneSwitch applied.
[LOG 14:50:39.722] [KSPCommunityFixes] Patch FewerSaves not applied (not enabled in Settings.cfg)
[LOG 14:50:39.723] [KSPCommunityFixes] Patch WheelInertiaLimit applied.
[LOG 14:50:39.723] [KSPCommunityFixes] Patch StockAlarmCustomFormatterDate isn't applicable to this KSP version.
[LOG 14:50:39.731] [KSPCommunityFixes] Patch ROCValidationOOR applied.
[LOG 14:50:39.735] [KSPCommunityFixes] Patch ZeroCostTechNodes applied.
[LOG 14:50:39.737] [KSPCommunityFixes] Patch ReactionWheelsPotentialTorque applied.
[LOG 14:50:39.742] [KSPCommunityFixes] Patch PAWGroupMemory applied.
[LOG 14:50:39.789] [KSPCommunityFixes] Patch PartStartStability applied.
[LOG 14:50:39.797] [KSPCommunityFixes] Patch PartBoundsIgnoreDisabledTransforms applied.
[LOG 14:50:39.856] [KSPCommunityFixes] Patch ModuleIndexingMismatch applied.
[LOG 14:50:39.864] [KSPCommunityFixes] Patch MapSOCorrectWrapping applied.
[LOG 14:50:39.865] [KSPCommunityFixes] Patch KerbalTooltipMaxSustainedG applied.
[LOG 14:50:39.869] [KSPCommunityFixes] Patch KerbalInventoryPersistence applied.
[LOG 14:50:39.869] [KSPCommunityFixes] Patch FlightSceneLoadKraken not applied (not enabled in Settings.cfg)
[LOG 14:50:39.879] [KSPCommunityFixes] Patch FIUpdateRadiation applied.
[LOG 14:50:39.881] [KSPCommunityFixes] Patch FastAndFixedEnumExtensions applied.
[LOG 14:50:39.926] [KSPCommunityFixes] Patch DeltaVHideWhenDisabled applied.
[LOG 14:50:39.931] [KSPCommunityFixes] Patch BlockMapViewPartClick applied.
[LOG 14:50:39.935] [KSPCommunityFixes] Patch PAWItemsOrder applied.
[LOG 14:50:40.003] [KSPCommunityFixes] Patch BetterEditorUndoRedo applied.
[LOG 14:50:40.017] [KSPCommunityFixes] Patch AutostrutActions applied.
[LOG 14:50:40.017] [KSPCommunityFixes] Patch DisableNewGameIntro not applied (not enabled in Settings.cfg)
[LOG 14:50:40.055] [KSPCommunityFixes] Patch MinorPerfTweaks applied.
[LOG 14:50:40.163] [KSPCommunityFixes] Patch MemoryLeaks applied.
[LOG 14:50:40.171] [KSPCommunityFixes] Patch LowerMinPhysicsDTPerFrame applied.
[LOG 14:50:40.175] [KSPCommunityFixes] Patch LocalizerPerf applied.
[LOG 14:50:40.178] [KSPCommunityFixes] Patch IMGUIOptimization applied.
[LOG 14:50:40.197] [KSPCommunityFixes] Patch FloatingOriginPerf applied.
[LOG 14:50:40.263] [KSPCommunityFixes] Patch FlightIntegratorPerf applied.
[LOG 14:50:40.268] [KSPCommunityFixes] Patch FasterPartFindTransform applied.
[LOG 14:50:40.283] [KSPCommunityFixes] Patch FasterEditorPartList applied.
[LOG 14:50:40.285] [KSPCommunityFixes] Patch ExpansionBundlePreload applied.
[LOG 14:50:40.298] [KSPCommunityFixes] Patch DragCubeGeneration applied.
[LOG 14:50:40.303] [KSPCommunityFixes] Patch DisableMapUpdateInFlight applied.
[LOG 14:50:40.304] [KSPCommunityFixes] Patch DisableHiddenPortraits applied.
[LOG 14:50:40.305] [KSPCommunityFixes] Patch DisableManeuverTool applied.
[LOG 14:50:40.330] [KSPCommunityFixes] Patch CraftBrowserOptimisations applied.
[LOG 14:50:40.333] [KSPCommunityFixes] Patch CommNetThrottling applied.
[LOG 14:50:40.338] [KSPCommunityFixes] Patch FairingMouseOverPersistence applied.
[LOG 14:50:40.358] [KSPCommunityFixes] Patch OptionalMakingHistoryDLCFeatures applied.
[LOG 14:50:40.361] [KSPCommunityFixes] Patch ResourceLockActions applied.
[LOG 14:50:40.370] [KSPCommunityFixes] Patch ShowContractFinishDates applied.
[LOG 14:50:40.379] [KSPCommunityFixes] Patch TargetParentBody applied.
[LOG 14:50:40.400] [KSPCommunityFixes] Patch ToolbarShowHide applied.
[LOG 14:50:40.403] [KSPCommunityFixes] Patch ContractProgressEnumCache applied.
[LOG 14:50:40.418] [KSPCommunityFixes] Patch ActiveRadiatorPerf applied.
[LOG 14:50:40.424] [KSPCommunityFixes] Patch CargoBayPerf applied.
[LOG 14:50:40.439] [KSPCommunityFixes] Patch CollisionEnhancerFastUpdate applied.
[LOG 14:50:40.447] [KSPCommunityFixes] Patch CollisionManagerFastUpdate applied.
[LOG 14:50:40.455] [KSPCommunityFixes] Patch AsteroidAndCometDrillCache applied.
[LOG 14:50:40.477] [KSPCommunityFixes] Patch TweakableWheelsAutostrut applied.
[LOG 14:50:40.510] [KSPCommunityFixes] Patch PatchSettings applied.
[LOG 14:50:40.560] [KSPCommunityFixes] Patch UpgradeBugs applied.
[LOG 14:50:40.560] [KSPCommunityFixes] Patch PartTooltipUpgradesApplyToSubstituteParts not applied (not enabled in Settings.cfg)
[LOG 14:50:40.639] [ModuleManager] Calling ConfigNodePerf.ModuleManagerPostLoad()
[LOG 14:50:40.640] [ModuleManager] Post patch ran in 1.751s
[LOG 14:50:40.664] PartLoader: Creating part database
[LOG 14:50:40.665] PartLoader: Compiling Part 'Squad/Parts/Aero/aerodynamicNoseCone/aerodynamicNoseCone/noseCone'
[LOG 14:50:40.688] EffectList: Created 15 effect types
[LOG 14:50:40.788] PartLoader: Part 'Squad/Parts/Aero/aerodynamicNoseCone/aerodynamicNoseCone/noseCone' has no database record. Creating.
[LOG 14:50:40.789] [DragCubeSystem]: Drag cubes not found or cannot be read for part Part. Generating New drag cubes.
[LOG 14:50:40.790] [KSPCF/DragCubeGeneration] Creating drag cubes for part 'noseCone'
[LOG 14:50:40.827] PartLoader: Compiling Part 'Squad/Parts/Aero/airbrake/Airbrake/airbrake1'
[LOG 14:50:40.859] PartLoader: Part 'Squad/Parts/Aero/airbrake/Airbrake/airbrake1' has no database record. Creating.
[LOG 14:50:40.859] [DragCubeSystem]: Drag cubes not found or cannot be read for part Part. Generating New drag cubes.
[LOG 14:50:40.859] [KSPCF/DragCubeGeneration] Creating drag cubes for part 'airbrake1'
[LOG 14:50:40.901] PartLoader: Compiling Part 'Squad/Parts/Aero/airIntakeRadialXM-G50/airIntakeRadialXM-G50/airScoop'
[LOG 14:50:40.928] PartLoader: Part 'Squad/Parts/Aero/airIntakeRadialXM-G50/airIntakeRadialXM-G50/airScoop' has no database record. Creating.
[LOG 14:50:40.928] [DragCubeSystem]: Drag cubes not found or cannot be read for part Part. Generating New drag cubes.
[LOG 14:50:40.928] [KSPCF/DragCubeGeneration] Creating drag cubes for part 'airScoop'
[LOG 14:50:40.937] PartLoader: Compiling Part 'Squad/Parts/Aero/airlinerWings/ControlSurface/airlinerCtrlSrf'
[LOG 14:50:40.956] PartLoader: Part 'Squad/Parts/Aero/airlinerWings/ControlSurface/airlinerCtrlSrf' has no database record. Creating.
[LOG 14:50:40.956] [DragCubeSystem]: Drag cubes not found or cannot be read for part Part. Generating New drag cubes.
[LOG 14:50:40.956] [KSPCF/DragCubeGeneration] Creating drag cubes for part 'airlinerCtrlSrf'
[LOG 14:50:40.986] PartLoader: Compiling Part 'Squad/Parts/Aero/airlinerWings/MainWing/airlinerMainWing'
[LOG 14:50:40.996] PartLoader: Part 'Squad/Parts/Aero/airlinerWings/MainWing/airlinerMainWing' has no database record. Creating.
[LOG 14:50:40.996] [DragCubeSystem]: Drag cubes not found or cannot be read for part Part. Generating New drag cubes.
[LOG 14:50:40.996] [KSPCF/DragCubeGeneration] Creating drag cubes for part 'airlinerMainWing'
[LOG 14:50:41.001] PartLoader: Compiling Part 'Squad/Parts/Aero/airlinerWings/TailFin/airlinerTailFin'
[LOG 14:50:41.017] PartLoader: Part 'Squad/Parts/Aero/airlinerWings/TailFin/airlinerTailFin' has no database record. Creating.
[LOG 14:50:41.017] [DragCubeSystem]: Drag cubes not found or cannot be read for part Part. Generating New drag cubes.
[LOG 14:50:41.017] [KSPCF/DragCubeGeneration] Creating drag cubes for part 'airlinerTailFin'
[LOG 14:50:41.046] PartLoader: Compiling Part 'Squad/Parts/Aero/airplaneFins/advancedCanard/AdvancedCanard'
[LOG 14:50:41.052] PartLoader: Part 'Squad/Parts/Aero/airplaneFins/advancedCanard/AdvancedCanard' has no database record. Creating.
[LOG 14:50:41.052] [DragCubeSystem]: Drag cubes not found or cannot be read for part Part. Generating New drag cubes.
[LOG 14:50:41.052] [KSPCF/DragCubeGeneration] Creating drag cubes for part 'AdvancedCanard'
[LOG 14:50:41.086] PartLoader: Compiling Part 'Squad/Parts/Aero/airplaneFins/standardCanard/CanardController'
[LOG 14:50:41.092] PartLoader: Part 'Squad/Parts/Aero/airplaneFins/standardCanard/CanardController' has no database record. Creating.
[LOG 14:50:41.092] [DragCubeSystem]: Drag cubes not found or cannot be read for part Part. Generating New drag cubes.
[LOG 14:50:41.092] [KSPCF/DragCubeGeneration] Creating drag cubes for part 'CanardController'
[LOG 14:50:41.110] PartLoader: Compiling Part 'Squad/Parts/Aero/airplaneFins/sweptWing/sweptWing'
[LOG 14:50:41.113] PartLoader: Part 'Squad/Parts/Aero/airplaneFins/sweptWing/sweptWing' has no database record. Creating.
[LOG 14:50:41.113] [DragCubeSystem]: Drag cubes not found or cannot be read for part Part. Generating New drag cubes.
[LOG 14:50:41.113] [KSPCF/DragCubeGeneration] Creating drag cubes for part 'sweptWing'
[LOG 14:50:41.118] PartLoader: Compiling Part 'Squad/Parts/Aero/airplaneFins/tailfin/tailfin'
[LOG 14:50:41.124] PartLoader: Part 'Squad/Parts/Aero/airplaneFins/tailfin/tailfin' has no database record. Creating.
[LOG 14:50:41.124] [DragCubeSystem]: Drag cubes not found or cannot be read for part Part. Generating New drag cubes.
[LOG 14:50:41.124] [KSPCF/DragCubeGeneration] Creating drag cubes for part 'tailfin'
[LOG 14:50:41.143] PartLoader: Compiling Part 'Squad/Parts/Aero/basicFin/basicFin/basicFin'
[LOG 14:50:41.148] PartLoader: Part 'Squad/Parts/Aero/basicFin/basicFin/basicFin' has no database record. Creating.
[LOG 14:50:41.148] [DragCubeSystem]: Drag cubes not found or cannot be read for part Part. Generating New drag cubes.
[LOG 14:50:41.148] [KSPCF/DragCubeGeneration] Creating drag cubes for part 'basicFin'
[LOG 14:50:41.153] PartLoader: Compiling Part 'Squad/Parts/Aero/circularIntake/circularIntake/CircularIntake'
[LOG 14:50:41.161] PartLoader: Part 'Squad/Parts/Aero/circularIntake/circularIntake/CircularIntake' has no database record. Creating.
[LOG 14:50:41.161] PartLoader: Compiling Part 'Squad/Parts/Aero/circularIntake/intakeShockCone/shockConeIntake'
[LOG 14:50:41.166] PartLoader: Part 'Squad/Parts/Aero/circularIntake/intakeShockCone/shockConeIntake' has no database record. Creating.
[LOG 14:50:41.167] PartLoader: Compiling Part 'Squad/Parts/Aero/cones/avionicsNoseCone/avionicsNoseCone'
[LOG 14:50:41.186] PartLoader: Part 'Squad/Parts/Aero/cones/avionicsNoseCone/avionicsNoseCone' has no database record. Creating.
[LOG 14:50:41.187] [DragCubeSystem]: Drag cubes not found or cannot be read for part Part. Generating New drag cubes.
[LOG 14:50:41.187] [KSPCF/DragCubeGeneration] Creating drag cubes for part 'avionicsNoseCone'
[LOG 14:50:41.195] PartLoader: Compiling Part 'Squad/Parts/Aero/cones/ConeA/pointyNoseConeA'
[LOG 14:50:41.200] PartLoader: Part 'Squad/Parts/Aero/cones/ConeA/pointyNoseConeA' has no database record. Creating.
[LOG 14:50:41.200] [DragCubeSystem]: Drag cubes not found or cannot be read for part Part. Generating New drag cubes.
[LOG 14:50:41.200] [KSPCF/DragCubeGeneration] Creating drag cubes for part 'pointyNoseConeA'
[LOG 14:50:41.206] PartLoader: Compiling Part 'Squad/Parts/Aero/cones/ConeB/pointyNoseConeB'
[LOG 14:50:41.211] PartLoader: Part 'Squad/Parts/Aero/cones/ConeB/pointyNoseConeB' has no database record. Creating.
[LOG 14:50:41.211] [DragCubeSystem]: Drag cubes not found or cannot be read for part Part. Generating New drag cubes.
[LOG 14:50:41.211] [KSPCF/DragCubeGeneration] Creating drag cubes for part 'pointyNoseConeB'
[LOG 14:50:41.217] PartLoader: Compiling Part 'Squad/Parts/Aero/cones/noseConeAdapter/noseConeAdapter'
[LOG 14:50:41.222] PartLoader: Part 'Squad/Parts/Aero/cones/noseConeAdapter/noseConeAdapter' has no database record. Creating.
[LOG 14:50:41.222] [DragCubeSystem]: Drag cubes not found or cannot be read for part Part. Generating New drag cubes.
[LOG 14:50:41.222] [KSPCF/DragCubeGeneration] Creating drag cubes for part 'noseConeAdapter'
[LOG 14:50:41.227] PartLoader: Compiling Part 'Squad/Parts/Aero/cones/protectiveRocketNoseMk7_v2/rocketNoseCone_v2'
[LOG 14:50:41.232] PartLoader: Part 'Squad/Parts/Aero/cones/protectiveRocketNoseMk7_v2/rocketNoseCone_v2' has no database record. Creating.
[LOG 14:50:41.232] [DragCubeSystem]: Drag cubes not found or cannot be read for part Part. Generating New drag cubes.
[LOG 14:50:41.232] [KSPCF/DragCubeGeneration] Creating drag cubes for part 'rocketNoseCone.v2'
[LOG 14:50:41.238] PartLoader: Compiling Part 'Squad/Parts/Aero/cones/protectiveRocketNoseMk7_v3/rocketNoseCone_v3'
[LOG 14:50:41.241] PartLoader: Part 'Squad/Parts/Aero/cones/protectiveRocketNoseMk7_v3/rocketNoseCone_v3' has no database record. Creating.
[LOG 14:50:41.241] [DragCubeSystem]: Drag cubes not found or cannot be read for part Part. Generating New drag cubes.
[LOG 14:50:41.241] [KSPCF/DragCubeGeneration] Creating drag cubes for part 'rocketNoseCone.v3'
[LOG 14:50:41.246] PartLoader: Compiling Part 'Squad/Parts/Aero/cones/rocketNoseCone_size3/rocketNoseConeSize3'
[LOG 14:50:41.251] PartLoader: Part 'Squad/Parts/Aero/cones/rocketNoseCone_size3/rocketNoseConeSize3' has no database record. Creating.
[LOG 14:50:41.251] [DragCubeSystem]: Drag cubes not found or cannot be read for part Part. Generating New drag cubes.
[LOG 14:50:41.251] [KSPCF/DragCubeGeneration] Creating drag cubes for part 'rocketNoseConeSize3'
[LOG 14:50:41.257] PartLoader: Compiling Part 'Squad/Parts/Aero/cones/smallNoseCone/standardNoseCone'
[LOG 14:50:41.261] PartLoader: Part 'Squad/Parts/Aero/cones/smallNoseCone/standardNoseCone' has no database record. Creating.
[LOG 14:50:41.261] [DragCubeSystem]: Drag cubes not found or cannot be read for part Part. Generating New drag cubes.
[LOG 14:50:41.261] [KSPCF/DragCubeGeneration] Creating drag cubes for part 'standardNoseCone'
[LOG 14:50:41.266] PartLoader: Compiling Part 'Squad/Parts/Aero/cones/tailConnectorA/airplaneTail'
[LOG 14:50:41.269] PartLoader: Part 'Squad/Parts/Aero/cones/tailConnectorA/airplaneTail' has no database record. Creating.
[LOG 14:50:41.269] [DragCubeSystem]: Drag cubes not found or cannot be read for part Part. Generating New drag cubes.
[LOG 14:50:41.269] [KSPCF/DragCubeGeneration] Creating drag cubes for part 'airplaneTail'
[LOG 14:50:41.274] PartLoader: Compiling Part 'Squad/Parts/Aero/cones/tailConnectorB/airplaneTailB'
[LOG 14:50:41.279] PartLoader: Part 'Squad/Parts/Aero/cones/tailConnectorB/airplaneTailB' has no database record. Creating.
[LOG 14:50:41.279] [DragCubeSystem]: Drag cubes not found or cannot be read for part Part. Generating New drag cubes.
[LOG 14:50:41.279] [KSPCF/DragCubeGeneration] Creating drag cubes for part 'airplaneTailB'
[LOG 14:50:41.284] PartLoader: Compiling Part 'Squad/Parts/Aero/fairings/fairingSize1/fairingSize1'
[LOG 14:50:41.334] PartLoader: Part 'Squad/Parts/Aero/fairings/fairingSize1/fairingSize1' has no database record. Creating.
[LOG 14:50:41.334] [DragCubeSystem]: Drag cubes not found or cannot be read for part Part. Generating New drag cubes.
[LOG 14:50:41.334] [KSPCF/DragCubeGeneration] Creating drag cubes for part 'fairingSize1'
[LOG 14:50:41.340] PartLoader: Compiling Part 'Squad/Parts/Aero/fairings/fairingSize2/fairingSize2'
[LOG 14:50:41.356] PartLoader: Part 'Squad/Parts/Aero/fairings/fairingSize2/fairingSize2' has no database record. Creating.
[LOG 14:50:41.356] [DragCubeSystem]: Drag cubes not found or cannot be read for part Part. Generating New drag cubes.
[LOG 14:50:41.356] [KSPCF/DragCubeGeneration] Creating drag cubes for part 'fairingSize2'
[LOG 14:50:41.361] PartLoader: Compiling Part 'Squad/Parts/Aero/fairings/fairingSize3/fairingSize3'
[LOG 14:50:41.374] PartLoader: Part 'Squad/Parts/Aero/fairings/fairingSize3/fairingSize3' has no database record. Creating.
[LOG 14:50:41.374] [DragCubeSystem]: Drag cubes not found or cannot be read for part Part. Generating New drag cubes.
[LOG 14:50:41.374] [KSPCF/DragCubeGeneration] Creating drag cubes for part 'fairingSize3'
[LOG 14:50:41.379] PartLoader: Compiling Part 'Squad/Parts/Aero/HeatShield/HeatShield0/HeatShield0'
[LOG 14:50:41.403] PartLoader: Part 'Squad/Parts/Aero/HeatShield/HeatShield0/HeatShield0' has no database record. Creating.
[LOG 14:50:41.403] [DragCubeSystem]: Drag cubes not found or cannot be read for part Part. Generating New drag cubes.
[LOG 14:50:41.403] [KSPCF/DragCubeGeneration] Creating drag cubes for part 'HeatShield0'
[LOG 14:50:41.412] PartLoader: Compiling Part 'Squad/Parts/Aero/HeatShield/HeatShield1/HeatShield1'
[LOG 14:50:41.426] PartLoader: Part 'Squad/Parts/Aero/HeatShield/HeatShield1/HeatShield1' has no database record. Creating.
[LOG 14:50:41.426] [DragCubeSystem]: Drag cubes not found or cannot be read for part Part. Generating New drag cubes.
[LOG 14:50:41.427] [KSPCF/DragCubeGeneration] Creating drag cubes for part 'HeatShield1'
[LOG 14:50:41.441] PartLoader: Compiling Part 'Squad/Parts/Aero/HeatShield/HeatShield2/HeatShield2'
[LOG 14:50:41.449] PartLoader: Part 'Squad/Parts/Aero/HeatShield/HeatShield2/HeatShield2' has no database record. Creating.
[LOG 14:50:41.449] [DragCubeSystem]: Drag cubes not found or cannot be read for part Part. Generating New drag cubes.
[LOG 14:50:41.449] [KSPCF/DragCubeGeneration] Creating drag cubes for part 'HeatShield2'
[LOG 14:50:41.461] PartLoader: Compiling Part 'Squad/Parts/Aero/HeatShield/HeatShield3/HeatShield3'
[LOG 14:50:41.469] PartLoader: Part 'Squad/Parts/Aero/HeatShield/HeatShield3/HeatShield3' has no database record. Creating.
[LOG 14:50:41.469] [DragCubeSystem]: Drag cubes not found or cannot be read for part Part. Generating New drag cubes.
[LOG 14:50:41.469] [KSPCF/DragCubeGeneration] Creating drag cubes for part 'HeatShield3'
[LOG 14:50:41.482] PartLoader: Compiling Part 'Squad/Parts/Aero/InflatableHeatShield/HeatShield/InflatableHeatShield'
[LOG 14:50:41.491] PartLoader: Part 'Squad/Parts/Aero/InflatableHeatShield/HeatShield/InflatableHeatShield' has no database record. Creating.
[LOG 14:50:41.491] [DragCubeSystem]: Drag cubes not found or cannot be read for part Part. Generating New drag cubes.
[LOG 14:50:41.492] [KSPCF/DragCubeGeneration] Creating drag cubes for part 'InflatableHeatShield'
[LOG 14:50:41.505] PartLoader: Compiling Part 'Squad/Parts/Aero/intakeRadialLong/intakeRadialLong/IntakeRadialLong'
[LOG 14:50:41.508] PartLoader: Part 'Squad/Parts/Aero/intakeRadialLong/intakeRadialLong/IntakeRadialLong' has no database record. Creating.
[LOG 14:50:41.508] [DragCubeSystem]: Drag cubes not found or cannot be read for part Part. Generating New drag cubes.
[LOG 14:50:41.508] [KSPCF/DragCubeGeneration] Creating drag cubes for part 'IntakeRadialLong'
[LOG 14:50:41.513] PartLoader: Compiling Part 'Squad/Parts/Aero/miniIntake/SmallIntake/miniIntake'
[LOG 14:50:41.518] PartLoader: Part 'Squad/Parts/Aero/miniIntake/SmallIntake/miniIntake' has no database record. Creating.
[LOG 14:50:41.520] PartLoader: Compiling Part 'Squad/Parts/Aero/ramAirIntake/ramAirIntake/ramAirIntake'
[LOG 14:50:41.524] PartLoader: Part 'Squad/Parts/Aero/ramAirIntake/ramAirIntake/ramAirIntake' has no database record. Creating.
[LOG 14:50:41.525] PartLoader: Compiling Part 'Squad/Parts/Aero/shuttleWings/delta/wingShuttleDelta'
[LOG 14:50:41.528] PartLoader: Part 'Squad/Parts/Aero/shuttleWings/delta/wingShuttleDelta' has no database record. Creating.
[LOG 14:50:41.528] [DragCubeSystem]: Drag cubes not found or cannot be read for part Part. Generating New drag cubes.
[LOG 14:50:41.528] [KSPCF/DragCubeGeneration] Creating drag cubes for part 'wingShuttleDelta'
[LOG 14:50:41.532] PartLoader: Compiling Part 'Squad/Parts/Aero/shuttleWings/elevon1/wingShuttleElevon1'
[LOG 14:50:41.539] PartLoader: Part 'Squad/Parts/Aero/shuttleWings/elevon1/wingShuttleElevon1' has no database record. Creating.
[LOG 14:50:41.539] [DragCubeSystem]: Drag cubes not found or cannot be read for part Part. Generating New drag cubes.
[LOG 14:50:41.539] [KSPCF/DragCubeGeneration] Creating drag cubes for part 'wingShuttleElevon1'
[LOG 14:50:41.555] PartLoader: Compiling Part 'Squad/Parts/Aero/shuttleWings/elevon2/wingShuttleElevon2'
[LOG 14:50:41.562] PartLoader: Part 'Squad/Parts/Aero/shuttleWings/elevon2/wingShuttleElevon2' has no database record. Creating.
[LOG 14:50:41.563] [DragCubeSystem]: Drag cubes not found or cannot be read for part Part. Generating New drag cubes.
[LOG 14:50:41.563] [KSPCF/DragCubeGeneration] Creating drag cubes for part 'wingShuttleElevon2'
[LOG 14:50:41.578] PartLoader: Compiling Part 'Squad/Parts/Aero/shuttleWings/rudder/wingShuttleRudder'
[LOG 14:50:41.581] PartLoader: Part 'Squad/Parts/Aero/shuttleWings/rudder/wingShuttleRudder' has no database record. Creating.
[LOG 14:50:41.581] [DragCubeSystem]: Drag cubes not found or cannot be read for part Part. Generating New drag cubes.
[LOG 14:50:41.581] [KSPCF/DragCubeGeneration] Creating drag cubes for part 'wingShuttleRudder'
[LOG 14:50:41.596] PartLoader: Compiling Part 'Squad/Parts/Aero/shuttleWings/strake/wingShuttleStrake'
[LOG 14:50:41.600] PartLoader: Part 'Squad/Parts/Aero/shuttleWings/strake/wingShuttleStrake' has no database record. Creating.
[LOG 14:50:41.600] [DragCubeSystem]: Drag cubes not found or cannot be read for part Part. Generating New drag cubes.
[LOG 14:50:41.600] [KSPCF/DragCubeGeneration] Creating drag cubes for part 'wingShuttleStrake'
[LOG 14:50:41.604] PartLoader: Compiling Part 'Squad/Parts/Aero/wingletAV-R8/wingletAV-R8/R8winglet'
[LOG 14:50:41.609] PartLoader: Part 'Squad/Parts/Aero/wingletAV-R8/wingletAV-R8/R8winglet' has no database record. Creating.
[LOG 14:50:41.609] [DragCubeSystem]: Drag cubes not found or cannot be read for part Part. Generating New drag cubes.
[LOG 14:50:41.609] [KSPCF/DragCubeGeneration] Creating drag cubes for part 'R8winglet'
[LOG 14:50:41.624] PartLoader: Compiling Part 'Squad/Parts/Aero/wingletAV-T1/wingletAV-T1/winglet'
[LOG 14:50:41.629] PartLoader: Part 'Squad/Parts/Aero/wingletAV-T1/wingletAV-T1/winglet' has no database record. Creating.
[LOG 14:50:41.629] [DragCubeSystem]: Drag cubes not found or cannot be read for part Part. Generating New drag cubes.
[LOG 14:50:41.629] [KSPCF/DragCubeGeneration] Creating drag cubes for part 'winglet'
[LOG 14:50:41.633] PartLoader: Compiling Part 'Squad/Parts/Aero/wingletDeltaDeluxe/wingletDeltaDeluxe/winglet3'
[LOG 14:50:41.638] PartLoader: Part 'Squad/Parts/Aero/wingletDeltaDeluxe/wingletDeltaDeluxe/winglet3' has no database record. Creating.
[LOG 14:50:41.638] [DragCubeSystem]: Drag cubes not found or cannot be read for part Part. Generating New drag cubes.
[LOG 14:50:41.638] [KSPCF/DragCubeGeneration] Creating drag cubes for part 'winglet3'
[LOG 14:50:41.654] PartLoader: Compiling Part 'Squad/Parts/Aero/wings/connector1/wingConnector'
[LOG 14:50:41.658] PartLoader: Part 'Squad/Parts/Aero/wings/connector1/wingConnector' has no database record. Creating.
[LOG 14:50:41.658] [DragCubeSystem]: Drag cubes not found or cannot be read for part Part. Generating New drag cubes.
[LOG 14:50:41.658] [KSPCF/DragCubeGeneration] Creating drag cubes for part 'wingConnector'
[LOG 14:50:41.662] PartLoader: Compiling Part 'Squad/Parts/Aero/wings/connector2/wingConnector2'
[LOG 14:50:41.667] PartLoader: Part 'Squad/Parts/Aero/wings/connector2/wingConnector2' has no database record. Creating.
[LOG 14:50:41.667] [DragCubeSystem]: Drag cubes not found or cannot be read for part Part. Generating New drag cubes.
[LOG 14:50:41.667] [KSPCF/DragCubeGeneration] Creating drag cubes for part 'wingConnector2'
[LOG 14:50:41.671] PartLoader: Compiling Part 'Squad/Parts/Aero/wings/connector3/wingConnector3'
[LOG 14:50:41.675] PartLoader: Part 'Squad/Parts/Aero/wings/connector3/wingConnector3' has no database record. Creating.
[LOG 14:50:41.675] [DragCubeSystem]: Drag cubes not found or cannot be read for part Part. Generating New drag cubes.
[LOG 14:50:41.675] [KSPCF/DragCubeGeneration] Creating drag cubes for part 'wingConnector3'
[LOG 14:50:41.679] PartLoader: Compiling Part 'Squad/Parts/Aero/wings/connector4/wingConnector4'
[LOG 14:50:41.684] PartLoader: Part 'Squad/Parts/Aero/wings/connector4/wingConnector4' has no database record. Creating.
[LOG 14:50:41.684] [DragCubeSystem]: Drag cubes not found or cannot be read for part Part. Generating New drag cubes.
[LOG 14:50:41.684] [KSPCF/DragCubeGeneration] Creating drag cubes for part 'wingConnector4'
[LOG 14:50:41.688] PartLoader: Compiling Part 'Squad/Parts/Aero/wings/connector5/wingConnector5'
[LOG 14:50:41.691] PartLoader: Part 'Squad/Parts/Aero/wings/connector5/wingConnector5' has no database record. Creating.
[LOG 14:50:41.692] [DragCubeSystem]: Drag cubes not found or cannot be read for part Part. Generating New drag cubes.
[LOG 14:50:41.692] [KSPCF/DragCubeGeneration] Creating drag cubes for part 'wingConnector5'
[LOG 14:50:41.696] PartLoader: Compiling Part 'Squad/Parts/Aero/wings/delta/deltaWing'
[LOG 14:50:41.702] PartLoader: Part 'Squad/Parts/Aero/wings/delta/deltaWing' has no database record. Creating.
[LOG 14:50:41.702] [DragCubeSystem]: Drag cubes not found or cannot be read for part Part. Generating New drag cubes.
[LOG 14:50:41.702] [KSPCF/DragCubeGeneration] Creating drag cubes for part 'deltaWing'
[LOG 14:50:41.706] PartLoader: Compiling Part 'Squad/Parts/Aero/wings/delta_small/delta_small'
[LOG 14:50:41.711] PartLoader: Part 'Squad/Parts/Aero/wings/delta_small/delta_small' has no database record. Creating.
[LOG 14:50:41.711] [DragCubeSystem]: Drag cubes not found or cannot be read for part Part. Generating New drag cubes.
[LOG 14:50:41.711] [KSPCF/DragCubeGeneration] Creating drag cubes for part 'delta.small'
[LOG 14:50:41.714] PartLoader: Compiling Part 'Squad/Parts/Aero/wings/elevon1/StandardCtrlSrf'
[LOG 14:50:41.720] PartLoader: Part 'Squad/Parts/Aero/wings/elevon1/StandardCtrlSrf' has no database record. Creating.
[LOG 14:50:41.720] [DragCubeSystem]: Drag cubes not found or cannot be read for part Part. Generating New drag cubes.
[LOG 14:50:41.720] [KSPCF/DragCubeGeneration] Creating drag cubes for part 'StandardCtrlSrf'
[LOG 14:50:41.735] PartLoader: Compiling Part 'Squad/Parts/Aero/wings/elevon2/elevon2'
[LOG 14:50:41.739] PartLoader: Part 'Squad/Parts/Aero/wings/elevon2/elevon2' has no database record. Creating.
[LOG 14:50:41.739] [DragCubeSystem]: Drag cubes not found or cannot be read for part Part. Generating New drag cubes.
[LOG 14:50:41.739] [KSPCF/DragCubeGeneration] Creating drag cubes for part 'elevon2'
[LOG 14:50:41.753] PartLoader: Compiling Part 'Squad/Parts/Aero/wings/elevon3/elevon3'
[LOG 14:50:41.759] PartLoader: Part 'Squad/Parts/Aero/wings/elevon3/elevon3' has no database record. Creating.
[LOG 14:50:41.759] [DragCubeSystem]: Drag cubes not found or cannot be read for part Part. Generating New drag cubes.
[LOG 14:50:41.759] [KSPCF/DragCubeGeneration] Creating drag cubes for part 'elevon3'
[LOG 14:50:41.773] PartLoader: Compiling Part 'Squad/Parts/Aero/wings/elevon4/smallCtrlSrf'
[LOG 14:50:41.779] PartLoader: Part 'Squad/Parts/Aero/wings/elevon4/smallCtrlSrf' has no database record. Creating.
[LOG 14:50:41.779] [DragCubeSystem]: Drag cubes not found or cannot be read for part Part. Generating New drag cubes.
[LOG 14:50:41.779] [KSPCF/DragCubeGeneration] Creating drag cubes for part 'smallCtrlSrf'
[LOG 14:50:41.796] PartLoader: Compiling Part 'Squad/Parts/Aero/wings/elevon5/elevon5'
[LOG 14:50:41.802] PartLoader: Part 'Squad/Parts/Aero/wings/elevon5/elevon5' has no database record. Creating.
[LOG 14:50:41.802] [DragCubeSystem]: Drag cubes not found or cannot be read for part Part. Generating New drag cubes.
[LOG 14:50:41.802] [KSPCF/DragCubeGeneration] Creating drag cubes for part 'elevon5'
[LOG 14:50:41.817] PartLoader: Compiling Part 'Squad/Parts/Aero/wings/strake/wingStrake'
[LOG 14:50:41.822] PartLoader: Part 'Squad/Parts/Aero/wings/strake/wingStrake' has no database record. Creating.
[LOG 14:50:41.822] [DragCubeSystem]: Drag cubes not found or cannot be read for part Part. Generating New drag cubes.
[LOG 14:50:41.822] [KSPCF/DragCubeGeneration] Creating drag cubes for part 'wingStrake'
[LOG 14:50:41.826] PartLoader: Compiling Part 'Squad/Parts/Aero/wings/structural1/structuralWing'
[LOG 14:50:41.831] PartLoader: Part 'Squad/Parts/Aero/wings/structural1/structuralWing' has no database record. Creating.
[LOG 14:50:41.831] [DragCubeSystem]: Drag cubes not found or cannot be read for part Part. Generating New drag cubes.
[LOG 14:50:41.831] [KSPCF/DragCubeGeneration] Creating drag cubes for part 'structuralWing'
[LOG 14:50:41.835] PartLoader: Compiling Part 'Squad/Parts/Aero/wings/structural2/structuralWing2'
[LOG 14:50:41.838] PartLoader: Part 'Squad/Parts/Aero/wings/structural2/structuralWing2' has no database record. Creating.
[LOG 14:50:41.838] [DragCubeSystem]: Drag cubes not found or cannot be read for part Part. Generating New drag cubes.
[LOG 14:50:41.838] [KSPCF/DragCubeGeneration] Creating drag cubes for part 'structuralWing2'
[LOG 14:50:41.842] PartLoader: Compiling Part 'Squad/Parts/Aero/wings/structural3/structuralWing3'
[LOG 14:50:41.846] PartLoader: Part 'Squad/Parts/Aero/wings/structural3/structuralWing3' has no database record. Creating.
[LOG 14:50:41.846] [DragCubeSystem]: Drag cubes not found or cannot be read for part Part. Generating New drag cubes.
[LOG 14:50:41.846] [KSPCF/DragCubeGeneration] Creating drag cubes for part 'structuralWing3'
[LOG 14:50:41.851] PartLoader: Compiling Part 'Squad/Parts/Aero/wings/structural4/structuralWing4'
[LOG 14:50:41.853] PartLoader: Part 'Squad/Parts/Aero/wings/structural4/structuralWing4' has no database record. Creating.
[LOG 14:50:41.854] [DragCubeSystem]: Drag cubes not found or cannot be read for part Part. Generating New drag cubes.
[LOG 14:50:41.854] [KSPCF/DragCubeGeneration] Creating drag cubes for part 'structuralWing4'
[LOG 14:50:41.857] PartLoader: Compiling Part 'Squad/Parts/Aero/wings/swept1/sweptWing1'
[LOG 14:50:41.861] PartLoader: Part 'Squad/Parts/Aero/wings/swept1/sweptWing1' has no database record. Creating.
[LOG 14:50:41.861] [DragCubeSystem]: Drag cubes not found or cannot be read for part Part. Generating New drag cubes.
[LOG 14:50:41.861] [KSPCF/DragCubeGeneration] Creating drag cubes for part 'sweptWing1'
[LOG 14:50:41.865] PartLoader: Compiling Part 'Squad/Parts/Aero/wings/swept2/sweptWing2'
[LOG 14:50:41.870] PartLoader: Part 'Squad/Parts/Aero/wings/swept2/sweptWing2' has no database record. Creating.
[LOG 14:50:41.871] [DragCubeSystem]: Drag cubes not found or cannot be read for part Part. Generating New drag cubes.
[LOG 14:50:41.871] [KSPCF/DragCubeGeneration] Creating drag cubes for part 'sweptWing2'
[LOG 14:50:41.874] PartLoader: Compiling Part 'Squad/Parts/Cargo/CargoContainers/cargoContainer/cargoContainer'
[WRN 14:50:41.878] [Part]: Cannot have ModuleCargoPart and ModuleInventoryPart on same Part [cargoContainer'. Removed ModuleCargoPart
[LOG 14:50:41.890] PartLoader: Part 'Squad/Parts/Cargo/CargoContainers/cargoContainer/cargoContainer' has no database record. Creating.
[LOG 14:50:41.890] [DragCubeSystem]: Drag cubes not found or cannot be read for part Part. Generating New drag cubes.
[LOG 14:50:41.890] [KSPCF/DragCubeGeneration] Creating drag cubes for part 'cargoContainer'
[LOG 14:50:41.896] PartLoader: Compiling Part 'Squad/Parts/Cargo/CargoContainers/smallCargoContainer/smallCargoContainer'
[WRN 14:50:41.898] [Part]: Cannot have ModuleCargoPart and ModuleInventoryPart on same Part [smallCargoContainer'. Removed ModuleCargoPart
[LOG 14:50:41.901] PartLoader: Part 'Squad/Parts/Cargo/CargoContainers/smallCargoContainer/smallCargoContainer' has no database record. Creating.
[LOG 14:50:41.901] [DragCubeSystem]: Drag cubes not found or cannot be read for part Part. Generating New drag cubes.
[LOG 14:50:41.901] [KSPCF/DragCubeGeneration] Creating drag cubes for part 'smallCargoContainer'
[LOG 14:50:41.906] PartLoader: Compiling Part 'Squad/Parts/Cargo/Cylinder/Cylinder/evaCylinder'
[LOG 14:50:41.910] PartLoader: Part 'Squad/Parts/Cargo/Cylinder/Cylinder/evaCylinder' has no database record. Creating.
[LOG 14:50:41.910] [DragCubeSystem]: Drag cubes not found or cannot be read for part Part. Generating New drag cubes.
[LOG 14:50:41.910] [KSPCF/DragCubeGeneration] Creating drag cubes for part 'evaCylinder'
[LOG 14:50:41.915] PartLoader: Compiling Part 'Squad/Parts/Cargo/GroundAnchor/groundAnchor/groundAnchor'
[LOG 14:50:41.942] PartLoader: Part 'Squad/Parts/Cargo/GroundAnchor/groundAnchor/groundAnchor' has no database record. Creating.
[LOG 14:50:41.942] [DragCubeSystem]: Drag cubes not found or cannot be read for part Part. Generating New drag cubes.
[LOG 14:50:41.942] [KSPCF/DragCubeGeneration] Creating drag cubes for part 'groundAnchor'
[LOG 14:50:41.955] PartLoader: Compiling Part 'Squad/Parts/Cargo/Jetpack/Jetpack/evaJetpack'
[LOG 14:50:41.957] PartLoader: Part 'Squad/Parts/Cargo/Jetpack/Jetpack/evaJetpack' has no database record. Creating.
[LOG 14:50:41.957] [DragCubeSystem]: Drag cubes not found or cannot be read for part Part. Generating New drag cubes.
[LOG 14:50:41.957] [KSPCF/DragCubeGeneration] Creating drag cubes for part 'evaJetpack'
[LOG 14:50:41.963] PartLoader: Compiling Part 'Squad/Parts/Cargo/Parachute/Parachute/evaChute'
[LOG 14:50:41.968] PartLoader: Part 'Squad/Parts/Cargo/Parachute/Parachute/evaChute' has no database record. Creating.
[LOG 14:50:41.968] [DragCubeSystem]: Drag cubes not found or cannot be read for part Part. Generating New drag cubes.
[LOG 14:50:41.968] [KSPCF/DragCubeGeneration] Creating drag cubes for part 'evaChute'
[LOG 14:50:41.972] PartLoader: Compiling Part 'Squad/Parts/Cargo/RepairKit/RepairKit/evaRepairKit'
[LOG 14:50:41.977] PartLoader: Part 'Squad/Parts/Cargo/RepairKit/RepairKit/evaRepairKit' has no database record. Creating.
[LOG 14:50:41.977] [DragCubeSystem]: Drag cubes not found or cannot be read for part Part. Generating New drag cubes.
[LOG 14:50:41.977] [KSPCF/DragCubeGeneration] Creating drag cubes for part 'evaRepairKit'
[LOG 14:50:41.982] PartLoader: Compiling Part 'Squad/Parts/Cargo/ScienceKit/evaScienceKit/evaScienceKit'
[LOG 14:50:41.988] PartLoader: Part 'Squad/Parts/Cargo/ScienceKit/evaScienceKit/evaScienceKit' has no database record. Creating.
[LOG 14:50:41.988] [DragCubeSystem]: Drag cubes not found or cannot be read for part Part. Generating New drag cubes.
[LOG 14:50:41.988] [KSPCF/DragCubeGeneration] Creating drag cubes for part 'evaScienceKit'
[LOG 14:50:41.993] PartLoader: Compiling Part 'Squad/Parts/Cargo/StorageUnits/CargoStorageUnit/CargoStorageUnit'
[WRN 14:50:41.996] [Part]: Cannot have ModuleCargoPart and ModuleInventoryPart on same Part [CargoStorageUnit'. Removed ModuleCargoPart
[LOG 14:50:42.003] PartLoader: Part 'Squad/Parts/Cargo/StorageUnits/CargoStorageUnit/CargoStorageUnit' has no database record. Creating.
[LOG 14:50:42.003] [DragCubeSystem]: Drag cubes not found or cannot be read for part Part. Generating New drag cubes.
[LOG 14:50:42.003] [KSPCF/DragCubeGeneration] Creating drag cubes for part 'CargoStorageUnit'
[LOG 14:50:42.009] PartLoader: Compiling Part 'Squad/Parts/Cargo/StorageUnits/ConformalStorageUnit/ConformalStorageUnit'
[WRN 14:50:42.011] [Part]: Cannot have ModuleCargoPart and ModuleInventoryPart on same Part [ConformalStorageUnit'. Removed ModuleCargoPart
[LOG 14:50:42.013] PartLoader: Part 'Squad/Parts/Cargo/StorageUnits/ConformalStorageUnit/ConformalStorageUnit' has no database record. Creating.
[LOG 14:50:42.013] [DragCubeSystem]: Drag cubes not found or cannot be read for part Part. Generating New drag cubes.
[LOG 14:50:42.013] [KSPCF/DragCubeGeneration] Creating drag cubes for part 'ConformalStorageUnit'
[LOG 14:50:42.018] PartLoader: Compiling Part 'Squad/Parts/Command/advancedSasModuleLarge/advSasModuleLarge/asasmodule1-2'
[LOG 14:50:42.029] PartLoader: Part 'Squad/Parts/Command/advancedSasModuleLarge/advSasModuleLarge/asasmodule1-2' has no database record. Creating.
[LOG 14:50:42.030] PartLoader: Compiling Part 'Squad/Parts/Command/cupola/cupola/cupola'
[LOG 14:50:42.069] PartLoader: Part 'Squad/Parts/Command/cupola/cupola/cupola' has no database record. Creating.
[LOG 14:50:42.069] [DragCubeSystem]: Drag cubes not found or cannot be read for part Part. Generating New drag cubes.
[LOG 14:50:42.069] [KSPCF/DragCubeGeneration] Creating drag cubes for part 'cupola'
[LOG 14:50:42.079] PartLoader: Compiling Part 'Squad/Parts/Command/externalCommandSeat/externalCommandSeat/seatExternalCmd'
[LOG 14:50:42.088] PartLoader: Part 'Squad/Parts/Command/externalCommandSeat/externalCommandSeat/seatExternalCmd' has no database record. Creating.
[LOG 14:50:42.089] [DragCubeSystem]: Drag cubes not found or cannot be read for part Part. Generating New drag cubes.
[LOG 14:50:42.089] [KSPCF/DragCubeGeneration] Creating drag cubes for part 'seatExternalCmd'
[LOG 14:50:42.094] PartLoader: Compiling Part 'Squad/Parts/Command/hitchhikerStorageContainer/hitchikerStorageContainer/crewCabin'
[LOG 14:50:42.100] PartLoader: Part 'Squad/Parts/Command/hitchhikerStorageContainer/hitchikerStorageContainer/crewCabin' has no database record. Creating.
[LOG 14:50:42.100] [DragCubeSystem]: Drag cubes not found or cannot be read for part Part. Generating New drag cubes.
[LOG 14:50:42.100] [KSPCF/DragCubeGeneration] Creating drag cubes for part 'crewCabin'
[LOG 14:50:42.107] PartLoader: Compiling Part 'Squad/Parts/Command/inlineAdvancedStabilizer/inlineAdvancedStabilizer/advSasModule'
[LOG 14:50:42.113] PartLoader: Part 'Squad/Parts/Command/inlineAdvancedStabilizer/inlineAdvancedStabilizer/advSasModule' has no database record. Creating.
[LOG 14:50:42.113] [DragCubeSystem]: Drag cubes not found or cannot be read for part Part. Generating New drag cubes.
[LOG 14:50:42.113] [KSPCF/DragCubeGeneration] Creating drag cubes for part 'advSasModule'
[LOG 14:50:42.118] PartLoader: Compiling Part 'Squad/Parts/Command/inlineReactionWheel/inlineReactionWheel/sasModule'
[LOG 14:50:42.122] PartLoader: Part 'Squad/Parts/Command/inlineReactionWheel/inlineReactionWheel/sasModule' has no database record. Creating.
[LOG 14:50:42.123] [DragCubeSystem]: Drag cubes not found or cannot be read for part Part. Generating New drag cubes.
[LOG 14:50:42.123] [KSPCF/DragCubeGeneration] Creating drag cubes for part 'sasModule'
[LOG 14:50:42.128] PartLoader: Compiling Part 'Squad/Parts/Command/Mk1-3Pod/mk1-3/mk1-3pod'
[LOG 14:50:42.163] PartLoader: Part 'Squad/Parts/Command/Mk1-3Pod/mk1-3/mk1-3pod' has no database record. Creating.
[LOG 14:50:42.163] [DragCubeSystem]: Drag cubes not found or cannot be read for part Part. Generating New drag cubes.
[LOG 14:50:42.163] [KSPCF/DragCubeGeneration] Creating drag cubes for part 'mk1-3pod'
[LOG 14:50:42.171] PartLoader: Compiling Part 'Squad/Parts/Command/mk1Cockpits/mk1Cockpit/Mark1Cockpit'
[WRN 14:50:42.175] [Part]: Cannot have ModuleCargoPart and ModuleInventoryPart on same Part [Mark1Cockpit'. Removed ModuleCargoPart
[LOG 14:50:42.179] PartLoader: Part 'Squad/Parts/Command/mk1Cockpits/mk1Cockpit/Mark1Cockpit' has no database record. Creating.
[LOG 14:50:42.179] [DragCubeSystem]: Drag cubes not found or cannot be read for part Part. Generating New drag cubes.
[LOG 14:50:42.179] [KSPCF/DragCubeGeneration] Creating drag cubes for part 'Mark1Cockpit'
[LOG 14:50:42.185] PartLoader: Compiling Part 'Squad/Parts/Command/mk1Cockpits/mk1CrewCabin/MK1CrewCabin'
[WRN 14:50:42.189] [Part]: Cannot have ModuleCargoPart and ModuleInventoryPart on same Part [MK1CrewCabin'. Removed ModuleCargoPart
[LOG 14:50:42.193] PartLoader: Part 'Squad/Parts/Command/mk1Cockpits/mk1CrewCabin/MK1CrewCabin' has no database record. Creating.
[LOG 14:50:42.193] [DragCubeSystem]: Drag cubes not found or cannot be read for part Part. Generating New drag cubes.
[LOG 14:50:42.193] [KSPCF/DragCubeGeneration] Creating drag cubes for part 'MK1CrewCabin'
[LOG 14:50:42.199] PartLoader: Compiling Part 'Squad/Parts/Command/mk1Cockpits/mk1InlineCockpit/Mark2Cockpit'
[WRN 14:50:42.203] [Part]: Cannot have ModuleCargoPart and ModuleInventoryPart on same Part [Mark2Cockpit'. Removed ModuleCargoPart
[LOG 14:50:42.206] PartLoader: Part 'Squad/Parts/Command/mk1Cockpits/mk1InlineCockpit/Mark2Cockpit' has no database record. Creating.
[LOG 14:50:42.207] [DragCubeSystem]: Drag cubes not found or cannot be read for part Part. Generating New drag cubes.
[LOG 14:50:42.207] [KSPCF/DragCubeGeneration] Creating drag cubes for part 'Mark2Cockpit'
[LOG 14:50:42.214] PartLoader: Compiling Part 'Squad/Parts/Command/mk1LanderCan/mk1LanderCan/landerCabinSmall'
[WRN 14:50:42.220] [Part]: Cannot have ModuleCargoPart and ModuleInventoryPart on same Part [landerCabinSmall'. Removed ModuleCargoPart
[LOG 14:50:42.225] PartLoader: Part 'Squad/Parts/Command/mk1LanderCan/mk1LanderCan/landerCabinSmall' has no database record. Creating.
[LOG 14:50:42.225] [DragCubeSystem]: Drag cubes not found or cannot be read for part Part. Generating New drag cubes.
[LOG 14:50:42.225] [KSPCF/DragCubeGeneration] Creating drag cubes for part 'landerCabinSmall'
[LOG 14:50:42.232] PartLoader: Compiling Part 'Squad/Parts/Command/mk1pod_v2/mk1Pod_v2/mk1pod_v2'
[WRN 14:50:42.237] [Part]: Cannot have ModuleCargoPart and ModuleInventoryPart on same Part [mk1pod.v2'. Removed ModuleCargoPart
[LOG 14:50:42.241] PartLoader: Part 'Squad/Parts/Command/mk1pod_v2/mk1Pod_v2/mk1pod_v2' has no database record. Creating.
[LOG 14:50:42.241] [DragCubeSystem]: Drag cubes not found or cannot be read for part Part. Generating New drag cubes.
[LOG 14:50:42.241] [KSPCF/DragCubeGeneration] Creating drag cubes for part 'mk1pod.v2'
[LOG 14:50:42.248] PartLoader: Compiling Part 'Squad/Parts/Command/mk2CockpitInline/mk2CockpitInline/mk2Cockpit_Inline'
[WRN 14:50:42.256] [Part]: Cannot have ModuleCargoPart and ModuleInventoryPart on same Part [mk2Cockpit.Inline'. Removed ModuleCargoPart
[LOG 14:50:42.260] PartLoader: Part 'Squad/Parts/Command/mk2CockpitInline/mk2CockpitInline/mk2Cockpit_Inline' has no database record. Creating.
[LOG 14:50:42.260] [DragCubeSystem]: Drag cubes not found or cannot be read for part Part. Generating New drag cubes.
[LOG 14:50:42.260] [KSPCF/DragCubeGeneration] Creating drag cubes for part 'mk2Cockpit.Inline'
[LOG 14:50:42.267] PartLoader: Compiling Part 'Squad/Parts/Command/mk2CockpitStandard/mk2CockpitStandard/mk2Cockpit_Standard'
[WRN 14:50:42.270] [Part]: Cannot have ModuleCargoPart and ModuleInventoryPart on same Part [mk2Cockpit.Standard'. Removed ModuleCargoPart
[LOG 14:50:42.273] PartLoader: Part 'Squad/Parts/Command/mk2CockpitStandard/mk2CockpitStandard/mk2Cockpit_Standard' has no database record. Creating.
[LOG 14:50:42.274] [DragCubeSystem]: Drag cubes not found or cannot be read for part Part. Generating New drag cubes.
[LOG 14:50:42.274] [KSPCF/DragCubeGeneration] Creating drag cubes for part 'mk2Cockpit.Standard'
[LOG 14:50:42.281] PartLoader: Compiling Part 'Squad/Parts/Command/mk2DroneCore/mk2Dronecore/mk2DroneCore'
[LOG 14:50:42.288] PartLoader: Part 'Squad/Parts/Command/mk2DroneCore/mk2Dronecore/mk2DroneCore' has no database record. Creating.
[LOG 14:50:42.289] PartLoader: Compiling Part 'Squad/Parts/Command/mk2LanderCan/mk2LanderCan/mk2LanderCabin'
[WRN 14:50:42.293] [Part]: Cannot have ModuleCargoPart and ModuleInventoryPart on same Part [mk2LanderCabin'. Removed ModuleCargoPart
[LOG 14:50:42.296] PartLoader: Part 'Squad/Parts/Command/mk2LanderCan/mk2LanderCan/mk2LanderCabin' has no database record. Creating.
[LOG 14:50:42.296] [DragCubeSystem]: Drag cubes not found or cannot be read for part Part. Generating New drag cubes.
[LOG 14:50:42.296] [KSPCF/DragCubeGeneration] Creating drag cubes for part 'mk2LanderCabin'
[LOG 14:50:42.307] PartLoader: Compiling Part 'Squad/Parts/Command/mk2LanderCan_v2/mk2LanderCan_v2/mk2LanderCabin_v2'
[WRN 14:50:42.315] [Part]: Cannot have ModuleCargoPart and ModuleInventoryPart on same Part [mk2LanderCabin.v2'. Removed ModuleCargoPart
[LOG 14:50:42.322] PartLoader: Part 'Squad/Parts/Command/mk2LanderCan_v2/mk2LanderCan_v2/mk2LanderCabin_v2' has no database record. Creating.
[LOG 14:50:42.322] [DragCubeSystem]: Drag cubes not found or cannot be read for part Part. Generating New drag cubes.
[LOG 14:50:42.322] [KSPCF/DragCubeGeneration] Creating drag cubes for part 'mk2LanderCabin.v2'
[LOG 14:50:42.328] PartLoader: Compiling Part 'Squad/Parts/Command/mk3CockpitShuttle/mk3CockpitShuttle/mk3Cockpit_Shuttle'
[LOG 14:50:42.348] PartLoader: Part 'Squad/Parts/Command/mk3CockpitShuttle/mk3CockpitShuttle/mk3Cockpit_Shuttle' has no database record. Creating.
[LOG 14:50:42.348] [DragCubeSystem]: Drag cubes not found or cannot be read for part Part. Generating New drag cubes.
[LOG 14:50:42.348] [KSPCF/DragCubeGeneration] Creating drag cubes for part 'mk3Cockpit.Shuttle'
[LOG 14:50:42.354] PartLoader: Compiling Part 'Squad/Parts/Command/MpoProbe/MpoProbe/MpoProbe'
[LOG 14:50:42.360] PartLoader: Part 'Squad/Parts/Command/MpoProbe/MpoProbe/MpoProbe' has no database record. Creating.
[LOG 14:50:42.360] [DragCubeSystem]: Drag cubes not found or cannot be read for part Part. Generating New drag cubes.
[LOG 14:50:42.360] [KSPCF/DragCubeGeneration] Creating drag cubes for part 'MpoProbe'
[LOG 14:50:42.367] PartLoader: Compiling Part 'Squad/Parts/Command/MtmStage/MTM_Stage/MtmStage'
[LOG 14:50:42.375] PartLoader: Part 'Squad/Parts/Command/MtmStage/MTM_Stage/MtmStage' has no database record. Creating.
[LOG 14:50:42.375] [DragCubeSystem]: Drag cubes not found or cannot be read for part Part. Generating New drag cubes.
[LOG 14:50:42.375] [KSPCF/DragCubeGeneration] Creating drag cubes for part 'MtmStage'
[LOG 14:50:42.380] PartLoader: Compiling Part 'Squad/Parts/Command/probeCoreCube/probeCoreCube/probeCoreCube'
[LOG 14:50:42.385] PartLoader: Part 'Squad/Parts/Command/probeCoreCube/probeCoreCube/probeCoreCube' has no database record. Creating.
[LOG 14:50:42.386] PartLoader: Compiling Part 'Squad/Parts/Command/probeCoreHex/probeCoreHex/probeCoreHex'
[LOG 14:50:42.392] PartLoader: Part 'Squad/Parts/Command/probeCoreHex/probeCoreHex/probeCoreHex' has no database record. Creating.
[LOG 14:50:42.393] [DragCubeSystem]: Drag cubes not found or cannot be read for part Part. Generating New drag cubes.
[LOG 14:50:42.393] [KSPCF/DragCubeGeneration] Creating drag cubes for part 'probeCoreHex'
[LOG 14:50:42.397] PartLoader: Compiling Part 'Squad/Parts/Command/probeCoreHex_v2/probeCoreHex_v2/probeCoreHex_v2'
[LOG 14:50:42.402] PartLoader: Part 'Squad/Parts/Command/probeCoreHex_v2/probeCoreHex_v2/probeCoreHex_v2' has no database record. Creating.
[LOG 14:50:42.402] [DragCubeSystem]: Drag cubes not found or cannot be read for part Part. Generating New drag cubes.
[LOG 14:50:42.402] [KSPCF/DragCubeGeneration] Creating drag cubes for part 'probeCoreHex.v2'
[LOG 14:50:42.408] PartLoader: Compiling Part 'Squad/Parts/Command/probeCoreOcto2_v2/probeCoreOcto2_v2/probeCoreOcto2_v2'
[LOG 14:50:42.416] PartLoader: Part 'Squad/Parts/Command/probeCoreOcto2_v2/probeCoreOcto2_v2/probeCoreOcto2_v2' has no database record. Creating.
[LOG 14:50:42.416] [DragCubeSystem]: Drag cubes not found or cannot be read for part Part. Generating New drag cubes.
[LOG 14:50:42.416] [KSPCF/DragCubeGeneration] Creating drag cubes for part 'probeCoreOcto2.v2'
[LOG 14:50:42.422] PartLoader: Compiling Part 'Squad/Parts/Command/probeCoreOcto_v2/probeCoreOcto_v2/probeCoreOcto_v2'
[LOG 14:50:42.430] PartLoader: Part 'Squad/Parts/Command/probeCoreOcto_v2/probeCoreOcto_v2/probeCoreOcto_v2' has no database record. Creating.
[LOG 14:50:42.430] [DragCubeSystem]: Drag cubes not found or cannot be read for part Part. Generating New drag cubes.
[LOG 14:50:42.430] [KSPCF/DragCubeGeneration] Creating drag cubes for part 'probeCoreOcto.v2'
[LOG 14:50:42.435] PartLoader: Compiling Part 'Squad/Parts/Command/probeRoverBody/probeRoverBody/roverBody'
[LOG 14:50:42.439] PartLoader: Part 'Squad/Parts/Command/probeRoverBody/probeRoverBody/roverBody' has no database record. Creating.
[LOG 14:50:42.439] [DragCubeSystem]: Drag cubes not found or cannot be read for part Part. Generating New drag cubes.
[LOG 14:50:42.439] [KSPCF/DragCubeGeneration] Creating drag cubes for part 'roverBody'
[LOG 14:50:42.444] PartLoader: Compiling Part 'Squad/Parts/Command/probeRoverBody_v2/probeRoverBody_v2/roverBody_v2'
[LOG 14:50:42.453] PartLoader: Part 'Squad/Parts/Command/probeRoverBody_v2/probeRoverBody_v2/roverBody_v2' has no database record. Creating.
[LOG 14:50:42.453] [DragCubeSystem]: Drag cubes not found or cannot be read for part Part. Generating New drag cubes.
[LOG 14:50:42.453] [KSPCF/DragCubeGeneration] Creating drag cubes for part 'roverBody.v2'
[LOG 14:50:42.470] PartLoader: Compiling Part 'Squad/Parts/Command/probeStackLarge/probeStackLarge/probeStackLarge'
[LOG 14:50:42.476] PartLoader: Part 'Squad/Parts/Command/probeStackLarge/probeStackLarge/probeStackLarge' has no database record. Creating.
[LOG 14:50:42.476] [DragCubeSystem]: Drag cubes not found or cannot be read for part Part. Generating New drag cubes.
[LOG 14:50:42.476] [KSPCF/DragCubeGeneration] Creating drag cubes for part 'probeStackLarge'
[LOG 14:50:42.480] PartLoader: Compiling Part 'Squad/Parts/Command/probeStackSmall/probeStackSmall/probeStackSmall'
[LOG 14:50:42.486] PartLoader: Part 'Squad/Parts/Command/probeStackSmall/probeStackSmall/probeStackSmall' has no database record. Creating.
[LOG 14:50:42.486] [DragCubeSystem]: Drag cubes not found or cannot be read for part Part. Generating New drag cubes.
[LOG 14:50:42.486] [KSPCF/DragCubeGeneration] Creating drag cubes for part 'probeStackSmall'
[LOG 14:50:42.492] PartLoader: Compiling Part 'Squad/Parts/Command/probeStackSphere_v2/probeStackSphere_v2/probeCoreSphere_v2'
[LOG 14:50:42.496] PartLoader: Part 'Squad/Parts/Command/probeStackSphere_v2/probeStackSphere_v2/probeCoreSphere_v2' has no database record. Creating.
[LOG 14:50:42.497] PartLoader: Compiling Part 'Squad/Parts/CompoundParts/FuelLine/fuelLine/fuelLine'
[LOG 14:50:42.517] PartLoader: Part 'Squad/Parts/CompoundParts/FuelLine/fuelLine/fuelLine' has no database record. Creating.
[LOG 14:50:42.517] [DragCubeSystem]: Drag cubes not found or cannot be read for part CompoundPart. Generating New drag cubes.
[LOG 14:50:42.517] [KSPCF/DragCubeGeneration] Creating drag cubes for part 'fuelLine'
[LOG 14:50:42.522] PartLoader: Compiling Part 'Squad/Parts/CompoundParts/strutConnector/strutConnector/strutConnector'
[LOG 14:50:42.529] PartLoader: Part 'Squad/Parts/CompoundParts/strutConnector/strutConnector/strutConnector' has no database record. Creating.
[LOG 14:50:42.529] [DragCubeSystem]: Drag cubes not found or cannot be read for part CompoundPart. Generating New drag cubes.
[LOG 14:50:42.529] [KSPCF/DragCubeGeneration] Creating drag cubes for part 'strutConnector'
[LOG 14:50:42.533] PartLoader: Compiling Part 'Squad/Parts/Coupling/Decoupler_0/Decoupler_0'
[LOG 14:50:42.545] PartLoader: Part 'Squad/Parts/Coupling/Decoupler_0/Decoupler_0' has no database record. Creating.
[LOG 14:50:42.546] PartLoader: Compiling Part 'Squad/Parts/Coupling/Decoupler_1/Decoupler_1'
[LOG 14:50:42.554] PartLoader: Part 'Squad/Parts/Coupling/Decoupler_1/Decoupler_1' has no database record. Creating.
[LOG 14:50:42.555] PartLoader: Compiling Part 'Squad/Parts/Coupling/Decoupler_2/Decoupler_2'
[LOG 14:50:42.562] PartLoader: Part 'Squad/Parts/Coupling/Decoupler_2/Decoupler_2' has no database record. Creating.
[LOG 14:50:42.562] PartLoader: Compiling Part 'Squad/Parts/Coupling/Decoupler_3/Decoupler_3'
[LOG 14:50:42.568] PartLoader: Part 'Squad/Parts/Coupling/Decoupler_3/Decoupler_3' has no database record. Creating.
[LOG 14:50:42.569] PartLoader: Compiling Part 'Squad/Parts/Coupling/Separator_0/Separator_0'
[LOG 14:50:42.575] PartLoader: Part 'Squad/Parts/Coupling/Separator_0/Separator_0' has no database record. Creating.
[LOG 14:50:42.576] PartLoader: Compiling Part 'Squad/Parts/Coupling/Separator_1/Separator_1'
[LOG 14:50:42.582] PartLoader: Part 'Squad/Parts/Coupling/Separator_1/Separator_1' has no database record. Creating.
[LOG 14:50:42.583] PartLoader: Compiling Part 'Squad/Parts/Coupling/Separator_2/Separator_2'
[LOG 14:50:42.587] PartLoader: Part 'Squad/Parts/Coupling/Separator_2/Separator_2' has no database record. Creating.
[LOG 14:50:42.587] PartLoader: Compiling Part 'Squad/Parts/Coupling/Separator_3/Separator_3'
[LOG 14:50:42.591] PartLoader: Part 'Squad/Parts/Coupling/Separator_3/Separator_3' has no database record. Creating.
[LOG 14:50:42.592] PartLoader: Compiling Part 'Squad/Parts/Electrical/10CSolarPanels/OX-10C/solarPanelOX10C'
[LOG 14:50:42.602] PartLoader: Part 'Squad/Parts/Electrical/10CSolarPanels/OX-10C/solarPanelOX10C' has no database record. Creating.
[LOG 14:50:42.602] [DragCubeSystem]: Drag cubes not found or cannot be read for part Part. Generating New drag cubes.
[LOG 14:50:42.603] [KSPCF/DragCubeGeneration] Creating drag cubes for part 'solarPanelOX10C'
[LOG 14:50:42.620] PartLoader: Compiling Part 'Squad/Parts/Electrical/10CSolarPanels/SP-10C/solarPanelSP10C'
[LOG 14:50:42.624] PartLoader: Part 'Squad/Parts/Electrical/10CSolarPanels/SP-10C/solarPanelSP10C' has no database record. Creating.
[LOG 14:50:42.624] [DragCubeSystem]: Drag cubes not found or cannot be read for part Part. Generating New drag cubes.
[LOG 14:50:42.624] [KSPCF/DragCubeGeneration] Creating drag cubes for part 'solarPanelSP10C'
[LOG 14:50:42.641] PartLoader: Compiling Part 'Squad/Parts/Electrical/10LSolarPanels/OX-10L/solarPanelOX10L'
[LOG 14:50:42.648] PartLoader: Part 'Squad/Parts/Electrical/10LSolarPanels/OX-10L/solarPanelOX10L' has no database record. Creating.
[LOG 14:50:42.648] [DragCubeSystem]: Drag cubes not found or cannot be read for part Part. Generating New drag cubes.
[LOG 14:50:42.648] [KSPCF/DragCubeGeneration] Creating drag cubes for part 'solarPanelOX10L'
[LOG 14:50:42.665] PartLoader: Compiling Part 'Squad/Parts/Electrical/10LSolarPanels/SP-10L/solarPanelSP10L'
[LOG 14:50:42.672] PartLoader: Part 'Squad/Parts/Electrical/10LSolarPanels/SP-10L/solarPanelSP10L' has no database record. Creating.
[LOG 14:50:42.672] [DragCubeSystem]: Drag cubes not found or cannot be read for part Part. Generating New drag cubes.
[LOG 14:50:42.672] [KSPCF/DragCubeGeneration] Creating drag cubes for part 'solarPanelSP10L'
[LOG 14:50:42.688] PartLoader: Compiling Part 'Squad/Parts/Electrical/1x6ShroudSolarPanels/1x6ShroudSolarPanels/solarPanels2'
[LOG 14:50:42.694] PartLoader: Part 'Squad/Parts/Electrical/1x6ShroudSolarPanels/1x6ShroudSolarPanels/solarPanels2' has no database record. Creating.
[LOG 14:50:42.694] [DragCubeSystem]: Drag cubes not found or cannot be read for part Part. Generating New drag cubes.
[LOG 14:50:42.694] [KSPCF/DragCubeGeneration] Creating drag cubes for part 'solarPanels2'
[LOG 14:50:42.710] PartLoader: Compiling Part 'Squad/Parts/Electrical/1x6SolarPanels/1x6SolarPanels/solarPanels4'
[LOG 14:50:42.715] PartLoader: Part 'Squad/Parts/Electrical/1x6SolarPanels/1x6SolarPanels/solarPanels4' has no database record. Creating.
[LOG 14:50:42.715] [DragCubeSystem]: Drag cubes not found or cannot be read for part Part. Generating New drag cubes.
[LOG 14:50:42.715] [KSPCF/DragCubeGeneration] Creating drag cubes for part 'solarPanels4'
[LOG 14:50:42.729] PartLoader: Compiling Part 'Squad/Parts/Electrical/3x2ShroudSolarPanels/3x2ShroudSolarPanels/solarPanels1'
[LOG 14:50:42.734] PartLoader: Part 'Squad/Parts/Electrical/3x2ShroudSolarPanels/3x2ShroudSolarPanels/solarPanels1' has no database record. Creating.
[LOG 14:50:42.734] [DragCubeSystem]: Drag cubes not found or cannot be read for part Part. Generating New drag cubes.
[LOG 14:50:42.734] [KSPCF/DragCubeGeneration] Creating drag cubes for part 'solarPanels1'
[LOG 14:50:42.749] PartLoader: Compiling Part 'Squad/Parts/Electrical/3x2SolarPanels/3x2SolarPanels/solarPanels3'
[LOG 14:50:42.754] PartLoader: Part 'Squad/Parts/Electrical/3x2SolarPanels/3x2SolarPanels/solarPanels3' has no database record. Creating.
[LOG 14:50:42.754] [DragCubeSystem]: Drag cubes not found or cannot be read for part Part. Generating New drag cubes.
[LOG 14:50:42.755] [KSPCF/DragCubeGeneration] Creating drag cubes for part 'solarPanels3'
[LOG 14:50:42.770] PartLoader: Compiling Part 'Squad/Parts/Electrical/gigantorXlSolarArray/gigantorXlSolarArray/largeSolarPanel'
[LOG 14:50:42.774] PartLoader: Part 'Squad/Parts/Electrical/gigantorXlSolarArray/gigantorXlSolarArray/largeSolarPanel' has no database record. Creating.
[LOG 14:50:42.774] [DragCubeSystem]: Drag cubes not found or cannot be read for part Part. Generating New drag cubes.
[LOG 14:50:42.774] [KSPCF/DragCubeGeneration] Creating drag cubes for part 'largeSolarPanel'
[LOG 14:50:42.788] PartLoader: Compiling Part 'Squad/Parts/Electrical/radialFlatSolarPanel/radialFlatSolarPanel/solarPanels5'
[LOG 14:50:42.793] PartLoader: Part 'Squad/Parts/Electrical/radialFlatSolarPanel/radialFlatSolarPanel/solarPanels5' has no database record. Creating.
[LOG 14:50:42.793] [DragCubeSystem]: Drag cubes not found or cannot be read for part Part. Generating New drag cubes.
[LOG 14:50:42.793] [KSPCF/DragCubeGeneration] Creating drag cubes for part 'solarPanels5'
[LOG 14:50:42.799] PartLoader: Compiling Part 'Squad/Parts/Electrical/RTG/RTG/rtg'
[LOG 14:50:42.811] PartLoader: Part 'Squad/Parts/Electrical/RTG/RTG/rtg' has no database record. Creating.
[LOG 14:50:42.811] [DragCubeSystem]: Drag cubes not found or cannot be read for part Part. Generating New drag cubes.
[LOG 14:50:42.811] [KSPCF/DragCubeGeneration] Creating drag cubes for part 'rtg'
[LOG 14:50:42.816] PartLoader: Compiling Part 'Squad/Parts/Electrical/z-100Battery/z-100Battery/batteryPack'
[LOG 14:50:42.820] PartLoader: Part 'Squad/Parts/Electrical/z-100Battery/z-100Battery/batteryPack' has no database record. Creating.
[LOG 14:50:42.820] [DragCubeSystem]: Drag cubes not found or cannot be read for part Part. Generating New drag cubes.
[LOG 14:50:42.820] [KSPCF/DragCubeGeneration] Creating drag cubes for part 'batteryPack'
[LOG 14:50:42.824] PartLoader: Compiling Part 'Squad/Parts/Electrical/z-1kBattery/z-1kBattery/batteryBank'
[LOG 14:50:42.828] PartLoader: Part 'Squad/Parts/Electrical/z-1kBattery/z-1kBattery/batteryBank' has no database record. Creating.
[LOG 14:50:42.828] [DragCubeSystem]: Drag cubes not found or cannot be read for part Part. Generating New drag cubes.
[LOG 14:50:42.828] [KSPCF/DragCubeGeneration] Creating drag cubes for part 'batteryBank'
[LOG 14:50:42.832] PartLoader: Compiling Part 'Squad/Parts/Electrical/z-200Battery/z-200Battery/batteryBankMini'
[LOG 14:50:42.836] PartLoader: Part 'Squad/Parts/Electrical/z-200Battery/z-200Battery/batteryBankMini' has no database record. Creating.
[LOG 14:50:42.836] [DragCubeSystem]: Drag cubes not found or cannot be read for part Part. Generating New drag cubes.
[LOG 14:50:42.836] [KSPCF/DragCubeGeneration] Creating drag cubes for part 'batteryBankMini'
[LOG 14:50:42.840] PartLoader: Compiling Part 'Squad/Parts/Electrical/z-400Battery/z-400Battery/ksp_r_largeBatteryPack'
[LOG 14:50:42.843] PartLoader: Part 'Squad/Parts/Electrical/z-400Battery/z-400Battery/ksp_r_largeBatteryPack' has no database record. Creating.
[LOG 14:50:42.843] [DragCubeSystem]: Drag cubes not found or cannot be read for part Part. Generating New drag cubes.
[LOG 14:50:42.843] [KSPCF/DragCubeGeneration] Creating drag cubes for part 'ksp.r.largeBatteryPack'
[LOG 14:50:42.846] PartLoader: Compiling Part 'Squad/Parts/Electrical/z-4kBattery/z-4kBattery/batteryBankLarge'
[LOG 14:50:42.850] PartLoader: Part 'Squad/Parts/Electrical/z-4kBattery/z-4kBattery/batteryBankLarge' has no database record. Creating.
[LOG 14:50:42.850] [DragCubeSystem]: Drag cubes not found or cannot be read for part Part. Generating New drag cubes.
[LOG 14:50:42.850] [KSPCF/DragCubeGeneration] Creating drag cubes for part 'batteryBankLarge'
[LOG 14:50:42.853] PartLoader: Compiling Part 'Squad/Parts/Engine/ionEngine/ionEngine/ionEngine'
[LOG 14:50:42.874] PartLoader: Part 'Squad/Parts/Engine/ionEngine/ionEngine/ionEngine' has no database record. Creating.
[LOG 14:50:42.874] [DragCubeSystem]: Drag cubes not found or cannot be read for part Part. Generating New drag cubes.
[LOG 14:50:42.874] [KSPCF/DragCubeGeneration] Creating drag cubes for part 'ionEngine'
[LOG 14:50:42.881] PartLoader: Compiling Part 'Squad/Parts/Engine/jetEngines/jetEngineAfterburning/turboJet'
[LOG 14:50:42.910] PartLoader: Part 'Squad/Parts/Engine/jetEngines/jetEngineAfterburning/turboJet' has no database record. Creating.
[LOG 14:50:42.910] [DragCubeSystem]: Drag cubes not found or cannot be read for part Part. Generating New drag cubes.
[LOG 14:50:42.910] [KSPCF/DragCubeGeneration] Creating drag cubes for part 'turboJet'
[LOG 14:50:42.917] PartLoader: Compiling Part 'Squad/Parts/Engine/jetEngines/jetEngineBasic/JetEngine'
[LOG 14:50:42.925] PartLoader: Part 'Squad/Parts/Engine/jetEngines/jetEngineBasic/JetEngine' has no database record. Creating.
[LOG 14:50:42.925] [DragCubeSystem]: Drag cubes not found or cannot be read for part Part. Generating New drag cubes.
[LOG 14:50:42.925] [KSPCF/DragCubeGeneration] Creating drag cubes for part 'JetEngine'
[LOG 14:50:42.939] PartLoader: Compiling Part 'Squad/Parts/Engine/jetEngines/jetEngineBig/turboFanSize2'
[LOG 14:50:42.949] PartLoader: Part 'Squad/Parts/Engine/jetEngines/jetEngineBig/turboFanSize2' has no database record. Creating.
[LOG 14:50:42.949] [DragCubeSystem]: Drag cubes not found or cannot be read for part Part. Generating New drag cubes.
[LOG 14:50:42.949] [KSPCF/DragCubeGeneration] Creating drag cubes for part 'turboFanSize2'
[LOG 14:50:42.963] PartLoader: Compiling Part 'Squad/Parts/Engine/jetEngines/jetEngineTurbo/turboFanEngine'
[LOG 14:50:42.973] PartLoader: Part 'Squad/Parts/Engine/jetEngines/jetEngineTurbo/turboFanEngine' has no database record. Creating.
[LOG 14:50:42.974] [DragCubeSystem]: Drag cubes not found or cannot be read for part Part. Generating New drag cubes.
[LOG 14:50:42.974] [KSPCF/DragCubeGeneration] Creating drag cubes for part 'turboFanEngine'
[LOG 14:50:42.979] PartLoader: Compiling Part 'Squad/Parts/Engine/liquidEngine24-77/liquidEngine24-77/smallRadialEngine'
[LOG 14:50:42.987] PartLoader: Part 'Squad/Parts/Engine/liquidEngine24-77/liquidEngine24-77/smallRadialEngine' has no database record. Creating.
[LOG 14:50:42.987] [DragCubeSystem]: Drag cubes not found or cannot be read for part Part. Generating New drag cubes.
[LOG 14:50:42.987] [KSPCF/DragCubeGeneration] Creating drag cubes for part 'smallRadialEngine'
[LOG 14:50:42.995] PartLoader: Compiling Part 'Squad/Parts/Engine/liquidEngine24-77_v2/liquidEngine24-77_v2/smallRadialEngine_v2'
[LOG 14:50:43.005] PartLoader: Part 'Squad/Parts/Engine/liquidEngine24-77_v2/liquidEngine24-77_v2/smallRadialEngine_v2' has no database record. Creating.
[LOG 14:50:43.005] [DragCubeSystem]: Drag cubes not found or cannot be read for part Part. Generating New drag cubes.
[LOG 14:50:43.005] [KSPCF/DragCubeGeneration] Creating drag cubes for part 'smallRadialEngine.v2'
[LOG 14:50:43.011] PartLoader: Compiling Part 'Squad/Parts/Engine/liquidEngine48-7S_v2/liquidEngine48-7S_v2/liquidEngineMini_v2'
[LOG 14:50:43.027] PartLoader: Part 'Squad/Parts/Engine/liquidEngine48-7S_v2/liquidEngine48-7S_v2/liquidEngineMini_v2' has no database record. Creating.
[LOG 14:50:43.027] [DragCubeSystem]: Drag cubes not found or cannot be read for part Part. Generating New drag cubes.
[LOG 14:50:43.027] [KSPCF/DragCubeGeneration] Creating drag cubes for part 'liquidEngineMini.v2'
[LOG 14:50:43.055] PartLoader: Compiling Part 'Squad/Parts/Engine/liquidEngineAerospike/liquidEngineAerospike/toroidalAerospike'
[LOG 14:50:43.071] PartLoader: Part 'Squad/Parts/Engine/liquidEngineAerospike/liquidEngineAerospike/toroidalAerospike' has no database record. Creating.
[LOG 14:50:43.071] [DragCubeSystem]: Drag cubes not found or cannot be read for part Part. Generating New drag cubes.
[LOG 14:50:43.071] [KSPCF/DragCubeGeneration] Creating drag cubes for part 'toroidalAerospike'
[LOG 14:50:43.085] PartLoader: Compiling Part 'Squad/Parts/Engine/liquidEngineLV-1_v2/liquidEngineLV-1R _v2/radialEngineMini_v2'
[LOG 14:50:43.095] PartLoader: Part 'Squad/Parts/Engine/liquidEngineLV-1_v2/liquidEngineLV-1R _v2/radialEngineMini_v2' has no database record. Creating.
[LOG 14:50:43.095] [DragCubeSystem]: Drag cubes not found or cannot be read for part Part. Generating New drag cubes.
[LOG 14:50:43.095] [KSPCF/DragCubeGeneration] Creating drag cubes for part 'radialEngineMini.v2'
[LOG 14:50:43.109] PartLoader: Compiling Part 'Squad/Parts/Engine/liquidEngineLV-1_v2/liquidEngineLV-1_v2/microEngine_v2'
[LOG 14:50:43.117] PartLoader: Part 'Squad/Parts/Engine/liquidEngineLV-1_v2/liquidEngineLV-1_v2/microEngine_v2' has no database record. Creating.
[LOG 14:50:43.117] [DragCubeSystem]: Drag cubes not found or cannot be read for part Part. Generating New drag cubes.
[LOG 14:50:43.117] [KSPCF/DragCubeGeneration] Creating drag cubes for part 'microEngine.v2'
[LOG 14:50:43.130] PartLoader: Compiling Part 'Squad/Parts/Engine/liquidEngineLV-909_v2/liquidEngineLV-909_v2/liquidEngine3_v2'
[LOG 14:50:43.142] PartLoader: Part 'Squad/Parts/Engine/liquidEngineLV-909_v2/liquidEngineLV-909_v2/liquidEngine3_v2' has no database record. Creating.
[LOG 14:50:43.142] [DragCubeSystem]: Drag cubes not found or cannot be read for part Part. Generating New drag cubes.
[LOG 14:50:43.142] [KSPCF/DragCubeGeneration] Creating drag cubes for part 'liquidEngine3.v2'
[LOG 14:50:43.171] PartLoader: Compiling Part 'Squad/Parts/Engine/liquidEngineLV-N/liquidEngineLV-N/nuclearEngine'
[LOG 14:50:43.183] PartLoader: Part 'Squad/Parts/Engine/liquidEngineLV-N/liquidEngineLV-N/nuclearEngine' has no database record. Creating.
[LOG 14:50:43.183] [DragCubeSystem]: Drag cubes not found or cannot be read for part Part. Generating New drag cubes.
[LOG 14:50:43.183] [KSPCF/DragCubeGeneration] Part 'nuclearEngine' has defined a procedural drag cube setup
[LOG 14:50:43.184] PartLoader: Compiling Part 'Squad/Parts/Engine/liquidEngineLV-T30/liquidEngineLV-T30/liquidEngine'
[LOG 14:50:43.190] PartLoader: Part 'Squad/Parts/Engine/liquidEngineLV-T30/liquidEngineLV-T30/liquidEngine' has no database record. Creating.
[LOG 14:50:43.190] [DragCubeSystem]: Drag cubes not found or cannot be read for part Part. Generating New drag cubes.
[LOG 14:50:43.190] [KSPCF/DragCubeGeneration] Creating drag cubes for part 'liquidEngine'
[LOG 14:50:43.203] PartLoader: Compiling Part 'Squad/Parts/Engine/liquidEngineLV-T30_v2/liquidEngineLV-T30_v2/liquidEngine_v2'
[LOG 14:50:43.212] PartLoader: Part 'Squad/Parts/Engine/liquidEngineLV-T30_v2/liquidEngineLV-T30_v2/liquidEngine_v2' has no database record. Creating.
[LOG 14:50:43.213] PartLoader: Compiling Part 'Squad/Parts/Engine/liquidEngineLV-T45/liquidEngineLV-T45/liquidEngine2'
[LOG 14:50:43.220] PartLoader: Part 'Squad/Parts/Engine/liquidEngineLV-T45/liquidEngineLV-T45/liquidEngine2' has no database record. Creating.
[LOG 14:50:43.220] [DragCubeSystem]: Drag cubes not found or cannot be read for part Part. Generating New drag cubes.
[LOG 14:50:43.221] [KSPCF/DragCubeGeneration] Creating drag cubes for part 'liquidEngine2'
[LOG 14:50:43.234] PartLoader: Compiling Part 'Squad/Parts/Engine/liquidEngineLV-T45_v2/liquidEngineLV-T45_v2/liquidEngine2_v2'
[LOG 14:50:43.245] PartLoader: Part 'Squad/Parts/Engine/liquidEngineLV-T45_v2/liquidEngineLV-T45_v2/liquidEngine2_v2' has no database record. Creating.
[LOG 14:50:43.246] PartLoader: Compiling Part 'Squad/Parts/Engine/liquidEngineMainsail_v2/liquidEngineMainsail_v2/liquidEngineMainsail_v2'
[LOG 14:50:43.257] PartLoader: Part 'Squad/Parts/Engine/liquidEngineMainsail_v2/liquidEngineMainsail_v2/liquidEngineMainsail_v2' has no database record. Creating.
[LOG 14:50:43.257] [DragCubeSystem]: Drag cubes not found or cannot be read for part Part. Generating New drag cubes.
[LOG 14:50:43.257] [KSPCF/DragCubeGeneration] Creating drag cubes for part 'liquidEngineMainsail.v2'
[LOG 14:50:43.289] PartLoader: Compiling Part 'Squad/Parts/Engine/liquidEngineMk55/liquidEngineMk55/radialLiquidEngine1-2'
[LOG 14:50:43.297] PartLoader: Part 'Squad/Parts/Engine/liquidEngineMk55/liquidEngineMk55/radialLiquidEngine1-2' has no database record. Creating.
[LOG 14:50:43.297] [DragCubeSystem]: Drag cubes not found or cannot be read for part Part. Generating New drag cubes.
[LOG 14:50:43.297] [KSPCF/DragCubeGeneration] Creating drag cubes for part 'radialLiquidEngine1-2'
[LOG 14:50:43.302] PartLoader: Compiling Part 'Squad/Parts/Engine/liquidEnginePoodle_v2/liquidEnginePoodle_v2/liquidEngine2-2_v2'
[LOG 14:50:43.313] PartLoader: Part 'Squad/Parts/Engine/liquidEnginePoodle_v2/liquidEnginePoodle_v2/liquidEngine2-2_v2' has no database record. Creating.
[LOG 14:50:43.314] PartLoader: Compiling Part 'Squad/Parts/Engine/liquidEngineSkipper_v2/skipperLiquidEngine_v2/engineLargeSkipper_v2'
[LOG 14:50:43.327] PartLoader: Part 'Squad/Parts/Engine/liquidEngineSkipper_v2/skipperLiquidEngine_v2/engineLargeSkipper_v2' has no database record. Creating.
[LOG 14:50:43.327] [DragCubeSystem]: Drag cubes not found or cannot be read for part Part. Generating New drag cubes.
[LOG 14:50:43.327] [KSPCF/DragCubeGeneration] Creating drag cubes for part 'engineLargeSkipper.v2'
[LOG 14:50:43.375] PartLoader: Compiling Part 'Squad/Parts/Engine/liquidEngineSSME/SSME/SSME'
[LOG 14:50:43.384] PartLoader: Part 'Squad/Parts/Engine/liquidEngineSSME/SSME/SSME' has no database record. Creating.
[LOG 14:50:43.384] [DragCubeSystem]: Drag cubes not found or cannot be read for part Part. Generating New drag cubes.
[LOG 14:50:43.384] [KSPCF/DragCubeGeneration] Creating drag cubes for part 'SSME'
[LOG 14:50:43.398] PartLoader: Compiling Part 'Squad/Parts/Engine/MassiveSRB/part/MassiveBooster'
[LOG 14:50:43.408] PartLoader: Part 'Squad/Parts/Engine/MassiveSRB/part/MassiveBooster' has no database record. Creating.
[LOG 14:50:43.408] [DragCubeSystem]: Drag cubes not found or cannot be read for part Part. Generating New drag cubes.
[LOG 14:50:43.408] [KSPCF/DragCubeGeneration] Creating drag cubes for part 'MassiveBooster'
[LOG 14:50:43.414] PartLoader: Compiling Part 'Squad/Parts/Engine/miniJet/SmallJetEngine/miniJetEngine'
[LOG 14:50:43.422] PartLoader: Part 'Squad/Parts/Engine/miniJet/SmallJetEngine/miniJetEngine' has no database record. Creating.
[LOG 14:50:43.422] [DragCubeSystem]: Drag cubes not found or cannot be read for part Part. Generating New drag cubes.
[LOG 14:50:43.422] [KSPCF/DragCubeGeneration] Creating drag cubes for part 'miniJetEngine'
[LOG 14:50:43.430] PartLoader: Compiling Part 'Squad/Parts/Engine/OMSEngine/omsEngine/omsEngine'
[LOG 14:50:43.441] PartLoader: Part 'Squad/Parts/Engine/OMSEngine/omsEngine/omsEngine' has no database record. Creating.
[LOG 14:50:43.441] [DragCubeSystem]: Drag cubes not found or cannot be read for part Part. Generating New drag cubes.
[LOG 14:50:43.441] [KSPCF/DragCubeGeneration] Creating drag cubes for part 'omsEngine'
[LOG 14:50:43.446] PartLoader: Compiling Part 'Squad/Parts/Engine/rapierEngine/rapierEngine/RAPIER'
[LOG 14:50:43.457] PartLoader: Part 'Squad/Parts/Engine/rapierEngine/rapierEngine/RAPIER' has no database record. Creating.
[LOG 14:50:43.457] [DragCubeSystem]: Drag cubes not found or cannot be read for part Part. Generating New drag cubes.
[LOG 14:50:43.457] [KSPCF/DragCubeGeneration] Creating drag cubes for part 'RAPIER'
[LOG 14:50:43.464] PartLoader: Compiling Part 'Squad/Parts/Engine/Size1_SRBs/solidBoosterRT-10_v2/solidBooster_v2'
[LOG 14:50:43.471] PartLoader: Part 'Squad/Parts/Engine/Size1_SRBs/solidBoosterRT-10_v2/solidBooster_v2' has no database record. Creating.
[LOG 14:50:43.471] [DragCubeSystem]: Drag cubes not found or cannot be read for part Part. Generating New drag cubes.
[LOG 14:50:43.471] [KSPCF/DragCubeGeneration] Creating drag cubes for part 'solidBooster.v2'
[LOG 14:50:43.483] PartLoader: Compiling Part 'Squad/Parts/Engine/Size1_SRBs/solidBoosterRT-5_v2/solidBooster_sm_v2'
[LOG 14:50:43.490] PartLoader: Part 'Squad/Parts/Engine/Size1_SRBs/solidBoosterRT-5_v2/solidBooster_sm_v2' has no database record. Creating.
[LOG 14:50:43.490] [DragCubeSystem]: Drag cubes not found or cannot be read for part Part. Generating New drag cubes.
[LOG 14:50:43.490] [KSPCF/DragCubeGeneration] Creating drag cubes for part 'solidBooster.sm.v2'
[LOG 14:50:43.504] PartLoader: Compiling Part 'Squad/Parts/Engine/Size2LFB/part/Size2LFB'
[LOG 14:50:43.512] PartLoader: Part 'Squad/Parts/Engine/Size2LFB/part/Size2LFB' has no database record. Creating.
[LOG 14:50:43.512] [DragCubeSystem]: Drag cubes not found or cannot be read for part Part. Generating New drag cubes.
[LOG 14:50:43.512] [KSPCF/DragCubeGeneration] Creating drag cubes for part 'Size2LFB'
[LOG 14:50:43.518] PartLoader: Compiling Part 'Squad/Parts/Engine/Size2LFB_v2/part/Size2LFB_v2'
[LOG 14:50:43.525] PartLoader: Part 'Squad/Parts/Engine/Size2LFB_v2/part/Size2LFB_v2' has no database record. Creating.
[LOG 14:50:43.525] [DragCubeSystem]: Drag cubes not found or cannot be read for part Part. Generating New drag cubes.
[LOG 14:50:43.525] [KSPCF/DragCubeGeneration] Creating drag cubes for part 'Size2LFB.v2'
[LOG 14:50:43.530] PartLoader: Compiling Part 'Squad/Parts/Engine/Size3AdvancedEngine/part/Size3AdvancedEngine'
[LOG 14:50:43.540] PartLoader: Part 'Squad/Parts/Engine/Size3AdvancedEngine/part/Size3AdvancedEngine' has no database record. Creating.
[LOG 14:50:43.541] [DragCubeSystem]: Drag cubes not found or cannot be read for part Part. Generating New drag cubes.
[LOG 14:50:43.541] [KSPCF/DragCubeGeneration] Creating drag cubes for part 'Size3AdvancedEngine'
[LOG 14:50:43.554] PartLoader: Compiling Part 'Squad/Parts/Engine/Size3EngineCluster/part/Size3EngineCluster'
[LOG 14:50:43.561] PartLoader: Part 'Squad/Parts/Engine/Size3EngineCluster/part/Size3EngineCluster' has no database record. Creating.
[LOG 14:50:43.561] [DragCubeSystem]: Drag cubes not found or cannot be read for part Part. Generating New drag cubes.
[LOG 14:50:43.562] [KSPCF/DragCubeGeneration] Creating drag cubes for part 'Size3EngineCluster'
[LOG 14:50:43.567] PartLoader: Compiling Part 'Squad/Parts/Engine/solidBoosterBACC/solidBoosterBACC/solidBooster1-1'
[LOG 14:50:43.574] PartLoader: Part 'Squad/Parts/Engine/solidBoosterBACC/solidBoosterBACC/solidBooster1-1' has no database record. Creating.
[LOG 14:50:43.574] [DragCubeSystem]: Drag cubes not found or cannot be read for part Part. Generating New drag cubes.
[LOG 14:50:43.574] [KSPCF/DragCubeGeneration] Creating drag cubes for part 'solidBooster1-1'
[LOG 14:50:43.579] PartLoader: Compiling Part 'Squad/Parts/Engine/solidBoosterS2-17/solidBoosterS2-17/Thoroughbred'
[LOG 14:50:43.588] PartLoader: Part 'Squad/Parts/Engine/solidBoosterS2-17/solidBoosterS2-17/Thoroughbred' has no database record. Creating.
[LOG 14:50:43.588] [DragCubeSystem]: Drag cubes not found or cannot be read for part Part. Generating New drag cubes.
[LOG 14:50:43.588] [KSPCF/DragCubeGeneration] Creating drag cubes for part 'Thoroughbred'
[LOG 14:50:43.594] PartLoader: Compiling Part 'Squad/Parts/Engine/solidBoosterS2-33/solidBoosterS2-33/Clydesdale'
[LOG 14:50:43.602] PartLoader: Part 'Squad/Parts/Engine/solidBoosterS2-33/solidBoosterS2-33/Clydesdale' has no database record. Creating.
[LOG 14:50:43.602] [DragCubeSystem]: Drag cubes not found or cannot be read for part Part. Generating New drag cubes.
[LOG 14:50:43.602] [KSPCF/DragCubeGeneration] Creating drag cubes for part 'Clydesdale'
[LOG 14:50:43.607] PartLoader: Compiling Part 'Squad/Parts/Engine/solidBoosterSep/solidBoosterSep/sepMotor1'
[LOG 14:50:43.611] [ModuleCargoPart]: Setting stackableQuantity to 1 as sepMotor1 contains resources
[LOG 14:50:43.613] PartLoader: Part 'Squad/Parts/Engine/solidBoosterSep/solidBoosterSep/sepMotor1' has no database record. Creating.
[LOG 14:50:43.613] [DragCubeSystem]: Drag cubes not found or cannot be read for part Part. Generating New drag cubes.
[LOG 14:50:43.613] [KSPCF/DragCubeGeneration] Creating drag cubes for part 'sepMotor1'
[LOG 14:50:43.618] PartLoader: Compiling Part 'Squad/Parts/Engine/SolidBoostersF/SolidBoosterF3S0/Shrimp'
[LOG 14:50:43.625] PartLoader: Part 'Squad/Parts/Engine/SolidBoostersF/SolidBoosterF3S0/Shrimp' has no database record. Creating.
[LOG 14:50:43.625] [DragCubeSystem]: Drag cubes not found or cannot be read for part Part. Generating New drag cubes.
[LOG 14:50:43.625] [KSPCF/DragCubeGeneration] Creating drag cubes for part 'Shrimp'
[LOG 14:50:43.630] PartLoader: Compiling Part 'Squad/Parts/Engine/SolidBoostersF/SolidBoosterFM1/Mite'
[LOG 14:50:43.637] PartLoader: Part 'Squad/Parts/Engine/SolidBoostersF/SolidBoosterFM1/Mite' has no database record. Creating.
[LOG 14:50:43.637] [DragCubeSystem]: Drag cubes not found or cannot be read for part Part. Generating New drag cubes.
[LOG 14:50:43.637] [KSPCF/DragCubeGeneration] Creating drag cubes for part 'Mite'
[LOG 14:50:43.642] PartLoader: Compiling Part 'Squad/Parts/FuelTank/adapterTanks/Mk3-Mk2/adapterMk3-Mk2'
[LOG 14:50:43.646] PartLoader: Part 'Squad/Parts/FuelTank/adapterTanks/Mk3-Mk2/adapterMk3-Mk2' has no database record. Creating.
[LOG 14:50:43.646] [DragCubeSystem]: Drag cubes not found or cannot be read for part Part. Generating New drag cubes.
[LOG 14:50:43.646] [KSPCF/DragCubeGeneration] Creating drag cubes for part 'adapterMk3-Mk2'
[LOG 14:50:43.650] PartLoader: Compiling Part 'Squad/Parts/FuelTank/adapterTanks/Mk3-ShuttleAdapter/adapterEngines'
[LOG 14:50:43.653] PartLoader: Part 'Squad/Parts/FuelTank/adapterTanks/Mk3-ShuttleAdapter/adapterEngines' has no database record. Creating.
[LOG 14:50:43.654] [DragCubeSystem]: Drag cubes not found or cannot be read for part Part. Generating New drag cubes.
[LOG 14:50:43.654] [KSPCF/DragCubeGeneration] Creating drag cubes for part 'adapterEngines'
[LOG 14:50:43.657] PartLoader: Compiling Part 'Squad/Parts/FuelTank/adapterTanks/Mk3-Size2/adapterMk3-Size2'
[LOG 14:50:43.660] PartLoader: Part 'Squad/Parts/FuelTank/adapterTanks/Mk3-Size2/adapterMk3-Size2' has no database record. Creating.
[LOG 14:50:43.660] [DragCubeSystem]: Drag cubes not found or cannot be read for part Part. Generating New drag cubes.
[LOG 14:50:43.660] [KSPCF/DragCubeGeneration] Creating drag cubes for part 'adapterMk3-Size2'
[LOG 14:50:43.664] PartLoader: Compiling Part 'Squad/Parts/FuelTank/adapterTanks/Mk3-Size2Slant/adapterMk3-Size2Slant'
[LOG 14:50:43.667] PartLoader: Part 'Squad/Parts/FuelTank/adapterTanks/Mk3-Size2Slant/adapterMk3-Size2Slant' has no database record. Creating.
[LOG 14:50:43.668] [DragCubeSystem]: Drag cubes not found or cannot be read for part Part. Generating New drag cubes.
[LOG 14:50:43.668] [KSPCF/DragCubeGeneration] Creating drag cubes for part 'adapterMk3-Size2Slant'
[LOG 14:50:43.672] PartLoader: Compiling Part 'Squad/Parts/FuelTank/adapterTanks/Size2-Mk2/adapterSize2-Mk2'
[LOG 14:50:43.675] PartLoader: Part 'Squad/Parts/FuelTank/adapterTanks/Size2-Mk2/adapterSize2-Mk2' has no database record. Creating.
[LOG 14:50:43.675] [DragCubeSystem]: Drag cubes not found or cannot be read for part Part. Generating New drag cubes.
[LOG 14:50:43.675] [KSPCF/DragCubeGeneration] Creating drag cubes for part 'adapterSize2-Mk2'
[LOG 14:50:43.680] PartLoader: Compiling Part 'Squad/Parts/FuelTank/adapterTanks/Size2-Size1/adapterSize2-Size1'
[LOG 14:50:43.683] PartLoader: Part 'Squad/Parts/FuelTank/adapterTanks/Size2-Size1/adapterSize2-Size1' has no database record. Creating.
[LOG 14:50:43.683] [DragCubeSystem]: Drag cubes not found or cannot be read for part Part. Generating New drag cubes.
[LOG 14:50:43.683] [KSPCF/DragCubeGeneration] Creating drag cubes for part 'adapterSize2-Size1'
[LOG 14:50:43.688] PartLoader: Compiling Part 'Squad/Parts/FuelTank/adapterTanks/Size2-Size1Slant/adapterSize2-Size1Slant'
[LOG 14:50:43.691] PartLoader: Part 'Squad/Parts/FuelTank/adapterTanks/Size2-Size1Slant/adapterSize2-Size1Slant' has no database record. Creating.
[LOG 14:50:43.691] [DragCubeSystem]: Drag cubes not found or cannot be read for part Part. Generating New drag cubes.
[LOG 14:50:43.691] [KSPCF/DragCubeGeneration] Creating drag cubes for part 'adapterSize2-Size1Slant'
[LOG 14:50:43.697] PartLoader: Compiling Part 'Squad/Parts/FuelTank/adapterTanks/Size3-Mk3/adapterSize3-Mk3'
[LOG 14:50:43.700] PartLoader: Part 'Squad/Parts/FuelTank/adapterTanks/Size3-Mk3/adapterSize3-Mk3' has no database record. Creating.
[LOG 14:50:43.700] [DragCubeSystem]: Drag cubes not found or cannot be read for part Part. Generating New drag cubes.
[LOG 14:50:43.700] [KSPCF/DragCubeGeneration] Creating drag cubes for part 'adapterSize3-Mk3'
[LOG 14:50:43.705] PartLoader: Compiling Part 'Squad/Parts/FuelTank/drainTankFTE-1/ReleaseValve/ReleaseValve'
[LOG 14:50:43.716] PartLoader: Part 'Squad/Parts/FuelTank/drainTankFTE-1/ReleaseValve/ReleaseValve' has no database record. Creating.
[LOG 14:50:43.716] [DragCubeSystem]: Drag cubes not found or cannot be read for part Part. Generating New drag cubes.
[LOG 14:50:43.716] [KSPCF/DragCubeGeneration] Creating drag cubes for part 'ReleaseValve'
[LOG 14:50:43.721] PartLoader: Compiling Part 'Squad/Parts/FuelTank/FoilTanks/RadialTank_Capsule/externalTankCapsule'
[LOG 14:50:43.725] PartLoader: Part 'Squad/Parts/FuelTank/FoilTanks/RadialTank_Capsule/externalTankCapsule' has no database record. Creating.
[LOG 14:50:43.725] [DragCubeSystem]: Drag cubes not found or cannot be read for part Part. Generating New drag cubes.
[LOG 14:50:43.725] [KSPCF/DragCubeGeneration] Creating drag cubes for part 'externalTankCapsule'
[LOG 14:50:43.732] PartLoader: Compiling Part 'Squad/Parts/FuelTank/FoilTanks/RadialTank_Round/externalTankRound'
[LOG 14:50:43.738] PartLoader: Part 'Squad/Parts/FuelTank/FoilTanks/RadialTank_Round/externalTankRound' has no database record. Creating.
[LOG 14:50:43.738] [DragCubeSystem]: Drag cubes not found or cannot be read for part Part. Generating New drag cubes.
[LOG 14:50:43.738] [KSPCF/DragCubeGeneration] Creating drag cubes for part 'externalTankRound'
[LOG 14:50:43.744] PartLoader: Compiling Part 'Squad/Parts/FuelTank/FoilTanks/ToroidTank/externalTankToroid'
[LOG 14:50:43.748] PartLoader: Part 'Squad/Parts/FuelTank/FoilTanks/ToroidTank/externalTankToroid' has no database record. Creating.
[LOG 14:50:43.748] [DragCubeSystem]: Drag cubes not found or cannot be read for part Part. Generating New drag cubes.
[LOG 14:50:43.748] [KSPCF/DragCubeGeneration] Creating drag cubes for part 'externalTankToroid'
[LOG 14:50:43.753] PartLoader: Compiling Part 'Squad/Parts/FuelTank/fuelTankOscarB/fuelTankOscarB/miniFuelTank'
[LOG 14:50:43.757] PartLoader: Part 'Squad/Parts/FuelTank/fuelTankOscarB/fuelTankOscarB/miniFuelTank' has no database record. Creating.
[LOG 14:50:43.757] [DragCubeSystem]: Drag cubes not found or cannot be read for part Part. Generating New drag cubes.
[LOG 14:50:43.757] [KSPCF/DragCubeGeneration] Creating drag cubes for part 'miniFuelTank'
[LOG 14:50:43.761] PartLoader: Compiling Part 'Squad/Parts/FuelTank/miniFuselage/miniFuselage/miniFuselage'
[LOG 14:50:43.765] PartLoader: Part 'Squad/Parts/FuelTank/miniFuselage/miniFuselage/miniFuselage' has no database record. Creating.
[LOG 14:50:43.765] [DragCubeSystem]: Drag cubes not found or cannot be read for part Part. Generating New drag cubes.
[LOG 14:50:43.765] [KSPCF/DragCubeGeneration] Creating drag cubes for part 'miniFuselage'
[LOG 14:50:43.771] PartLoader: Compiling Part 'Squad/Parts/FuelTank/mk2Adapters/bicoupler/mk2_1m_Bicoupler'
[LOG 14:50:43.773] PartLoader: Part 'Squad/Parts/FuelTank/mk2Adapters/bicoupler/mk2_1m_Bicoupler' has no database record. Creating.
[LOG 14:50:43.774] [DragCubeSystem]: Drag cubes not found or cannot be read for part Part. Generating New drag cubes.
[LOG 14:50:43.774] [KSPCF/DragCubeGeneration] Creating drag cubes for part 'mk2.1m.Bicoupler'
[LOG 14:50:43.779] PartLoader: Compiling Part 'Squad/Parts/FuelTank/mk2Adapters/long/mk2_1m_AdapterLong'
[LOG 14:50:43.783] PartLoader: Part 'Squad/Parts/FuelTank/mk2Adapters/long/mk2_1m_AdapterLong' has no database record. Creating.
[LOG 14:50:43.783] [DragCubeSystem]: Drag cubes not found or cannot be read for part Part. Generating New drag cubes.
[LOG 14:50:43.783] [KSPCF/DragCubeGeneration] Creating drag cubes for part 'mk2.1m.AdapterLong'
[LOG 14:50:43.787] PartLoader: Compiling Part 'Squad/Parts/FuelTank/mk2Adapters/standard/mk2SpacePlaneAdapter'
[LOG 14:50:43.790] PartLoader: Part 'Squad/Parts/FuelTank/mk2Adapters/standard/mk2SpacePlaneAdapter' has no database record. Creating.
[LOG 14:50:43.790] [DragCubeSystem]: Drag cubes not found or cannot be read for part Part. Generating New drag cubes.
[LOG 14:50:43.791] [KSPCF/DragCubeGeneration] Creating drag cubes for part 'mk2SpacePlaneAdapter'
[LOG 14:50:43.796] PartLoader: Compiling Part 'Squad/Parts/FuelTank/mk2FuselageLong/LFO_long/mk2FuselageLongLFO'
[LOG 14:50:43.800] PartLoader: Part 'Squad/Parts/FuelTank/mk2FuselageLong/LFO_long/mk2FuselageLongLFO' has no database record. Creating.
[LOG 14:50:43.800] [DragCubeSystem]: Drag cubes not found or cannot be read for part Part. Generating New drag cubes.
[LOG 14:50:43.800] [KSPCF/DragCubeGeneration] Creating drag cubes for part 'mk2FuselageLongLFO'
[LOG 14:50:43.804] PartLoader: Compiling Part 'Squad/Parts/FuelTank/mk2FuselageLong/L_long/mk2Fuselage'
[LOG 14:50:43.808] PartLoader: Part 'Squad/Parts/FuelTank/mk2FuselageLong/L_long/mk2Fuselage' has no database record. Creating.
[LOG 14:50:43.808] [DragCubeSystem]: Drag cubes not found or cannot be read for part Part. Generating New drag cubes.
[LOG 14:50:43.808] [KSPCF/DragCubeGeneration] Creating drag cubes for part 'mk2Fuselage'
[LOG 14:50:43.813] PartLoader: Compiling Part 'Squad/Parts/FuelTank/mk2FuselageShort/LFO_short/mk2FuselageShortLFO'
[LOG 14:50:43.818] PartLoader: Part 'Squad/Parts/FuelTank/mk2FuselageShort/LFO_short/mk2FuselageShortLFO' has no database record. Creating.
[LOG 14:50:43.818] [DragCubeSystem]: Drag cubes not found or cannot be read for part Part. Generating New drag cubes.
[LOG 14:50:43.818] [KSPCF/DragCubeGeneration] Creating drag cubes for part 'mk2FuselageShortLFO'
[LOG 14:50:43.823] PartLoader: Compiling Part 'Squad/Parts/FuelTank/mk2FuselageShort/L_short/mk2FuselageShortLiquid'
[LOG 14:50:43.826] PartLoader: Part 'Squad/Parts/FuelTank/mk2FuselageShort/L_short/mk2FuselageShortLiquid' has no database record. Creating.
[LOG 14:50:43.826] [DragCubeSystem]: Drag cubes not found or cannot be read for part Part. Generating New drag cubes.
[LOG 14:50:43.826] [KSPCF/DragCubeGeneration] Creating drag cubes for part 'mk2FuselageShortLiquid'
[LOG 14:50:43.831] PartLoader: Compiling Part 'Squad/Parts/FuelTank/mk2FuselageShort/Mono_short/mk2FuselageShortMono'
[LOG 14:50:43.836] PartLoader: Part 'Squad/Parts/FuelTank/mk2FuselageShort/Mono_short/mk2FuselageShortMono' has no database record. Creating.
[LOG 14:50:43.836] [DragCubeSystem]: Drag cubes not found or cannot be read for part Part. Generating New drag cubes.
[LOG 14:50:43.836] [KSPCF/DragCubeGeneration] Creating drag cubes for part 'mk2FuselageShortMono'
[LOG 14:50:43.840] PartLoader: Compiling Part 'Squad/Parts/FuelTank/mk3Fuselage/CREW/mk3CrewCabin'
[LOG 14:50:43.846] PartLoader: Part 'Squad/Parts/FuelTank/mk3Fuselage/CREW/mk3CrewCabin' has no database record. Creating.
[LOG 14:50:43.846] [DragCubeSystem]: Drag cubes not found or cannot be read for part Part. Generating New drag cubes.
[LOG 14:50:43.846] [KSPCF/DragCubeGeneration] Creating drag cubes for part 'mk3CrewCabin'
[LOG 14:50:43.851] PartLoader: Compiling Part 'Squad/Parts/FuelTank/mk3Fuselage/LFO_100/mk3FuselageLFO_100'
[LOG 14:50:43.854] PartLoader: Part 'Squad/Parts/FuelTank/mk3Fuselage/LFO_100/mk3FuselageLFO_100' has no database record. Creating.
[LOG 14:50:43.854] [DragCubeSystem]: Drag cubes not found or cannot be read for part Part. Generating New drag cubes.
[LOG 14:50:43.854] [KSPCF/DragCubeGeneration] Creating drag cubes for part 'mk3FuselageLFO.100'
[LOG 14:50:43.859] PartLoader: Compiling Part 'Squad/Parts/FuelTank/mk3Fuselage/LFO_25/mk3FuselageLFO_25'
[LOG 14:50:43.861] PartLoader: Part 'Squad/Parts/FuelTank/mk3Fuselage/LFO_25/mk3FuselageLFO_25' has no database record. Creating.
[LOG 14:50:43.861] [DragCubeSystem]: Drag cubes not found or cannot be read for part Part. Generating New drag cubes.
[LOG 14:50:43.861] [KSPCF/DragCubeGeneration] Creating drag cubes for part 'mk3FuselageLFO.25'
[LOG 14:50:43.866] PartLoader: Compiling Part 'Squad/Parts/FuelTank/mk3Fuselage/LFO_50/mk3FuselageLFO_50'
[LOG 14:50:43.868] PartLoader: Part 'Squad/Parts/FuelTank/mk3Fuselage/LFO_50/mk3FuselageLFO_50' has no database record. Creating.
[LOG 14:50:43.868] [DragCubeSystem]: Drag cubes not found or cannot be read for part Part. Generating New drag cubes.
[LOG 14:50:43.868] [KSPCF/DragCubeGeneration] Creating drag cubes for part 'mk3FuselageLFO.50'
[LOG 14:50:43.874] PartLoader: Compiling Part 'Squad/Parts/FuelTank/mk3Fuselage/LF_100/mk3FuselageLF_100'
[LOG 14:50:43.878] PartLoader: Part 'Squad/Parts/FuelTank/mk3Fuselage/LF_100/mk3FuselageLF_100' has no database record. Creating.
[LOG 14:50:43.878] [DragCubeSystem]: Drag cubes not found or cannot be read for part Part. Generating New drag cubes.
[LOG 14:50:43.879] [KSPCF/DragCubeGeneration] Creating drag cubes for part 'mk3FuselageLF.100'
[LOG 14:50:43.883] PartLoader: Compiling Part 'Squad/Parts/FuelTank/mk3Fuselage/LF_25/mk3FuselageLF_25'
[LOG 14:50:43.886] PartLoader: Part 'Squad/Parts/FuelTank/mk3Fuselage/LF_25/mk3FuselageLF_25' has no database record. Creating.
[LOG 14:50:43.886] [DragCubeSystem]: Drag cubes not found or cannot be read for part Part. Generating New drag cubes.
[LOG 14:50:43.886] [KSPCF/DragCubeGeneration] Creating drag cubes for part 'mk3FuselageLF.25'
[LOG 14:50:43.890] PartLoader: Compiling Part 'Squad/Parts/FuelTank/mk3Fuselage/LF_50/mk3FuselageLF_50'
[LOG 14:50:43.893] PartLoader: Part 'Squad/Parts/FuelTank/mk3Fuselage/LF_50/mk3FuselageLF_50' has no database record. Creating.
[LOG 14:50:43.893] [DragCubeSystem]: Drag cubes not found or cannot be read for part Part. Generating New drag cubes.
[LOG 14:50:43.893] [KSPCF/DragCubeGeneration] Creating drag cubes for part 'mk3FuselageLF.50'
[LOG 14:50:43.897] PartLoader: Compiling Part 'Squad/Parts/FuelTank/mk3Fuselage/MONO/mk3FuselageMONO'
[LOG 14:50:43.900] PartLoader: Part 'Squad/Parts/FuelTank/mk3Fuselage/MONO/mk3FuselageMONO' has no database record. Creating.
[LOG 14:50:43.901] [DragCubeSystem]: Drag cubes not found or cannot be read for part Part. Generating New drag cubes.
[LOG 14:50:43.901] [KSPCF/DragCubeGeneration] Creating drag cubes for part 'mk3FuselageMONO'
[LOG 14:50:43.906] PartLoader: Compiling Part 'Squad/Parts/FuelTank/RCSFuelTankR1/RCSFuelTankR1/RCSTank1-2'
[LOG 14:50:43.909] PartLoader: Part 'Squad/Parts/FuelTank/RCSFuelTankR1/RCSFuelTankR1/RCSTank1-2' has no database record. Creating.
[LOG 14:50:43.910] [DragCubeSystem]: Drag cubes not found or cannot be read for part Part. Generating New drag cubes.
[LOG 14:50:43.910] [KSPCF/DragCubeGeneration] Creating drag cubes for part 'RCSTank1-2'
[LOG 14:50:43.914] PartLoader: Compiling Part 'Squad/Parts/FuelTank/RCSFuelTankR10/RCSFuelTankR10/rcsTankMini'
[LOG 14:50:43.918] PartLoader: Part 'Squad/Parts/FuelTank/RCSFuelTankR10/RCSFuelTankR10/rcsTankMini' has no database record. Creating.
[LOG 14:50:43.918] [DragCubeSystem]: Drag cubes not found or cannot be read for part Part. Generating New drag cubes.
[LOG 14:50:43.918] [KSPCF/DragCubeGeneration] Creating drag cubes for part 'rcsTankMini'
[LOG 14:50:43.923] PartLoader: Compiling Part 'Squad/Parts/FuelTank/RCSFuelTankR25/RCSFuelTankR25/RCSFuelTank'
[LOG 14:50:43.925] PartLoader: Part 'Squad/Parts/FuelTank/RCSFuelTankR25/RCSFuelTankR25/RCSFuelTank' has no database record. Creating.
[LOG 14:50:43.925] [DragCubeSystem]: Drag cubes not found or cannot be read for part Part. Generating New drag cubes.
[LOG 14:50:43.925] [KSPCF/DragCubeGeneration] Creating drag cubes for part 'RCSFuelTank'
[LOG 14:50:43.930] PartLoader: Compiling Part 'Squad/Parts/FuelTank/RCSTankRadial/radialRCSTank/radialRCSTank'
[LOG 14:50:43.934] PartLoader: Part 'Squad/Parts/FuelTank/RCSTankRadial/radialRCSTank/radialRCSTank' has no database record. Creating.
[LOG 14:50:43.934] [DragCubeSystem]: Drag cubes not found or cannot be read for part Part. Generating New drag cubes.
[LOG 14:50:43.934] [KSPCF/DragCubeGeneration] Creating drag cubes for part 'radialRCSTank'
[LOG 14:50:43.939] PartLoader: Compiling Part 'Squad/Parts/FuelTank/RCStankRadialLong/RCSTankRadialLong/rcsTankRadialLong'
[LOG 14:50:43.943] PartLoader: Part 'Squad/Parts/FuelTank/RCStankRadialLong/RCSTankRadialLong/rcsTankRadialLong' has no database record. Creating.
[LOG 14:50:43.943] [DragCubeSystem]: Drag cubes not found or cannot be read for part Part. Generating New drag cubes.
[LOG 14:50:43.943] [KSPCF/DragCubeGeneration] Creating drag cubes for part 'rcsTankRadialLong'
[LOG 14:50:43.947] PartLoader: Compiling Part 'Squad/Parts/FuelTank/RockomaxTanks/Rockomax16/Rockomax16_BW'
[LOG 14:50:43.951] PartLoader: Part 'Squad/Parts/FuelTank/RockomaxTanks/Rockomax16/Rockomax16_BW' has no database record. Creating.
[LOG 14:50:43.951] [DragCubeSystem]: Drag cubes not found or cannot be read for part Part. Generating New drag cubes.
[LOG 14:50:43.951] [KSPCF/DragCubeGeneration] Creating drag cubes for part 'Rockomax16.BW'
[LOG 14:50:43.955] PartLoader: Compiling Part 'Squad/Parts/FuelTank/RockomaxTanks/Rockomax32/Rockomax32_BW'
[LOG 14:50:43.959] PartLoader: Part 'Squad/Parts/FuelTank/RockomaxTanks/Rockomax32/Rockomax32_BW' has no database record. Creating.
[LOG 14:50:43.959] [DragCubeSystem]: Drag cubes not found or cannot be read for part Part. Generating New drag cubes.
[LOG 14:50:43.959] [KSPCF/DragCubeGeneration] Creating drag cubes for part 'Rockomax32.BW'
[LOG 14:50:43.975] PartLoader: Compiling Part 'Squad/Parts/FuelTank/RockomaxTanks/Rockomax64/Rockomax64_BW'
[LOG 14:50:43.978] PartLoader: Part 'Squad/Parts/FuelTank/RockomaxTanks/Rockomax64/Rockomax64_BW' has no database record. Creating.
[LOG 14:50:43.978] [DragCubeSystem]: Drag cubes not found or cannot be read for part Part. Generating New drag cubes.
[LOG 14:50:43.978] [KSPCF/DragCubeGeneration] Creating drag cubes for part 'Rockomax64.BW'
[LOG 14:50:43.989] PartLoader: Compiling Part 'Squad/Parts/FuelTank/RockomaxTanks/Rockomax8/Rockomax8BW'
[LOG 14:50:43.992] PartLoader: Part 'Squad/Parts/FuelTank/RockomaxTanks/Rockomax8/Rockomax8BW' has no database record. Creating.
[LOG 14:50:43.992] [DragCubeSystem]: Drag cubes not found or cannot be read for part Part. Generating New drag cubes.
[LOG 14:50:43.992] [KSPCF/DragCubeGeneration] Creating drag cubes for part 'Rockomax8BW'
[LOG 14:50:44.004] PartLoader: Compiling Part 'Squad/Parts/FuelTank/Size1_Tanks/fuelTankT100/fuelTankSmallFlat'
[LOG 14:50:44.008] PartLoader: Part 'Squad/Parts/FuelTank/Size1_Tanks/fuelTankT100/fuelTankSmallFlat' has no database record. Creating.
[LOG 14:50:44.008] [DragCubeSystem]: Drag cubes not found or cannot be read for part Part. Generating New drag cubes.
[LOG 14:50:44.008] [KSPCF/DragCubeGeneration] Creating drag cubes for part 'fuelTankSmallFlat'
[LOG 14:50:44.013] PartLoader: Compiling Part 'Squad/Parts/FuelTank/Size1_Tanks/fuelTankT200/fuelTankSmall'
[LOG 14:50:44.017] PartLoader: Part 'Squad/Parts/FuelTank/Size1_Tanks/fuelTankT200/fuelTankSmall' has no database record. Creating.
[LOG 14:50:44.017] [DragCubeSystem]: Drag cubes not found or cannot be read for part Part. Generating New drag cubes.
[LOG 14:50:44.017] [KSPCF/DragCubeGeneration] Creating drag cubes for part 'fuelTankSmall'
[LOG 14:50:44.023] PartLoader: Compiling Part 'Squad/Parts/FuelTank/Size1_Tanks/fuelTankT400/fuelTank'
[LOG 14:50:44.029] PartLoader: Part 'Squad/Parts/FuelTank/Size1_Tanks/fuelTankT400/fuelTank' has no database record. Creating.
[LOG 14:50:44.029] [DragCubeSystem]: Drag cubes not found or cannot be read for part Part. Generating New drag cubes.
[LOG 14:50:44.029] [KSPCF/DragCubeGeneration] Creating drag cubes for part 'fuelTank'
[LOG 14:50:44.034] PartLoader: Compiling Part 'Squad/Parts/FuelTank/Size1_Tanks/fuelTankT800/fuelTank_long'
[LOG 14:50:44.038] PartLoader: Part 'Squad/Parts/FuelTank/Size1_Tanks/fuelTankT800/fuelTank_long' has no database record. Creating.
[LOG 14:50:44.038] [DragCubeSystem]: Drag cubes not found or cannot be read for part Part. Generating New drag cubes.
[LOG 14:50:44.038] [KSPCF/DragCubeGeneration] Creating drag cubes for part 'fuelTank.long'
[LOG 14:50:44.042] PartLoader: Compiling Part 'Squad/Parts/FuelTank/Size3Tanks/large/Size3LargeTank'
[LOG 14:50:44.045] PartLoader: Part 'Squad/Parts/FuelTank/Size3Tanks/large/Size3LargeTank' has no database record. Creating.
[LOG 14:50:44.045] [DragCubeSystem]: Drag cubes not found or cannot be read for part Part. Generating New drag cubes.
[LOG 14:50:44.045] [KSPCF/DragCubeGeneration] Creating drag cubes for part 'Size3LargeTank'
[LOG 14:50:44.049] PartLoader: Compiling Part 'Squad/Parts/FuelTank/Size3Tanks/medium/Size3MediumTank'
[LOG 14:50:44.053] PartLoader: Part 'Squad/Parts/FuelTank/Size3Tanks/medium/Size3MediumTank' has no database record. Creating.
[LOG 14:50:44.053] [DragCubeSystem]: Drag cubes not found or cannot be read for part Part. Generating New drag cubes.
[LOG 14:50:44.053] [KSPCF/DragCubeGeneration] Creating drag cubes for part 'Size3MediumTank'
[LOG 14:50:44.058] PartLoader: Compiling Part 'Squad/Parts/FuelTank/Size3Tanks/small/Size3SmallTank'
[LOG 14:50:44.061] PartLoader: Part 'Squad/Parts/FuelTank/Size3Tanks/small/Size3SmallTank' has no database record. Creating.
[LOG 14:50:44.061] [DragCubeSystem]: Drag cubes not found or cannot be read for part Part. Generating New drag cubes.
[LOG 14:50:44.061] [KSPCF/DragCubeGeneration] Creating drag cubes for part 'Size3SmallTank'
[LOG 14:50:44.066] PartLoader: Compiling Part 'Squad/Parts/FuelTank/xenonTank/xenonTank/xenonTank'
[LOG 14:50:44.070] PartLoader: Part 'Squad/Parts/FuelTank/xenonTank/xenonTank/xenonTank' has no database record. Creating.
[LOG 14:50:44.070] [DragCubeSystem]: Drag cubes not found or cannot be read for part Part. Generating New drag cubes.
[LOG 14:50:44.071] [KSPCF/DragCubeGeneration] Creating drag cubes for part 'xenonTank'
[LOG 14:50:44.074] PartLoader: Compiling Part 'Squad/Parts/FuelTank/xenonTankLarge/xenonTankLarge/xenonTankLarge'
[LOG 14:50:44.077] PartLoader: Part 'Squad/Parts/FuelTank/xenonTankLarge/xenonTankLarge/xenonTankLarge' has no database record. Creating.
[LOG 14:50:44.078] [DragCubeSystem]: Drag cubes not found or cannot be read for part Part. Generating New drag cubes.
[LOG 14:50:44.078] [KSPCF/DragCubeGeneration] Creating drag cubes for part 'xenonTankLarge'
[LOG 14:50:44.082] PartLoader: Compiling Part 'Squad/Parts/FuelTank/xenonTankRadial/xenonTankRadial/xenonTankRadial'
[LOG 14:50:44.085] PartLoader: Part 'Squad/Parts/FuelTank/xenonTankRadial/xenonTankRadial/xenonTankRadial' has no database record. Creating.
[LOG 14:50:44.085] [DragCubeSystem]: Drag cubes not found or cannot be read for part Part. Generating New drag cubes.
[LOG 14:50:44.085] [KSPCF/DragCubeGeneration] Creating drag cubes for part 'xenonTankRadial'
[LOG 14:50:44.089] PartLoader: Compiling Part 'Squad/Parts/Misc/AsteroidDay/CamSat/InfraredTelescope'
[LOG 14:50:44.095] PartLoader: Part 'Squad/Parts/Misc/AsteroidDay/CamSat/InfraredTelescope' has no database record. Creating.
[LOG 14:50:44.095] [DragCubeSystem]: Drag cubes not found or cannot be read for part Part. Generating New drag cubes.
[LOG 14:50:44.095] [KSPCF/DragCubeGeneration] Creating drag cubes for part 'InfraredTelescope'
[LOG 14:50:44.099] PartLoader: Compiling Part 'Squad/Parts/Misc/AsteroidDay/HECS2/HECS2_ProbeCore'
[LOG 14:50:44.107] PartLoader: Part 'Squad/Parts/Misc/AsteroidDay/HECS2/HECS2_ProbeCore' has no database record. Creating.
[LOG 14:50:44.107] [DragCubeSystem]: Drag cubes not found or cannot be read for part Part. Generating New drag cubes.
[LOG 14:50:44.107] [KSPCF/DragCubeGeneration] Creating drag cubes for part 'HECS2.ProbeCore'
[LOG 14:50:44.112] PartLoader: Compiling Part 'Squad/Parts/Misc/AsteroidDay/HighGainAntenna/HighGainAntenna'
[LOG 14:50:44.121] PartLoader: Part 'Squad/Parts/Misc/AsteroidDay/HighGainAntenna/HighGainAntenna' has no database record. Creating.
[LOG 14:50:44.122] [DragCubeSystem]: Drag cubes not found or cannot be read for part Part. Generating New drag cubes.
[LOG 14:50:44.122] [KSPCF/DragCubeGeneration] Creating drag cubes for part 'HighGainAntenna'
[LOG 14:50:44.133] PartLoader: Compiling Part 'Squad/Parts/Misc/AsteroidDay/LgRadialSolar/LgRadialSolarPanel'
[LOG 14:50:44.137] PartLoader: Part 'Squad/Parts/Misc/AsteroidDay/LgRadialSolar/LgRadialSolarPanel' has no database record. Creating.
[LOG 14:50:44.137] [DragCubeSystem]: Drag cubes not found or cannot be read for part Part. Generating New drag cubes.
[LOG 14:50:44.137] [KSPCF/DragCubeGeneration] Creating drag cubes for part 'LgRadialSolarPanel'
[LOG 14:50:44.144] PartLoader: Compiling Part 'Squad/Parts/Misc/PotatoComet/part/PotatoComet'
[LOG 14:50:44.156] PartLoader: Part 'Squad/Parts/Misc/PotatoComet/part/PotatoComet' has no database record. Creating.
[LOG 14:50:44.156] PartLoader: Compiling Part 'Squad/Parts/Misc/PotatoRoid/part/PotatoRoid'
[LOG 14:50:44.166] PartLoader: Part 'Squad/Parts/Misc/PotatoRoid/part/PotatoRoid' has no database record. Creating.
[LOG 14:50:44.167] PartLoader: Compiling Part 'Squad/Parts/Prebuilt/flag/flag'
[LOG 14:50:44.169] PartLoader: Compiling Part 'Squad/Parts/Prebuilt/kerbalEVA/kerbalEVA'
[LOG 14:50:44.187] PartLoader: Compiling Part 'Squad/Parts/Prebuilt/kerbalEVAfemale/kerbalEVAfemale'
[LOG 14:50:44.193] PartLoader: Compiling Part 'Squad/Parts/Prebuilt/kerbalEVASlimSuit/kerbalEVASlimSuit'
[LOG 14:50:44.198] PartLoader: Compiling Part 'Squad/Parts/Prebuilt/kerbalEVASlimSuitFemale/kerbalEVASlimSuitFemale'
[LOG 14:50:44.204] PartLoader: Compiling Part 'Squad/Parts/Resources/FuelCell/FuelCell/FuelCell'
[LOG 14:50:44.213] PartLoader: Part 'Squad/Parts/Resources/FuelCell/FuelCell/FuelCell' has no database record. Creating.
[LOG 14:50:44.213] [DragCubeSystem]: Drag cubes not found or cannot be read for part Part. Generating New drag cubes.
[LOG 14:50:44.213] [KSPCF/DragCubeGeneration] Creating drag cubes for part 'FuelCell'
[LOG 14:50:44.219] PartLoader: Compiling Part 'Squad/Parts/Resources/FuelCell/FuelCellArray/FuelCellArray'
[LOG 14:50:44.222] PartLoader: Part 'Squad/Parts/Resources/FuelCell/FuelCellArray/FuelCellArray' has no database record. Creating.
[LOG 14:50:44.223] [DragCubeSystem]: Drag cubes not found or cannot be read for part Part. Generating New drag cubes.
[LOG 14:50:44.223] [KSPCF/DragCubeGeneration] Creating drag cubes for part 'FuelCellArray'
[LOG 14:50:44.227] PartLoader: Compiling Part 'Squad/Parts/Resources/ISRU/ISRU/ISRU'
[LOG 14:50:44.236] PartLoader: Part 'Squad/Parts/Resources/ISRU/ISRU/ISRU' has no database record. Creating.
[LOG 14:50:44.236] [DragCubeSystem]: Drag cubes not found or cannot be read for part Part. Generating New drag cubes.
[LOG 14:50:44.236] [KSPCF/DragCubeGeneration] Creating drag cubes for part 'ISRU'
[LOG 14:50:44.249] PartLoader: Compiling Part 'Squad/Parts/Resources/LargeTank/LargeTank/LargeTank'
[LOG 14:50:44.253] PartLoader: Part 'Squad/Parts/Resources/LargeTank/LargeTank/LargeTank' has no database record. Creating.
[LOG 14:50:44.253] [DragCubeSystem]: Drag cubes not found or cannot be read for part Part. Generating New drag cubes.
[LOG 14:50:44.253] [KSPCF/DragCubeGeneration] Creating drag cubes for part 'LargeTank'
[LOG 14:50:44.258] PartLoader: Compiling Part 'Squad/Parts/Resources/MiniDrill/MiniDrill/MiniDrill'
[LOG 14:50:44.280] PartLoader: Part 'Squad/Parts/Resources/MiniDrill/MiniDrill/MiniDrill' has no database record. Creating.
[LOG 14:50:44.280] [DragCubeSystem]: Drag cubes not found or cannot be read for part Part. Generating New drag cubes.
[LOG 14:50:44.280] [KSPCF/DragCubeGeneration] Creating drag cubes for part 'MiniDrill'
[LOG 14:50:44.303] PartLoader: Compiling Part 'Squad/Parts/Resources/MiniISRU/MiniISRU/MiniISRU'
[LOG 14:50:44.311] PartLoader: Part 'Squad/Parts/Resources/MiniISRU/MiniISRU/MiniISRU' has no database record. Creating.
[LOG 14:50:44.311] [DragCubeSystem]: Drag cubes not found or cannot be read for part Part. Generating New drag cubes.
[LOG 14:50:44.311] [KSPCF/DragCubeGeneration] Creating drag cubes for part 'MiniISRU'
[LOG 14:50:44.315] PartLoader: Compiling Part 'Squad/Parts/Resources/OrbitalScanner/OrbitalScanner/OrbitalScanner'
[LOG 14:50:44.332] PartLoader: Part 'Squad/Parts/Resources/OrbitalScanner/OrbitalScanner/OrbitalScanner' has no database record. Creating.
[LOG 14:50:44.332] [DragCubeSystem]: Drag cubes not found or cannot be read for part Part. Generating New drag cubes.
[LOG 14:50:44.332] [KSPCF/DragCubeGeneration] Creating drag cubes for part 'OrbitalScanner'
[LOG 14:50:44.343] PartLoader: Compiling Part 'Squad/Parts/Resources/RadialDrill/RadialDrill/RadialDrill'
[LOG 14:50:44.351] PartLoader: Part 'Squad/Parts/Resources/RadialDrill/RadialDrill/RadialDrill' has no database record. Creating.
[LOG 14:50:44.351] [DragCubeSystem]: Drag cubes not found or cannot be read for part Part. Generating New drag cubes.
[LOG 14:50:44.351] [KSPCF/DragCubeGeneration] Creating drag cubes for part 'RadialDrill'
[LOG 14:50:44.375] PartLoader: Compiling Part 'Squad/Parts/Resources/RadialTank/RadialTank/RadialOreTank'
[LOG 14:50:44.378] PartLoader: Part 'Squad/Parts/Resources/RadialTank/RadialTank/RadialOreTank' has no database record. Creating.
[LOG 14:50:44.378] [DragCubeSystem]: Drag cubes not found or cannot be read for part Part. Generating New drag cubes.
[LOG 14:50:44.378] [KSPCF/DragCubeGeneration] Creating drag cubes for part 'RadialOreTank'
[LOG 14:50:44.383] PartLoader: Compiling Part 'Squad/Parts/Resources/SmallTank/SmallTank/SmallTank'
[LOG 14:50:44.386] PartLoader: Part 'Squad/Parts/Resources/SmallTank/SmallTank/SmallTank' has no database record. Creating.
[LOG 14:50:44.386] [DragCubeSystem]: Drag cubes not found or cannot be read for part Part. Generating New drag cubes.
[LOG 14:50:44.386] [KSPCF/DragCubeGeneration] Creating drag cubes for part 'SmallTank'
[LOG 14:50:44.391] PartLoader: Compiling Part 'Squad/Parts/Resources/SurfaceScanner/SurfaceScanner/SurfaceScanner'
[LOG 14:50:44.408] PartLoader: Part 'Squad/Parts/Resources/SurfaceScanner/SurfaceScanner/SurfaceScanner' has no database record. Creating.
[LOG 14:50:44.408] [DragCubeSystem]: Drag cubes not found or cannot be read for part Part. Generating New drag cubes.
[LOG 14:50:44.408] [KSPCF/DragCubeGeneration] Creating drag cubes for part 'SurfaceScanner'
[LOG 14:50:44.412] PartLoader: Compiling Part 'Squad/Parts/Resources/SurveyScanner/SurveyScanner/SurveyScanner'
[LOG 14:50:44.423] PartLoader: Part 'Squad/Parts/Resources/SurveyScanner/SurveyScanner/SurveyScanner' has no database record. Creating.
[LOG 14:50:44.423] [DragCubeSystem]: Drag cubes not found or cannot be read for part Part. Generating New drag cubes.
[LOG 14:50:44.423] [KSPCF/DragCubeGeneration] Creating drag cubes for part 'SurveyScanner'
[LOG 14:50:44.433] PartLoader: Compiling Part 'Squad/Parts/Science/AtmosphereSensor/sensorAtmosphere/sensorAtmosphere'
[LOG 14:50:44.437] PartLoader: Part 'Squad/Parts/Science/AtmosphereSensor/sensorAtmosphere/sensorAtmosphere' has no database record. Creating.
[LOG 14:50:44.437] [DragCubeSystem]: Drag cubes not found or cannot be read for part Part. Generating New drag cubes.
[LOG 14:50:44.437] [KSPCF/DragCubeGeneration] Creating drag cubes for part 'sensorAtmosphere'
[LOG 14:50:44.441] PartLoader: Compiling Part 'Squad/Parts/Science/GooExperiment/gooExperiment/GooExperiment'
[LOG 14:50:44.445] PartLoader: Part 'Squad/Parts/Science/GooExperiment/gooExperiment/GooExperiment' has no database record. Creating.
[LOG 14:50:44.445] [DragCubeSystem]: Drag cubes not found or cannot be read for part Part. Generating New drag cubes.
[LOG 14:50:44.445] [KSPCF/DragCubeGeneration] Creating drag cubes for part 'GooExperiment'
[LOG 14:50:44.456] PartLoader: Compiling Part 'Squad/Parts/Science/LargeCrewedLab/largeCrewedLab/Large_Crewed_Lab'
[LOG 14:50:44.479] PartLoader: Part 'Squad/Parts/Science/LargeCrewedLab/largeCrewedLab/Large_Crewed_Lab' has no database record. Creating.
[LOG 14:50:44.479] [DragCubeSystem]: Drag cubes not found or cannot be read for part Part. Generating New drag cubes.
[LOG 14:50:44.479] [KSPCF/DragCubeGeneration] Creating drag cubes for part 'Large.Crewed.Lab'
[LOG 14:50:44.485] PartLoader: Compiling Part 'Squad/Parts/Science/Magnetometer/Magnetometer/Magnetometer'
[LOG 14:50:44.496] PartLoader: Part 'Squad/Parts/Science/Magnetometer/Magnetometer/Magnetometer' has no database record. Creating.
[LOG 14:50:44.496] [DragCubeSystem]: Drag cubes not found or cannot be read for part Part. Generating New drag cubes.
[LOG 14:50:44.496] [KSPCF/DragCubeGeneration] Creating drag cubes for part 'Magnetometer'
[LOG 14:50:44.518] PartLoader: Compiling Part 'Squad/Parts/Science/MaterialBay/materialBay/science_module'
[LOG 14:50:44.526] PartLoader: Part 'Squad/Parts/Science/MaterialBay/materialBay/science_module' has no database record. Creating.
[LOG 14:50:44.526] [DragCubeSystem]: Drag cubes not found or cannot be read for part Part. Generating New drag cubes.
[LOG 14:50:44.526] [KSPCF/DragCubeGeneration] Creating drag cubes for part 'science.module'
[LOG 14:50:44.546] PartLoader: Compiling Part 'Squad/Parts/Science/ScienceBox/ScienceBox/ScienceBox'
[LOG 14:50:44.552] PartLoader: Part 'Squad/Parts/Science/ScienceBox/ScienceBox/ScienceBox' has no database record. Creating.
[LOG 14:50:44.552] [DragCubeSystem]: Drag cubes not found or cannot be read for part Part. Generating New drag cubes.
[LOG 14:50:44.552] [KSPCF/DragCubeGeneration] Creating drag cubes for part 'ScienceBox'
[LOG 14:50:44.557] PartLoader: Compiling Part 'Squad/Parts/Science/sensorAccelerometer/sensorAccelerometer/sensorAccelerometer'
[LOG 14:50:44.565] PartLoader: Part 'Squad/Parts/Science/sensorAccelerometer/sensorAccelerometer/sensorAccelerometer' has no database record. Creating.
[LOG 14:50:44.565] [DragCubeSystem]: Drag cubes not found or cannot be read for part Part. Generating New drag cubes.
[LOG 14:50:44.565] [KSPCF/DragCubeGeneration] Creating drag cubes for part 'sensorAccelerometer'
[LOG 14:50:44.569] PartLoader: Compiling Part 'Squad/Parts/Science/sensorBarometer/sensorBarometer/sensorBarometer'
[LOG 14:50:44.579] PartLoader: Part 'Squad/Parts/Science/sensorBarometer/sensorBarometer/sensorBarometer' has no database record. Creating.
[LOG 14:50:44.579] [DragCubeSystem]: Drag cubes not found or cannot be read for part Part. Generating New drag cubes.
[LOG 14:50:44.579] [KSPCF/DragCubeGeneration] Creating drag cubes for part 'sensorBarometer'
[LOG 14:50:44.583] PartLoader: Compiling Part 'Squad/Parts/Science/sensorGravimeter/sensorGravimeter/sensorGravimeter'
[LOG 14:50:44.595] PartLoader: Part 'Squad/Parts/Science/sensorGravimeter/sensorGravimeter/sensorGravimeter' has no database record. Creating.
[LOG 14:50:44.595] [DragCubeSystem]: Drag cubes not found or cannot be read for part Part. Generating New drag cubes.
[LOG 14:50:44.595] [KSPCF/DragCubeGeneration] Creating drag cubes for part 'sensorGravimeter'
[LOG 14:50:44.599] PartLoader: Compiling Part 'Squad/Parts/Science/sensorThermometer/sensorThermometer/sensorThermometer'
[LOG 14:50:44.603] PartLoader: Part 'Squad/Parts/Science/sensorThermometer/sensorThermometer/sensorThermometer' has no database record. Creating.
[LOG 14:50:44.603] [DragCubeSystem]: Drag cubes not found or cannot be read for part Part. Generating New drag cubes.
[LOG 14:50:44.603] [KSPCF/DragCubeGeneration] Creating drag cubes for part 'sensorThermometer'
[LOG 14:50:44.607] PartLoader: Compiling Part 'Squad/Parts/Structural/FLAdapters/adapterSmallMiniShort/adapterSmallMiniShort'
[LOG 14:50:44.611] PartLoader: Part 'Squad/Parts/Structural/FLAdapters/adapterSmallMiniShort/adapterSmallMiniShort' has no database record. Creating.
[LOG 14:50:44.611] [DragCubeSystem]: Drag cubes not found or cannot be read for part Part. Generating New drag cubes.
[LOG 14:50:44.611] [KSPCF/DragCubeGeneration] Creating drag cubes for part 'adapterSmallMiniShort'
[LOG 14:50:44.615] PartLoader: Compiling Part 'Squad/Parts/Structural/FLAdapters/adapterSmallMiniTall/adapterSmallMiniTall'
[LOG 14:50:44.620] PartLoader: Part 'Squad/Parts/Structural/FLAdapters/adapterSmallMiniTall/adapterSmallMiniTall' has no database record. Creating.
[LOG 14:50:44.620] [DragCubeSystem]: Drag cubes not found or cannot be read for part Part. Generating New drag cubes.
[LOG 14:50:44.620] [KSPCF/DragCubeGeneration] Creating drag cubes for part 'adapterSmallMiniTall'
[LOG 14:50:44.624] PartLoader: Compiling Part 'Squad/Parts/Structural/mk1Parts/engineBodyRadial/radialEngineBody'
[LOG 14:50:44.628] PartLoader: Part 'Squad/Parts/Structural/mk1Parts/engineBodyRadial/radialEngineBody' has no database record. Creating.
[LOG 14:50:44.628] [DragCubeSystem]: Drag cubes not found or cannot be read for part Part. Generating New drag cubes.
[LOG 14:50:44.629] [KSPCF/DragCubeGeneration] Creating drag cubes for part 'radialEngineBody'
[LOG 14:50:44.633] PartLoader: Compiling Part 'Squad/Parts/Structural/mk1Parts/engineNacelle/nacelleBody'
[LOG 14:50:44.637] PartLoader: Part 'Squad/Parts/Structural/mk1Parts/engineNacelle/nacelleBody' has no database record. Creating.
[LOG 14:50:44.637] [DragCubeSystem]: Drag cubes not found or cannot be read for part Part. Generating New drag cubes.
[LOG 14:50:44.637] [KSPCF/DragCubeGeneration] Creating drag cubes for part 'nacelleBody'
[LOG 14:50:44.642] PartLoader: Compiling Part 'Squad/Parts/Structural/mk1Parts/mk1Fuselage/MK1Fuselage'
[LOG 14:50:44.646] PartLoader: Part 'Squad/Parts/Structural/mk1Parts/mk1Fuselage/MK1Fuselage' has no database record. Creating.
[LOG 14:50:44.646] [DragCubeSystem]: Drag cubes not found or cannot be read for part Part. Generating New drag cubes.
[LOG 14:50:44.646] [KSPCF/DragCubeGeneration] Creating drag cubes for part 'MK1Fuselage'
[LOG 14:50:44.650] PartLoader: Compiling Part 'Squad/Parts/Structural/mk1Parts/mk1FuselageIntake/MK1IntakeFuselage'
[LOG 14:50:44.654] PartLoader: Part 'Squad/Parts/Structural/mk1Parts/mk1FuselageIntake/MK1IntakeFuselage' has no database record. Creating.
[LOG 14:50:44.654] [DragCubeSystem]: Drag cubes not found or cannot be read for part Part. Generating New drag cubes.
[LOG 14:50:44.654] [KSPCF/DragCubeGeneration] Creating drag cubes for part 'MK1IntakeFuselage'
[LOG 14:50:44.658] PartLoader: Compiling Part 'Squad/Parts/Structural/mk1Parts/mk1Structural/Mk1FuselageStructural'
[LOG 14:50:44.662] PartLoader: Part 'Squad/Parts/Structural/mk1Parts/mk1Structural/Mk1FuselageStructural' has no database record. Creating.
[LOG 14:50:44.662] PartLoader: Compiling Part 'Squad/Parts/Structural/Size3To2Adapter_v2/Size2to3_v2/Size3To2Adapter_v2'
[LOG 14:50:44.665] PartLoader: Part 'Squad/Parts/Structural/Size3To2Adapter_v2/Size2to3_v2/Size3To2Adapter_v2' has no database record. Creating.
[LOG 14:50:44.666] PartLoader: Compiling Part 'Squad/Parts/Structural/stackAdapters/adapterLargeSmallBi/adapterLargeSmallBi'
[LOG 14:50:44.668] PartLoader: Part 'Squad/Parts/Structural/stackAdapters/adapterLargeSmallBi/adapterLargeSmallBi' has no database record. Creating.
[LOG 14:50:44.669] [DragCubeSystem]: Drag cubes not found or cannot be read for part Part. Generating New drag cubes.
[LOG 14:50:44.669] [KSPCF/DragCubeGeneration] Creating drag cubes for part 'adapterLargeSmallBi'
[LOG 14:50:44.673] PartLoader: Compiling Part 'Squad/Parts/Structural/stackAdapters/adapterLargeSmallQuad/adapterLargeSmallQuad'
[LOG 14:50:44.677] PartLoader: Part 'Squad/Parts/Structural/stackAdapters/adapterLargeSmallQuad/adapterLargeSmallQuad' has no database record. Creating.
[LOG 14:50:44.677] [DragCubeSystem]: Drag cubes not found or cannot be read for part Part. Generating New drag cubes.
[LOG 14:50:44.677] [KSPCF/DragCubeGeneration] Creating drag cubes for part 'adapterLargeSmallQuad'
[LOG 14:50:44.682] PartLoader: Compiling Part 'Squad/Parts/Structural/stackAdapters/adapterLargeSmallTri/adapterLargeSmallTri'
[LOG 14:50:44.686] PartLoader: Part 'Squad/Parts/Structural/stackAdapters/adapterLargeSmallTri/adapterLargeSmallTri' has no database record. Creating.
[LOG 14:50:44.686] [DragCubeSystem]: Drag cubes not found or cannot be read for part Part. Generating New drag cubes.
[LOG 14:50:44.686] [KSPCF/DragCubeGeneration] Creating drag cubes for part 'adapterLargeSmallTri'
[LOG 14:50:44.690] PartLoader: Compiling Part 'Squad/Parts/Structural/stationHub/stationHub/stationHub'
[LOG 14:50:44.694] PartLoader: Part 'Squad/Parts/Structural/stationHub/stationHub/stationHub' has no database record. Creating.
[LOG 14:50:44.694] [DragCubeSystem]: Drag cubes not found or cannot be read for part Part. Generating New drag cubes.
[LOG 14:50:44.694] [KSPCF/DragCubeGeneration] Creating drag cubes for part 'stationHub'
[LOG 14:50:44.699] PartLoader: Compiling Part 'Squad/Parts/Structural/structuralIBeam200/structuralIBeam200/structuralIBeam2'
[LOG 14:50:44.702] PartLoader: Part 'Squad/Parts/Structural/structuralIBeam200/structuralIBeam200/structuralIBeam2' has no database record. Creating.
[LOG 14:50:44.702] [DragCubeSystem]: Drag cubes not found or cannot be read for part Part. Generating New drag cubes.
[LOG 14:50:44.703] [KSPCF/DragCubeGeneration] Creating drag cubes for part 'structuralIBeam2'
[LOG 14:50:44.706] PartLoader: Compiling Part 'Squad/Parts/Structural/structuralIBeam200Pocket/structuralIBeam200Pocket/structuralIBeam3'
[LOG 14:50:44.709] PartLoader: Part 'Squad/Parts/Structural/structuralIBeam200Pocket/structuralIBeam200Pocket/structuralIBeam3' has no database record. Creating.
[LOG 14:50:44.709] [DragCubeSystem]: Drag cubes not found or cannot be read for part Part. Generating New drag cubes.
[LOG 14:50:44.709] [KSPCF/DragCubeGeneration] Creating drag cubes for part 'structuralIBeam3'
[LOG 14:50:44.713] PartLoader: Compiling Part 'Squad/Parts/Structural/structuralIBeam650/structuralIBeam650/structuralIBeam1'
[LOG 14:50:44.718] PartLoader: Part 'Squad/Parts/Structural/structuralIBeam650/structuralIBeam650/structuralIBeam1' has no database record. Creating.
[LOG 14:50:44.718] [DragCubeSystem]: Drag cubes not found or cannot be read for part Part. Generating New drag cubes.
[LOG 14:50:44.718] [KSPCF/DragCubeGeneration] Creating drag cubes for part 'structuralIBeam1'
[LOG 14:50:44.722] PartLoader: Compiling Part 'Squad/Parts/Structural/structuralMicronode/structuralMicronode/structuralMiniNode'
[LOG 14:50:44.725] PartLoader: Part 'Squad/Parts/Structural/structuralMicronode/structuralMicronode/structuralMiniNode' has no database record. Creating.
[LOG 14:50:44.725] [DragCubeSystem]: Drag cubes not found or cannot be read for part Part. Generating New drag cubes.
[LOG 14:50:44.725] [KSPCF/DragCubeGeneration] Creating drag cubes for part 'structuralMiniNode'
[LOG 14:50:44.730] PartLoader: Compiling Part 'Squad/Parts/Structural/structuralPanel1x1/structuralPanel1x1/structuralPanel1'
[LOG 14:50:44.734] PartLoader: Part 'Squad/Parts/Structural/structuralPanel1x1/structuralPanel1x1/structuralPanel1' has no database record. Creating.
[LOG 14:50:44.734] [DragCubeSystem]: Drag cubes not found or cannot be read for part Part. Generating New drag cubes.
[LOG 14:50:44.734] [KSPCF/DragCubeGeneration] Creating drag cubes for part 'structuralPanel1'
[LOG 14:50:44.738] PartLoader: Compiling Part 'Squad/Parts/Structural/structuralPanel2x2/structuralPanel2x2/structuralPanel2'
[LOG 14:50:44.741] PartLoader: Part 'Squad/Parts/Structural/structuralPanel2x2/structuralPanel2x2/structuralPanel2' has no database record. Creating.
[LOG 14:50:44.741] [DragCubeSystem]: Drag cubes not found or cannot be read for part Part. Generating New drag cubes.
[LOG 14:50:44.741] [KSPCF/DragCubeGeneration] Creating drag cubes for part 'structuralPanel2'
[LOG 14:50:44.745] PartLoader: Compiling Part 'Squad/Parts/Structural/structuralPylons/smallHardpoint/smallHardpoint'
[LOG 14:50:44.750] PartLoader: Part 'Squad/Parts/Structural/structuralPylons/smallHardpoint/smallHardpoint' has no database record. Creating.
[LOG 14:50:44.750] [DragCubeSystem]: Drag cubes not found or cannot be read for part Part. Generating New drag cubes.
[LOG 14:50:44.750] [KSPCF/DragCubeGeneration] Creating drag cubes for part 'smallHardpoint'
[LOG 14:50:44.755] PartLoader: Compiling Part 'Squad/Parts/Structural/structuralPylons/structuralPylon/structuralPylon'
[LOG 14:50:44.760] PartLoader: Part 'Squad/Parts/Structural/structuralPylons/structuralPylon/structuralPylon' has no database record. Creating.
[LOG 14:50:44.760] [DragCubeSystem]: Drag cubes not found or cannot be read for part Part. Generating New drag cubes.
[LOG 14:50:44.760] [KSPCF/DragCubeGeneration] Creating drag cubes for part 'structuralPylon'
[LOG 14:50:44.764] PartLoader: Compiling Part 'Squad/Parts/Structural/strutCubicOcto/strutCubicOcto/strutCube'
[LOG 14:50:44.768] PartLoader: Part 'Squad/Parts/Structural/strutCubicOcto/strutCubicOcto/strutCube' has no database record. Creating.
[LOG 14:50:44.768] [DragCubeSystem]: Drag cubes not found or cannot be read for part Part. Generating New drag cubes.
[LOG 14:50:44.768] [KSPCF/DragCubeGeneration] Creating drag cubes for part 'strutCube'
[LOG 14:50:44.772] PartLoader: Compiling Part 'Squad/Parts/Structural/strutOcto/strutOcto/strutOcto'
[LOG 14:50:44.774] PartLoader: Part 'Squad/Parts/Structural/strutOcto/strutOcto/strutOcto' has no database record. Creating.
[LOG 14:50:44.775] [DragCubeSystem]: Drag cubes not found or cannot be read for part Part. Generating New drag cubes.
[LOG 14:50:44.775] [KSPCF/DragCubeGeneration] Creating drag cubes for part 'strutOcto'
[LOG 14:50:44.778] PartLoader: Compiling Part 'Squad/Parts/Structural/trussGirderAdapter/trussGirderAdapter/trussAdapter'
[LOG 14:50:44.781] PartLoader: Part 'Squad/Parts/Structural/trussGirderAdapter/trussGirderAdapter/trussAdapter' has no database record. Creating.
[LOG 14:50:44.781] [DragCubeSystem]: Drag cubes not found or cannot be read for part Part. Generating New drag cubes.
[LOG 14:50:44.781] [KSPCF/DragCubeGeneration] Creating drag cubes for part 'trussAdapter'
[LOG 14:50:44.785] PartLoader: Compiling Part 'Squad/Parts/Structural/trussGirderL/trussGirderL/trussPiece1x'
[LOG 14:50:44.790] PartLoader: Part 'Squad/Parts/Structural/trussGirderL/trussGirderL/trussPiece1x' has no database record. Creating.
[LOG 14:50:44.790] [DragCubeSystem]: Drag cubes not found or cannot be read for part Part. Generating New drag cubes.
[LOG 14:50:44.790] [KSPCF/DragCubeGeneration] Creating drag cubes for part 'trussPiece1x'
[LOG 14:50:44.794] PartLoader: Compiling Part 'Squad/Parts/Structural/trussGirderXL/trussGirderXL/trussPiece3x'
[LOG 14:50:44.797] PartLoader: Part 'Squad/Parts/Structural/trussGirderXL/trussGirderXL/trussPiece3x' has no database record. Creating.
[LOG 14:50:44.797] [DragCubeSystem]: Drag cubes not found or cannot be read for part Part. Generating New drag cubes.
[LOG 14:50:44.797] [KSPCF/DragCubeGeneration] Creating drag cubes for part 'trussPiece3x'
[LOG 14:50:44.801] PartLoader: Compiling Part 'Squad/Parts/Thermal/FoldingRadiators/foldingRadLarge/foldingRadLarge'
[LOG 14:50:44.815] PartLoader: Part 'Squad/Parts/Thermal/FoldingRadiators/foldingRadLarge/foldingRadLarge' has no database record. Creating.
[LOG 14:50:44.817] PartLoader: Compiling Part 'Squad/Parts/Thermal/FoldingRadiators/foldingRadMed/foldingRadMed'
[LOG 14:50:44.822] PartLoader: Part 'Squad/Parts/Thermal/FoldingRadiators/foldingRadMed/foldingRadMed' has no database record. Creating.
[LOG 14:50:44.823] PartLoader: Compiling Part 'Squad/Parts/Thermal/FoldingRadiators/foldingRadSmall/foldingRadSmall'
[LOG 14:50:44.829] PartLoader: Part 'Squad/Parts/Thermal/FoldingRadiators/foldingRadSmall/foldingRadSmall' has no database record. Creating.
[LOG 14:50:44.830] PartLoader: Compiling Part 'Squad/Parts/Thermal/RadiatorPanels/radPanelEdge/radPanelEdge'
[LOG 14:50:44.834] PartLoader: Part 'Squad/Parts/Thermal/RadiatorPanels/radPanelEdge/radPanelEdge' has no database record. Creating.
[LOG 14:50:44.835] [DragCubeSystem]: Drag cubes not found or cannot be read for part Part. Generating New drag cubes.
[LOG 14:50:44.835] [KSPCF/DragCubeGeneration] Creating drag cubes for part 'radPanelEdge'
[LOG 14:50:44.839] PartLoader: Compiling Part 'Squad/Parts/Thermal/RadiatorPanels/radPanelLg/radPanelLg'
[LOG 14:50:44.843] PartLoader: Part 'Squad/Parts/Thermal/RadiatorPanels/radPanelLg/radPanelLg' has no database record. Creating.
[LOG 14:50:44.843] [DragCubeSystem]: Drag cubes not found or cannot be read for part Part. Generating New drag cubes.
[LOG 14:50:44.843] [KSPCF/DragCubeGeneration] Creating drag cubes for part 'radPanelLg'
[LOG 14:50:44.847] PartLoader: Compiling Part 'Squad/Parts/Thermal/RadiatorPanels/radPanelSm/radPanelSm'
[LOG 14:50:44.851] PartLoader: Part 'Squad/Parts/Thermal/RadiatorPanels/radPanelSm/radPanelSm' has no database record. Creating.
[LOG 14:50:44.851] [DragCubeSystem]: Drag cubes not found or cannot be read for part Part. Generating New drag cubes.
[LOG 14:50:44.851] [KSPCF/DragCubeGeneration] Creating drag cubes for part 'radPanelSm'
[LOG 14:50:44.855] PartLoader: Compiling Part 'Squad/Parts/Utility/commDish88-88/commDish88-88/commDish'
[LOG 14:50:44.862] PartLoader: Part 'Squad/Parts/Utility/commDish88-88/commDish88-88/commDish' has no database record. Creating.
[LOG 14:50:44.862] [DragCubeSystem]: Drag cubes not found or cannot be read for part Part. Generating New drag cubes.
[LOG 14:50:44.862] [KSPCF/DragCubeGeneration] Creating drag cubes for part 'commDish'
[LOG 14:50:44.878] PartLoader: Compiling Part 'Squad/Parts/Utility/commsAntennaDTS-M1/commsAntennaDTS-M1/mediumDishAntenna'
[LOG 14:50:44.883] PartLoader: Part 'Squad/Parts/Utility/commsAntennaDTS-M1/commsAntennaDTS-M1/mediumDishAntenna' has no database record. Creating.
[LOG 14:50:44.883] [DragCubeSystem]: Drag cubes not found or cannot be read for part Part. Generating New drag cubes.
[LOG 14:50:44.883] [KSPCF/DragCubeGeneration] Creating drag cubes for part 'mediumDishAntenna'
[LOG 14:50:44.895] PartLoader: Compiling Part 'Squad/Parts/Utility/commsDish16/commsAntenna16/longAntenna'
[LOG 14:50:44.899] PartLoader: Part 'Squad/Parts/Utility/commsDish16/commsAntenna16/longAntenna' has no database record. Creating.
[LOG 14:50:44.899] [DragCubeSystem]: Drag cubes not found or cannot be read for part Part. Generating New drag cubes.
[LOG 14:50:44.899] [KSPCF/DragCubeGeneration] Creating drag cubes for part 'longAntenna'
[LOG 14:50:44.909] PartLoader: Compiling Part 'Squad/Parts/Utility/decouplerRadialHDM/decouplerRadialHDM/radialDecoupler1-2'
[LOG 14:50:44.915] PartLoader: Part 'Squad/Parts/Utility/decouplerRadialHDM/decouplerRadialHDM/radialDecoupler1-2' has no database record. Creating.
[LOG 14:50:44.916] [DragCubeSystem]: Drag cubes not found or cannot be read for part Part. Generating New drag cubes.
[LOG 14:50:44.916] [KSPCF/DragCubeGeneration] Creating drag cubes for part 'radialDecoupler1-2'
[LOG 14:50:44.920] PartLoader: Compiling Part 'Squad/Parts/Utility/decouplerRadialTT-38K/decouplerRadialTT-38K/radialDecoupler'
[LOG 14:50:44.925] PartLoader: Part 'Squad/Parts/Utility/decouplerRadialTT-38K/decouplerRadialTT-38K/radialDecoupler' has no database record. Creating.
[LOG 14:50:44.926] [DragCubeSystem]: Drag cubes not found or cannot be read for part Part. Generating New drag cubes.
[LOG 14:50:44.926] [KSPCF/DragCubeGeneration] Creating drag cubes for part 'radialDecoupler'
[LOG 14:50:44.930] PartLoader: Compiling Part 'Squad/Parts/Utility/decouplerRadialTT-70/decouplerRadialTT-70/radialDecoupler2'
[LOG 14:50:44.934] PartLoader: Part 'Squad/Parts/Utility/decouplerRadialTT-70/decouplerRadialTT-70/radialDecoupler2' has no database record. Creating.
[LOG 14:50:44.934] [DragCubeSystem]: Drag cubes not found or cannot be read for part Part. Generating New drag cubes.
[LOG 14:50:44.934] [KSPCF/DragCubeGeneration] Creating drag cubes for part 'radialDecoupler2'
[LOG 14:50:44.938] PartLoader: Compiling Part 'Squad/Parts/Utility/DirectAntennas/C16S/SurfAntenna'
[LOG 14:50:44.944] PartLoader: Part 'Squad/Parts/Utility/DirectAntennas/C16S/SurfAntenna' has no database record. Creating.
[LOG 14:50:44.944] [DragCubeSystem]: Drag cubes not found or cannot be read for part Part. Generating New drag cubes.
[LOG 14:50:44.944] [KSPCF/DragCubeGeneration] Creating drag cubes for part 'SurfAntenna'
[LOG 14:50:44.949] PartLoader: Compiling Part 'Squad/Parts/Utility/DirectAntennas/HG-5/HighGainAntenna5'
[LOG 14:50:44.954] PartLoader: Part 'Squad/Parts/Utility/DirectAntennas/HG-5/HighGainAntenna5' has no database record. Creating.
[LOG 14:50:44.955] [DragCubeSystem]: Drag cubes not found or cannot be read for part Part. Generating New drag cubes.
[LOG 14:50:44.955] [KSPCF/DragCubeGeneration] Creating drag cubes for part 'HighGainAntenna5'
[LOG 14:50:44.966] PartLoader: Compiling Part 'Squad/Parts/Utility/DirectAntennas/HG-5_v2/HighGainAntenna5_v2'
[LOG 14:50:44.972] PartLoader: Part 'Squad/Parts/Utility/DirectAntennas/HG-5_v2/HighGainAntenna5_v2' has no database record. Creating.
[LOG 14:50:44.972] [DragCubeSystem]: Drag cubes not found or cannot be read for part Part. Generating New drag cubes.
[LOG 14:50:44.972] [KSPCF/DragCubeGeneration] Creating drag cubes for part 'HighGainAntenna5.v2'
[LOG 14:50:44.984] PartLoader: Compiling Part 'Squad/Parts/Utility/dockingPort/dockingPort/dockingPort2'
[LOG 14:50:44.994] PartLoader: Part 'Squad/Parts/Utility/dockingPort/dockingPort/dockingPort2' has no database record. Creating.
[LOG 14:50:44.994] [DragCubeSystem]: Drag cubes not found or cannot be read for part Part. Generating New drag cubes.
[LOG 14:50:44.994] [KSPCF/DragCubeGeneration] Creating drag cubes for part 'dockingPort2'
[LOG 14:50:45.000] PartLoader: Compiling Part 'Squad/Parts/Utility/dockingPortInline/dockingPortInline/dockingPortLateral'
[LOG 14:50:45.007] PartLoader: Part 'Squad/Parts/Utility/dockingPortInline/dockingPortInline/dockingPortLateral' has no database record. Creating.
[LOG 14:50:45.007] [DragCubeSystem]: Drag cubes not found or cannot be read for part Part. Generating New drag cubes.
[LOG 14:50:45.007] [KSPCF/DragCubeGeneration] Creating drag cubes for part 'dockingPortLateral'
[LOG 14:50:45.021] PartLoader: Compiling Part 'Squad/Parts/Utility/dockingPortJr/dockingPortJr/dockingPort3'
[LOG 14:50:45.026] PartLoader: Part 'Squad/Parts/Utility/dockingPortJr/dockingPortJr/dockingPort3' has no database record. Creating.
[LOG 14:50:45.026] [DragCubeSystem]: Drag cubes not found or cannot be read for part Part. Generating New drag cubes.
[LOG 14:50:45.026] [KSPCF/DragCubeGeneration] Creating drag cubes for part 'dockingPort3'
[LOG 14:50:45.031] PartLoader: Compiling Part 'Squad/Parts/Utility/dockingPortShielded/dockingPortShielded/dockingPort1'
[LOG 14:50:45.038] PartLoader: Part 'Squad/Parts/Utility/dockingPortShielded/dockingPortShielded/dockingPort1' has no database record. Creating.
[LOG 14:50:45.038] [DragCubeSystem]: Drag cubes not found or cannot be read for part Part. Generating New drag cubes.
[LOG 14:50:45.038] [KSPCF/DragCubeGeneration] Creating drag cubes for part 'dockingPort1'
[LOG 14:50:45.050] PartLoader: Compiling Part 'Squad/Parts/Utility/dockingPortSr/dockingPortSr/dockingPortLarge'
[LOG 14:50:45.056] PartLoader: Part 'Squad/Parts/Utility/dockingPortSr/dockingPortSr/dockingPortLarge' has no database record. Creating.
[LOG 14:50:45.056] [DragCubeSystem]: Drag cubes not found or cannot be read for part Part. Generating New drag cubes.
[LOG 14:50:45.056] [KSPCF/DragCubeGeneration] Creating drag cubes for part 'dockingPortLarge'
[LOG 14:50:45.062] PartLoader: Compiling Part 'Squad/Parts/Utility/Fireworks/fireworksLauncherBig/fireworksLauncherBig'
[LOG 14:50:45.074] PartLoader: Part 'Squad/Parts/Utility/Fireworks/fireworksLauncherBig/fireworksLauncherBig' has no database record. Creating.
[LOG 14:50:45.074] [DragCubeSystem]: Drag cubes not found or cannot be read for part Part. Generating New drag cubes.
[LOG 14:50:45.074] [KSPCF/DragCubeGeneration] Creating drag cubes for part 'fireworksLauncherBig'
[LOG 14:50:45.079] PartLoader: Compiling Part 'Squad/Parts/Utility/Fireworks/fireworksLauncherSmall/fireworksLauncherSmall'
[LOG 14:50:45.089] PartLoader: Part 'Squad/Parts/Utility/Fireworks/fireworksLauncherSmall/fireworksLauncherSmall' has no database record. Creating.
[LOG 14:50:45.089] [DragCubeSystem]: Drag cubes not found or cannot be read for part Part. Generating New drag cubes.
[LOG 14:50:45.089] [KSPCF/DragCubeGeneration] Creating drag cubes for part 'fireworksLauncherSmall'
[LOG 14:50:45.093] PartLoader: Compiling Part 'Squad/Parts/Utility/flags/flagFlat/flagFlat/flagPartFlat'
[LOG 14:50:45.103] PartLoader: Part 'Squad/Parts/Utility/flags/flagFlat/flagFlat/flagPartFlat' has no database record. Creating.
[LOG 14:50:45.103] [DragCubeSystem]: Drag cubes not found or cannot be read for part Part. Generating New drag cubes.
[LOG 14:50:45.103] [KSPCF/DragCubeGeneration] Creating drag cubes for part 'flagPartFlat'
[LOG 14:50:45.107] PartLoader: Compiling Part 'Squad/Parts/Utility/flags/flagSize0/flagSize0/flagPartSize0'
[LOG 14:50:45.112] PartLoader: Part 'Squad/Parts/Utility/flags/flagSize0/flagSize0/flagPartSize0' has no database record. Creating.
[LOG 14:50:45.112] [DragCubeSystem]: Drag cubes not found or cannot be read for part Part. Generating New drag cubes.
[LOG 14:50:45.112] [KSPCF/DragCubeGeneration] Creating drag cubes for part 'flagPartSize0'
[LOG 14:50:45.116] PartLoader: Compiling Part 'Squad/Parts/Utility/flags/flagSize1/flagSize1/flagPartSize1'
[LOG 14:50:45.123] PartLoader: Part 'Squad/Parts/Utility/flags/flagSize1/flagSize1/flagPartSize1' has no database record. Creating.
[LOG 14:50:45.123] [DragCubeSystem]: Drag cubes not found or cannot be read for part Part. Generating New drag cubes.
[LOG 14:50:45.123] [KSPCF/DragCubeGeneration] Creating drag cubes for part 'flagPartSize1'
[LOG 14:50:45.129] PartLoader: Compiling Part 'Squad/Parts/Utility/flags/flagSize2/flagSize2/flagPartSize2'
[LOG 14:50:45.137] PartLoader: Part 'Squad/Parts/Utility/flags/flagSize2/flagSize2/flagPartSize2' has no database record. Creating.
[LOG 14:50:45.137] [DragCubeSystem]: Drag cubes not found or cannot be read for part Part. Generating New drag cubes.
[LOG 14:50:45.137] [KSPCF/DragCubeGeneration] Creating drag cubes for part 'flagPartSize2'
[LOG 14:50:45.142] PartLoader: Compiling Part 'Squad/Parts/Utility/flags/flagSize3/flagSize3/flagPartSize3'
[LOG 14:50:45.147] PartLoader: Part 'Squad/Parts/Utility/flags/flagSize3/flagSize3/flagPartSize3' has no database record. Creating.
[LOG 14:50:45.147] [DragCubeSystem]: Drag cubes not found or cannot be read for part Part. Generating New drag cubes.
[LOG 14:50:45.147] [KSPCF/DragCubeGeneration] Creating drag cubes for part 'flagPartSize3'
[LOG 14:50:45.151] PartLoader: Compiling Part 'Squad/Parts/Utility/GrapplingDevice/part/GrapplingDevice'
[LOG 14:50:45.167] PartLoader: Part 'Squad/Parts/Utility/GrapplingDevice/part/GrapplingDevice' has no database record. Creating.
[LOG 14:50:45.167] [DragCubeSystem]: Drag cubes not found or cannot be read for part Part. Generating New drag cubes.
[LOG 14:50:45.167] [KSPCF/DragCubeGeneration] Creating drag cubes for part 'GrapplingDevice'
[LOG 14:50:45.185] PartLoader: Compiling Part 'Squad/Parts/Utility/ladderRadial/ladderRadial/ladder1'
[LOG 14:50:45.188] PartLoader: Part 'Squad/Parts/Utility/ladderRadial/ladderRadial/ladder1' has no database record. Creating.
[LOG 14:50:45.188] [DragCubeSystem]: Drag cubes not found or cannot be read for part Part. Generating New drag cubes.
[LOG 14:50:45.188] [KSPCF/DragCubeGeneration] Creating drag cubes for part 'ladder1'
[LOG 14:50:45.193] PartLoader: Compiling Part 'Squad/Parts/Utility/ladderTelescopic/ladderTelescopic/telescopicLadder'
[LOG 14:50:45.200] PartLoader: Part 'Squad/Parts/Utility/ladderTelescopic/ladderTelescopic/telescopicLadder' has no database record. Creating.
[LOG 14:50:45.200] [DragCubeSystem]: Drag cubes not found or cannot be read for part Part. Generating New drag cubes.
[LOG 14:50:45.200] [KSPCF/DragCubeGeneration] Creating drag cubes for part 'telescopicLadder'
[LOG 14:50:45.211] PartLoader: Compiling Part 'Squad/Parts/Utility/ladderTelescopicBay/ladderTelescopicBay/telescopicLadderBay'
[LOG 14:50:45.226] PartLoader: Part 'Squad/Parts/Utility/ladderTelescopicBay/ladderTelescopicBay/telescopicLadderBay' has no database record. Creating.
[LOG 14:50:45.226] [DragCubeSystem]: Drag cubes not found or cannot be read for part Part. Generating New drag cubes.
[LOG 14:50:45.226] [KSPCF/DragCubeGeneration] Creating drag cubes for part 'telescopicLadderBay'
[LOG 14:50:45.239] PartLoader: Compiling Part 'Squad/Parts/Utility/landingLegLT-1/landingLegLT-1/landingLeg1'
[LOG 14:50:45.266] PartLoader: Part 'Squad/Parts/Utility/landingLegLT-1/landingLegLT-1/landingLeg1' has no database record. Creating.
[LOG 14:50:45.266] [DragCubeSystem]: Drag cubes not found or cannot be read for part Part. Generating New drag cubes.
[LOG 14:50:45.266] [KSPCF/DragCubeGeneration] Creating drag cubes for part 'landingLeg1'
[LOG 14:50:45.278] PartLoader: Compiling Part 'Squad/Parts/Utility/landingLegLT-2/landingLegLT-2/landingLeg1-2'
[LOG 14:50:45.285] PartLoader: Part 'Squad/Parts/Utility/landingLegLT-2/landingLegLT-2/landingLeg1-2' has no database record. Creating.
[LOG 14:50:45.285] [DragCubeSystem]: Drag cubes not found or cannot be read for part Part. Generating New drag cubes.
[LOG 14:50:45.285] [KSPCF/DragCubeGeneration] Creating drag cubes for part 'landingLeg1-2'
[LOG 14:50:45.296] PartLoader: Compiling Part 'Squad/Parts/Utility/landingLegLT-5/landingLegLT-5/miniLandingLeg'
[LOG 14:50:45.303] PartLoader: Part 'Squad/Parts/Utility/landingLegLT-5/landingLegLT-5/miniLandingLeg' has no database record. Creating.
[LOG 14:50:45.303] [DragCubeSystem]: Drag cubes not found or cannot be read for part Part. Generating New drag cubes.
[LOG 14:50:45.303] [KSPCF/DragCubeGeneration] Creating drag cubes for part 'miniLandingLeg'
[LOG 14:50:45.315] PartLoader: Compiling Part 'Squad/Parts/Utility/launchClamp1/launchClamp1/launchClamp1'
[LOG 14:50:45.322] PartLoader: Part 'Squad/Parts/Utility/launchClamp1/launchClamp1/launchClamp1' has no database record. Creating.
[LOG 14:50:45.322] [DragCubeSystem]: Drag cubes not found or cannot be read for part Part. Generating New drag cubes.
[LOG 14:50:45.322] [KSPCF/DragCubeGeneration] Creating drag cubes for part 'launchClamp1'
[LOG 14:50:45.327] PartLoader: Compiling Part 'Squad/Parts/Utility/launchEscapeSystem/part/LaunchEscapeSystem'
[LOG 14:50:45.334] PartLoader: Part 'Squad/Parts/Utility/launchEscapeSystem/part/LaunchEscapeSystem' has no database record. Creating.
[LOG 14:50:45.334] [DragCubeSystem]: Drag cubes not found or cannot be read for part Part. Generating New drag cubes.
[LOG 14:50:45.334] [KSPCF/DragCubeGeneration] Creating drag cubes for part 'LaunchEscapeSystem'
[LOG 14:50:45.339] PartLoader: Compiling Part 'Squad/Parts/Utility/Lights/domeLight1/domeLight1'
[LOG 14:50:45.345] PartLoader: Part 'Squad/Parts/Utility/Lights/domeLight1/domeLight1' has no database record. Creating.
[LOG 14:50:45.345] [DragCubeSystem]: Drag cubes not found or cannot be read for part Part. Generating New drag cubes.
[LOG 14:50:45.345] [KSPCF/DragCubeGeneration] Creating drag cubes for part 'domeLight1'
[LOG 14:50:45.350] PartLoader: Compiling Part 'Squad/Parts/Utility/Lights/groundLight1/groundLight1'
[LOG 14:50:45.355] PartLoader: Part 'Squad/Parts/Utility/Lights/groundLight1/groundLight1' has no database record. Creating.
[LOG 14:50:45.355] [DragCubeSystem]: Drag cubes not found or cannot be read for part Part. Generating New drag cubes.
[LOG 14:50:45.355] [KSPCF/DragCubeGeneration] Creating drag cubes for part 'groundLight1'
[LOG 14:50:45.360] PartLoader: Compiling Part 'Squad/Parts/Utility/Lights/groundLight2/groundLight2'
[LOG 14:50:45.365] PartLoader: Part 'Squad/Parts/Utility/Lights/groundLight2/groundLight2' has no database record. Creating.
[LOG 14:50:45.365] [DragCubeSystem]: Drag cubes not found or cannot be read for part Part. Generating New drag cubes.
[LOG 14:50:45.365] [KSPCF/DragCubeGeneration] Creating drag cubes for part 'groundLight2'
[LOG 14:50:45.369] PartLoader: Compiling Part 'Squad/Parts/Utility/Lights/navLight1/navLight1'
[LOG 14:50:45.374] PartLoader: Part 'Squad/Parts/Utility/Lights/navLight1/navLight1' has no database record. Creating.
[LOG 14:50:45.375] [DragCubeSystem]: Drag cubes not found or cannot be read for part Part. Generating New drag cubes.
[LOG 14:50:45.375] [KSPCF/DragCubeGeneration] Creating drag cubes for part 'navLight1'
[LOG 14:50:45.380] PartLoader: Compiling Part 'Squad/Parts/Utility/Lights/spotLight1/spotLight3'
[LOG 14:50:45.386] PartLoader: Part 'Squad/Parts/Utility/Lights/spotLight1/spotLight3' has no database record. Creating.
[LOG 14:50:45.386] [DragCubeSystem]: Drag cubes not found or cannot be read for part Part. Generating New drag cubes.
[LOG 14:50:45.386] [KSPCF/DragCubeGeneration] Creating drag cubes for part 'spotLight3'
[LOG 14:50:45.390] PartLoader: Compiling Part 'Squad/Parts/Utility/Lights/stripLight1/stripLight1'
[LOG 14:50:45.394] PartLoader: Part 'Squad/Parts/Utility/Lights/stripLight1/stripLight1' has no database record. Creating.
[LOG 14:50:45.394] [DragCubeSystem]: Drag cubes not found or cannot be read for part Part. Generating New drag cubes.
[LOG 14:50:45.395] [KSPCF/DragCubeGeneration] Creating drag cubes for part 'stripLight1'
[LOG 14:50:45.399] PartLoader: Compiling Part 'Squad/Parts/Utility/linearVernorRCS/linearRCS/linearRcs'
[LOG 14:50:45.407] PartLoader: Part 'Squad/Parts/Utility/linearVernorRCS/linearRCS/linearRcs' has no database record. Creating.
[LOG 14:50:45.407] [DragCubeSystem]: Drag cubes not found or cannot be read for part Part. Generating New drag cubes.
[LOG 14:50:45.407] [KSPCF/DragCubeGeneration] Creating drag cubes for part 'linearRcs'
[LOG 14:50:45.412] PartLoader: Compiling Part 'Squad/Parts/Utility/linearVernorRCS/vernorEngine/vernierEngine'
[LOG 14:50:45.417] PartLoader: Part 'Squad/Parts/Utility/linearVernorRCS/vernorEngine/vernierEngine' has no database record. Creating.
[LOG 14:50:45.417] [DragCubeSystem]: Drag cubes not found or cannot be read for part Part. Generating New drag cubes.
[LOG 14:50:45.418] [KSPCF/DragCubeGeneration] Creating drag cubes for part 'vernierEngine'
[LOG 14:50:45.422] PartLoader: Compiling Part 'Squad/Parts/Utility/mk2CargoBay/BayL/mk2CargoBayL'
[LOG 14:50:45.427] PartLoader: Part 'Squad/Parts/Utility/mk2CargoBay/BayL/mk2CargoBayL' has no database record. Creating.
[LOG 14:50:45.428] PartLoader: Compiling Part 'Squad/Parts/Utility/mk2CargoBay/BayS/mk2CargoBayS'
[LOG 14:50:45.432] PartLoader: Part 'Squad/Parts/Utility/mk2CargoBay/BayS/mk2CargoBayS' has no database record. Creating.
[LOG 14:50:45.432] PartLoader: Compiling Part 'Squad/Parts/Utility/mk2CrewCabin/mk2CrewCabin/mk2CrewCabin'
[WRN 14:50:45.435] [Part]: Cannot have ModuleCargoPart and ModuleInventoryPart on same Part [mk2CrewCabin'. Removed ModuleCargoPart
[LOG 14:50:45.437] PartLoader: Part 'Squad/Parts/Utility/mk2CrewCabin/mk2CrewCabin/mk2CrewCabin' has no database record. Creating.
[LOG 14:50:45.437] [DragCubeSystem]: Drag cubes not found or cannot be read for part Part. Generating New drag cubes.
[LOG 14:50:45.437] [KSPCF/DragCubeGeneration] Creating drag cubes for part 'mk2CrewCabin'
[LOG 14:50:45.442] PartLoader: Compiling Part 'Squad/Parts/Utility/mk2DockingPort/mk2DockingPort/mk2DockingPort'
[LOG 14:50:45.449] PartLoader: Part 'Squad/Parts/Utility/mk2DockingPort/mk2DockingPort/mk2DockingPort' has no database record. Creating.
[LOG 14:50:45.449] PartLoader: Compiling Part 'Squad/Parts/Utility/mk3CargoBay/long/mk3CargoBayL'
[LOG 14:50:45.453] PartLoader: Part 'Squad/Parts/Utility/mk3CargoBay/long/mk3CargoBayL' has no database record. Creating.
[LOG 14:50:45.453] PartLoader: Compiling Part 'Squad/Parts/Utility/mk3CargoBay/medium/mk3CargoBayM'
[LOG 14:50:45.456] PartLoader: Part 'Squad/Parts/Utility/mk3CargoBay/medium/mk3CargoBayM' has no database record. Creating.
[LOG 14:50:45.456] PartLoader: Compiling Part 'Squad/Parts/Utility/mk3CargoBay/ramp/mk3CargoRamp'
[LOG 14:50:45.460] PartLoader: Part 'Squad/Parts/Utility/mk3CargoBay/ramp/mk3CargoRamp' has no database record. Creating.
[LOG 14:50:45.461] PartLoader: Compiling Part 'Squad/Parts/Utility/mk3CargoBay/short/mk3CargoBayS'
[LOG 14:50:45.466] PartLoader: Part 'Squad/Parts/Utility/mk3CargoBay/short/mk3CargoBayS' has no database record. Creating.
[LOG 14:50:45.466] PartLoader: Compiling Part 'Squad/Parts/Utility/parachuteMk1/parachuteMk1/parachuteSingle'
[LOG 14:50:45.481] PartLoader: Part 'Squad/Parts/Utility/parachuteMk1/parachuteMk1/parachuteSingle' has no database record. Creating.
[LOG 14:50:45.481] [DragCubeSystem]: Drag cubes not found or cannot be read for part Part. Generating New drag cubes.
[LOG 14:50:45.481] [KSPCF/DragCubeGeneration] Creating drag cubes for part 'parachuteSingle'
[LOG 14:50:45.500] PartLoader: Compiling Part 'Squad/Parts/Utility/parachuteMk12-R/parachuteMk12-R/radialDrogue'
[LOG 14:50:45.504] PartLoader: Part 'Squad/Parts/Utility/parachuteMk12-R/parachuteMk12-R/radialDrogue' has no database record. Creating.
[LOG 14:50:45.504] [DragCubeSystem]: Drag cubes not found or cannot be read for part Part. Generating New drag cubes.
[LOG 14:50:45.505] [KSPCF/DragCubeGeneration] Creating drag cubes for part 'radialDrogue'
[LOG 14:50:45.520] PartLoader: Compiling Part 'Squad/Parts/Utility/parachuteMk16-XL/parachuteMk16-XL/parachuteLarge'
[LOG 14:50:45.524] PartLoader: Part 'Squad/Parts/Utility/parachuteMk16-XL/parachuteMk16-XL/parachuteLarge' has no database record. Creating.
[LOG 14:50:45.524] [DragCubeSystem]: Drag cubes not found or cannot be read for part Part. Generating New drag cubes.
[LOG 14:50:45.524] [KSPCF/DragCubeGeneration] Creating drag cubes for part 'parachuteLarge'
[LOG 14:50:45.539] PartLoader: Compiling Part 'Squad/Parts/Utility/parachuteMk2-R/parachuteMk2-R/parachuteRadial'
[LOG 14:50:45.544] PartLoader: Part 'Squad/Parts/Utility/parachuteMk2-R/parachuteMk2-R/parachuteRadial' has no database record. Creating.
[LOG 14:50:45.545] [DragCubeSystem]: Drag cubes not found or cannot be read for part Part. Generating New drag cubes.
[LOG 14:50:45.545] [KSPCF/DragCubeGeneration] Creating drag cubes for part 'parachuteRadial'
[LOG 14:50:45.560] PartLoader: Compiling Part 'Squad/Parts/Utility/parachuteMk25/parachuteMk25/parachuteDrogue'
[LOG 14:50:45.565] PartLoader: Part 'Squad/Parts/Utility/parachuteMk25/parachuteMk25/parachuteDrogue' has no database record. Creating.
[LOG 14:50:45.565] [DragCubeSystem]: Drag cubes not found or cannot be read for part Part. Generating New drag cubes.
[LOG 14:50:45.565] [KSPCF/DragCubeGeneration] Creating drag cubes for part 'parachuteDrogue'
[LOG 14:50:45.579] PartLoader: Compiling Part 'Squad/Parts/Utility/radialAttachmentPoint/radialAttachmentPoint/stackPoint1'
[LOG 14:50:45.582] PartLoader: Part 'Squad/Parts/Utility/radialAttachmentPoint/radialAttachmentPoint/stackPoint1' has no database record. Creating.
[LOG 14:50:45.582] [DragCubeSystem]: Drag cubes not found or cannot be read for part Part. Generating New drag cubes.
[LOG 14:50:45.582] [KSPCF/DragCubeGeneration] Creating drag cubes for part 'stackPoint1'
[LOG 14:50:45.586] PartLoader: Compiling Part 'Squad/Parts/Utility/rcsBlockRV-105_v2/rcsBlockRV-105/RCSBlock_v2'
[LOG 14:50:45.594] PartLoader: Part 'Squad/Parts/Utility/rcsBlockRV-105_v2/rcsBlockRV-105/RCSBlock_v2' has no database record. Creating.
[LOG 14:50:45.594] [DragCubeSystem]: Drag cubes not found or cannot be read for part Part. Generating New drag cubes.
[LOG 14:50:45.594] [KSPCF/DragCubeGeneration] Creating drag cubes for part 'RCSBlock.v2'
[LOG 14:50:45.619] PartLoader: Compiling Part 'Squad/Parts/Utility/rcsBlockRV-105_v2/RCSblock_01_small/RCSblock_01_small'
[LOG 14:50:45.631] PartLoader: Part 'Squad/Parts/Utility/rcsBlockRV-105_v2/RCSblock_01_small/RCSblock_01_small' has no database record. Creating.
[LOG 14:50:45.631] [DragCubeSystem]: Drag cubes not found or cannot be read for part Part. Generating New drag cubes.
[LOG 14:50:45.631] [KSPCF/DragCubeGeneration] Creating drag cubes for part 'RCSblock.01.small'
[LOG 14:50:45.656] PartLoader: Compiling Part 'Squad/Parts/Utility/rcsSmallLinear/RCSLinearSmall/RCSLinearSmall'
[LOG 14:50:45.663] PartLoader: Part 'Squad/Parts/Utility/rcsSmallLinear/RCSLinearSmall/RCSLinearSmall' has no database record. Creating.
[LOG 14:50:45.664] [DragCubeSystem]: Drag cubes not found or cannot be read for part Part. Generating New drag cubes.
[LOG 14:50:45.664] [KSPCF/DragCubeGeneration] Creating drag cubes for part 'RCSLinearSmall'
[LOG 14:50:45.676] PartLoader: Compiling Part 'Squad/Parts/Utility/RelayAntennas/RA-100/RelayAntenna100'
[LOG 14:50:45.680] PartLoader: Part 'Squad/Parts/Utility/RelayAntennas/RA-100/RelayAntenna100' has no database record. Creating.
[LOG 14:50:45.680] [DragCubeSystem]: Drag cubes not found or cannot be read for part Part. Generating New drag cubes.
[LOG 14:50:45.680] [KSPCF/DragCubeGeneration] Creating drag cubes for part 'RelayAntenna100'
[LOG 14:50:45.685] PartLoader: Compiling Part 'Squad/Parts/Utility/RelayAntennas/RA-5/RelayAntenna5'
[LOG 14:50:45.689] PartLoader: Part 'Squad/Parts/Utility/RelayAntennas/RA-5/RelayAntenna5' has no database record. Creating.
[LOG 14:50:45.689] [DragCubeSystem]: Drag cubes not found or cannot be read for part Part. Generating New drag cubes.
[LOG 14:50:45.690] [KSPCF/DragCubeGeneration] Creating drag cubes for part 'RelayAntenna5'
[LOG 14:50:45.694] PartLoader: Compiling Part 'Squad/Parts/Utility/RelayAntennas/RA-50/RelayAntenna50'
[LOG 14:50:45.698] PartLoader: Part 'Squad/Parts/Utility/RelayAntennas/RA-50/RelayAntenna50' has no database record. Creating.
[LOG 14:50:45.698] [DragCubeSystem]: Drag cubes not found or cannot be read for part Part. Generating New drag cubes.
[LOG 14:50:45.698] [KSPCF/DragCubeGeneration] Creating drag cubes for part 'RelayAntenna50'
[LOG 14:50:45.703] PartLoader: Compiling Part 'Squad/Parts/Utility/rockomaxAdapters/largeAdapter/largeAdapter'
[LOG 14:50:45.708] PartLoader: Part 'Squad/Parts/Utility/rockomaxAdapters/largeAdapter/largeAdapter' has no database record. Creating.
[LOG 14:50:45.708] [DragCubeSystem]: Drag cubes not found or cannot be read for part Part. Generating New drag cubes.
[LOG 14:50:45.708] [KSPCF/DragCubeGeneration] Creating drag cubes for part 'largeAdapter'
[LOG 14:50:45.712] PartLoader: Compiling Part 'Squad/Parts/Utility/rockomaxAdapters/largeAdapterShort/largeAdapter2'
[LOG 14:50:45.716] PartLoader: Part 'Squad/Parts/Utility/rockomaxAdapters/largeAdapterShort/largeAdapter2' has no database record. Creating.
[LOG 14:50:45.716] [DragCubeSystem]: Drag cubes not found or cannot be read for part Part. Generating New drag cubes.
[LOG 14:50:45.716] [KSPCF/DragCubeGeneration] Creating drag cubes for part 'largeAdapter2'
[LOG 14:50:45.720] PartLoader: Compiling Part 'Squad/Parts/Utility/ServiceBay_v2/ServiceBay_125_v2/ServiceBay_125_v2'
[LOG 14:50:45.725] PartLoader: Part 'Squad/Parts/Utility/ServiceBay_v2/ServiceBay_125_v2/ServiceBay_125_v2' has no database record. Creating.
[LOG 14:50:45.725] [DragCubeSystem]: Drag cubes not found or cannot be read for part Part. Generating New drag cubes.
[LOG 14:50:45.725] [KSPCF/DragCubeGeneration] Creating drag cubes for part 'ServiceBay.125.v2'
[LOG 14:50:45.737] PartLoader: Compiling Part 'Squad/Parts/Utility/ServiceBay_v2/ServiceBay_250_v2/ServiceBay_250_v2'
[LOG 14:50:45.742] PartLoader: Part 'Squad/Parts/Utility/ServiceBay_v2/ServiceBay_250_v2/ServiceBay_250_v2' has no database record. Creating.
[LOG 14:50:45.742] [DragCubeSystem]: Drag cubes not found or cannot be read for part Part. Generating New drag cubes.
[LOG 14:50:45.743] [KSPCF/DragCubeGeneration] Creating drag cubes for part 'ServiceBay.250.v2'
[LOG 14:50:45.755] PartLoader: Compiling Part 'Squad/Parts/Utility/smallClaw/smallClaw/smallClaw'
[LOG 14:50:45.763] PartLoader: Part 'Squad/Parts/Utility/smallClaw/smallClaw/smallClaw' has no database record. Creating.
[LOG 14:50:45.763] [DragCubeSystem]: Drag cubes not found or cannot be read for part Part. Generating New drag cubes.
[LOG 14:50:45.763] [KSPCF/DragCubeGeneration] Creating drag cubes for part 'smallClaw'
[LOG 14:50:45.781] PartLoader: Compiling Part 'Squad/Parts/Utility/spotLightMk1/spotLightMk1/spotLight1'
[LOG 14:50:45.786] PartLoader: Part 'Squad/Parts/Utility/spotLightMk1/spotLightMk1/spotLight1' has no database record. Creating.
[LOG 14:50:45.786] [DragCubeSystem]: Drag cubes not found or cannot be read for part Part. Generating New drag cubes.
[LOG 14:50:45.786] [KSPCF/DragCubeGeneration] Creating drag cubes for part 'spotLight1'
[LOG 14:50:45.790] PartLoader: Compiling Part 'Squad/Parts/Utility/spotLightMk1_v2/spotLightMk1_v2/spotLight1_v2'
[LOG 14:50:45.794] PartLoader: Part 'Squad/Parts/Utility/spotLightMk1_v2/spotLightMk1_v2/spotLight1_v2' has no database record. Creating.
[LOG 14:50:45.794] [DragCubeSystem]: Drag cubes not found or cannot be read for part Part. Generating New drag cubes.
[LOG 14:50:45.794] [KSPCF/DragCubeGeneration] Creating drag cubes for part 'spotLight1.v2'
[LOG 14:50:45.799] PartLoader: Compiling Part 'Squad/Parts/Utility/spotLightMk2/spotLightMk2/spotLight2'
[LOG 14:50:45.803] PartLoader: Part 'Squad/Parts/Utility/spotLightMk2/spotLightMk2/spotLight2' has no database record. Creating.
[LOG 14:50:45.803] [DragCubeSystem]: Drag cubes not found or cannot be read for part Part. Generating New drag cubes.
[LOG 14:50:45.803] [KSPCF/DragCubeGeneration] Creating drag cubes for part 'spotLight2'
[LOG 14:50:45.809] PartLoader: Compiling Part 'Squad/Parts/Utility/spotLightMk2_v2/spotLightMk2_v2/spotLight2_v2'
[LOG 14:50:45.817] PartLoader: Part 'Squad/Parts/Utility/spotLightMk2_v2/spotLightMk2_v2/spotLight2_v2' has no database record. Creating.
[LOG 14:50:45.817] [DragCubeSystem]: Drag cubes not found or cannot be read for part Part. Generating New drag cubes.
[LOG 14:50:45.817] [KSPCF/DragCubeGeneration] Creating drag cubes for part 'spotLight2.v2'
[LOG 14:50:45.822] PartLoader: Compiling Part 'Squad/Parts/Utility/stackCouplers/stackBiCoupler_v2/stackBiCoupler_v2'
[LOG 14:50:45.826] PartLoader: Part 'Squad/Parts/Utility/stackCouplers/stackBiCoupler_v2/stackBiCoupler_v2' has no database record. Creating.
[LOG 14:50:45.826] [DragCubeSystem]: Drag cubes not found or cannot be read for part Part. Generating New drag cubes.
[LOG 14:50:45.826] [KSPCF/DragCubeGeneration] Creating drag cubes for part 'stackBiCoupler.v2'
[LOG 14:50:45.830] PartLoader: Compiling Part 'Squad/Parts/Utility/stackCouplers/stackQuadCoupler/stackQuadCoupler'
[LOG 14:50:45.834] PartLoader: Part 'Squad/Parts/Utility/stackCouplers/stackQuadCoupler/stackQuadCoupler' has no database record. Creating.
[LOG 14:50:45.834] [DragCubeSystem]: Drag cubes not found or cannot be read for part Part. Generating New drag cubes.
[LOG 14:50:45.834] [KSPCF/DragCubeGeneration] Creating drag cubes for part 'stackQuadCoupler'
[LOG 14:50:45.838] PartLoader: Compiling Part 'Squad/Parts/Utility/stackCouplers/stackTriCoupler_v2/stackTriCoupler_v2'
[LOG 14:50:45.842] PartLoader: Part 'Squad/Parts/Utility/stackCouplers/stackTriCoupler_v2/stackTriCoupler_v2' has no database record. Creating.
[LOG 14:50:45.842] [DragCubeSystem]: Drag cubes not found or cannot be read for part Part. Generating New drag cubes.
[LOG 14:50:45.843] [KSPCF/DragCubeGeneration] Creating drag cubes for part 'stackTriCoupler.v2'
[LOG 14:50:45.847] PartLoader: Compiling Part 'Squad/Parts/Wheel/LandingGear/GearExtraLarge/GearLarge'
[LOG 14:50:45.866] PartLoader: Part 'Squad/Parts/Wheel/LandingGear/GearExtraLarge/GearLarge' has no database record. Creating.
[LOG 14:50:45.867] [DragCubeSystem]: Drag cubes not found or cannot be read for part Part. Generating New drag cubes.
[LOG 14:50:45.867] [KSPCF/DragCubeGeneration] Creating drag cubes for part 'GearLarge'
[LOG 14:50:45.885] PartLoader: Compiling Part 'Squad/Parts/Wheel/LandingGear/GearFixed/GearFixed'
[LOG 14:50:45.893] PartLoader: Part 'Squad/Parts/Wheel/LandingGear/GearFixed/GearFixed' has no database record. Creating.
[LOG 14:50:45.893] [DragCubeSystem]: Drag cubes not found or cannot be read for part Part. Generating New drag cubes.
[LOG 14:50:45.893] [KSPCF/DragCubeGeneration] Creating drag cubes for part 'GearFixed'
[LOG 14:50:45.897] PartLoader: Compiling Part 'Squad/Parts/Wheel/LandingGear/GearFree/GearFree'
[LOG 14:50:45.914] PartLoader: Part 'Squad/Parts/Wheel/LandingGear/GearFree/GearFree' has no database record. Creating.
[LOG 14:50:45.914] [DragCubeSystem]: Drag cubes not found or cannot be read for part Part. Generating New drag cubes.
[LOG 14:50:45.915] [KSPCF/DragCubeGeneration] Creating drag cubes for part 'GearFree'
[LOG 14:50:45.920] PartLoader: Compiling Part 'Squad/Parts/Wheel/LandingGear/GearLarge/GearMedium'
[LOG 14:50:45.933] PartLoader: Part 'Squad/Parts/Wheel/LandingGear/GearLarge/GearMedium' has no database record. Creating.
[LOG 14:50:45.934] [DragCubeSystem]: Drag cubes not found or cannot be read for part Part. Generating New drag cubes.
[LOG 14:50:45.934] [KSPCF/DragCubeGeneration] Creating drag cubes for part 'GearMedium'
[LOG 14:50:45.962] PartLoader: Compiling Part 'Squad/Parts/Wheel/LandingGear/GearMedium/GearSmall'
[LOG 14:50:45.972] PartLoader: Part 'Squad/Parts/Wheel/LandingGear/GearMedium/GearSmall' has no database record. Creating.
[LOG 14:50:45.973] [DragCubeSystem]: Drag cubes not found or cannot be read for part Part. Generating New drag cubes.
[LOG 14:50:45.973] [KSPCF/DragCubeGeneration] Creating drag cubes for part 'GearSmall'
[LOG 14:50:45.987] PartLoader: Compiling Part 'Squad/Parts/Wheel/LandingGear/GearSmall/SmallGearBay'
[LOG 14:50:45.998] PartLoader: Part 'Squad/Parts/Wheel/LandingGear/GearSmall/SmallGearBay' has no database record. Creating.
[LOG 14:50:45.998] [DragCubeSystem]: Drag cubes not found or cannot be read for part Part. Generating New drag cubes.
[LOG 14:50:45.998] [KSPCF/DragCubeGeneration] Creating drag cubes for part 'SmallGearBay'
[LOG 14:50:46.012] PartLoader: Compiling Part 'Squad/Parts/Wheel/roverWheelM1/roverWheelM1/roverWheel1'
[LOG 14:50:46.024] PartLoader: Part 'Squad/Parts/Wheel/roverWheelM1/roverWheelM1/roverWheel1' has no database record. Creating.
[LOG 14:50:46.024] [DragCubeSystem]: Drag cubes not found or cannot be read for part Part. Generating New drag cubes.
[LOG 14:50:46.024] [KSPCF/DragCubeGeneration] Creating drag cubes for part 'roverWheel1'
[LOG 14:50:46.030] PartLoader: Compiling Part 'Squad/Parts/Wheel/roverWheelS2/roverWheelS2/roverWheel2'
[LOG 14:50:46.039] PartLoader: Part 'Squad/Parts/Wheel/roverWheelS2/roverWheelS2/roverWheel2' has no database record. Creating.
[LOG 14:50:46.039] [DragCubeSystem]: Drag cubes not found or cannot be read for part Part. Generating New drag cubes.
[LOG 14:50:46.039] [KSPCF/DragCubeGeneration] Creating drag cubes for part 'roverWheel2'
[LOG 14:50:46.045] PartLoader: Compiling Part 'Squad/Parts/Wheel/roverWheelTR-2L/roverWheelTR-2L/wheelMed'
[LOG 14:50:46.055] PartLoader: Part 'Squad/Parts/Wheel/roverWheelTR-2L/roverWheelTR-2L/wheelMed' has no database record. Creating.
[LOG 14:50:46.056] [DragCubeSystem]: Drag cubes not found or cannot be read for part Part. Generating New drag cubes.
[LOG 14:50:46.056] [KSPCF/DragCubeGeneration] Creating drag cubes for part 'wheelMed'
[LOG 14:50:46.062] PartLoader: Compiling Part 'Squad/Parts/Wheel/roverWheelXL3/roverWheelXL3/roverWheel3'
[LOG 14:50:46.070] PartLoader: Part 'Squad/Parts/Wheel/roverWheelXL3/roverWheelXL3/roverWheel3' has no database record. Creating.
[LOG 14:50:46.070] [DragCubeSystem]: Drag cubes not found or cannot be read for part Part. Generating New drag cubes.
[LOG 14:50:46.070] [KSPCF/DragCubeGeneration] Creating drag cubes for part 'roverWheel3'
[LOG 14:50:46.076] PartLoader: Compiling Part 'SquadExpansion/MakingHistory/Parts/Aero/protectiveRocketNoseMk16/rocketNoseCone_size4/rocketNoseConeSize4'
[LOG 14:50:46.080] PartLoader: Part 'SquadExpansion/MakingHistory/Parts/Aero/protectiveRocketNoseMk16/rocketNoseCone_size4/rocketNoseConeSize4' has no database record. Creating.
[LOG 14:50:46.080] [DragCubeSystem]: Drag cubes not found or cannot be read for part Part. Generating New drag cubes.
[LOG 14:50:46.080] [KSPCF/DragCubeGeneration] Creating drag cubes for part 'rocketNoseConeSize4'
[LOG 14:50:46.085] PartLoader: Compiling Part 'SquadExpansion/MakingHistory/Parts/Aero/protectiveRocketNoseMk5A/Size_1_5_Cone/Size_1_5_Cone'
[LOG 14:50:46.089] PartLoader: Part 'SquadExpansion/MakingHistory/Parts/Aero/protectiveRocketNoseMk5A/Size_1_5_Cone/Size_1_5_Cone' has no database record. Creating.
[LOG 14:50:46.089] [DragCubeSystem]: Drag cubes not found or cannot be read for part Part. Generating New drag cubes.
[LOG 14:50:46.089] [KSPCF/DragCubeGeneration] Creating drag cubes for part 'Size.1.5.Cone'
[LOG 14:50:46.094] PartLoader: Compiling Part 'SquadExpansion/MakingHistory/Parts/Coupling/Decoupler_1p5/Decoupler_1p5'
[LOG 14:50:46.098] PartLoader: Part 'SquadExpansion/MakingHistory/Parts/Coupling/Decoupler_1p5/Decoupler_1p5' has no database record. Creating.
[LOG 14:50:46.099] PartLoader: Compiling Part 'SquadExpansion/MakingHistory/Parts/Coupling/Decoupler_4/Decoupler_4'
[LOG 14:50:46.103] PartLoader: Part 'SquadExpansion/MakingHistory/Parts/Coupling/Decoupler_4/Decoupler_4' has no database record. Creating.
[LOG 14:50:46.103] PartLoader: Compiling Part 'SquadExpansion/MakingHistory/Parts/Coupling/EnginePlate_1p5/EnginePlate1p5'
[LOG 14:50:46.114] PartLoader: Part 'SquadExpansion/MakingHistory/Parts/Coupling/EnginePlate_1p5/EnginePlate1p5' has no database record. Creating.
[LOG 14:50:46.114] [DragCubeSystem]: Drag cubes not found or cannot be read for part Part. Generating New drag cubes.
[LOG 14:50:46.114] [KSPCF/DragCubeGeneration] Part 'EnginePlate1p5' has defined a procedural drag cube setup
[LOG 14:50:46.114] PartLoader: Compiling Part 'SquadExpansion/MakingHistory/Parts/Coupling/EnginePlate_2/EnginePlate2'
[LOG 14:50:46.122] PartLoader: Part 'SquadExpansion/MakingHistory/Parts/Coupling/EnginePlate_2/EnginePlate2' has no database record. Creating.
[LOG 14:50:46.122] [DragCubeSystem]: Drag cubes not found or cannot be read for part Part. Generating New drag cubes.
[LOG 14:50:46.122] [KSPCF/DragCubeGeneration] Part 'EnginePlate2' has defined a procedural drag cube setup
[LOG 14:50:46.122] PartLoader: Compiling Part 'SquadExpansion/MakingHistory/Parts/Coupling/EnginePlate_3/EnginePlate3'
[LOG 14:50:46.128] PartLoader: Part 'SquadExpansion/MakingHistory/Parts/Coupling/EnginePlate_3/EnginePlate3' has no database record. Creating.
[LOG 14:50:46.128] [DragCubeSystem]: Drag cubes not found or cannot be read for part Part. Generating New drag cubes.
[LOG 14:50:46.128] [KSPCF/DragCubeGeneration] Part 'EnginePlate3' has defined a procedural drag cube setup
[LOG 14:50:46.129] PartLoader: Compiling Part 'SquadExpansion/MakingHistory/Parts/Coupling/EnginePlate_4/EnginePlate4'
[LOG 14:50:46.135] PartLoader: Part 'SquadExpansion/MakingHistory/Parts/Coupling/EnginePlate_4/EnginePlate4' has no database record. Creating.
[LOG 14:50:46.135] [DragCubeSystem]: Drag cubes not found or cannot be read for part Part. Generating New drag cubes.
[LOG 14:50:46.135] [KSPCF/DragCubeGeneration] Part 'EnginePlate4' has defined a procedural drag cube setup
[LOG 14:50:46.135] PartLoader: Compiling Part 'SquadExpansion/MakingHistory/Parts/Coupling/EnginePlate_5/EnginePlate5'
[LOG 14:50:46.141] PartLoader: Part 'SquadExpansion/MakingHistory/Parts/Coupling/EnginePlate_5/EnginePlate5' has no database record. Creating.
[LOG 14:50:46.141] [DragCubeSystem]: Drag cubes not found or cannot be read for part Part. Generating New drag cubes.
[LOG 14:50:46.141] [KSPCF/DragCubeGeneration] Part 'EnginePlate5' has defined a procedural drag cube setup
[LOG 14:50:46.141] PartLoader: Compiling Part 'SquadExpansion/MakingHistory/Parts/Coupling/InflatableAirlock/InflatableAirlock'
[LOG 14:50:46.147] PartLoader: Part 'SquadExpansion/MakingHistory/Parts/Coupling/InflatableAirlock/InflatableAirlock' has no database record. Creating.
[LOG 14:50:46.147] [DragCubeSystem]: Drag cubes not found or cannot be read for part Part. Generating New drag cubes.
[LOG 14:50:46.147] [KSPCF/DragCubeGeneration] Creating drag cubes for part 'InflatableAirlock'
[LOG 14:50:46.159] PartLoader: Compiling Part 'SquadExpansion/MakingHistory/Parts/Coupling/Separator_1p5/Separator_1p5'
[LOG 14:50:46.164] PartLoader: Part 'SquadExpansion/MakingHistory/Parts/Coupling/Separator_1p5/Separator_1p5' has no database record. Creating.
[LOG 14:50:46.165] PartLoader: Compiling Part 'SquadExpansion/MakingHistory/Parts/Coupling/Separator_4/Separator_4'
[LOG 14:50:46.169] PartLoader: Part 'SquadExpansion/MakingHistory/Parts/Coupling/Separator_4/Separator_4' has no database record. Creating.
[LOG 14:50:46.169] PartLoader: Compiling Part 'SquadExpansion/MakingHistory/Parts/Coupling/Size1p5_Strut_Decoupler/Size1p5_Strut_Decoupler'
[LOG 14:50:46.174] PartLoader: Part 'SquadExpansion/MakingHistory/Parts/Coupling/Size1p5_Strut_Decoupler/Size1p5_Strut_Decoupler' has no database record. Creating.
[LOG 14:50:46.174] PartLoader: Compiling Part 'SquadExpansion/MakingHistory/Parts/Engine/LiquidEngineKE-1/LiquidEngineKE-1'
[LOG 14:50:46.183] PartLoader: Part 'SquadExpansion/MakingHistory/Parts/Engine/LiquidEngineKE-1/LiquidEngineKE-1' has no database record. Creating.
[LOG 14:50:46.183] [DragCubeSystem]: Drag cubes not found or cannot be read for part Part. Generating New drag cubes.
[LOG 14:50:46.183] [KSPCF/DragCubeGeneration] Creating drag cubes for part 'LiquidEngineKE-1'
[LOG 14:50:46.211] PartLoader: Compiling Part 'SquadExpansion/MakingHistory/Parts/Engine/LiquidEngineLV-T91/LiquidEngineLV-T91'
[LOG 14:50:46.220] PartLoader: Part 'SquadExpansion/MakingHistory/Parts/Engine/LiquidEngineLV-T91/LiquidEngineLV-T91' has no database record. Creating.
[LOG 14:50:46.220] [DragCubeSystem]: Drag cubes not found or cannot be read for part Part. Generating New drag cubes.
[LOG 14:50:46.221] [KSPCF/DragCubeGeneration] Creating drag cubes for part 'LiquidEngineLV-T91'
[LOG 14:50:46.243] PartLoader: Compiling Part 'SquadExpansion/MakingHistory/Parts/Engine/LiquidEngineLV-TX87/LiquidEngineLV-TX87'
[LOG 14:50:46.251] PartLoader: Part 'SquadExpansion/MakingHistory/Parts/Engine/LiquidEngineLV-TX87/LiquidEngineLV-TX87' has no database record. Creating.
[LOG 14:50:46.251] [DragCubeSystem]: Drag cubes not found or cannot be read for part Part. Generating New drag cubes.
[LOG 14:50:46.251] [KSPCF/DragCubeGeneration] Creating drag cubes for part 'LiquidEngineLV-TX87'
[LOG 14:50:46.276] PartLoader: Compiling Part 'SquadExpansion/MakingHistory/Parts/Engine/LiquidEngineRE-I2/LiquidEngineRE-I2'
[LOG 14:50:46.286] PartLoader: Part 'SquadExpansion/MakingHistory/Parts/Engine/LiquidEngineRE-I2/LiquidEngineRE-I2' has no database record. Creating.
[LOG 14:50:46.286] [DragCubeSystem]: Drag cubes not found or cannot be read for part Part. Generating New drag cubes.
[LOG 14:50:46.286] [KSPCF/DragCubeGeneration] Creating drag cubes for part 'LiquidEngineRE-I2'
[LOG 14:50:46.309] PartLoader: Compiling Part 'SquadExpansion/MakingHistory/Parts/Engine/LiquidEngineRE-J10/LiquidEngineRE-J10'
[LOG 14:50:46.317] PartLoader: Part 'SquadExpansion/MakingHistory/Parts/Engine/LiquidEngineRE-J10/LiquidEngineRE-J10' has no database record. Creating.
[LOG 14:50:46.317] [DragCubeSystem]: Drag cubes not found or cannot be read for part Part. Generating New drag cubes.
[LOG 14:50:46.317] [KSPCF/DragCubeGeneration] Creating drag cubes for part 'LiquidEngineRE-J10'
[LOG 14:50:46.339] PartLoader: Compiling Part 'SquadExpansion/MakingHistory/Parts/Engine/LiquidEngineRK-7/LiquidEngineRK-7'
[LOG 14:50:46.348] PartLoader: Part 'SquadExpansion/MakingHistory/Parts/Engine/LiquidEngineRK-7/LiquidEngineRK-7' has no database record. Creating.
[LOG 14:50:46.348] [DragCubeSystem]: Drag cubes not found or cannot be read for part Part. Generating New drag cubes.
[LOG 14:50:46.349] [KSPCF/DragCubeGeneration] Creating drag cubes for part 'LiquidEngineRK-7'
[LOG 14:50:46.378] PartLoader: Compiling Part 'SquadExpansion/MakingHistory/Parts/Engine/LiquidEngineRV-1/LiquidEngineRV-1'
[LOG 14:50:46.384] PartLoader: Part 'SquadExpansion/MakingHistory/Parts/Engine/LiquidEngineRV-1/LiquidEngineRV-1' has no database record. Creating.
[LOG 14:50:46.384] [DragCubeSystem]: Drag cubes not found or cannot be read for part Part. Generating New drag cubes.
[LOG 14:50:46.384] [KSPCF/DragCubeGeneration] Creating drag cubes for part 'LiquidEngineRV-1'
[LOG 14:50:46.390] PartLoader: Compiling Part 'SquadExpansion/MakingHistory/Parts/Engine/solidBoosterTHK/solidBoosterTHK/Pollux'
[LOG 14:50:46.396] PartLoader: Part 'SquadExpansion/MakingHistory/Parts/Engine/solidBoosterTHK/solidBoosterTHK/Pollux' has no database record. Creating.
[LOG 14:50:46.396] [DragCubeSystem]: Drag cubes not found or cannot be read for part Part. Generating New drag cubes.
[LOG 14:50:46.396] [KSPCF/DragCubeGeneration] Creating drag cubes for part 'Pollux'
[LOG 14:50:46.403] PartLoader: Compiling Part 'SquadExpansion/MakingHistory/Parts/FuelTank/MonoPropMini/monopropMiniSphere'
[LOG 14:50:46.408] PartLoader: Part 'SquadExpansion/MakingHistory/Parts/FuelTank/MonoPropMini/monopropMiniSphere' has no database record. Creating.
[LOG 14:50:46.408] [DragCubeSystem]: Drag cubes not found or cannot be read for part Part. Generating New drag cubes.
[LOG 14:50:46.408] [KSPCF/DragCubeGeneration] Creating drag cubes for part 'monopropMiniSphere'
[LOG 14:50:46.413] PartLoader: Compiling Part 'SquadExpansion/MakingHistory/Parts/FuelTank/Size1p5_Monoprop/Size1p5_Monoprop'
[LOG 14:50:46.417] PartLoader: Part 'SquadExpansion/MakingHistory/Parts/FuelTank/Size1p5_Monoprop/Size1p5_Monoprop' has no database record. Creating.
[LOG 14:50:46.417] [DragCubeSystem]: Drag cubes not found or cannot be read for part Part. Generating New drag cubes.
[LOG 14:50:46.417] [KSPCF/DragCubeGeneration] Creating drag cubes for part 'Size1p5.Monoprop'
[LOG 14:50:46.422] PartLoader: Compiling Part 'SquadExpansion/MakingHistory/Parts/FuelTank/Size1p5_Size0_Adapter_01/Size1p5_Size0_Adapter_01'
[LOG 14:50:46.426] PartLoader: Part 'SquadExpansion/MakingHistory/Parts/FuelTank/Size1p5_Size0_Adapter_01/Size1p5_Size0_Adapter_01' has no database record. Creating.
[LOG 14:50:46.426] [DragCubeSystem]: Drag cubes not found or cannot be read for part Part. Generating New drag cubes.
[LOG 14:50:46.426] [KSPCF/DragCubeGeneration] Creating drag cubes for part 'Size1p5.Size0.Adapter.01'
[LOG 14:50:46.431] PartLoader: Compiling Part 'SquadExpansion/MakingHistory/Parts/FuelTank/Size1p5_Size1_Adapter_01/Size1p5_Size1_Adapter_01'
[LOG 14:50:46.433] PartLoader: Part 'SquadExpansion/MakingHistory/Parts/FuelTank/Size1p5_Size1_Adapter_01/Size1p5_Size1_Adapter_01' has no database record. Creating.
[LOG 14:50:46.433] [DragCubeSystem]: Drag cubes not found or cannot be read for part Part. Generating New drag cubes.
[LOG 14:50:46.433] [KSPCF/DragCubeGeneration] Creating drag cubes for part 'Size1p5.Size1.Adapter.01'
[LOG 14:50:46.438] PartLoader: Compiling Part 'SquadExpansion/MakingHistory/Parts/FuelTank/Size1p5_Size1_Adapter_02/Size1p5_Size1_Adapter_02'
[LOG 14:50:46.443] PartLoader: Part 'SquadExpansion/MakingHistory/Parts/FuelTank/Size1p5_Size1_Adapter_02/Size1p5_Size1_Adapter_02' has no database record. Creating.
[LOG 14:50:46.443] [DragCubeSystem]: Drag cubes not found or cannot be read for part Part. Generating New drag cubes.
[LOG 14:50:46.443] [KSPCF/DragCubeGeneration] Creating drag cubes for part 'Size1p5.Size1.Adapter.02'
[LOG 14:50:46.448] PartLoader: Compiling Part 'SquadExpansion/MakingHistory/Parts/FuelTank/Size1p5_Size2_Adapter_01/Size1p5_Size2_Adapter_01'
[LOG 14:50:46.451] PartLoader: Part 'SquadExpansion/MakingHistory/Parts/FuelTank/Size1p5_Size2_Adapter_01/Size1p5_Size2_Adapter_01' has no database record. Creating.
[LOG 14:50:46.451] [DragCubeSystem]: Drag cubes not found or cannot be read for part Part. Generating New drag cubes.
[LOG 14:50:46.451] [KSPCF/DragCubeGeneration] Creating drag cubes for part 'Size1p5.Size2.Adapter.01'
[LOG 14:50:46.456] PartLoader: Compiling Part 'SquadExpansion/MakingHistory/Parts/FuelTank/Size1p5_Tank_01/Size1p5_Tank_01'
[LOG 14:50:46.459] PartLoader: Part 'SquadExpansion/MakingHistory/Parts/FuelTank/Size1p5_Tank_01/Size1p5_Tank_01' has no database record. Creating.
[LOG 14:50:46.459] [DragCubeSystem]: Drag cubes not found or cannot be read for part Part. Generating New drag cubes.
[LOG 14:50:46.459] [KSPCF/DragCubeGeneration] Creating drag cubes for part 'Size1p5.Tank.01'
[LOG 14:50:46.464] PartLoader: Compiling Part 'SquadExpansion/MakingHistory/Parts/FuelTank/Size1p5_Tank_02/Size1p5_Tank_02'
[LOG 14:50:46.469] PartLoader: Part 'SquadExpansion/MakingHistory/Parts/FuelTank/Size1p5_Tank_02/Size1p5_Tank_02' has no database record. Creating.
[LOG 14:50:46.469] [DragCubeSystem]: Drag cubes not found or cannot be read for part Part. Generating New drag cubes.
[LOG 14:50:46.469] [KSPCF/DragCubeGeneration] Creating drag cubes for part 'Size1p5.Tank.02'
[LOG 14:50:46.474] PartLoader: Compiling Part 'SquadExpansion/MakingHistory/Parts/FuelTank/Size1p5_Tank_03/Size1p5_Tank_03'
[LOG 14:50:46.478] PartLoader: Part 'SquadExpansion/MakingHistory/Parts/FuelTank/Size1p5_Tank_03/Size1p5_Tank_03' has no database record. Creating.
[LOG 14:50:46.479] [DragCubeSystem]: Drag cubes not found or cannot be read for part Part. Generating New drag cubes.
[LOG 14:50:46.479] [KSPCF/DragCubeGeneration] Creating drag cubes for part 'Size1p5.Tank.03'
[LOG 14:50:46.484] PartLoader: Compiling Part 'SquadExpansion/MakingHistory/Parts/FuelTank/Size1p5_Tank_04/Size1p5_Tank_04'
[LOG 14:50:46.488] PartLoader: Part 'SquadExpansion/MakingHistory/Parts/FuelTank/Size1p5_Tank_04/Size1p5_Tank_04' has no database record. Creating.
[LOG 14:50:46.488] [DragCubeSystem]: Drag cubes not found or cannot be read for part Part. Generating New drag cubes.
[LOG 14:50:46.488] [KSPCF/DragCubeGeneration] Creating drag cubes for part 'Size1p5.Tank.04'
[LOG 14:50:46.493] PartLoader: Compiling Part 'SquadExpansion/MakingHistory/Parts/FuelTank/Size1p5_Tank_05/Size1p5_Tank_05'
[LOG 14:50:46.497] PartLoader: Part 'SquadExpansion/MakingHistory/Parts/FuelTank/Size1p5_Tank_05/Size1p5_Tank_05' has no database record. Creating.
[LOG 14:50:46.497] [DragCubeSystem]: Drag cubes not found or cannot be read for part Part. Generating New drag cubes.
[LOG 14:50:46.497] [KSPCF/DragCubeGeneration] Creating drag cubes for part 'Size1p5.Tank.05'
[LOG 14:50:46.503] PartLoader: Compiling Part 'SquadExpansion/MakingHistory/Parts/FuelTank/Size3_Size4_Adapter_01/Size3_Size4_Adapter_01'
[LOG 14:50:46.505] PartLoader: Part 'SquadExpansion/MakingHistory/Parts/FuelTank/Size3_Size4_Adapter_01/Size3_Size4_Adapter_01' has no database record. Creating.
[LOG 14:50:46.505] [DragCubeSystem]: Drag cubes not found or cannot be read for part Part. Generating New drag cubes.
[LOG 14:50:46.505] [KSPCF/DragCubeGeneration] Creating drag cubes for part 'Size3.Size4.Adapter.01'
[LOG 14:50:46.510] PartLoader: Compiling Part 'SquadExpansion/MakingHistory/Parts/FuelTank/Size4_EngineAdapter_01/Size4_EngineAdapter_01'
[LOG 14:50:46.513] PartLoader: Part 'SquadExpansion/MakingHistory/Parts/FuelTank/Size4_EngineAdapter_01/Size4_EngineAdapter_01' has no database record. Creating.
[LOG 14:50:46.513] [DragCubeSystem]: Drag cubes not found or cannot be read for part Part. Generating New drag cubes.
[LOG 14:50:46.513] [KSPCF/DragCubeGeneration] Creating drag cubes for part 'Size4.EngineAdapter.01'
[LOG 14:50:46.518] PartLoader: Compiling Part 'SquadExpansion/MakingHistory/Parts/FuelTank/Size4_Tank_01/Size4_Tank_01'
[LOG 14:50:46.521] PartLoader: Part 'SquadExpansion/MakingHistory/Parts/FuelTank/Size4_Tank_01/Size4_Tank_01' has no database record. Creating.
[LOG 14:50:46.521] [DragCubeSystem]: Drag cubes not found or cannot be read for part Part. Generating New drag cubes.
[LOG 14:50:46.521] [KSPCF/DragCubeGeneration] Creating drag cubes for part 'Size4.Tank.01'
[LOG 14:50:46.526] PartLoader: Compiling Part 'SquadExpansion/MakingHistory/Parts/FuelTank/Size4_Tank_02/Size4_Tank_02'
[LOG 14:50:46.528] PartLoader: Part 'SquadExpansion/MakingHistory/Parts/FuelTank/Size4_Tank_02/Size4_Tank_02' has no database record. Creating.
[LOG 14:50:46.528] [DragCubeSystem]: Drag cubes not found or cannot be read for part Part. Generating New drag cubes.
[LOG 14:50:46.528] [KSPCF/DragCubeGeneration] Creating drag cubes for part 'Size4.Tank.02'
[LOG 14:50:46.533] PartLoader: Compiling Part 'SquadExpansion/MakingHistory/Parts/FuelTank/Size4_Tank_03/Size4_Tank_03'
[LOG 14:50:46.536] PartLoader: Part 'SquadExpansion/MakingHistory/Parts/FuelTank/Size4_Tank_03/Size4_Tank_03' has no database record. Creating.
[LOG 14:50:46.536] [DragCubeSystem]: Drag cubes not found or cannot be read for part Part. Generating New drag cubes.
[LOG 14:50:46.536] [KSPCF/DragCubeGeneration] Creating drag cubes for part 'Size4.Tank.03'
[LOG 14:50:46.541] PartLoader: Compiling Part 'SquadExpansion/MakingHistory/Parts/FuelTank/Size4_Tank_04/Size4_Tank_04'
[LOG 14:50:46.544] PartLoader: Part 'SquadExpansion/MakingHistory/Parts/FuelTank/Size4_Tank_04/Size4_Tank_04' has no database record. Creating.
[LOG 14:50:46.544] [DragCubeSystem]: Drag cubes not found or cannot be read for part Part. Generating New drag cubes.
[LOG 14:50:46.544] [KSPCF/DragCubeGeneration] Creating drag cubes for part 'Size4.Tank.04'
[LOG 14:50:46.550] PartLoader: Compiling Part 'SquadExpansion/MakingHistory/Parts/Ground/RoverWheel/roverWheelM1-F'
[LOG 14:50:46.559] PartLoader: Part 'SquadExpansion/MakingHistory/Parts/Ground/RoverWheel/roverWheelM1-F' has no database record. Creating.
[LOG 14:50:46.559] [DragCubeSystem]: Drag cubes not found or cannot be read for part Part. Generating New drag cubes.
[LOG 14:50:46.559] [KSPCF/DragCubeGeneration] Creating drag cubes for part 'roverWheelM1-F'
[LOG 14:50:46.573] PartLoader: Compiling Part 'SquadExpansion/MakingHistory/Parts/Payload/fairingSize1p5/fairingSize1p5'
[LOG 14:50:46.584] PartLoader: Part 'SquadExpansion/MakingHistory/Parts/Payload/fairingSize1p5/fairingSize1p5' has no database record. Creating.
[LOG 14:50:46.584] [DragCubeSystem]: Drag cubes not found or cannot be read for part Part. Generating New drag cubes.
[LOG 14:50:46.584] [KSPCF/DragCubeGeneration] Creating drag cubes for part 'fairingSize1p5'
[LOG 14:50:46.588] PartLoader: Compiling Part 'SquadExpansion/MakingHistory/Parts/Payload/fairingSize4/fairingSize4'
[LOG 14:50:46.599] PartLoader: Part 'SquadExpansion/MakingHistory/Parts/Payload/fairingSize4/fairingSize4' has no database record. Creating.
[LOG 14:50:46.600] [DragCubeSystem]: Drag cubes not found or cannot be read for part Part. Generating New drag cubes.
[LOG 14:50:46.600] [KSPCF/DragCubeGeneration] Creating drag cubes for part 'fairingSize4'
[LOG 14:50:46.605] PartLoader: Compiling Part 'SquadExpansion/MakingHistory/Parts/Payload/Size1to0ServiceModule/Size1to0ServiceModule'
[LOG 14:50:46.613] PartLoader: Part 'SquadExpansion/MakingHistory/Parts/Payload/Size1to0ServiceModule/Size1to0ServiceModule' has no database record. Creating.
[LOG 14:50:46.613] [DragCubeSystem]: Drag cubes not found or cannot be read for part Part. Generating New drag cubes.
[LOG 14:50:46.613] [KSPCF/DragCubeGeneration] Part 'Size1to0ServiceModule' has defined a procedural drag cube setup
[LOG 14:50:46.613] PartLoader: Compiling Part 'SquadExpansion/MakingHistory/Parts/Payload/SM18/ServiceModule18'
[LOG 14:50:46.619] PartLoader: Part 'SquadExpansion/MakingHistory/Parts/Payload/SM18/ServiceModule18' has no database record. Creating.
[LOG 14:50:46.619] [DragCubeSystem]: Drag cubes not found or cannot be read for part Part. Generating New drag cubes.
[LOG 14:50:46.619] [KSPCF/DragCubeGeneration] Part 'ServiceModule18' has defined a procedural drag cube setup
[LOG 14:50:46.619] PartLoader: Compiling Part 'SquadExpansion/MakingHistory/Parts/Payload/SM25/ServiceModule25'
[LOG 14:50:46.624] PartLoader: Part 'SquadExpansion/MakingHistory/Parts/Payload/SM25/ServiceModule25' has no database record. Creating.
[LOG 14:50:46.624] [DragCubeSystem]: Drag cubes not found or cannot be read for part Part. Generating New drag cubes.
[LOG 14:50:46.624] [KSPCF/DragCubeGeneration] Part 'ServiceModule25' has defined a procedural drag cube setup
[LOG 14:50:46.625] PartLoader: Compiling Part 'SquadExpansion/MakingHistory/Parts/Pods/KV1Pod/kv1Pod'
[WRN 14:50:46.628] [Part]: Cannot have ModuleCargoPart and ModuleInventoryPart on same Part [kv1Pod'. Removed ModuleCargoPart
[LOG 14:50:46.631] PartLoader: Part 'SquadExpansion/MakingHistory/Parts/Pods/KV1Pod/kv1Pod' has no database record. Creating.
[LOG 14:50:46.633] PartLoader: Compiling Part 'SquadExpansion/MakingHistory/Parts/Pods/KV2Pod/kv2Pod'
[WRN 14:50:46.637] [Part]: Cannot have ModuleCargoPart and ModuleInventoryPart on same Part [kv2Pod'. Removed ModuleCargoPart
[LOG 14:50:46.640] PartLoader: Part 'SquadExpansion/MakingHistory/Parts/Pods/KV2Pod/kv2Pod' has no database record. Creating.
[LOG 14:50:46.642] PartLoader: Compiling Part 'SquadExpansion/MakingHistory/Parts/Pods/KV3Pod/kv3Pod'
[WRN 14:50:46.645] [Part]: Cannot have ModuleCargoPart and ModuleInventoryPart on same Part [kv3Pod'. Removed ModuleCargoPart
[LOG 14:50:46.649] PartLoader: Part 'SquadExpansion/MakingHistory/Parts/Pods/KV3Pod/kv3Pod' has no database record. Creating.
[LOG 14:50:46.651] PartLoader: Compiling Part 'SquadExpansion/MakingHistory/Parts/Pods/Mk2Pod/Mk2Pod'
[WRN 14:50:46.653] [Part]: Cannot have ModuleCargoPart and ModuleInventoryPart on same Part [Mk2Pod'. Removed ModuleCargoPart
[LOG 14:50:46.657] PartLoader: Part 'SquadExpansion/MakingHistory/Parts/Pods/Mk2Pod/Mk2Pod' has no database record. Creating.
[LOG 14:50:46.657] [DragCubeSystem]: Drag cubes not found or cannot be read for part Part. Generating New drag cubes.
[LOG 14:50:46.657] [KSPCF/DragCubeGeneration] Creating drag cubes for part 'Mk2Pod'
[LOG 14:50:46.663] PartLoader: Compiling Part 'SquadExpansion/MakingHistory/Parts/Pods/Size1_5_Lander/MEMLander'
[WRN 14:50:46.669] [Part]: Cannot add ModuleCargoPart as this Part 'MEMLander' already has a ModuleInventoryPart PartModule and they are mutually exclusive.
[LOG 14:50:46.673] PartLoader: Part 'SquadExpansion/MakingHistory/Parts/Pods/Size1_5_Lander/MEMLander' has no database record. Creating.
[LOG 14:50:46.673] [DragCubeSystem]: Drag cubes not found or cannot be read for part Part. Generating New drag cubes.
[LOG 14:50:46.674] [KSPCF/DragCubeGeneration] Creating drag cubes for part 'MEMLander'
[LOG 14:50:46.680] PartLoader: Compiling Part 'SquadExpansion/MakingHistory/Parts/Prebuilt/kerbalEVAfemaleVintage/kerbalEVAfemaleVintage'
[LOG 14:50:46.686] PartLoader: Compiling Part 'SquadExpansion/MakingHistory/Parts/Prebuilt/kerbalEVAVintage/kerbalEVAVintage'
[LOG 14:50:46.692] PartLoader: Compiling Part 'SquadExpansion/MakingHistory/Parts/Structural/EquiTriangle0/EquiTriangle0'
[LOG 14:50:46.698] PartLoader: Part 'SquadExpansion/MakingHistory/Parts/Structural/EquiTriangle0/EquiTriangle0' has no database record. Creating.
[LOG 14:50:46.698] [DragCubeSystem]: Drag cubes not found or cannot be read for part Part. Generating New drag cubes.
[LOG 14:50:46.698] [KSPCF/DragCubeGeneration] Creating drag cubes for part 'EquiTriangle0'
[LOG 14:50:46.701] PartLoader: Compiling Part 'SquadExpansion/MakingHistory/Parts/Structural/EquiTriangle1/EquiTriangle1'
[LOG 14:50:46.706] PartLoader: Part 'SquadExpansion/MakingHistory/Parts/Structural/EquiTriangle1/EquiTriangle1' has no database record. Creating.
[LOG 14:50:46.706] [DragCubeSystem]: Drag cubes not found or cannot be read for part Part. Generating New drag cubes.
[LOG 14:50:46.706] [KSPCF/DragCubeGeneration] Creating drag cubes for part 'EquiTriangle1'
[LOG 14:50:46.710] PartLoader: Compiling Part 'SquadExpansion/MakingHistory/Parts/Structural/EquiTriangle1p5/EquiTriangle1p5'
[LOG 14:50:46.713] PartLoader: Part 'SquadExpansion/MakingHistory/Parts/Structural/EquiTriangle1p5/EquiTriangle1p5' has no database record. Creating.
[LOG 14:50:46.713] [DragCubeSystem]: Drag cubes not found or cannot be read for part Part. Generating New drag cubes.
[LOG 14:50:46.713] [KSPCF/DragCubeGeneration] Creating drag cubes for part 'EquiTriangle1p5'
[LOG 14:50:46.717] PartLoader: Compiling Part 'SquadExpansion/MakingHistory/Parts/Structural/EquiTriangle2/EquiTriangle2'
[LOG 14:50:46.720] PartLoader: Part 'SquadExpansion/MakingHistory/Parts/Structural/EquiTriangle2/EquiTriangle2' has no database record. Creating.
[LOG 14:50:46.720] [DragCubeSystem]: Drag cubes not found or cannot be read for part Part. Generating New drag cubes.
[LOG 14:50:46.720] [KSPCF/DragCubeGeneration] Creating drag cubes for part 'EquiTriangle2'
[LOG 14:50:46.724] PartLoader: Compiling Part 'SquadExpansion/MakingHistory/Parts/Structural/Panel0/Panel0'
[LOG 14:50:46.728] PartLoader: Part 'SquadExpansion/MakingHistory/Parts/Structural/Panel0/Panel0' has no database record. Creating.
[LOG 14:50:46.728] [DragCubeSystem]: Drag cubes not found or cannot be read for part Part. Generating New drag cubes.
[LOG 14:50:46.728] [KSPCF/DragCubeGeneration] Creating drag cubes for part 'Panel0'
[LOG 14:50:46.733] PartLoader: Compiling Part 'SquadExpansion/MakingHistory/Parts/Structural/Panel1/Panel1'
[LOG 14:50:46.739] PartLoader: Part 'SquadExpansion/MakingHistory/Parts/Structural/Panel1/Panel1' has no database record. Creating.
[LOG 14:50:46.739] [DragCubeSystem]: Drag cubes not found or cannot be read for part Part. Generating New drag cubes.
[LOG 14:50:46.740] [KSPCF/DragCubeGeneration] Creating drag cubes for part 'Panel1'
[LOG 14:50:46.744] PartLoader: Compiling Part 'SquadExpansion/MakingHistory/Parts/Structural/Panel1p5/Panel1p5'
[LOG 14:50:46.748] PartLoader: Part 'SquadExpansion/MakingHistory/Parts/Structural/Panel1p5/Panel1p5' has no database record. Creating.
[LOG 14:50:46.748] [DragCubeSystem]: Drag cubes not found or cannot be read for part Part. Generating New drag cubes.
[LOG 14:50:46.748] [KSPCF/DragCubeGeneration] Creating drag cubes for part 'Panel1p5'
[LOG 14:50:46.752] PartLoader: Compiling Part 'SquadExpansion/MakingHistory/Parts/Structural/Panel2/Panel2'
[LOG 14:50:46.755] PartLoader: Part 'SquadExpansion/MakingHistory/Parts/Structural/Panel2/Panel2' has no database record. Creating.
[LOG 14:50:46.755] [DragCubeSystem]: Drag cubes not found or cannot be read for part Part. Generating New drag cubes.
[LOG 14:50:46.755] [KSPCF/DragCubeGeneration] Creating drag cubes for part 'Panel2'
[LOG 14:50:46.759] PartLoader: Compiling Part 'SquadExpansion/MakingHistory/Parts/Structural/Triangle0/Triangle0'
[LOG 14:50:46.762] PartLoader: Part 'SquadExpansion/MakingHistory/Parts/Structural/Triangle0/Triangle0' has no database record. Creating.
[LOG 14:50:46.762] [DragCubeSystem]: Drag cubes not found or cannot be read for part Part. Generating New drag cubes.
[LOG 14:50:46.762] [KSPCF/DragCubeGeneration] Creating drag cubes for part 'Triangle0'
[LOG 14:50:46.767] PartLoader: Compiling Part 'SquadExpansion/MakingHistory/Parts/Structural/Triangle1/Triangle1'
[LOG 14:50:46.772] PartLoader: Part 'SquadExpansion/MakingHistory/Parts/Structural/Triangle1/Triangle1' has no database record. Creating.
[LOG 14:50:46.772] [DragCubeSystem]: Drag cubes not found or cannot be read for part Part. Generating New drag cubes.
[LOG 14:50:46.772] [KSPCF/DragCubeGeneration] Creating drag cubes for part 'Triangle1'
[LOG 14:50:46.776] PartLoader: Compiling Part 'SquadExpansion/MakingHistory/Parts/Structural/Triangle1p5/Triangle1p5'
[LOG 14:50:46.780] PartLoader: Part 'SquadExpansion/MakingHistory/Parts/Structural/Triangle1p5/Triangle1p5' has no database record. Creating.
[LOG 14:50:46.780] [DragCubeSystem]: Drag cubes not found or cannot be read for part Part. Generating New drag cubes.
[LOG 14:50:46.780] [KSPCF/DragCubeGeneration] Creating drag cubes for part 'Triangle1p5'
[LOG 14:50:46.784] PartLoader: Compiling Part 'SquadExpansion/MakingHistory/Parts/Structural/Triangle2/Triangle2'
[LOG 14:50:46.787] PartLoader: Part 'SquadExpansion/MakingHistory/Parts/Structural/Triangle2/Triangle2' has no database record. Creating.
[LOG 14:50:46.787] [DragCubeSystem]: Drag cubes not found or cannot be read for part Part. Generating New drag cubes.
[LOG 14:50:46.787] [KSPCF/DragCubeGeneration] Creating drag cubes for part 'Triangle2'
[LOG 14:50:46.791] PartLoader: Compiling Part 'SquadExpansion/MakingHistory/Parts/Structural/Tube1/Tube1'
[LOG 14:50:46.796] PartLoader: Part 'SquadExpansion/MakingHistory/Parts/Structural/Tube1/Tube1' has no database record. Creating.
[LOG 14:50:46.796] PartLoader: Compiling Part 'SquadExpansion/MakingHistory/Parts/Structural/Tube1p5/Tube1p5'
[LOG 14:50:46.800] PartLoader: Part 'SquadExpansion/MakingHistory/Parts/Structural/Tube1p5/Tube1p5' has no database record. Creating.
[LOG 14:50:46.801] PartLoader: Compiling Part 'SquadExpansion/MakingHistory/Parts/Structural/Tube2/Tube2'
[LOG 14:50:46.804] PartLoader: Part 'SquadExpansion/MakingHistory/Parts/Structural/Tube2/Tube2' has no database record. Creating.
[LOG 14:50:46.805] PartLoader: Compiling Part 'SquadExpansion/MakingHistory/Parts/Structural/Tube3/Tube3'
[LOG 14:50:46.808] PartLoader: Part 'SquadExpansion/MakingHistory/Parts/Structural/Tube3/Tube3' has no database record. Creating.
[LOG 14:50:46.808] PartLoader: Compiling Part 'SquadExpansion/MakingHistory/Parts/Structural/Tube4/Tube4'
[LOG 14:50:46.812] PartLoader: Part 'SquadExpansion/MakingHistory/Parts/Structural/Tube4/Tube4' has no database record. Creating.
[LOG 14:50:46.812] PartLoader: Compiling Part 'SquadExpansion/MakingHistory/Parts/Thermal/HeatShield1p5/HeatShield1p5'
[LOG 14:50:46.819] PartLoader: Part 'SquadExpansion/MakingHistory/Parts/Thermal/HeatShield1p5/HeatShield1p5' has no database record. Creating.
[LOG 14:50:46.819] [DragCubeSystem]: Drag cubes not found or cannot be read for part Part. Generating New drag cubes.
[LOG 14:50:46.819] [KSPCF/DragCubeGeneration] Creating drag cubes for part 'HeatShield1p5'
[LOG 14:50:46.830] PartLoader: Compiling Part 'SquadExpansion/MakingHistory/Parts/Utility/flags/flagSize1p5/flagSize1p5/flagPartSize1p5'
[LOG 14:50:46.836] PartLoader: Part 'SquadExpansion/MakingHistory/Parts/Utility/flags/flagSize1p5/flagSize1p5/flagPartSize1p5' has no database record. Creating.
[LOG 14:50:46.836] [DragCubeSystem]: Drag cubes not found or cannot be read for part Part. Generating New drag cubes.
[LOG 14:50:46.836] [KSPCF/DragCubeGeneration] Creating drag cubes for part 'flagPartSize1p5'
[LOG 14:50:46.840] PartLoader: Compiling Part 'SquadExpansion/MakingHistory/Parts/Utility/flags/flagSize4/flagSize4/flagPartSize4'
[LOG 14:50:46.847] PartLoader: Part 'SquadExpansion/MakingHistory/Parts/Utility/flags/flagSize4/flagSize4/flagPartSize4' has no database record. Creating.
[LOG 14:50:46.847] [DragCubeSystem]: Drag cubes not found or cannot be read for part Part. Generating New drag cubes.
[LOG 14:50:46.847] [KSPCF/DragCubeGeneration] Creating drag cubes for part 'flagPartSize4'
[LOG 14:50:46.851] PartLoader: Compiling Part 'SquadExpansion/Serenity/Parts/Aero/FanShroud_01/FanShroud_01'
[LOG 14:50:46.855] PartLoader: Part 'SquadExpansion/Serenity/Parts/Aero/FanShroud_01/FanShroud_01' has no database record. Creating.
[LOG 14:50:46.855] [DragCubeSystem]: Drag cubes not found or cannot be read for part Part. Generating New drag cubes.
[LOG 14:50:46.855] [KSPCF/DragCubeGeneration] Creating drag cubes for part 'FanShroud.01'
[LOG 14:50:46.860] PartLoader: Compiling Part 'SquadExpansion/Serenity/Parts/Aero/FanShroud_02/FanShroud_02'
[LOG 14:50:46.864] PartLoader: Part 'SquadExpansion/Serenity/Parts/Aero/FanShroud_02/FanShroud_02' has no database record. Creating.
[LOG 14:50:46.864] [DragCubeSystem]: Drag cubes not found or cannot be read for part Part. Generating New drag cubes.
[LOG 14:50:46.864] [KSPCF/DragCubeGeneration] Creating drag cubes for part 'FanShroud.02'
[LOG 14:50:46.868] PartLoader: Compiling Part 'SquadExpansion/Serenity/Parts/Aero/FanShroud_03/FanShroud_03'
[LOG 14:50:46.871] PartLoader: Part 'SquadExpansion/Serenity/Parts/Aero/FanShroud_03/FanShroud_03' has no database record. Creating.
[LOG 14:50:46.871] [DragCubeSystem]: Drag cubes not found or cannot be read for part Part. Generating New drag cubes.
[LOG 14:50:46.871] [KSPCF/DragCubeGeneration] Creating drag cubes for part 'FanShroud.03'
[LOG 14:50:46.875] PartLoader: Compiling Part 'SquadExpansion/Serenity/Parts/Aero/noseconeTiny/noseconeTiny'
[LOG 14:50:46.879] PartLoader: Part 'SquadExpansion/Serenity/Parts/Aero/noseconeTiny/noseconeTiny' has no database record. Creating.
[LOG 14:50:46.879] [DragCubeSystem]: Drag cubes not found or cannot be read for part Part. Generating New drag cubes.
[LOG 14:50:46.879] [KSPCF/DragCubeGeneration] Creating drag cubes for part 'noseconeTiny'
[LOG 14:50:46.883] PartLoader: Compiling Part 'SquadExpansion/Serenity/Parts/Aero/noseconeVS/noseconeVS'
[LOG 14:50:46.885] PartLoader: Part 'SquadExpansion/Serenity/Parts/Aero/noseconeVS/noseconeVS' has no database record. Creating.
[LOG 14:50:46.885] [DragCubeSystem]: Drag cubes not found or cannot be read for part Part. Generating New drag cubes.
[LOG 14:50:46.885] [KSPCF/DragCubeGeneration] Creating drag cubes for part 'noseconeVS'
[LOG 14:50:46.889] PartLoader: Compiling Part 'SquadExpansion/Serenity/Parts/DeployedScience/centralStation/DeployedCentralStation'
[LOG 14:50:46.901] PartLoader: Part 'SquadExpansion/Serenity/Parts/DeployedScience/centralStation/DeployedCentralStation' has no database record. Creating.
[LOG 14:50:46.901] [DragCubeSystem]: Drag cubes not found or cannot be read for part Part. Generating New drag cubes.
[LOG 14:50:46.901] [KSPCF/DragCubeGeneration] Creating drag cubes for part 'DeployedCentralStation'
[LOG 14:50:46.923] PartLoader: Compiling Part 'SquadExpansion/Serenity/Parts/DeployedScience/gooObservation/DeployedGoExOb'
[LOG 14:50:46.933] PartLoader: Part 'SquadExpansion/Serenity/Parts/DeployedScience/gooObservation/DeployedGoExOb' has no database record. Creating.
[LOG 14:50:46.933] [DragCubeSystem]: Drag cubes not found or cannot be read for part Part. Generating New drag cubes.
[LOG 14:50:46.933] [KSPCF/DragCubeGeneration] Creating drag cubes for part 'DeployedGoExOb'
[LOG 14:50:46.957] PartLoader: Compiling Part 'SquadExpansion/Serenity/Parts/DeployedScience/ionCollector/DeployedIONExp'
[LOG 14:50:46.962] PartLoader: Part 'SquadExpansion/Serenity/Parts/DeployedScience/ionCollector/DeployedIONExp' has no database record. Creating.
[LOG 14:50:46.962] [DragCubeSystem]: Drag cubes not found or cannot be read for part Part. Generating New drag cubes.
[LOG 14:50:46.962] [KSPCF/DragCubeGeneration] Creating drag cubes for part 'DeployedIONExp'
[LOG 14:50:46.974] PartLoader: Compiling Part 'SquadExpansion/Serenity/Parts/DeployedScience/rtg/DeployedRTG'
[LOG 14:50:46.982] PartLoader: Part 'SquadExpansion/Serenity/Parts/DeployedScience/rtg/DeployedRTG' has no database record. Creating.
[LOG 14:50:46.982] [DragCubeSystem]: Drag cubes not found or cannot be read for part Part. Generating New drag cubes.
[LOG 14:50:46.982] [KSPCF/DragCubeGeneration] Creating drag cubes for part 'DeployedRTG'
[LOG 14:50:46.996] PartLoader: Compiling Part 'SquadExpansion/Serenity/Parts/DeployedScience/satDish/DeployedSatDish'
[LOG 14:50:47.006] PartLoader: Part 'SquadExpansion/Serenity/Parts/DeployedScience/satDish/DeployedSatDish' has no database record. Creating.
[LOG 14:50:47.006] [DragCubeSystem]: Drag cubes not found or cannot be read for part Part. Generating New drag cubes.
[LOG 14:50:47.006] [KSPCF/DragCubeGeneration] Creating drag cubes for part 'DeployedSatDish'
[LOG 14:50:47.019] PartLoader: Compiling Part 'SquadExpansion/Serenity/Parts/DeployedScience/seismicSensor/DeployedSeismicSensor'
[LOG 14:50:47.023] PartLoader: Part 'SquadExpansion/Serenity/Parts/DeployedScience/seismicSensor/DeployedSeismicSensor' has no database record. Creating.
[LOG 14:50:47.024] [DragCubeSystem]: Drag cubes not found or cannot be read for part Part. Generating New drag cubes.
[LOG 14:50:47.024] [KSPCF/DragCubeGeneration] Creating drag cubes for part 'DeployedSeismicSensor'
[LOG 14:50:47.036] PartLoader: Compiling Part 'SquadExpansion/Serenity/Parts/DeployedScience/solarPanel/DeployedSolarPanel'
[LOG 14:50:47.040] PartLoader: Part 'SquadExpansion/Serenity/Parts/DeployedScience/solarPanel/DeployedSolarPanel' has no database record. Creating.
[LOG 14:50:47.040] [DragCubeSystem]: Drag cubes not found or cannot be read for part Part. Generating New drag cubes.
[LOG 14:50:47.040] [KSPCF/DragCubeGeneration] Creating drag cubes for part 'DeployedSolarPanel'
[LOG 14:50:47.054] PartLoader: Compiling Part 'SquadExpansion/Serenity/Parts/DeployedScience/weatherStation/DeployedWeatherStn'
[LOG 14:50:47.059] PartLoader: Part 'SquadExpansion/Serenity/Parts/DeployedScience/weatherStation/DeployedWeatherStn' has no database record. Creating.
[LOG 14:50:47.059] [DragCubeSystem]: Drag cubes not found or cannot be read for part Part. Generating New drag cubes.
[LOG 14:50:47.059] [KSPCF/DragCubeGeneration] Creating drag cubes for part 'DeployedWeatherStn'
[LOG 14:50:47.079] PartLoader: Compiling Part 'SquadExpansion/Serenity/Parts/Prebuilt/kerbalEVA/kerbalEVA'
[LOG 14:50:47.081] PartLoader: Compiling Part 'SquadExpansion/Serenity/Parts/Prebuilt/kerbalEVAfemale/kerbalEVAfemale'
[LOG 14:50:47.083] PartLoader: Compiling Part 'SquadExpansion/Serenity/Parts/Prebuilt/kerbalEVAfemaleFuture/kerbalEVAfemaleFuture'
[LOG 14:50:47.091] PartLoader: Compiling Part 'SquadExpansion/Serenity/Parts/Prebuilt/kerbalEVAfemaleVintage/kerbalEVAfemaleVintage'
[LOG 14:50:47.092] PartLoader: Compiling Part 'SquadExpansion/Serenity/Parts/Prebuilt/kerbalEVAFuture/kerbalEVAFuture'
[LOG 14:50:47.099] PartLoader: Compiling Part 'SquadExpansion/Serenity/Parts/Prebuilt/kerbalEVASlimSuit/kerbalEVASlimSuit'
[LOG 14:50:47.100] PartLoader: Compiling Part 'SquadExpansion/Serenity/Parts/Prebuilt/kerbalEVASlimSuitFemale/kerbalEVASlimSuitFemale'
[LOG 14:50:47.102] PartLoader: Compiling Part 'SquadExpansion/Serenity/Parts/Prebuilt/kerbalEVAVintage/kerbalEVAVintage'
[LOG 14:50:47.104] PartLoader: Compiling Part 'SquadExpansion/Serenity/Parts/Propellers/largeFanBlade/largeFanBlade'
[LOG 14:50:47.110] PartLoader: Part 'SquadExpansion/Serenity/Parts/Propellers/largeFanBlade/largeFanBlade' has no database record. Creating.
[LOG 14:50:47.110] [DragCubeSystem]: Drag cubes not found or cannot be read for part Part. Generating New drag cubes.
[LOG 14:50:47.110] [KSPCF/DragCubeGeneration] Creating drag cubes for part 'largeFanBlade'
[LOG 14:50:47.125] PartLoader: Compiling Part 'SquadExpansion/Serenity/Parts/Propellers/largeHeliBlade/largeHeliBlade'
[LOG 14:50:47.130] PartLoader: Part 'SquadExpansion/Serenity/Parts/Propellers/largeHeliBlade/largeHeliBlade' has no database record. Creating.
[LOG 14:50:47.131] [DragCubeSystem]: Drag cubes not found or cannot be read for part Part. Generating New drag cubes.
[LOG 14:50:47.131] [KSPCF/DragCubeGeneration] Creating drag cubes for part 'largeHeliBlade'
[LOG 14:50:47.146] PartLoader: Compiling Part 'SquadExpansion/Serenity/Parts/Propellers/largePropeller/largePropeller'
[LOG 14:50:47.152] PartLoader: Part 'SquadExpansion/Serenity/Parts/Propellers/largePropeller/largePropeller' has no database record. Creating.
[LOG 14:50:47.152] [DragCubeSystem]: Drag cubes not found or cannot be read for part Part. Generating New drag cubes.
[LOG 14:50:47.152] [KSPCF/DragCubeGeneration] Creating drag cubes for part 'largePropeller'
[LOG 14:50:47.167] PartLoader: Compiling Part 'SquadExpansion/Serenity/Parts/Propellers/mediumFanBlade/mediumFanBlade'
[LOG 14:50:47.177] PartLoader: Part 'SquadExpansion/Serenity/Parts/Propellers/mediumFanBlade/mediumFanBlade' has no database record. Creating.
[LOG 14:50:47.177] [DragCubeSystem]: Drag cubes not found or cannot be read for part Part. Generating New drag cubes.
[LOG 14:50:47.177] [KSPCF/DragCubeGeneration] Creating drag cubes for part 'mediumFanBlade'
[LOG 14:50:47.199] PartLoader: Compiling Part 'SquadExpansion/Serenity/Parts/Propellers/mediumHeliBlade/mediumHeliBlade'
[LOG 14:50:47.208] PartLoader: Part 'SquadExpansion/Serenity/Parts/Propellers/mediumHeliBlade/mediumHeliBlade' has no database record. Creating.
[LOG 14:50:47.208] [DragCubeSystem]: Drag cubes not found or cannot be read for part Part. Generating New drag cubes.
[LOG 14:50:47.208] [KSPCF/DragCubeGeneration] Creating drag cubes for part 'mediumHeliBlade'
[LOG 14:50:47.233] PartLoader: Compiling Part 'SquadExpansion/Serenity/Parts/Propellers/mediumPropeller/mediumPropeller'
[LOG 14:50:47.242] PartLoader: Part 'SquadExpansion/Serenity/Parts/Propellers/mediumPropeller/mediumPropeller' has no database record. Creating.
[LOG 14:50:47.242] [DragCubeSystem]: Drag cubes not found or cannot be read for part Part. Generating New drag cubes.
[LOG 14:50:47.242] [KSPCF/DragCubeGeneration] Creating drag cubes for part 'mediumPropeller'
[LOG 14:50:47.273] PartLoader: Compiling Part 'SquadExpansion/Serenity/Parts/Propellers/smallFanBlade/smallFanBlade'
[LOG 14:50:47.279] PartLoader: Part 'SquadExpansion/Serenity/Parts/Propellers/smallFanBlade/smallFanBlade' has no database record. Creating.
[LOG 14:50:47.279] [DragCubeSystem]: Drag cubes not found or cannot be read for part Part. Generating New drag cubes.
[LOG 14:50:47.279] [KSPCF/DragCubeGeneration] Creating drag cubes for part 'smallFanBlade'
[LOG 14:50:47.295] PartLoader: Compiling Part 'SquadExpansion/Serenity/Parts/Propellers/smallHeliBlade/smallHeliBlade'
[LOG 14:50:47.302] PartLoader: Part 'SquadExpansion/Serenity/Parts/Propellers/smallHeliBlade/smallHeliBlade' has no database record. Creating.
[LOG 14:50:47.302] [DragCubeSystem]: Drag cubes not found or cannot be read for part Part. Generating New drag cubes.
[LOG 14:50:47.302] [KSPCF/DragCubeGeneration] Creating drag cubes for part 'smallHeliBlade'
[LOG 14:50:47.316] PartLoader: Compiling Part 'SquadExpansion/Serenity/Parts/Propellers/smallPropeller/smallPropeller'
[LOG 14:50:47.323] PartLoader: Part 'SquadExpansion/Serenity/Parts/Propellers/smallPropeller/smallPropeller' has no database record. Creating.
[LOG 14:50:47.323] [DragCubeSystem]: Drag cubes not found or cannot be read for part Part. Generating New drag cubes.
[LOG 14:50:47.323] [KSPCF/DragCubeGeneration] Creating drag cubes for part 'smallPropeller'
[LOG 14:50:47.338] PartLoader: Compiling Part 'SquadExpansion/Serenity/Parts/Robotics/hinge_01/hinge_01'
[LOG 14:50:47.355] PartLoader: Part 'SquadExpansion/Serenity/Parts/Robotics/hinge_01/hinge_01' has no database record. Creating.
[LOG 14:50:47.355] [DragCubeSystem]: Drag cubes not found or cannot be read for part Part. Generating New drag cubes.
[LOG 14:50:47.356] [KSPCF/DragCubeGeneration] Creating drag cubes for part 'hinge.01'
[LOG 14:50:47.361] PartLoader: Compiling Part 'SquadExpansion/Serenity/Parts/Robotics/hinge_01_s/hinge_01_s'
[LOG 14:50:47.368] PartLoader: Part 'SquadExpansion/Serenity/Parts/Robotics/hinge_01_s/hinge_01_s' has no database record. Creating.
[LOG 14:50:47.368] [DragCubeSystem]: Drag cubes not found or cannot be read for part Part. Generating New drag cubes.
[LOG 14:50:47.368] [KSPCF/DragCubeGeneration] Creating drag cubes for part 'hinge.01.s'
[LOG 14:50:47.373] PartLoader: Compiling Part 'SquadExpansion/Serenity/Parts/Robotics/hinge_03/hinge_03'
[LOG 14:50:47.381] PartLoader: Part 'SquadExpansion/Serenity/Parts/Robotics/hinge_03/hinge_03' has no database record. Creating.
[LOG 14:50:47.382] PartLoader: Compiling Part 'SquadExpansion/Serenity/Parts/Robotics/hinge_03_s/hinge_03_s'
[LOG 14:50:47.389] PartLoader: Part 'SquadExpansion/Serenity/Parts/Robotics/hinge_03_s/hinge_03_s' has no database record. Creating.
[LOG 14:50:47.390] PartLoader: Compiling Part 'SquadExpansion/Serenity/Parts/Robotics/hinge_04/hinge_04'
[LOG 14:50:47.396] PartLoader: Part 'SquadExpansion/Serenity/Parts/Robotics/hinge_04/hinge_04' has no database record. Creating.
[LOG 14:50:47.397] PartLoader: Compiling Part 'SquadExpansion/Serenity/Parts/Robotics/piston_01/piston_01'
[LOG 14:50:47.409] PartLoader: Part 'SquadExpansion/Serenity/Parts/Robotics/piston_01/piston_01' has no database record. Creating.
[LOG 14:50:47.410] PartLoader: Compiling Part 'SquadExpansion/Serenity/Parts/Robotics/piston_02/piston_02'
[LOG 14:50:47.417] PartLoader: Part 'SquadExpansion/Serenity/Parts/Robotics/piston_02/piston_02' has no database record. Creating.
[LOG 14:50:47.417] PartLoader: Compiling Part 'SquadExpansion/Serenity/Parts/Robotics/piston_03/piston_03'
[LOG 14:50:47.424] PartLoader: Part 'SquadExpansion/Serenity/Parts/Robotics/piston_03/piston_03' has no database record. Creating.
[LOG 14:50:47.425] PartLoader: Compiling Part 'SquadExpansion/Serenity/Parts/Robotics/piston_04/piston_04'
[LOG 14:50:47.432] PartLoader: Part 'SquadExpansion/Serenity/Parts/Robotics/piston_04/piston_04' has no database record. Creating.
[LOG 14:50:47.433] PartLoader: Compiling Part 'SquadExpansion/Serenity/Parts/Robotics/RotorEngine_02/RotorEngine_02'
[LOG 14:50:47.444] PartLoader: Part 'SquadExpansion/Serenity/Parts/Robotics/RotorEngine_02/RotorEngine_02' has no database record. Creating.
[LOG 14:50:47.444] [DragCubeSystem]: Drag cubes not found or cannot be read for part Part. Generating New drag cubes.
[LOG 14:50:47.444] [KSPCF/DragCubeGeneration] Creating drag cubes for part 'RotorEngine.02'
[LOG 14:50:47.449] PartLoader: Compiling Part 'SquadExpansion/Serenity/Parts/Robotics/RotorEngine_03/RotorEngine_03'
[LOG 14:50:47.455] PartLoader: Part 'SquadExpansion/Serenity/Parts/Robotics/RotorEngine_03/RotorEngine_03' has no database record. Creating.
[LOG 14:50:47.455] [DragCubeSystem]: Drag cubes not found or cannot be read for part Part. Generating New drag cubes.
[LOG 14:50:47.455] [KSPCF/DragCubeGeneration] Creating drag cubes for part 'RotorEngine.03'
[LOG 14:50:47.461] PartLoader: Compiling Part 'SquadExpansion/Serenity/Parts/Robotics/rotor_01/rotor_01'
[LOG 14:50:47.468] PartLoader: Part 'SquadExpansion/Serenity/Parts/Robotics/rotor_01/rotor_01' has no database record. Creating.
[LOG 14:50:47.468] [DragCubeSystem]: Drag cubes not found or cannot be read for part Part. Generating New drag cubes.
[LOG 14:50:47.468] [KSPCF/DragCubeGeneration] Creating drag cubes for part 'rotor.01'
[LOG 14:50:47.474] PartLoader: Compiling Part 'SquadExpansion/Serenity/Parts/Robotics/rotor_01s/rotor_01s'
[LOG 14:50:47.481] PartLoader: Part 'SquadExpansion/Serenity/Parts/Robotics/rotor_01s/rotor_01s' has no database record. Creating.
[LOG 14:50:47.481] [DragCubeSystem]: Drag cubes not found or cannot be read for part Part. Generating New drag cubes.
[LOG 14:50:47.481] [KSPCF/DragCubeGeneration] Creating drag cubes for part 'rotor.01s'
[LOG 14:50:47.486] PartLoader: Compiling Part 'SquadExpansion/Serenity/Parts/Robotics/rotor_02/rotor_02'
[LOG 14:50:47.496] PartLoader: Part 'SquadExpansion/Serenity/Parts/Robotics/rotor_02/rotor_02' has no database record. Creating.
[LOG 14:50:47.496] [DragCubeSystem]: Drag cubes not found or cannot be read for part Part. Generating New drag cubes.
[LOG 14:50:47.496] [KSPCF/DragCubeGeneration] Creating drag cubes for part 'rotor.02'
[LOG 14:50:47.502] PartLoader: Compiling Part 'SquadExpansion/Serenity/Parts/Robotics/rotor_02s/rotor_02s'
[LOG 14:50:47.511] PartLoader: Part 'SquadExpansion/Serenity/Parts/Robotics/rotor_02s/rotor_02s' has no database record. Creating.
[LOG 14:50:47.511] [DragCubeSystem]: Drag cubes not found or cannot be read for part Part. Generating New drag cubes.
[LOG 14:50:47.511] [KSPCF/DragCubeGeneration] Creating drag cubes for part 'rotor.02s'
[LOG 14:50:47.516] PartLoader: Compiling Part 'SquadExpansion/Serenity/Parts/Robotics/rotor_03/rotor_03'
[LOG 14:50:47.523] PartLoader: Part 'SquadExpansion/Serenity/Parts/Robotics/rotor_03/rotor_03' has no database record. Creating.
[LOG 14:50:47.523] [DragCubeSystem]: Drag cubes not found or cannot be read for part Part. Generating New drag cubes.
[LOG 14:50:47.523] [KSPCF/DragCubeGeneration] Creating drag cubes for part 'rotor.03'
[LOG 14:50:47.527] PartLoader: Compiling Part 'SquadExpansion/Serenity/Parts/Robotics/rotor_03s/rotor_03s'
[LOG 14:50:47.537] PartLoader: Part 'SquadExpansion/Serenity/Parts/Robotics/rotor_03s/rotor_03s' has no database record. Creating.
[LOG 14:50:47.537] [DragCubeSystem]: Drag cubes not found or cannot be read for part Part. Generating New drag cubes.
[LOG 14:50:47.537] [KSPCF/DragCubeGeneration] Creating drag cubes for part 'rotor.03s'
[LOG 14:50:47.541] PartLoader: Compiling Part 'SquadExpansion/Serenity/Parts/Robotics/rotoServo_00/rotoServo_00'
[LOG 14:50:47.553] PartLoader: Part 'SquadExpansion/Serenity/Parts/Robotics/rotoServo_00/rotoServo_00' has no database record. Creating.
[LOG 14:50:47.553] [DragCubeSystem]: Drag cubes not found or cannot be read for part Part. Generating New drag cubes.
[LOG 14:50:47.553] [KSPCF/DragCubeGeneration] Creating drag cubes for part 'rotoServo.00'
[LOG 14:50:47.558] PartLoader: Compiling Part 'SquadExpansion/Serenity/Parts/Robotics/rotoServo_02/rotoServo_02'
[LOG 14:50:47.566] PartLoader: Part 'SquadExpansion/Serenity/Parts/Robotics/rotoServo_02/rotoServo_02' has no database record. Creating.
[LOG 14:50:47.566] [DragCubeSystem]: Drag cubes not found or cannot be read for part Part. Generating New drag cubes.
[LOG 14:50:47.566] [KSPCF/DragCubeGeneration] Creating drag cubes for part 'rotoServo.02'
[LOG 14:50:47.573] PartLoader: Compiling Part 'SquadExpansion/Serenity/Parts/Robotics/rotoServo_03/rotoServo_03'
[LOG 14:50:47.585] PartLoader: Part 'SquadExpansion/Serenity/Parts/Robotics/rotoServo_03/rotoServo_03' has no database record. Creating.
[LOG 14:50:47.585] [DragCubeSystem]: Drag cubes not found or cannot be read for part Part. Generating New drag cubes.
[LOG 14:50:47.585] [KSPCF/DragCubeGeneration] Creating drag cubes for part 'rotoServo.03'
[LOG 14:50:47.590] PartLoader: Compiling Part 'SquadExpansion/Serenity/Parts/Robotics/rotoServo_04/rotoServo_04'
[LOG 14:50:47.597] PartLoader: Part 'SquadExpansion/Serenity/Parts/Robotics/rotoServo_04/rotoServo_04' has no database record. Creating.
[LOG 14:50:47.597] [DragCubeSystem]: Drag cubes not found or cannot be read for part Part. Generating New drag cubes.
[LOG 14:50:47.597] [KSPCF/DragCubeGeneration] Creating drag cubes for part 'rotoServo.04'
[LOG 14:50:47.601] PartLoader: Compiling Part 'SquadExpansion/Serenity/Parts/Robotics/Controllers/KAL1000/controller1000'
[LOG 14:50:47.614] PartLoader: Part 'SquadExpansion/Serenity/Parts/Robotics/Controllers/KAL1000/controller1000' has no database record. Creating.
[LOG 14:50:47.614] [DragCubeSystem]: Drag cubes not found or cannot be read for part Part. Generating New drag cubes.
[LOG 14:50:47.614] [KSPCF/DragCubeGeneration] Creating drag cubes for part 'controller1000'
[LOG 14:50:47.620] PartLoader: Compiling Part 'SquadExpansion/Serenity/Parts/Science/RobotArmScanner/RobotArmScanner_S1/RobotArmScanner_S1'
[LOG 14:50:47.634] PartLoader: Part 'SquadExpansion/Serenity/Parts/Science/RobotArmScanner/RobotArmScanner_S1/RobotArmScanner_S1' has no database record. Creating.
[LOG 14:50:47.634] [DragCubeSystem]: Drag cubes not found or cannot be read for part Part. Generating New drag cubes.
[LOG 14:50:47.634] [KSPCF/DragCubeGeneration] Creating drag cubes for part 'RobotArmScanner.S1'
[LOG 14:50:47.654] PartLoader: Compiling Part 'SquadExpansion/Serenity/Parts/Science/RobotArmScanner/RobotArmScanner_S2/RobotArmScanner_S2'
[LOG 14:50:47.663] PartLoader: Part 'SquadExpansion/Serenity/Parts/Science/RobotArmScanner/RobotArmScanner_S2/RobotArmScanner_S2' has no database record. Creating.
[LOG 14:50:47.663] [DragCubeSystem]: Drag cubes not found or cannot be read for part Part. Generating New drag cubes.
[LOG 14:50:47.663] [KSPCF/DragCubeGeneration] Creating drag cubes for part 'RobotArmScanner.S2'
[LOG 14:50:47.680] PartLoader: Compiling Part 'SquadExpansion/Serenity/Parts/Science/RobotArmScanner/RobotArmScanner_S3/RobotArmScanner_S3'
[LOG 14:50:47.690] PartLoader: Part 'SquadExpansion/Serenity/Parts/Science/RobotArmScanner/RobotArmScanner_S3/RobotArmScanner_S3' has no database record. Creating.
[LOG 14:50:47.690] [DragCubeSystem]: Drag cubes not found or cannot be read for part Part. Generating New drag cubes.
[LOG 14:50:47.690] [KSPCF/DragCubeGeneration] Creating drag cubes for part 'RobotArmScanner.S3'
[LOG 14:50:47.709] PartLoader: Compiling Part 'SquadExpansion/Serenity/Parts/Structural/gripPads/lGripPad/lGripPad'
[LOG 14:50:47.719] PartLoader: Part 'SquadExpansion/Serenity/Parts/Structural/gripPads/lGripPad/lGripPad' has no database record. Creating.
[LOG 14:50:47.719] [DragCubeSystem]: Drag cubes not found or cannot be read for part Part. Generating New drag cubes.
[LOG 14:50:47.719] [KSPCF/DragCubeGeneration] Creating drag cubes for part 'lGripPad'
[LOG 14:50:47.730] PartLoader: Compiling Part 'SquadExpansion/Serenity/Parts/Structural/gripPads/lGripStrip/lGripStrip'
[LOG 14:50:47.734] PartLoader: Part 'SquadExpansion/Serenity/Parts/Structural/gripPads/lGripStrip/lGripStrip' has no database record. Creating.
[LOG 14:50:47.734] [DragCubeSystem]: Drag cubes not found or cannot be read for part Part. Generating New drag cubes.
[LOG 14:50:47.734] [KSPCF/DragCubeGeneration] Creating drag cubes for part 'lGripStrip'
[LOG 14:50:47.738] PartLoader: Compiling Part 'SquadExpansion/Serenity/Parts/Structural/gripPads/mGripPad/mGripPad'
[LOG 14:50:47.741] PartLoader: Part 'SquadExpansion/Serenity/Parts/Structural/gripPads/mGripPad/mGripPad' has no database record. Creating.
[LOG 14:50:47.741] [DragCubeSystem]: Drag cubes not found or cannot be read for part Part. Generating New drag cubes.
[LOG 14:50:47.741] [KSPCF/DragCubeGeneration] Creating drag cubes for part 'mGripPad'
[LOG 14:50:47.752] PartLoader: Compiling Part 'SquadExpansion/Serenity/Parts/Structural/gripPads/sGripPad/sGripPad'
[LOG 14:50:47.756] PartLoader: Part 'SquadExpansion/Serenity/Parts/Structural/gripPads/sGripPad/sGripPad' has no database record. Creating.
[LOG 14:50:47.756] [DragCubeSystem]: Drag cubes not found or cannot be read for part Part. Generating New drag cubes.
[LOG 14:50:47.756] [KSPCF/DragCubeGeneration] Creating drag cubes for part 'sGripPad'
[LOG 14:50:47.767] PartLoader: Compiling Part 'SquadExpansion/Serenity/Parts/Structural/gripPads/sGripStrip/sGripStrip'
[LOG 14:50:47.771] PartLoader: Part 'SquadExpansion/Serenity/Parts/Structural/gripPads/sGripStrip/sGripStrip' has no database record. Creating.
[LOG 14:50:47.771] [DragCubeSystem]: Drag cubes not found or cannot be read for part Part. Generating New drag cubes.
[LOG 14:50:47.771] [KSPCF/DragCubeGeneration] Creating drag cubes for part 'sGripStrip'
[LOG 14:50:47.776] PartLoader: Compiling Internal Prop 'Squad/Props/AltimeterThreeHands/prop/AltimeterThreeHands'
[LOG 14:50:47.781] PartLoader: Compiling Internal Prop 'Squad/Props/AtmosphereDepth/prop/AtmosphereDepth'
[LOG 14:50:47.783] PartLoader: Compiling Internal Prop 'Squad/Props/AxisIndicator/pitchConfig/AxisIndicatorPitch'
[LOG 14:50:47.784] PartLoader: Compiling Internal Prop 'Squad/Props/AxisIndicator/rollConfig/AxisIndicatorRoll'
[LOG 14:50:47.785] PartLoader: Compiling Internal Prop 'Squad/Props/AxisIndicator/yawConfig/AxisIndicatorYaw'
[LOG 14:50:47.787] PartLoader: Compiling Internal Prop 'Squad/Props/buttonsGeneric/circularButton/genericCircularButton'
[LOG 14:50:47.788] PartLoader: Compiling Internal Prop 'Squad/Props/buttonsGeneric/clusterButtons/genericClusterButtons'
[LOG 14:50:47.788] PartLoader: Compiling Internal Prop 'Squad/Props/buttonsGeneric/clusterButtons2/genericClusterButtons2'
[LOG 14:50:47.789] PartLoader: Compiling Internal Prop 'Squad/Props/buttonsGeneric/clusterKnob/genericClusterKnobs'
[LOG 14:50:47.790] PartLoader: Compiling Internal Prop 'Squad/Props/buttonsGeneric/clusterKnob2/genericClusterKnobs2'
[LOG 14:50:47.790] PartLoader: Compiling Internal Prop 'Squad/Props/buttonsGeneric/clusterMixed/genericClusterMixed'
[LOG 14:50:47.791] PartLoader: Compiling Internal Prop 'Squad/Props/buttonsGeneric/clusterSwitches01/genericClusterSwitches01'
[LOG 14:50:47.791] PartLoader: Compiling Internal Prop 'Squad/Props/buttonsGeneric/clusterSwitches02/genericClusterSwitches02'
[LOG 14:50:47.792] PartLoader: Compiling Internal Prop 'Squad/Props/buttonsGeneric/clusterSwitches03/genericClusterSwitches03'
[LOG 14:50:47.792] PartLoader: Compiling Internal Prop 'Squad/Props/buttonsGeneric/clusterSwitches04/genericClusterSwitches04'
[LOG 14:50:47.793] PartLoader: Compiling Internal Prop 'Squad/Props/buttonsGeneric/clusterSwitches05/genericClusterSwitches05'
[LOG 14:50:47.794] PartLoader: Compiling Internal Prop 'Squad/Props/buttonsGeneric/clusterSwitches06/genericClusterSwitches06'
[LOG 14:50:47.794] PartLoader: Compiling Internal Prop 'Squad/Props/buttonsGeneric/clusterSwitches07/genericClusterSwitches07'
[LOG 14:50:47.795] PartLoader: Compiling Internal Prop 'Squad/Props/buttonsGeneric/directionalKnob/genericDirectionalKnob'
[LOG 14:50:47.795] PartLoader: Compiling Internal Prop 'Squad/Props/buttonsGeneric/directionalKnob2/genericDirectionalKnob2'
[LOG 14:50:47.796] PartLoader: Compiling Internal Prop 'Squad/Props/buttonsGeneric/pullSwitch/genericPullSwitch'
[LOG 14:50:47.796] PartLoader: Compiling Internal Prop 'Squad/Props/buttonsGeneric/squareButton/genericSquareButton'
[LOG 14:50:47.797] PartLoader: Compiling Internal Prop 'Squad/Props/buttonsGeneric/standingSwitch/genericStandingSwitch'
[LOG 14:50:47.798] PartLoader: Compiling Internal Prop 'Squad/Props/buttonsGeneric/switch/genericSwitch'
[LOG 14:50:47.798] PartLoader: Compiling Internal Prop 'Squad/Props/buttonsGeneric/switchWithGuards/genericSwitchWithGuards'
[LOG 14:50:47.799] PartLoader: Compiling Internal Prop 'Squad/Props/ButtonSquare/prop/ButtonSquare'
[LOG 14:50:47.801] PartLoader: Compiling Internal Prop 'Squad/Props/circularButton/prop/circularButton'
[LOG 14:50:47.802] PartLoader: Compiling Internal Prop 'Squad/Props/Compass/prop/Compass'
[LOG 14:50:47.803] PartLoader: Compiling Internal Prop 'Squad/Props/directionalKnob/prop/directionalKnob'
[LOG 14:50:47.804] PartLoader: Compiling Internal Prop 'Squad/Props/directionalKnob2/prop/directionalKnob2'
[LOG 14:50:47.804] PartLoader: Compiling Internal Prop 'Squad/Props/IndicatorPanel/prop/IndicatorPanel'
[LOG 14:50:47.807] PartLoader: Compiling Internal Prop 'Squad/Props/IVANavBall/prop/NavBall'
[LOG 14:50:47.811] PartLoader: Compiling Internal Prop 'Squad/Props/IVANavBallNoBase/prop/NavBallNoBase'
[LOG 14:50:47.812] PartLoader: Compiling Internal Prop 'Squad/Props/ledPanelSpeed/prop/ledPanelSpeed'
[LOG 14:50:47.814] PartLoader: Compiling Internal Prop 'Squad/Props/Monitor/DockingMode/MonitorDockingMode'
[LOG 14:50:47.815] PartLoader: Compiling Internal Prop 'Squad/Props/NavBall/prop/NavBall'
[LOG 14:50:47.816] PartLoader: Compiling Internal Prop 'Squad/Props/PropsGeneric/Button_DockingMode/Button_DockingMode'
[LOG 14:50:47.816] PartLoader: Compiling Internal Prop 'Squad/Props/PropsGeneric/CargoBagA/CargoBagA'
[LOG 14:50:47.817] PartLoader: Compiling Internal Prop 'Squad/Props/PropsGeneric/CargoBagB/CargoBagB'
[LOG 14:50:47.818] PartLoader: Compiling Internal Prop 'Squad/Props/PropsGeneric/CargoBagC/CargoBagC'
[LOG 14:50:47.819] PartLoader: Compiling Internal Prop 'Squad/Props/PropsGeneric/Hatch_Plane/Hatch_Plane'
[LOG 14:50:47.819] PartLoader: Compiling Internal Prop 'Squad/Props/PropsGeneric/Hatch_Plane_Curve90/Hatch_Plane_Curve90'
[LOG 14:50:47.820] PartLoader: Compiling Internal Prop 'Squad/Props/PropsGeneric/Hatch_Plane_Frame/Hatch_Plane_Frame'
[LOG 14:50:47.820] PartLoader: Compiling Internal Prop 'Squad/Props/PropsGeneric/Seat_Passenger/Seat_Passenger'
[LOG 14:50:47.821] PartLoader: Compiling Internal Prop 'Squad/Props/PropsGeneric/Seat_Pilot/Seat_Pilot'
[LOG 14:50:47.822] PartLoader: Compiling Internal Prop 'Squad/Props/PropsGeneric/Seat_Pilot_Helmet/Seat_Pilot_Helmet'
[LOG 14:50:47.822] PartLoader: Compiling Internal Prop 'Squad/Props/PropsGeneric/SideStick/SideStick'
[LOG 14:50:47.823] PartLoader: Compiling Internal Prop 'Squad/Props/pullSwitch/prop/pullSwitch'
[LOG 14:50:47.823] PartLoader: Compiling Internal Prop 'Squad/Props/radarAltitude/prop/RadarAltimeter'
[LOG 14:50:47.825] PartLoader: Compiling Internal Prop 'Squad/Props/squareButton/prop/squareButton'
[LOG 14:50:47.825] PartLoader: Compiling Internal Prop 'Squad/Props/standingSwitch/prop/standingSwitch'
[LOG 14:50:47.826] PartLoader: Compiling Internal Prop 'Squad/Props/switch/prop/switch'
[LOG 14:50:47.827] PartLoader: Compiling Internal Prop 'Squad/Props/switchGuard/prop/switchGuard'
[LOG 14:50:47.827] PartLoader: Compiling Internal Prop 'Squad/Props/switchWithGuards/prop/switchWithGuards'
[LOG 14:50:47.828] PartLoader: Compiling Internal Prop 'Squad/Props/throttle/prop/throttle'
[LOG 14:50:47.829] PartLoader: Compiling Internal Prop 'Squad/Props/VSI/prop/VSI'
[LOG 14:50:47.831] PartLoader: Compiling Internal Space 'Squad/Spaces/crewCabinInternals/internal/crewCabinInternals'
[LOG 14:50:47.839] PartLoader: Compiling Internal Space 'Squad/Spaces/cupolaInternal/internal/cupolaInternal'
[LOG 14:50:47.859] PartLoader: Compiling Internal Space 'Squad/Spaces/GenericSpace1/internal/GenericSpace1'
[LOG 14:50:47.860] PartLoader: Compiling Internal Space 'Squad/Spaces/GenericSpace3/internal/GenericSpace3'
[LOG 14:50:47.863] PartLoader: Compiling Internal Space 'Squad/Spaces/landerCabinInternals/internal/landerCabinInternals'
[LOG 14:50:47.867] PartLoader: Compiling Internal Space 'Squad/Spaces/landerCabinSmallInternal/internal/landerCabinSmallInternal'
[LOG 14:50:47.871] PartLoader: Compiling Internal Space 'Squad/Spaces/LargeCrewedLabInternals/internal/Mobile_Processing_Lab_Int'
[LOG 14:50:47.874] PartLoader: Compiling Internal Space 'Squad/Spaces/Mk1-3/internal/Mk1-3'
[LOG 14:50:47.883] PartLoader: Compiling Internal Space 'Squad/Spaces/mk1CabinInternal/internal/mk1CabinInternal'
[LOG 14:50:47.888] PartLoader: Compiling Internal Space 'Squad/Spaces/mk1CockpitInternal/internal/mk1CockpitInternal'
[LOG 14:50:47.897] PartLoader: Compiling Internal Space 'Squad/Spaces/mk1InlineInternal/internal/mk1InlineInternal'
[LOG 14:50:47.904] PartLoader: Compiling Internal Space 'Squad/Spaces/mk1PodCockpit/internal/mk1PodCockpit'
[LOG 14:50:47.909] PartLoader: Compiling Internal Space 'Squad/Spaces/mk1pod_IVA/mk1pod_Internal/mk1pod_IVA'
[LOG 14:50:47.920] PartLoader: Compiling Internal Space 'Squad/Spaces/mk2CockpitStandardInternal/internal/mk2CockpitStandardInternals'
[LOG 14:50:47.930] PartLoader: Compiling Internal Space 'Squad/Spaces/Mk2CrewCabinInternal/internal_MK2_CrewCab/MK2_CrewCab_Int'
[LOG 14:50:47.936] PartLoader: Compiling Internal Space 'Squad/Spaces/mk2InlineInternal/internal/mk2InlineInternal'
[LOG 14:50:47.947] PartLoader: Compiling Internal Space 'Squad/Spaces/mk2LanderCanInternal/internal/mk2LanderCanInternal'
[LOG 14:50:47.955] PartLoader: Compiling Internal Space 'Squad/Spaces/MK3CockpitInternal/internal_MK3/MK3_Cockpit_Int'
[LOG 14:50:47.968] PartLoader: Compiling Internal Space 'Squad/Spaces/MK3_CrewCab_Int/internal_MK3_CrewCab/MK3_CrewCab_Int'
[LOG 14:50:47.971] InternalSeat: Cannot find portraitCamera of name 'Camera_Left003'
[LOG 14:50:47.979] PartLoader: Compiling Internal Space 'Squad/Spaces/Placeholder/internal/Placeholder'
[LOG 14:50:47.992] PartLoader: Compiling Internal Space 'Squad/Spaces/PodCockpit/internal/PodCockpit'
[LOG 14:50:48.000] PartLoader: Compiling Internal Space 'SquadExpansion/MakingHistory/Spaces/KVPods/Airlock_Internal/Airlock_IVA'
[LOG 14:50:48.001] PartLoader: Compiling Internal Space 'SquadExpansion/MakingHistory/Spaces/KVPods/KV1_Internal/KV1_IVA'
[LOG 14:50:48.005] PartLoader: Compiling Internal Space 'SquadExpansion/MakingHistory/Spaces/KVPods/KV2_Internal/KV2_IVA'
[LOG 14:50:48.010] PartLoader: Compiling Internal Space 'SquadExpansion/MakingHistory/Spaces/KVPods/KV3_Internal/KV3_IVA'
[LOG 14:50:48.016] PartLoader: Compiling Internal Space 'SquadExpansion/MakingHistory/Spaces/MEM/MEM_IVA/MEM_IVA'
[LOG 14:50:48.025] PartLoader: Compiling Internal Space 'SquadExpansion/MakingHistory/Spaces/Mk2Pod/Mk2Pod_Internal/MK2POD_IVA'
[LOG 14:50:48.645] Assets:
[LOG 14:50:48.645] anim_missionsapp_idle.anim
[LOG 14:50:48.645] anim_missionsapp_idle_warning.anim
[LOG 14:50:48.645] anim_missionsapp_warning.anim
[LOG 14:50:48.645] anim_missionssapp.anim
[LOG 14:50:48.645] animcontroller_missionsappmaster.controller
[LOG 14:50:48.645] app_bg.tif
[LOG 14:50:48.645] app_bottom_gray.tif
[LOG 14:50:48.645] app_divider_pulldown_body.tif
[LOG 14:50:48.645] app_divider_pulldown_footer.tif
[LOG 14:50:48.645] app_divider_pulldown_header.tif
[LOG 14:50:48.645] app_divider_pulldown_header_over.tif
[LOG 14:50:48.645] app_header_gray.tif
[LOG 14:50:48.645] app_missions_icon_active.tif
[LOG 14:50:48.645] app_missions_icon_complete.tif
[LOG 14:50:48.645] app_missions_icon_failed.tif
[LOG 14:50:48.646] app_missions_icon_inactive.tif
[LOG 14:50:48.646] spritesheet_missionsapp.tif
[LOG 14:50:48.646] spritesheet_missionsappwarning.tif
[LOG 14:50:48.646] missionbriefingdialog.prefab
[LOG 14:50:48.646] missionbriefingtag.prefab
[LOG 14:50:48.646] awardwidget.prefab
[LOG 14:50:48.646] missionenddialog.prefab
[LOG 14:50:48.646] missionitemwidget.prefab
[LOG 14:50:48.646] missionplaybutton.prefab
[LOG 14:50:48.646] missionplaydialog.prefab
[LOG 14:50:48.646] missionsteamitemwidget.prefab
[LOG 14:50:48.646] missionvalidationdialog.prefab
[LOG 14:50:48.646] validationentry.prefab
[LOG 14:50:48.646] comettoken.fbx
[LOG 14:50:48.646] comettoken.jpg
[LOG 14:50:48.646] placementegizmo_comet.mat
[LOG 14:50:48.646] placementegizmo_comet_tail.mat
[LOG 14:50:48.646] femalevintagepreview.prefab
[LOG 14:50:48.646] malevintagepreview.prefab
[LOG 14:50:48.646] checkpointentrywidget.prefab
[LOG 14:50:48.646] crewmanagementdialog.prefab
[LOG 14:50:48.646] listitem_vesseltitle.prefab
[LOG 14:50:48.646] missionbrowser.prefab
[LOG 14:50:48.646] missioncheckpointbrowser.prefab
[LOG 14:50:48.646] missioncrewlistitem.prefab
[LOG 14:50:48.646] missionentrywidget.prefab
[LOG 14:50:48.646] missiontemplateentrywidget.prefab
[LOG 14:50:48.646] partcategorizerbutton.prefab
[LOG 14:50:48.646] partselectorbrowser.prefab
[LOG 14:50:48.647] partselectorentry.prefab
[LOG 14:50:48.647] gaputil_vesselframe.prefab
[LOG 14:50:48.647] meguiconnector.prefab
[LOG 14:50:48.647] meguinode.prefab
[LOG 14:50:48.647] meguinodecategorybutton.prefab
[LOG 14:50:48.647] meguinodeicon.prefab
[LOG 14:50:48.647] meguinodeicongroup.prefab
[LOG 14:50:48.647] meguiscrollviewitem.prefab
[LOG 14:50:48.647] meiconloaderbasicnode.prefab
[LOG 14:50:48.647] meiconloadergap.prefab
[LOG 14:50:48.647] meiconloadernodecategorizer.prefab
[LOG 14:50:48.647] menodecanvas.prefab
[LOG 14:50:48.647] missioneditorscreen.prefab
[LOG 14:50:48.647] nodelisttooltip.prefab
[LOG 14:50:48.647] nodelisttooltipextinfolistspacer.prefab
[LOG 14:50:48.647] orbitgizmo.prefab
[LOG 14:50:48.647] biomeshighlight.shader
[LOG 14:50:48.647] projector-surfacegizmo.shader
[LOG 14:50:48.647] scaledplanetbiomeshighlight.shader
[LOG 14:50:48.647] sprites-alwaysover.shader
[LOG 14:50:48.647] ui-unlit-infinite.shader
[LOG 14:50:48.647] ui-unlit-solid.shader
[LOG 14:50:48.647] assetgraph_connectionpoint_inputmark.png
[LOG 14:50:48.647] assetgraph_inputbg.png
[LOG 14:50:48.648] boldly.png
[LOG 14:50:48.648] carpool.png
[LOG 14:50:48.648] frugal.png
[LOG 14:50:48.648] homesick.png
[LOG 14:50:48.648] keys.png
[LOG 14:50:48.648] saint.png
[LOG 14:50:48.648] sinner.png
[LOG 14:50:48.648] thespot.png
[LOG 14:50:48.648] timekeeper.png
[LOG 14:50:48.648] helmetbronze.png
[LOG 14:50:48.648] helmetgold.png
[LOG 14:50:48.648] helmetsilver.png
[LOG 14:50:48.648] action-part-resource-drain.png
[LOG 14:50:48.648] change-part-resource-levels.png
[LOG 14:50:48.648] create-asteroid.png
[LOG 14:50:48.648] create-kerbal.png
[LOG 14:50:48.648] create-vessel.png
[LOG 14:50:48.648] crew-assignment.png
[LOG 14:50:48.648] dialog-message.png
[LOG 14:50:48.648] display-message.png
[LOG 14:50:48.648] fail-part.png
[LOG 14:50:48.648] fly-through.png
[LOG 14:50:48.648] funds-recovery.png
[LOG 14:50:48.648] generic-node.png
[LOG 14:50:48.648] go-to.png
[LOG 14:50:48.648] kerbal-boarded.png
[LOG 14:50:48.648] kerbal-recovery.png
[LOG 14:50:48.648] kerbal-rescue.png
[LOG 14:50:48.649] launch-site.png
[LOG 14:50:48.649] leave-soi.png
[LOG 14:50:48.649] orbit.png
[LOG 14:50:48.649] part-explode.png
[LOG 14:50:48.649] plant-flag.png
[LOG 14:50:48.649] reach-soi.png
[LOG 14:50:48.649] repair-part.png
[LOG 14:50:48.649] resource-amount.png
[LOG 14:50:48.649] resource-recovery.png
[LOG 14:50:48.649] science-experiment.png
[LOG 14:50:48.649] score.png
[LOG 14:50:48.649] take-tourist.png
[LOG 14:50:48.649] test-altitude.png
[LOG 14:50:48.649] test-eva.png
[LOG 14:50:48.649] test-grapple.png
[LOG 14:50:48.649] time-of-flight.png
[LOG 14:50:48.649] time-of-mission.png
[LOG 14:50:48.649] time-since-node.png
[LOG 14:50:48.649] vessel-crashed.png
[LOG 14:50:48.649] vessel-crew-count.png
[LOG 14:50:48.649] vessel-explode.png
[LOG 14:50:48.649] vessel-flying.png
[LOG 14:50:48.649] vessel-landed.png
[LOG 14:50:48.649] vessel-mass.png
[LOG 14:50:48.649] vessel-splashed.png
[LOG 14:50:48.649] vessel-stage-activated.png
[LOG 14:50:48.649] vessel-stage.png
[LOG 14:50:48.649] arrange-graph.png
[LOG 14:50:48.649] builderbuttons_briefing.png
[LOG 14:50:48.650] builderbuttons_reset.png
[LOG 14:50:48.650] builderbuttons_trackingstation.png
[LOG 14:50:48.650] frame-graph.png
[LOG 14:50:48.650] lock.png
[LOG 14:50:48.650] maximize.png
[LOG 14:50:48.650] minimize.png
[LOG 14:50:48.650] pin.png
[LOG 14:50:48.650] pin_down.png
[LOG 14:50:48.650] redo.png
[LOG 14:50:48.650] reset.png
[LOG 14:50:48.650] tracking-station.png
[LOG 14:50:48.650] undo.png
[LOG 14:50:48.650] visible-in-gap.png
[LOG 14:50:48.650] location.png
[LOG 14:50:48.650] logic.png
[LOG 14:50:48.650] science.png
[LOG 14:50:48.650] utility.png
[LOG 14:50:48.650] vessel.png
[LOG 14:50:48.650] eye.png
[LOG 14:50:48.650] iconmb.png
[LOG 14:50:48.650] me_btn_generic_normal.tif
[LOG 14:50:48.650] me_button_generic_normal.tif
[LOG 14:50:48.650] nodecat_bg.png
[LOG 14:50:48.650] nodecat_divider.tif
[LOG 14:50:48.650] nodecat_divider_bottom.tif
[LOG 14:50:48.650] pholderwarningicon.png
[LOG 14:50:48.650] reseticon.png
[LOG 14:50:48.650] validityindicator.controller
[LOG 14:50:48.650] validtyinidicatorpulse.anim
[LOG 14:50:48.650] broadorbittoggle button.png
[LOG 14:50:48.651] maneuvertoggle button.png
[LOG 14:50:48.651] orbitalgizmoicons.png
[LOG 14:50:48.651] reset orbit button.png
[LOG 14:50:48.651] nodelabel.prefab
[LOG 14:50:48.651] kerbaleva_female_exp.prefab
[LOG 14:50:48.651] kerbaleva_rd_exp.prefab
[LOG 14:50:48.651] missioneditorevabody.mat
[LOG 14:50:48.651] missioneditorevabodyalternate.mat
[LOG 14:50:48.651] missioneditorevabodybrown.mat
[LOG 14:50:48.651] missioneditorevaeyeballs.mat
[LOG 14:50:48.651] missioneditorevaeyes.mat
[LOG 14:50:48.651] missioneditorevahead.mat
[LOG 14:50:48.651] missioneditorevahelmet.mat
[LOG 14:50:48.651] missioneditorevahelmetred.mat
[LOG 14:50:48.651] missioneditorevajetpack.mat
[LOG 14:50:48.651] missioneditorevalight.mat
[LOG 14:50:48.651] kbevafemalevintage.prefab
[LOG 14:50:48.651] kbevavintage.prefab
[LOG 14:50:48.651] evalight.fbx
[LOG 14:50:48.651] kbeva@new.fbx
[LOG 14:50:48.651] kbeva@newfem.fbx
[LOG 14:50:48.651] mevahelmetlight.fbx
[LOG 14:50:48.651] evajetpackscondary.dds
[LOG 14:50:48.651] evajetpacksecondary_n.dds
[LOG 14:50:48.651] evalight.png
[LOG 14:50:48.651] kerbalmainnrm.dds
[LOG 14:50:48.651] me_suit_difuse_blue.dds
[LOG 14:50:48.651] me_suit_difuse_low_polybrown.dds
[LOG 14:50:48.652] me_suit_difuse_orange.dds
[LOG 14:50:48.652] kerbalfemalevintage.prefab
[LOG 14:50:48.652] kerbalmalevintage.prefab
[LOG 14:50:48.652] evahelmet.mat
[LOG 14:50:48.652] evatexture.mat
[LOG 14:50:48.652] kerbalgirl_06_basecolor.mat
[LOG 14:50:48.652] kerbalhead.mat
[LOG 14:50:48.652] lambert6.mat
[LOG 14:50:48.652] mat_eyeballs.mat
[LOG 14:50:48.652] mat_eyes01.mat
[LOG 14:50:48.652] material #4.mat
[LOG 14:50:48.652] mesh_female_kerbalastronaut01_kerbalgirl_export_15_lambert20.mat
[LOG 14:50:48.652] mesh_female_kerbalastronaut01_kerbalgirl_export_15_lambert21.mat
[LOG 14:50:48.652] kbfemale_iva_mecanim.fbx
[LOG 14:50:48.652] kbiva_mecanim.fbx
[LOG 14:50:48.652] kerbalicon_eva_female_vintage.tif
[LOG 14:50:48.652] kerbalicon_eva_vintage.tif
[LOG 14:50:48.652] kerbalicon_suit_female_vintage.tif
[LOG 14:50:48.652] kerbalicon_suit_orange_female_vintage.tif
[LOG 14:50:48.652] kerbalicon_suit_orange_vintage.tif
[LOG 14:50:48.652] kerbalicon_suit_vintage.tif
[LOG 14:50:48.652] gap_celestialbody_camerasetup.prefab
[LOG 14:50:48.652] gap_celestialbody_collisionsphere.prefab
[LOG 14:50:48.652] gap_celestialbody_surfacegizmo_area.prefab
[LOG 14:50:48.652] gap_celestialbody_surfacegizmo_basic.prefab
[LOG 14:50:48.652] gap_celestialbody_surfacegizmo_icon.prefab
[LOG 14:50:48.652] gap_celestialbody_surfacegizmo_vessel.prefab
[LOG 14:50:48.652] gap_celestialbody_surfacegizmo_volume.prefab
[LOG 14:50:48.653] gap_proceduralasteroid.prefab
[LOG 14:50:48.653] gap_proceduralcomet.prefab
[LOG 14:50:48.653] gapbuttonprefab.prefab
[LOG 14:50:48.653] gapkerbal_femaleveteran.prefab
[LOG 14:50:48.653] gapkerbal_femaleveteran_vintage.prefab
[LOG 14:50:48.653] gapkerbal_male_slimsuit.prefab
[LOG 14:50:48.653] gapkerbal_maleveteran.prefab
[LOG 14:50:48.653] gapkerbal_maleveteran_vintage.prefab
[LOG 14:50:48.653] gapscrollablesidebarbutton.prefab
[LOG 14:50:48.653] gapsidebarbutton.prefab
[LOG 14:50:48.653] gaptoggleprefab.prefab
[LOG 14:50:48.653] gaputil_biselector.prefab
[LOG 14:50:48.653] gaputil_celestialbody.prefab
[LOG 14:50:48.653] vesseldisplay_camerasetup.prefab
[LOG 14:50:48.653] desert_airfield.prefab
[LOG 14:50:48.653] desert_groundobjects.prefab
[LOG 14:50:48.653] desert_launch_site.prefab
[LOG 14:50:48.653] larkes.prefab
[LOG 14:50:48.653] floor bottom.mat
[LOG 14:50:48.653] floor top.mat
[LOG 14:50:48.653] legs.mat
[LOG 14:50:48.653] ramp.mat
[LOG 14:50:48.653] stairs grid lights pivot.mat
[LOG 14:50:48.653] supports 1.mat
[LOG 14:50:48.653] supports 2.mat
[LOG 14:50:48.653] tunnels.mat
[LOG 14:50:48.653] floor bottom.dds
[LOG 14:50:48.653] floor top.dds
[LOG 14:50:48.653] floor top_normal.dds
[LOG 14:50:48.654] legs.dds
[LOG 14:50:48.654] ramp.dds
[LOG 14:50:48.654] stairs grid lights pivot.dds
[LOG 14:50:48.654] supports 1.dds
[LOG 14:50:48.654] supports 2.dds
[LOG 14:50:48.654] tunnels.dds
[LOG 14:50:48.654] diffuse.mat
[LOG 14:50:48.654] floor bottom_base_color.mat
[LOG 14:50:48.654] floor top_base_color.mat
[LOG 14:50:48.654] legs_base_color.mat
[LOG 14:50:48.654] ramp_base_color.mat
[LOG 14:50:48.654] stairs grid lights pivot_base_colormodpsd.mat
[LOG 14:50:48.654] stairs_grid_lights_pivot_base_color.mat
[LOG 14:50:48.654] supports 1_base_color.mat
[LOG 14:50:48.654] supports 2_base_color.mat
[LOG 14:50:48.654] tunnels_base_color.mat
[LOG 14:50:48.654] mobilelaunchpad_19.fbx
[LOG 14:50:48.654] pontoons.fbx
[LOG 14:50:48.654] pontoons_diffuse.dds
[LOG 14:50:48.654] ramp_normal.png
[LOG 14:50:48.654] 1001_base_color.mat
[LOG 14:50:48.654] desert groundtransition.mat
[LOG 14:50:48.654] desert groundtransition_highquality.mat
[LOG 14:50:48.654] desert groundtransition_lowquality.mat
[LOG 14:50:48.654] desert groundtransition_mediumquality.mat
[LOG 14:50:48.654] desert groundtransition_ultraquality.mat
[LOG 14:50:48.654] desert runway sand.mat
[LOG 14:50:48.654] desert runway stone.mat
[LOG 14:50:48.654] mobilelaunchpad.prefab
[LOG 14:50:48.655] woomerang_groundobjects.prefab
[LOG 14:50:48.655] woomerang_launch_site.prefab
[LOG 14:50:48.655] Scenes:
[LOG 14:50:48.655] kspMissionEditor.unity
[LOG 14:50:57.457] Assets:
[LOG 14:50:57.457] appanim_missionsapp.prefab
[LOG 14:50:57.457] cascading_body_missionheader.prefab
[LOG 14:50:57.457] cascading_body_missioninfo.prefab
[LOG 14:50:57.457] cascading_body_missionobjective.prefab
[LOG 14:50:57.457] cascading_body_missionsvesselheader.prefab
[LOG 14:50:57.458] cascading_body_missionsvesselitem.prefab
[LOG 14:50:57.458] cascading_body_settingsbutton.prefab
[LOG 14:50:57.458] cascading_body_settingstoggle.prefab
[LOG 14:50:57.458] missionsapp.prefab
[LOG 14:50:57.458] axislimitline.prefab
[LOG 14:50:57.458] controlleraction.prefab
[LOG 14:50:57.458] controlleraxis.prefab
[LOG 14:50:57.458] controllerwindow.prefab
[LOG 14:50:57.458] curvepanelpoint.prefab
[LOG 14:50:57.458] curvepanelpointaction.prefab
[LOG 14:50:57.458] axis_align_ends.png
[LOG 14:50:57.458] axis_clamp_values.png
[LOG 14:50:57.458] axis_copy.png
[LOG 14:50:57.458] axis_flip_horizontal.png
[LOG 14:50:57.458] axis_flip_vertical.png
[LOG 14:50:57.458] axis_move_down-trackrow.png
[LOG 14:50:57.458] axis_move_down.png
[LOG 14:50:57.458] axis_move_up-trackrow.png
[LOG 14:50:57.458] axis_move_up.png
[LOG 14:50:57.458] axis_paste.png
[LOG 14:50:57.458] axis_preset_flat.png
[LOG 14:50:57.458] axis_preset_sawtooth.png
[LOG 14:50:57.458] axis_preset_sine.png
[LOG 14:50:57.458] axis_preset_square.png
[LOG 14:50:57.458] axis_preset_triangle.png
[LOG 14:50:57.458] axis_select_all.png
[LOG 14:50:57.458] background_squared_inset.png
[LOG 14:50:57.458] close.png
[LOG 14:50:57.458] direction_forward.png
[LOG 14:50:57.458] direction_reverse.png
[LOG 14:50:57.458] edit.png
[LOG 14:50:57.458] fieldlimitline.png
[LOG 14:50:57.458] keyframe_add.png
[LOG 14:50:57.458] keyframe_clamp_value.png
[LOG 14:50:57.458] keyframe_delete.png
[LOG 14:50:57.458] keyframe_linear.png
[LOG 14:50:57.458] keyframe_smooth.png
[LOG 14:50:57.458] keyframe_step_backward.png
[LOG 14:50:57.458] keyframe_step_forward.png
[LOG 14:50:57.458] line.png
[LOG 14:50:57.458] line_dashed.png
[LOG 14:50:57.458] loop_pingpong.png
[LOG 14:50:57.459] loop_playonce.png
[LOG 14:50:57.459] loop_repeat.png
[LOG 14:50:57.459] node.png
[LOG 14:50:57.459] node_circle.png
[LOG 14:50:57.459] node_square.png
[LOG 14:50:57.459] pause.png
[LOG 14:50:57.459] play.png
[LOG 14:50:57.459] pointer.png
[LOG 14:50:57.459] remove-axis.png
[LOG 14:50:57.459] remove_key.png
[LOG 14:50:57.459] resize_icon.png
[LOG 14:50:57.459] sequence_resize_button_states.png
[LOG 14:50:57.459] sequence_resize_maintain.png
[LOG 14:50:57.459] sequence_resize_scale.png
[LOG 14:50:57.459] sequence_speed.png
[LOG 14:50:57.459] tracking_editor_button_states.png
[LOG 14:50:57.459] femalefuturepreview.prefab
[LOG 14:50:57.459] malefuturepreview.prefab
[LOG 14:50:57.459] kbfemale@controlpanel_a.fbx
[LOG 14:50:57.459] kbfemale@controlpanel_b.fbx
[LOG 14:50:57.459] kbfemale@controlpanel_c.fbx
[LOG 14:50:57.459] kbfemale@rocksample.fbx
[LOG 14:50:57.459] hammerfemale.fbx
[LOG 14:50:57.459] hammermale.fbx
[LOG 14:50:57.459] kbeva@controlpanel_a.fbx
[LOG 14:50:57.459] kbeva@controlpanel_b.fbx
[LOG 14:50:57.459] kbeva@controlpanel_c.fbx
[LOG 14:50:57.459] kbeva@rocksample.fbx
[LOG 14:50:57.459] kerbaleva_female_future.prefab
[LOG 14:50:57.460] kerbaleva_rd_future.prefab
[LOG 14:50:57.460] futureevabody.mat
[LOG 14:50:57.460] futureevabodyalternate.mat
[LOG 14:50:57.460] futureevajetpack.mat
[LOG 14:50:57.460] futureevalight.mat
[LOG 14:50:57.460] futurehelmet.mat
[LOG 14:50:57.460] kbevafemalefuture.prefab
[LOG 14:50:57.460] kbevafuture.prefab
[LOG 14:50:57.460] kbeva@new.fbx
[LOG 14:50:57.460] kbeva@newfem.fbx
[LOG 14:50:57.460] mevahelmetlight.fbx
[LOG 14:50:57.460] serenityfemaleeva.fbx
[LOG 14:50:57.460] serenityflares.fbx
[LOG 14:50:57.460] serenitymaleeva.fbx
[LOG 14:50:57.460] evajetpacknrm.dds
[LOG 14:50:57.460] futuresuit_diffuse_orange.dds
[LOG 14:50:57.460] futuresuit_diffuse_whiteblue.dds
[LOG 14:50:57.460] futuresuit_diffuse_whiteorange.dds
[LOG 14:50:57.460] futuresuit_emissive.dds
[LOG 14:50:57.460] futuresuit_evalight.png
[LOG 14:50:57.460] futuresuitmainnrm.dds
[LOG 14:50:57.460] ksp_ig_jetpack_diffuse.jpg
[LOG 14:50:57.460] kerbalfemalefuture.prefab
[LOG 14:50:57.460] kerbalmalefuture.prefab
[LOG 14:50:57.460] futuresuit_diffuse.mat
[LOG 14:50:57.460] serenityfemaleiva.fbx
[LOG 14:50:57.460] serenitymaleiva.fbx
[LOG 14:50:57.460] kerbalicon_eva_female_future.tif
[LOG 14:50:57.460] kerbalicon_eva_future.tif
[LOG 14:50:57.461] kerbalicon_suit_female_future.tif
[LOG 14:50:57.461] kerbalicon_suit_future.tif
[LOG 14:50:57.461] kerbalicon_suit_orange_female_future.tif
[LOG 14:50:57.461] kerbalicon_suit_orange_future.tif
[LOG 14:50:57.461] bottom_emissor.mat
[LOG 14:50:57.461] burst_emissor.mat
[LOG 14:50:57.461] burstprojectiles_emissor.mat
[LOG 14:50:57.461] constantburst_emissor.mat
[LOG 14:50:57.461] snowflakes_emissor.mat
[LOG 14:50:57.461] vapor_emissor.mat
[LOG 14:50:57.461] base_0.mat
[LOG 14:50:57.461] base_1.mat
[LOG 14:50:57.461] base_2.mat
[LOG 14:50:57.461] base_3_1.mat
[LOG 14:50:57.461] base_3_2.mat
[LOG 14:50:57.461] vapor.mat
[LOG 14:50:57.461] burst.png
[LOG 14:50:57.461] cloud2.png
[LOG 14:50:57.461] v1.png
[LOG 14:50:57.461] v2.png
[LOG 14:50:57.461] v3.png
[LOG 14:50:57.461] v5.png
[LOG 14:50:57.461] gapkerbal_female_future.prefab
[LOG 14:50:57.461] gapkerbal_male_future.prefab
[LOG 14:50:57.461] hammerfemale.prefab
[LOG 14:50:57.461] hammermale.prefab
[LOG 14:50:57.461] bopgravelpile.prefab
[LOG 14:50:57.461] bopgravelpile.fbx
[LOG 14:50:57.461] bop_gravel pile_d.mat
[LOG 14:50:57.462] lambert1.mat
[LOG 14:50:57.462] bop_gravel pile_d.png
[LOG 14:50:57.462] bop_gravel pile_d.tga
[LOG 14:50:57.462] bop_gravel pile_n.png
[LOG 14:50:57.462] bop_gravel pile_s.png
[LOG 14:50:57.462] drescrater.prefab
[LOG 14:50:57.462] dresmeteorite.prefab
[LOG 14:50:57.462] drescrater.fbx
[LOG 14:50:57.462] dresmeteorite.fbx
[LOG 14:50:57.462] dres_crater_d.mat
[LOG 14:50:57.462] dres_meteorite_d.mat
[LOG 14:50:57.462] lambert1.mat
[LOG 14:50:57.462] dres_crater_d.tga
[LOG 14:50:57.462] dres_crater_n.png
[LOG 14:50:57.462] dres_meteorite_d.tga
[LOG 14:50:57.462] dres_meteorite_n.png
[LOG 14:50:57.462] dunablueberries.prefab
[LOG 14:50:57.462] dunadune.prefab
[LOG 14:50:57.462] dunameteorite.prefab
[LOG 14:50:57.462] dunastone.prefab
[LOG 14:50:57.462] dunaasteroid.fbx
[LOG 14:50:57.462] dunablueberries.fbx
[LOG 14:50:57.462] dunadune.fbx
[LOG 14:50:57.462] dunastone.fbx
[LOG 14:50:57.462] duna_asteroid_d.mat
[LOG 14:50:57.462] duna_dune_d.mat
[LOG 14:50:57.462] duna_stone_d.mat
[LOG 14:50:57.462] dune_blueberries_d.mat
[LOG 14:50:57.463] lambert1.mat
[LOG 14:50:57.463] duna_asteroid_d.tga
[LOG 14:50:57.463] duna_asteroid_n.png
[LOG 14:50:57.463] duna_dune_d.tga
[LOG 14:50:57.463] duna_dune_n.tga
[LOG 14:50:57.463] duna_stone_d.tga
[LOG 14:50:57.463] duna_stone_n.png
[LOG 14:50:57.463] dune_blueberries_d.tga
[LOG 14:50:57.463] dune_blueberries_n.png
[LOG 14:50:57.463] eelooberg.prefab
[LOG 14:50:57.463] eeloobrownboulder.prefab
[LOG 14:50:57.463] eelooicechunk.prefab
[LOG 14:50:57.463] eelooberg.fbx
[LOG 14:50:57.463] eelooboulder.fbx
[LOG 14:50:57.463] eelooicechunk.fbx
[LOG 14:50:57.463] eeloo_alien_glacier_d.mat
[LOG 14:50:57.463] eeloo_brown_ boulder_d.mat
[LOG 14:50:57.463] eeloo_ice chunk_d.mat
[LOG 14:50:57.463] lambert1.mat
[LOG 14:50:57.463] eeloo_alien_glacier_d.tga
[LOG 14:50:57.463] eeloo_alien_glacier_e.tga
[LOG 14:50:57.463] eeloo_alien_glacier_n.png
[LOG 14:50:57.463] eeloo_brown_ boulder_d.tga
[LOG 14:50:57.463] eeloo_brown_ boulder_n.png
[LOG 14:50:57.463] eeloo_ice chunk_d.tga
[LOG 14:50:57.463] eeloo_ice chunk_e.tga
[LOG 14:50:57.463] eeloo_ice chunk_n.png
[LOG 14:50:57.463] eeloo_ice chunk_s.tga
[LOG 14:50:57.463] evebasaltformation.prefab
[LOG 14:50:57.464] evepancakedome.prefab
[LOG 14:50:57.464] evevolcanicrock.prefab
[LOG 14:50:57.464] evebasaltformation.fbx
[LOG 14:50:57.464] evepancakeformation.fbx
[LOG 14:50:57.464] evevolcanicrock.fbx
[LOG 14:50:57.464] eve basalt formation_d.mat
[LOG 14:50:57.464] eve pancake formation_d.mat
[LOG 14:50:57.464] eve volcanic rock_d.mat
[LOG 14:50:57.464] lambert1.mat
[LOG 14:50:57.464] eve basalt formation_d.tga
[LOG 14:50:57.464] eve basalt formation_n.tga
[LOG 14:50:57.464] eve pancake formation_d.tga
[LOG 14:50:57.464] eve pancake formation_e.png
[LOG 14:50:57.464] eve pancake formation_n.png
[LOG 14:50:57.464] eve volcanic rock_d.tga
[LOG 14:50:57.464] eve volcanic rock_n.png
[LOG 14:50:57.464] gillyridgeline.fbx
[LOG 14:50:57.464] gilly ridegeline_d.mat
[LOG 14:50:57.464] lambert1.mat
[LOG 14:50:57.464] gillyridgeline.prefab
[LOG 14:50:57.464] gilly ridegeline_d.tga
[LOG 14:50:57.464] gilly ridegeline_n.png
[LOG 14:50:57.464] dunaejecta.prefab
[LOG 14:50:57.464] ikedunaejecta.fbx
[LOG 14:50:57.464] ike_duna_ejecta_mat.mat
[LOG 14:50:57.464] ike duna ejecta_d.tga
[LOG 14:50:57.464] ike duna ejecta_n.png
[LOG 14:50:57.464] kerbinbaobabtree.fbx
[LOG 14:50:57.464] kerbinquartz.fbx
[LOG 14:50:57.465] baobaptree.mat
[LOG 14:50:57.465] kerbin_baobab_tree_d.mat
[LOG 14:50:57.465] kerbin_boabob_tree_d.mat
[LOG 14:50:57.465] kerbin_giant_quartz_d.mat
[LOG 14:50:57.465] lambert1.mat
[LOG 14:50:57.465] lambert2.mat
[LOG 14:50:57.465] kerbinbaobabtree.prefab
[LOG 14:50:57.465] kerbinquartz.prefab
[LOG 14:50:57.465] kerbin_baobab_tree_alpha.png
[LOG 14:50:57.465] kerbin_baobab_tree_d.tga
[LOG 14:50:57.465] kerbin_baobab_tree_n.png
[LOG 14:50:57.465] kerbin_giant_quartz_d.tga
[LOG 14:50:57.465] kerbin_giant_quartz_e.tga
[LOG 14:50:57.465] kerbin_giant_quartz_n.tga
[LOG 14:50:57.465] kerbin_giant_quartz_s.tga
[LOG 14:50:57.465] laytheboulder.fbx
[LOG 14:50:57.465] laythegeyser.fbx
[LOG 14:50:57.465] laythestone.fbx
[LOG 14:50:57.465] lambert1.mat
[LOG 14:50:57.465] laythe_boulder_d.mat
[LOG 14:50:57.465] laythe_geyser_d.mat
[LOG 14:50:57.465] laythe_stone_d.mat
[LOG 14:50:57.465] laytheboulder.prefab
[LOG 14:50:57.465] laythegeyser.prefab
[LOG 14:50:57.465] laythestone.prefab
[LOG 14:50:57.465] laythe_boulder_d.tga
[LOG 14:50:57.465] laythe_boulder_n.png
[LOG 14:50:57.466] laythe_geyser_d.tga
[LOG 14:50:57.466] laythe_geyser_n.png
[LOG 14:50:57.466] laythe_stone_d.tga
[LOG 14:50:57.466] laythe_stone_n.png
[LOG 14:50:57.466] greensandstone.fbx
[LOG 14:50:57.466] lambert1.mat
[LOG 14:50:57.466] minmus_green_sandstone_d.mat
[LOG 14:50:57.466] minmus_olivine_formation_d.mat
[LOG 14:50:57.466] minmusolivineformation.fbx
[LOG 14:50:57.466] minmus_greensandstone.prefab
[LOG 14:50:57.466] minmus_olivineformation.prefab
[LOG 14:50:57.466] minmus_green_sandstone_d.tga
[LOG 14:50:57.466] minmus_green_sandstone_n.png
[LOG 14:50:57.466] minmus_olivine_formation_d.tga
[LOG 14:50:57.466] minmus_olivine_formation_n.png
[LOG 14:50:57.466] lambert1.mat
[LOG 14:50:57.466] moho wrinkleridge_d.mat
[LOG 14:50:57.466] moho_stone_d.mat
[LOG 14:50:57.466] mohostone.fbx
[LOG 14:50:57.466] mohowrinkleridge.fbx
[LOG 14:50:57.466] mohostone.prefab
[LOG 14:50:57.466] mohowrinkleridge.prefab
[LOG 14:50:57.466] moho wrinkleridge_d.tga
[LOG 14:50:57.466] moho wrinkleridge_e.png
[LOG 14:50:57.466] moho wrinkleridge_n.png
[LOG 14:50:57.466] moho_stone_d.tga
[LOG 14:50:57.466] moho_stone_n.png
[LOG 14:50:57.466] lambert1.mat
[LOG 14:50:57.466] mun_crater_d.mat
[LOG 14:50:57.467] mun_large_crater_d.mat
[LOG 14:50:57.467] mun_stone_d.mat
[LOG 14:50:57.467] muncrater.fbx
[LOG 14:50:57.467] munlargecrater.fbx
[LOG 14:50:57.467] munstone.fbx
[LOG 14:50:57.467] muncrater.prefab
[LOG 14:50:57.467] munlargecrater.prefab
[LOG 14:50:57.467] munstone.prefab
[LOG 14:50:57.467] mun_crater_d.tga
[LOG 14:50:57.467] mun_crater_n.png
[LOG 14:50:57.467] mun_large_crater_d.tga
[LOG 14:50:57.467] mun_large_crater_n.png
[LOG 14:50:57.467] mun_stone_d.tga
[LOG 14:50:57.467] mun_stone_n.png
[LOG 14:50:57.467] lambert1.mat
[LOG 14:50:57.467] pol_yellowstone_d.mat
[LOG 14:50:57.467] polyellowstone.fbx
[LOG 14:50:57.467] pol_yellowstones.prefab
[LOG 14:50:57.467] pol_yellowstone_d.png
[LOG 14:50:57.467] pol_yellowstone_n.png
[LOG 14:50:57.467] lambert1.mat
[LOG 14:50:57.467] tylo_checkerboard_d.mat
[LOG 14:50:57.467] tylo_dark boulder_d.mat
[LOG 14:50:57.467] tylo_light_d.mat
[LOG 14:50:57.467] tyloboulder.fbx
[LOG 14:50:57.467] tylocheckerboard.fbx
[LOG 14:50:57.467] tylolightstone.fbx
[LOG 14:50:57.467] tylo_ checkerboard_n.png
[LOG 14:50:57.467] tylo_checkerboard_d.png
[LOG 14:50:57.467] tylo_dark boulder_d.tga
[LOG 14:50:57.468] tylo_dark boulder_n.png
[LOG 14:50:57.468] tylo_light_d.tga
[LOG 14:50:57.468] tylo_light_n.png
[LOG 14:50:57.468] tylocheckerboard.prefab
[LOG 14:50:57.468] tylodarkboulder.prefab
[LOG 14:50:57.468] tylolightstone.prefab
[LOG 14:50:57.468] cryovolcano_d.mat
[LOG 14:50:57.468] lambert1.mat
[LOG 14:50:57.468] vallicechunk_d.mat
[LOG 14:50:57.468] vallstone_d.mat
[LOG 14:50:57.468] vall_cryovolcano.fbx
[LOG 14:50:57.468] vall_icechunk.fbx
[LOG 14:50:57.468] vall_stone.fbx
[LOG 14:50:57.468] cryovolcano_d.tga
[LOG 14:50:57.468] cryovolcano_e.png
[LOG 14:50:57.468] cryovolcano_n.jpg
[LOG 14:50:57.468] cryovolcano_s.jpg
[LOG 14:50:57.468] vallicechunk_d.jpg
[LOG 14:50:57.468] vallicechunk_e.jpg
[LOG 14:50:57.468] vallicechunk_n.jpg
[LOG 14:50:57.468] vallicechunk_s.jpg
[LOG 14:50:57.468] vallstone_d.jpg
[LOG 14:50:57.468] vallstone_e.jpg
[LOG 14:50:57.468] vallstone_n.jpg
[LOG 14:50:57.468] vallstone_s.jpg
[LOG 14:50:57.468] vallcryovolcano.prefab
[LOG 14:50:57.468] vallicechunk.prefab
[LOG 14:50:57.468] vallstone.prefab
[LOG 14:50:57.468] vfx_spark.mat
[LOG 14:50:57.469] vfx_welding_flare.mat
[LOG 14:50:57.469] cometdustmaterial.mat
[LOG 14:50:57.469] cometgeysermat.mat
[LOG 14:50:57.476] GetTypesOfModulesImplementingInterface2: Found 69 types with IPartModuleAdjuster interface in 7 assemblies.
[LOG 14:50:57.483] GetSubclassesOfParentClass: Found 0 types with ModuleActiveRadiator parent in 7 assemblies.
[LOG 14:50:57.490] GetSubclassesOfParentClass: Found 0 types with ModuleAlternator parent in 7 assemblies.
[LOG 14:50:57.496] GetSubclassesOfParentClass: Found 1 types with ModuleControlSurface parent in 7 assemblies.
[LOG 14:50:57.502] GetSubclassesOfParentClass: Found 0 types with ModuleDataTransmitter parent in 7 assemblies.
[LOG 14:50:57.508] GetSubclassesOfParentClass: Found 0 types with ModuleDeployableSolarPanel parent in 7 assemblies.
[LOG 14:50:57.514] GetSubclassesOfParentClass: Found 1 types with ModuleEngines parent in 7 assemblies.
[LOG 14:50:57.521] GetSubclassesOfParentClass: Found 0 types with ModuleGenerator parent in 7 assemblies.
[LOG 14:50:57.527] GetSubclassesOfParentClass: Found 0 types with ModuleGimbal parent in 7 assemblies.
[LOG 14:50:57.533] GetSubclassesOfParentClass: Found 2 types with ModuleLiftingSurface parent in 7 assemblies.
[LOG 14:50:57.539] GetSubclassesOfParentClass: Found 0 types with ModuleLight parent in 7 assemblies.
[LOG 14:50:57.545] GetSubclassesOfParentClass: Found 0 types with ModuleReactionWheel parent in 7 assemblies.
[LOG 14:50:57.551] GetSubclassesOfParentClass: Found 0 types with ModuleSAS parent in 7 assemblies.
[LOG 14:50:57.556] GetSubclassesOfParentClass: Found 0 types with ModuleWheelBrakes parent in 7 assemblies.
[LOG 14:50:57.562] GetSubclassesOfParentClass: Found 1 types with ModuleWheelMotor parent in 7 assemblies.
[LOG 14:50:57.562] GetSubclassesOfParentClass: Using cached results for ModuleActiveRadiator
[LOG 14:50:57.568] GetSubclassesOfParentClass: Found 0 types with ModuleAnchoredDecoupler parent in 7 assemblies.
[LOG 14:50:57.574] GetSubclassesOfParentClass: Found 0 types with ModuleCargoBay parent in 7 assemblies.
[LOG 14:50:57.574] GetSubclassesOfParentClass: Using cached results for ModuleControlSurface
[LOG 14:50:57.574] GetSubclassesOfParentClass: Using cached results for ModuleDataTransmitter
[LOG 14:50:57.580] GetSubclassesOfParentClass: Found 0 types with ModuleDecouple parent in 7 assemblies.
[LOG 14:50:57.586] GetSubclassesOfParentClass: Found 4 types with ModuleDeployablePart parent in 7 assemblies.
[LOG 14:50:57.591] GetSubclassesOfParentClass: Found 0 types with ModuleDockingNode parent in 7 assemblies.
[LOG 14:50:57.592] GetSubclassesOfParentClass: Using cached results for ModuleEngines
[LOG 14:50:57.597] GetSubclassesOfParentClass: Found 0 types with CModuleFuelLine parent in 7 assemblies.
[LOG 14:50:57.603] GetSubclassesOfParentClass: Found 0 types with ModuleGPS parent in 7 assemblies.
[LOG 14:50:57.609] GetSubclassesOfParentClass: Found 0 types with ModuleGrappleNode parent in 7 assemblies.
[LOG 14:50:57.609] GetSubclassesOfParentClass: Using cached results for ModuleGrappleNode
[LOG 14:50:57.615] GetSubclassesOfParentClass: Found 0 types with ModuleKerbNetAccess parent in 7 assemblies.
[LOG 14:50:57.615] GetSubclassesOfParentClass: Using cached results for ModuleLight
[LOG 14:50:57.615] GetSubclassesOfParentClass: Using cached results for ModuleLight
[LOG 14:50:57.621] GetSubclassesOfParentClass: Found 0 types with ModuleProbeControlPoint parent in 7 assemblies.
[LOG 14:50:57.627] GetSubclassesOfParentClass: Found 1 types with ModuleRCS parent in 7 assemblies.
[LOG 14:50:57.627] GetSubclassesOfParentClass: Using cached results for ModuleRCS
[LOG 14:50:57.627] GetSubclassesOfParentClass: Using cached results for ModuleReactionWheel
[LOG 14:50:57.627] GetSubclassesOfParentClass: Using cached results for ModuleReactionWheel
[LOG 14:50:57.633] GetSubclassesOfParentClass: Found 0 types with ModuleResourceIntake parent in 7 assemblies.
[LOG 14:50:57.639] GetSubclassesOfParentClass: Found 0 types with ModuleScienceExperiment parent in 7 assemblies.
[LOG 14:50:57.645] GetSubclassesOfParentClass: Found 0 types with ModuleToggleCrossfeed parent in 7 assemblies.
[LOG 14:50:57.650] GetSubclassesOfParentClass: Found 0 types with ModuleWheelDeployment parent in 7 assemblies.
[LOG 14:50:57.682] ExpansionsLoader: Expansions loaded in 9.582s
[LOG 14:50:57.682] Loading Systems: Elapsed time is 26.17472s
[LOG 14:51:01.009] [AddonLoader]: Instantiating addon 'KSPCFFastLoaderPSystemSetup' from assembly 'KSPCommunityFixes'
[LOG 14:51:01.321] [Agent]: Found 19 agent mentality types
[LOG 14:51:01.323] [AgentList]: 31 agents parsed and loaded.
[LOG 14:51:01.360] [UIMasterController]: HideUI
[LOG 14:51:01.448] [CelestialBody]: Kerbin's solar day length is 1d, 0h, 0m long. sidereal day length is 5h, 59m, 9s long
[LOG 14:51:07.182] [UIMasterController]: HideUI
[LOG 14:51:07.189] [HighLogic]: =========================== Scene Change : From LOADING to MAINMENU =====================
[LOG 14:51:07.746] [AddonLoader]: Instantiating addon 'ContractDefs' from assembly 'KSP'
[LOG 14:51:07.775] [AddonLoader]: Instantiating addon 'KSPCFFastLoaderReport' from assembly 'KSPCommunityFixes'
[LOG 14:51:07.802] [UIMasterController]: ShowUI
[LOG 14:51:08.063] [GameParameters]: Loaded custom parameter class CommNetParams.
[LOG 14:51:08.063] [GameParameters]: Loaded custom parameter class MissionParamsGeneral.
[LOG 14:51:08.064] [GameParameters]: Loaded custom parameter class MissionParamsFacilities.
[LOG 14:51:08.064] [GameParameters]: Loaded custom parameter class MissionParamsExtras.
[LOG 14:51:08.064] [GameParameters]: Loaded custom parameter class AdvancedParams.
[LOG 14:51:08.085] [ReflectionUtil]: Found 40 types with UpgradeModule attribute in 7 assemblies.
[LOG 14:51:08.102] [KSPCF:FastLoader] Intel(R) Core(TM) i7-4790K CPU @ 4.00GHz | 32687 MB | NVIDIA GeForce GTX 1060 6GB (6029 MB)
Total loading time to main menu : 40.010s
- Configs and assemblies loaded in 5.071s
- Configs reload done in 1.093s
- Configs translated in 0.018s
- 2331 assets loaded in 3.443s :
  - 86 audio assets (79.689 MiB) in 0.507s, 157.114 MiB/s
  - 1618 texture assets (1.293 GiB) in 2.344s, 564.834 MiB/s
  - 626 model assets (64.41 MiB) in 0.590s, 109.233 MiB/s
- Asset bundles loaded in 0.485s
- GameDatabase (configs, resources, traits, upgrades...) loaded in 0.067s
- Built-in parts copied in 0.021s
- Part and internal configs extracted in 0.001s
- 483 parts and 1927 modules compiled in 7.111s
  - 4.0 modules/part, 14.722 ms/part, 3.690 ms/module
  - PartIcon compilation : 1.140s
- 27 internal spaces and 56 props compiled in 0.257s
- 2 DLC (Making History, Breaking Ground) loaded in 9.614s
- Planetary system loaded in 7.495s
[LOG 14:51:08.102] Texture queries : 1709, slow path : 1 (0.06 %)
[LOG 14:51:08.107] [ModuleManager] Total loading Time = 35.195s
[LOG 14:51:08.143] [ScenarioTypes]: List Created 23 scenario types loaded from 7 loaded assemblies.
[WRN 14:51:08.151] File 'D:/KSP-Dev/KSP_x64_Data/../Missions/MissionScoreInfo.cfg' does not exist
[LOG 14:51:08.154] [ApplicationLauncher] Awake False
[LOG 14:51:08.155] [ApplicationLauncher] SpawnSimpleLayout: VerticalTopDown
[LOG 14:51:08.170] [UiApp] Awake: 
[LOG 14:51:08.171] [ApplicationLauncher] OnSceneLoadedGUIReady: scene MAINMENU ShouldBeVisible() True ShouldBeOnTop() True iIsPositionedAtTop True
[LOG 14:51:08.192] [UIApp] Adding  to Application Launcher
[LOG 14:51:08.196] [ApplicationLauncher] SetHidden: 
[LOG 14:51:08.201] [MessageSystem] OnAppInitialized
[LOG 14:51:08.201] [MessageSystem] Reposition 0.0400538 27847
[LOG 14:51:33.123] [KSPUpgradePipeline]: claude (1.12.5) is up to date.
[LOG 14:51:33.132] [ExperienceSystem]: Found 0 trait types
[LOG 14:51:33.138] [ExperienceSystem]: Found 20 effect types
[LOG 14:51:33.169] [ScenarioTypes]: List Created 23 scenario types loaded from 7 loaded assemblies.
[LOG 14:51:33.190] Game State Saved to saves/claude/persistent
[LOG 14:51:33.200] [MessageSystem] Load Messages
[LOG 14:51:33.203] [UIMasterController]: HideUI
[LOG 14:51:33.204] [HighLogic]: =========================== Scene Change : From MAINMENU to SPACECENTER =====================
[LOG 14:51:33.552] [AddonLoader]: Instantiating addon 'CustomConfigsManager' from assembly 'ModuleManager'
[LOG 14:51:36.498] [UIMasterController]: ShowUI
[LOG 14:51:36.781] [SceneLoadSpeedBoost] Save loaded from disk in 1ms
[LOG 14:51:36.793] GetSubclassesOfParentClass: Found 7 types with AlarmTypeBase parent in 7 assemblies.
[LOG 14:51:36.801] Loading Depletion Nodes
[LOG 14:51:36.801] DepNodeCount:  0
[LOG 14:51:36.802] Loading Biome Nodes
[LOG 14:51:36.802] BiomeNodeCount:  0
[LOG 14:51:36.802] Loading Planet Nodes
[LOG 14:51:36.802] PlanetNodeCount:  0
[LOG 14:51:36.816] [ScenarioDestructibles]: Loading... 0 objects registered
[LOG 14:51:36.901] [AsteroidSpawner]: New object found near Kerbin: Ast. QVZ-045!
[LOG 14:51:36.940] [UiApp] Awake: KSPedia
[LOG 14:51:36.940] [UiApp] Awake: Missions App
[LOG 14:51:36.940] [UiApp] Awake: AlarmClock
[LOG 14:51:36.941] [GenericAppFrame] Reposition 0 36872
[LOG 14:51:36.941] [ApplicationLauncher] OnSceneLoadedGUIReady: scene SPACECENTER ShouldBeVisible() True ShouldBeOnTop() False iIsPositionedAtTop True
[LOG 14:51:36.941] [ApplicationLauncher] SpawnSimpleLayout: HorizontalRightLeft
[LOG 14:51:36.944] [ApplicationLauncher] SetVisible: 
[LOG 14:51:36.990] [UIApp] OnDestroy: Contracts
[LOG 14:51:36.997] [MessageSystem] Reposition 0.02 36873
[LOG 14:51:36.997] [GenericAppFrame] Reposition 0.02 36873
[LOG 14:51:36.997] [GenericAppFrame] Reposition 0.02 36873
[LOG 14:51:37.135] [UIApp] Adding AlarmClock to Application Launcher
[LOG 14:51:37.136] [UIApp] Adding Missions App to Application Launcher
[LOG 14:51:37.167] [GenericAppFrame] Reposition 0.1040954 36879
[LOG 14:51:37.171] [MissionsApp] OnAppStarted(): id: -383404
[LOG 14:51:37.171] MissionsApp does not execute in this game mode, destroying this instance
[LOG 14:51:37.171] [UIApp] OnDestroy: Missions App
[LOG 14:51:37.183] [UIApp] Adding KSPedia to Application Launcher
[LOG 14:51:38.919] Game Paused!
[LOG 14:51:38.920] [UIMasterController]: ShowUI
[LOG 14:51:48.655] [KSPUpgradePipeline]: claude (1.12.5) is up to date.
[LOG 14:51:48.664] [ScenarioTypes]: List Created 23 scenario types loaded from 7 loaded assemblies.
[LOG 14:51:48.664] [MessageSystem] Load Messages
[LOG 14:51:48.668] [UIMasterController]: HideUI
[LOG 14:51:48.677] [HighLogic]: =========================== Scene Change : From SPACECENTER to FLIGHT =====================
[LOG 14:51:48.679] Game Unpaused!
[LOG 14:51:48.975] [UIApp] OnDestroy: AlarmClock
[LOG 14:51:48.975] [UIApp] OnDestroy: KSPedia
[LOG 14:51:48.982] [KSPCF:MemoryLeaks] Removed a onPlanetariumTargetChange callback owned by a destroyed Assembly-CSharp:CommNetVessel instance
[LOG 14:51:48.992] [KSPCF:MemoryLeaks] Leaving scene "SpaceCenter", cleaned 5 memory leaks in 0.013s. GameEvents callbacks : 471. Allocated memory : 654.207 MiB (managed heap), 2.194 GiB (unmanaged)
[LOG 14:51:49.003] UICanvasPrefabSpawner FlightUI spawning Flight
[LOG 14:51:49.037] UICanvasPrefabSpawner FlightUI spawning VesselLabels
[LOG 14:51:49.037] [UiApp] Awake: ResourceDisplay
[LOG 14:51:49.121] [AddonLoader]: Instantiating addon 'AeroGUI' from assembly 'KSP'
[LOG 14:51:49.135] [PlanetariumCamera]: Focus: Kerbin
[LOG 14:51:49.136] [UIMasterController]: HideUI
[LOG 14:51:49.431] [UIMasterController]: HideUI
[LOG 14:51:49.431] ------------------- initializing flight mode... ------------------
[LOG 14:51:49.433] GetSubclassesOfParentClass: Using cached results for AlarmTypeBase
[LOG 14:51:49.433] Loading Depletion Nodes
[LOG 14:51:49.433] DepNodeCount:  0
[LOG 14:51:49.433] Loading Biome Nodes
[LOG 14:51:49.433] BiomeNodeCount:  0
[LOG 14:51:49.433] Loading Planet Nodes
[LOG 14:51:49.433] PlanetNodeCount:  0
[LOG 14:51:49.435] [ScenarioDestructibles]: Loading... 0 objects registered
[LOG 14:51:49.461] Target vessel index: 1  vessel count: 3
[LOG 14:51:49.462] [FLIGHT GLOBALS]: Switching To Vessel Vaisseau sans nom ---------------------- 
[LOG 14:51:49.463] setting new dominant body: Mun
FlightGlobals.mainBody: Mun
[LOG 14:51:49.465] Reference Frame: Rotating
[WRN 14:51:49.475] [Part]: Cannot have ModuleCargoPart and ModuleInventoryPart on same Part [Vaisseau sans nom (unloaded)'. Removed ModuleCargoPart
[LOG 14:51:49.497] Camera Mode: AUTO
[LOG 14:51:52.944] all systems started
[LOG 14:51:52.944] [UIMasterController]: ShowUI
[LOG 14:51:53.066] [AsteroidSpawner]: No new objects this time. (Odds are 1:2)
[LOG 14:51:53.185] [UiApp] Awake: CurrencyWidgetsApp
[LOG 14:51:53.185] [UiApp] Awake: ResourceDisplay
[LOG 14:51:53.185] [UiApp] Awake: KSPedia
[LOG 14:51:53.185] [UiApp] Awake: Missions App
[LOG 14:51:53.185] [UiApp] Awake: DeltaVApp
[LOG 14:51:53.185] [UiApp] Awake: ActionGroupsApp
[LOG 14:51:53.185] [UiApp] Awake: Construction
[LOG 14:51:53.185] [UiApp] Awake: Cargo
[LOG 14:51:53.185] [UiApp] Awake: AlarmClock
[LOG 14:51:53.185] [UiApp] Awake: ManeuverTool
[LOG 14:51:53.186] [ApplicationLauncher] OnSceneLoadedGUIReady: scene FLIGHT ShouldBeVisible() True ShouldBeOnTop() True iIsPositionedAtTop False
[LOG 14:51:53.186] [ApplicationLauncher] SpawnSimpleLayout: VerticalTopDown
[LOG 14:51:53.189] [KnowledgeBase] OnAppLauncherReady 39183
[LOG 14:51:53.225] [UIApp] OnDestroy: Contracts
[LOG 14:51:53.279] [FlightIntegrator]: Reloaded drag cube for zeroed cube root part mk1pod.v2 (Vaisseau sans nom) on vessel Vaisseau sans nom
[LOG 14:51:53.292] [MessageSystem] Reposition 0.02 39184
[LOG 14:51:53.293] [GenericAppFrame] Reposition 0.02 39184
[LOG 14:51:53.293] [GenericAppFrame] Reposition 0.02 39184
[LOG 14:51:53.389] [PlanetariumCamera]: Focus: Vaisseau sans nom
[LOG 14:51:53.415] [UIApp] Adding ResourceDisplay to Application Launcher
[LOG 14:51:53.417] [UIApp] Adding ResourceDisplay to Application Launcher
[LOG 14:51:53.427] [ResourceDisplay] OnAppStarted(): id: -418096
[LOG 14:51:53.427] [GenericAppFrame] Reposition 0.1375719 39188
[LOG 14:51:53.428] [ResourceDisplay] OnAppStarted(): id: 264296
[LOG 14:51:53.428] ResourceDisplay already exist, destroying this instance
[LOG 14:51:53.428] [UIApp] OnDestroy: ResourceDisplay
[LOG 14:51:53.443] [UIApp] Adding AlarmClock to Application Launcher
[LOG 14:51:53.444] [UIApp] Adding ActionGroupsApp to Application Launcher
[LOG 14:51:53.445] [UIApp] Adding Missions App to Application Launcher
[LOG 14:51:53.446] CURRENCY WIDGET False False False
[LOG 14:51:53.448] [UIApp] OnDestroy: CurrencyWidgetsApp
[LOG 14:51:53.473] [GenericAppFrame] Reposition 0.1659719 39190
[LOG 14:51:53.476] [ActionGroupsApp] OnAppStarted(): id: -418120
[LOG 14:51:53.477] [GenericAppFrame] Reposition 0.1659719 39190
[LOG 14:51:53.477] [UIApp] Adding DeltaVApp to Application Launcher
[LOG 14:51:53.479] [MissionsApp] OnAppStarted(): id: -418108
[LOG 14:51:53.479] MissionsApp does not execute in this game mode, destroying this instance
[LOG 14:51:53.479] [UIApp] OnDestroy: Missions App
[LOG 14:51:53.491] [GenericAppFrame] Reposition 0.1994785 39191
[LOG 14:51:53.528] [UIApp] Adding Cargo to Application Launcher
[LOG 14:51:53.529] [UIApp] Adding Construction to Application Launcher
[LOG 14:51:53.530] [UIApp] Adding KSPedia to Application Launcher
[WRN 14:51:53.544] HighlightingSystem : Framebuffer depth data is not available and can't be used to occlude highlighting. Highlighting occluders enabled.
[LOG 14:51:53.559] [UIApp] Adding ManeuverTool to Application Launcher
[LOG 14:51:53.561] [ApplicationLauncher] SetHidden: 
[LOG 14:51:53.576] [GenericAppFrame] Reposition 0.2818019 39194
[LOG 14:51:53.585] [ManeuverTool]: Found 1 transfer types
[LOG 14:51:53.651] Flight State Captured
[LOG 14:51:53.655] Saving Achievements Tree...
[LOG 14:51:53.655] Saving Achievements Tree...
[LOG 14:51:53.656] Saving Achievements Tree...
[LOG 14:51:53.659] [MessageSystem] Save Messages
[LOG 14:51:53.671] Game State Saved as persistent
[LOG 14:51:54.281] Unpacking Vaisseau sans nom
[LOG 14:51:54.293] [UIMasterController]: ShowUI
[LOG 14:52:08.407] [Comet Manager]:Generated Comet Type:short
[LOG 14:52:08.412] [CometSpawner]: New object found near Kerbin
[LOG 14:52:21.507] [PQSBench] BENCH reset
[LOG 14:52:23.412] [AsteroidSpawner]: New object found near Kerbin: Ast. OBP-700!
[LOG 14:52:38.440] [AsteroidSpawner]: No new objects this time. (Odds are 1:2)
[LOG 14:52:53.464] [AsteroidSpawner]: No new objects this time. (Odds are 1:2)
[LOG 14:53:08.505] [AsteroidSpawner]: New object found near Kerbin: Ast. AGW-559!
[LOG 14:53:31.392] [PQSBench] BENCH begin;vertexPlacementPatchedBy=none;quadBuildPatchedBy=com.github.lhervier.ksp.pqsbench
[LOG 14:53:31.393] [PQSBench] BENCH machine;cpu=Intel(R) Core(TM) i7-4790K CPU @ 4.00GHz;logicalCores=8;memoryMb=32687;gpu=NVIDIA GeForce GTX 1060 6GB;os=Windows 10  (10.0.0) 64bit
[LOG 14:53:31.393] [PQSBench] BENCH run;save=claude (SANDBOX);vessel=Vaisseau sans nom;body=Mun;terrainPreset=High;terrainPresetIndex=2;verticesPerQuad=225;utStart=54.92;utEnd=124.64;utSpan=69.72;realSeconds=69.82;altitudeStart=4999.9;altitude=4999.9;speed=554.4;quads=1777;topLevelQuads=704
[LOG 14:53:31.394] [PQSBench] BENCH sphere;name=Mun;radius=200000;minLevel=2;maxLevel=9;highestLevelUnder=6250;subdivisionOffAbove=20000000;maxAnglePerSample=9.204E-005;speedCapAt60Fps=1104
[LOG 14:53:31.395] [PQSBench] BENCH colliders;name=Mun;maxLevelOffset=0;lowestLevelWithCollider=9
[LOG 14:53:31.396] [PQSBench] BENCH calibration;quads=22;roundsPerQuad=8;verticesPerFormula=39600;stockNsPerVertex=284.2;installedNsPerVertex=281.7;differenceNsPerVertex=-2.5;harnessNsPerVertex=5.7;stockRawNsPerVertex=289.9;installedRawNsPerVertex=287.4
[LOG 14:53:31.396] [PQSBench] BENCH end
[LOG 14:53:33.033] Game Paused!
[LOG 14:53:33.034] [UIMasterController]: ShowUI
[LOG 14:53:33.920] Flight State Captured
[LOG 14:53:33.920] Saving Achievements Tree...
[LOG 14:53:33.920] Saving Achievements Tree...
[LOG 14:53:33.920] Saving Achievements Tree...
[LOG 14:53:33.920] [MessageSystem] Save Messages
[LOG 14:53:33.933] Game State Saved to saves/claude/persistent
[LOG 14:53:33.943] [UIMasterController]: HideUI
[LOG 14:53:33.953] [HighLogic]: =========================== Scene Change : From FLIGHT to MAINMENU =====================
[LOG 14:53:34.470] [UIApp] OnDestroy: ManeuverTool
[LOG 14:53:34.471] [UIApp] OnDestroy: ResourceDisplay
[LOG 14:53:34.471] KbApp.OnDestroy Planet Info
[LOG 14:53:34.472] KbApp.OnDestroy Unowned Info
[LOG 14:53:34.474] [UIApp] OnDestroy: AlarmClock
[LOG 14:53:34.474] [UIApp] OnDestroy: Cargo
[LOG 14:53:34.478] KbApp.OnDestroy Planet Parameters
[LOG 14:53:34.478] KbApp.OnDestroy NullName
[LOG 14:53:34.480] KbApp.OnDestroy Vessel Crew
[LOG 14:53:34.480] [UIApp] OnDestroy: KSPedia
[LOG 14:53:34.480] [UIApp] OnDestroy: ActionGroupsApp
[LOG 14:53:34.481] [UIApp] OnDestroy: Construction
[LOG 14:53:34.481] KbApp.OnDestroy Vessel Info
[LOG 14:53:34.481] [UIApp] OnDestroy: DeltaVApp
[LOG 14:53:34.482] KbApp.OnDestroy Planet Resources
[LOG 14:53:34.484] [KSPCF:MemoryLeaks] Removed a OnMapExited callback owned by a destroyed Assembly-CSharp:NavBallToggle instance
[LOG 14:53:34.484] [KSPCF:MemoryLeaks] Removed a OnGameSettingsApplied callback owned by a destroyed Assembly-CSharp:VesselAutopilotUI instance
[LOG 14:53:34.484] [KSPCF:MemoryLeaks] Removed a onPartActionUICreate callback owned by a destroyed Assembly-CSharp:ModuleInventoryPart instance
[LOG 14:53:34.484] [KSPCF:MemoryLeaks] Removed a onModuleInventoryChanged callback owned by a destroyed Assembly-CSharp:ModuleInventoryPart instance
[LOG 14:53:34.485] [KSPCF:MemoryLeaks] Removed a OnDestructibleLoaded callback owned by a destroyed Assembly-CSharp:RunwayCollisionHandler instance
[LOG 14:53:34.485] [KSPCF:MemoryLeaks] Removed a OnClick callback owned by a destroyed Assembly-CSharp:EVAConstructionModeEditor instance
[LOG 14:53:34.485] [KSPCF:MemoryLeaks] Removed a TimingManager.Instance.timing5.onLateUpdate callback owned by a destroyed Assembly-CSharp:MapView instance
[LOG 14:53:34.486] [KSPCF:MemoryLeaks] Leaving scene "Flight", cleaned 23 memory leaks in 0.003s. GameEvents callbacks : 867. Allocated memory : 671.527 MiB (managed heap), 2.183 GiB (unmanaged)
[LOG 14:53:34.619] [UIMasterController]: ShowUI
[LOG 14:53:34.956] [ScenarioTypes]: List Created 23 scenario types loaded from 7 loaded assemblies.
[WRN 14:53:34.960] File 'D:/KSP-Dev/KSP_x64_Data/../Missions/MissionScoreInfo.cfg' does not exist
[LOG 14:53:34.961] [ApplicationLauncher] OnSceneLoadedGUIReady: scene MAINMENU ShouldBeVisible() True ShouldBeOnTop() True iIsPositionedAtTop True
[LOG 14:53:34.961] [ApplicationLauncher] SetHidden: 
[LOG 14:53:34.965] [MessageSystem] Reposition 0.02 50429
[LOG 14:53:34.965] [GenericAppFrame] Reposition 0.02 50429
[LOG 14:53:34.965] [GenericAppFrame] Reposition 0.02 50429
[LOG 14:53:39.820] [UIApp] OnDestroy: 
