[LOG 15:04:31.554] ******* Log Initiated for Kerbal Space Program - 1.12.5.3190 (WindowsPlayer x64) fr-fr *******
Kerbal Space Program - 1.12.5.3190 (WindowsPlayer x64) fr-fr


OS: Windows 10  (10.0.0) 64bit
CPU: Intel(R) Core(TM) i7-4790K CPU @ 4.00GHz (8)
RAM: 32687
GPU: NVIDIA GeForce GTX 1060 6GB (6029MB)
SM: 50 (Direct3D 11.0 [level 11.1])
RT Formats: ARGB32, Depth, ARGBHalf, Shadowmap, RGB565, ARGB4444, ARGB1555, Default, ARGB2101010, DefaultHDR, ARGB64, ARGBFloat, RGFloat, RGHalf, RFloat, RHalf, R8, ARGBInt, RGInt, RInt, BGRA32, RGB111110Float, RG32, RGBAUShort, RG16, BGRA10101010_XR, BGR101010_XR, R16


Log started: Mon, Sep 21, 2026 15:04:31


[LOG 15:04:31.574] ActionCanvas MASK: 3458764513820540928
[LOG 15:04:31.574] AppCanvas MASK: 3458764513820540928
[LOG 15:04:31.576] MainCanvas MASK: 3458764513820540928
[LOG 15:04:32.754] Load(Assembly): /ModuleManager.4.2.3
[LOG 15:04:32.754] AssemblyLoader: Loading assembly at D:\KSP-Dev\GameData\ModuleManager.4.2.3.dll
[LOG 15:04:32.777] AssemblyLoader: KSPAssembly 'ModuleManager' V2.5.0
[LOG 15:04:32.777] Load(Assembly): 000_Harmony/0Harmony
[LOG 15:04:32.777] AssemblyLoader: Loading assembly at D:\KSP-Dev\GameData\000_Harmony\0Harmony.dll
[LOG 15:04:32.779] Load(Assembly): 000_Harmony/HarmonyInstallChecker
[LOG 15:04:32.780] AssemblyLoader: Loading assembly at D:\KSP-Dev\GameData\000_Harmony\HarmonyInstallChecker.dll
[LOG 15:04:32.780] AssemblyLoader: KSPAssembly 'HarmonyKSP' V1.0.0
[LOG 15:04:32.780] Load(Assembly): KSPCommunityFixes/Plugins/0_MultipleModuleInPartAPI
[LOG 15:04:32.781] AssemblyLoader: Loading assembly at D:\KSP-Dev\GameData\KSPCommunityFixes\Plugins\0_MultipleModuleInPartAPI.dll
[LOG 15:04:32.781] AssemblyLoader: KSPAssembly 'MultipleModulePartAPI' V1.0.0
[LOG 15:04:32.781] Load(Assembly): KSPCommunityFixes/Plugins/KSPCommunityFixes
[LOG 15:04:32.782] AssemblyLoader: Loading assembly at D:\KSP-Dev\GameData\KSPCommunityFixes\Plugins\KSPCommunityFixes.dll
[LOG 15:04:32.790] AssemblyLoader: KSPAssembly 'KSPCommunityFixes' V1.41.1
[LOG 15:04:32.791] AssemblyLoader: KSPAssemblyDependency 'HarmonyKSP' V1.0.0
[LOG 15:04:32.791] AssemblyLoader: KSPAssemblyDependency 'ModuleManager' V1.0.0
[LOG 15:04:32.791] AssemblyLoader: KSPAssemblyDependency 'MultipleModulePartAPI' V1.0.0
[LOG 15:04:32.791] Load(Assembly): PQSBenchMod/PQSBenchMod
[LOG 15:04:32.791] AssemblyLoader: Loading assembly at D:\KSP-Dev\GameData\PQSBenchMod\PQSBenchMod.dll
[LOG 15:04:32.794] AssemblyLoader: Loading assemblies
[LOG 15:04:32.886] VesselModules: Found VesselModule of type AxisGroupsModule with order 999
[LOG 15:04:32.929] VesselModules: Found VesselModule of type CometVessel with order 999
[LOG 15:04:32.931] VesselModules: Found VesselModule of type SuspensionLoadBalancer with order 999
[LOG 15:04:32.933] VesselModules: Found VesselModule of type FlightIntegrator with order 0
[LOG 15:04:32.935] VesselModules: Found VesselModule of type CommNetVessel with order 999
[LOG 15:04:32.940] VesselModules: Found 5 VesselModule types
[LOG 15:04:32.947] 
************************************************************************

Environment Info
Win32NT 7FFFFFFFFFFFFFFF  Args: KSP_x64.exe 

Mod DLLs found:
Stock assembly: Assembly-CSharp v0.0.0.0
ModuleManager v4.2.3.0
0Harmony v2.2.1.0
HarmonyInstallChecker v2.2.1.0
0_MultipleModuleInPartAPI v1.0.0.0 / v1.0.0+7969fdc50bf4e350193abe5ba2e89533b12ca02f
KSPCommunityFixes v1.41.0.0 / v1.41.1+7969fdc50bf4e350193abe5ba2e89533b12ca02f / v1.41.1.0
PQSBenchMod v0.1.0.0 / v0.1.0+6e20ea945c2aaa133a9f50dda0128414ee5c88f6

Folders and files in GameData:
000_Harmony
KSPCommunityFixes
PQSBenchMod
Stock folder: Squad

Stock folder: SquadExpansion

ModuleManager.4.2.3.dll
ModuleManager.ConfigCache
ModuleManager.ConfigSHA
ModuleManager.Physics
ModuleManager.TechTree

************************************************************************

[LOG 15:04:32.967] [AddonLoader]: Instantiating addon 'ModuleManager' from assembly 'ModuleManager'
[LOG 15:04:32.979] [ModuleManager] Adding post patch to the loading screen 4
[LOG 15:04:32.981] [ModuleManager] Patching started on a new thread, all output will be directed to D:\KSP-Dev\Logs\ModuleManager\ModuleManager.log
[LOG 15:04:32.985] [AddonLoader]: Instantiating addon 'HarmonyInstallChecker' from assembly 'HarmonyKSP'
[LOG 15:04:32.986] [AddonLoader]: Instantiating addon 'KSPCommunityFixes' from assembly 'KSPCommunityFixes'
[LOG 15:04:32.987] [AddonLoader]: Instantiating addon 'NoIVA' from assembly 'KSPCommunityFixes'
[LOG 15:04:32.987] [AddonLoader]: Instantiating addon 'ConfigNodePerf' from assembly 'KSPCommunityFixes'
[LOG 15:04:33.221] [AddonLoader]: Instantiating addon 'KSPCFFastLoader' from assembly 'KSPCommunityFixes'
[LOG 15:04:33.222] [KSPCF] Injecting FastLoader...
[LOG 15:04:33.247] [KSPCommunityFixes] Patch GameDatabasePerf applied.
[LOG 15:04:33.342] [AddonLoader]: Instantiating addon 'ReflectionTypeLoadExceptionHandler' from assembly 'KSPCommunityFixes'
[LOG 15:04:33.345] [AddonLoader]: Instantiating addon 'PQSBenchMod' from assembly 'PQSBenchMod'
[LOG 15:04:33.345] [AddonLoader]: Instantiating addon 'CalibrateBenchAddon' from assembly 'PQSBenchMod'
[LOG 15:04:34.459] [KSPCF] Taking over stock loader. An exception will follow, this is intended.
[EXC 15:04:34.464] Exception: Terminating stock loader coroutine, this is intended and not an error
	KSPCommunityFixes.Performance.KSPCFFastLoader.GameDatabase_SetupMainLoaders_Prefix () (at <62bb7f5420994f409a34377c091e8538>:0)
	(wrapper dynamic-method) GameDatabase.GameDatabase.SetupMainLoaders_Patch1(GameDatabase)
	GameDatabase+<LoadObjects>d__90.MoveNext () (at <4b449f2841f84227adfaad3149c8fdba>:0)
	UnityEngine.SetupCoroutine.InvokeMoveNext (System.Collections.IEnumerator enumerator, System.IntPtr returnValueAddress) (at <12e76cd50cc64cf19e759e981cb725af>:0)
	UnityEngine.DebugLogHandler:LogException(Exception, Object)
	ModuleManager.UnityLogHandle.InterceptLogHandler:LogException(Exception, Object)
	UnityEngine.MonoBehaviour:StartCoroutine(IEnumerator)
	<CreateDatabase>d__71:MoveNext()
	UnityEngine.MonoBehaviour:StartCoroutine(IEnumerator)
	GameDatabase:StartLoad()
	<LoadSystems>d__11:MoveNext()
	UnityEngine.MonoBehaviour:StartCoroutine(IEnumerator)
	LoadingScreen:Start()
[LOG 15:04:34.533] [PQSBench] Version 0.1.0.0 installed, measuring. Alt+F8 dumps what has been recorded, Alt+F7 throws it away.
[LOG 15:04:34.660] Preloading Asset Bundle Definitions
[LOG 15:04:35.043] Load Audio: Squad/Alarms/Sounds/Chirps
[LOG 15:04:35.066] Load Audio: Squad/Alarms/Sounds/Classic
[LOG 15:04:35.066] Load Audio: Squad/Alarms/Sounds/ClockTower
[LOG 15:04:35.066] Load Audio: Squad/Alarms/Sounds/ComputerGlass1
[LOG 15:04:35.066] Load Audio: Squad/Alarms/Sounds/ComputerGlass2
[LOG 15:04:35.066] Load Audio: Squad/Alarms/Sounds/ComputerShort
[LOG 15:04:35.066] Load Audio: Squad/Alarms/Sounds/ComputerTriad
[LOG 15:04:35.067] Load Audio: Squad/Alarms/Sounds/DoorBell
[LOG 15:04:35.067] Load Audio: Squad/Alarms/Sounds/Glass
[LOG 15:04:35.067] Load Audio: Squad/Alarms/Sounds/Klaxon
[LOG 15:04:35.067] Load Audio: Squad/Alarms/Sounds/Mobile
[LOG 15:04:35.067] Load Audio: Squad/Alarms/Sounds/Morning
[LOG 15:04:35.067] Load Audio: Squad/Alarms/Sounds/OldClock
[LOG 15:04:35.067] Load Audio: Squad/Alarms/Sounds/OldHorn
[LOG 15:04:35.067] Load Audio: Squad/Alarms/Sounds/Ripple
[LOG 15:04:35.068] Load Audio: Squad/Sounds/editorLoop01
[LOG 15:04:35.068] Load Audio: Squad/Sounds/elev_loop
[LOG 15:04:35.068] Load Audio: Squad/Sounds/elev_start
[LOG 15:04:35.068] Load Audio: Squad/Sounds/elev_stop
[LOG 15:04:35.068] Load Audio: Squad/Sounds/fireworks_explosion_2
[LOG 15:04:35.068] Load Audio: Squad/Sounds/fireworks_explosion_3
[LOG 15:04:35.069] Load Audio: Squad/Sounds/fireworks_explosion_4
[LOG 15:04:35.069] Load Audio: Squad/Sounds/fireworks_launch_boom
[LOG 15:04:35.069] Load Audio: Squad/Sounds/fireworks_only_crackle_crackle_1
[LOG 15:04:35.069] Load Audio: Squad/Sounds/fireworks_only_crackle_dragon_1
[LOG 15:04:35.560] Load Audio: Squad/Sounds/fireworks_only_crackle_palm_1
[LOG 15:04:35.560] Load Audio: Squad/Sounds/fireworks_whistle
[LOG 15:04:35.560] Load Audio: Squad/Sounds/ksp1_banana_V2_01
[LOG 15:04:35.561] Load Audio: Squad/Sounds/ksp1_banana_V2_04
[LOG 15:04:35.561] Load Audio: Squad/Sounds/ksp1_banana_V2_05
[LOG 15:04:35.561] Load Audio: Squad/Sounds/ksp1_golf_swing_normal
[LOG 15:04:35.561] Load Audio: Squad/Sounds/ksp1_ground_anchor_v2_1
[LOG 15:04:35.561] Load Audio: Squad/Sounds/ksp1_strunts_disconnect_v3_pitched2
[LOG 15:04:35.562] Load Audio: Squad/Sounds/repairKit_repair1
[LOG 15:04:35.562] Load Audio: Squad/Sounds/repairKit_repair2
[LOG 15:04:35.562] Load Audio: Squad/Sounds/sound_ambience_nature
[LOG 15:04:35.562] Load Audio: Squad/Sounds/sound_click_flick
[LOG 15:04:35.562] Load Audio: Squad/Sounds/sound_click_latch
[LOG 15:04:35.562] Load Audio: Squad/Sounds/sound_click_sharp
[LOG 15:04:35.563] Load Audio: Squad/Sounds/sound_click_tick
[LOG 15:04:35.563] Load Audio: Squad/Sounds/sound_click_tock
[LOG 15:04:35.563] Load Audio: Squad/Sounds/sound_decoupler_fire
[LOG 15:04:35.563] Load Audio: Squad/Sounds/sound_delete_bin
[LOG 15:04:35.563] Load Audio: Squad/Sounds/sound_explosion_debris1
[LOG 15:04:35.563] Load Audio: Squad/Sounds/sound_explosion_debris2
[LOG 15:04:35.564] Load Audio: Squad/Sounds/sound_explosion_large
[LOG 15:04:35.564] Load Audio: Squad/Sounds/sound_rocket_mini
[LOG 15:04:35.564] Load Audio: Squad/Sounds/sound_rocket_spurts
[LOG 15:04:35.564] Load Audio: Squad/Sounds/sound_servomotor
[LOG 15:04:35.564] Load Audio: Squad/Sounds/sound_tab_extend
[LOG 15:04:35.575] Load Audio: Squad/Sounds/sound_tab_retreat
[LOG 15:04:35.576] Load Audio: SquadExpansion/Serenity/Sounds/robo_arm_large_end
[LOG 15:04:35.576] Load Audio: SquadExpansion/Serenity/Sounds/robo_arm_large_motor_00
[LOG 15:04:35.576] Load Audio: SquadExpansion/Serenity/Sounds/robo_arm_large_scan
[LOG 15:04:35.576] Load Audio: SquadExpansion/Serenity/Sounds/robo_arm_large_start
[LOG 15:04:35.576] Load Audio: SquadExpansion/Serenity/Sounds/robo_arm_medium_end
[LOG 15:04:35.576] Load Audio: SquadExpansion/Serenity/Sounds/robo_arm_medium_motor_00
[LOG 15:04:35.577] Load Audio: SquadExpansion/Serenity/Sounds/robo_arm_medium_scan
[LOG 15:04:35.577] Load Audio: SquadExpansion/Serenity/Sounds/robo_arm_medium_start
[LOG 15:04:35.577] Load Audio: SquadExpansion/Serenity/Sounds/robo_arm_small_end
[LOG 15:04:35.577] Load Audio: SquadExpansion/Serenity/Sounds/robo_arm_small_motor_00
[LOG 15:04:35.577] Load Audio: SquadExpansion/Serenity/Sounds/robo_arm_small_scan
[LOG 15:04:35.577] Load Audio: SquadExpansion/Serenity/Sounds/robo_arm_small_start
[LOG 15:04:35.577] Load Audio: SquadExpansion/Serenity/Sounds/sfx_cryoVolcano_burst
[LOG 15:04:35.578] Load Audio: SquadExpansion/Serenity/Sounds/sfx_cryoVolcano_idle
[LOG 15:04:35.578] Load Audio: SquadExpansion/Serenity/Sounds/sfx_deployable_booster_antena_end
[LOG 15:04:35.578] Load Audio: SquadExpansion/Serenity/Sounds/sfx_deployable_booster_antena_start
[LOG 15:04:35.578] Load Audio: SquadExpansion/Serenity/Sounds/sfx_deployable_central_station_end
[LOG 15:04:35.578] Load Audio: SquadExpansion/Serenity/Sounds/sfx_deployable_central_station_loop
[LOG 15:04:35.578] Load Audio: SquadExpansion/Serenity/Sounds/sfx_deployable_central_station_start
[LOG 15:04:35.578] Load Audio: SquadExpansion/Serenity/Sounds/sfx_deployable_detector_end
[LOG 15:04:35.579] Load Audio: SquadExpansion/Serenity/Sounds/sfx_deployable_detector_start
[LOG 15:04:35.579] Load Audio: SquadExpansion/Serenity/Sounds/sfx_deployable_GoObEd_end
[LOG 15:04:35.579] Load Audio: SquadExpansion/Serenity/Sounds/sfx_deployable_GoObEd_loop
[LOG 15:04:35.579] Load Audio: SquadExpansion/Serenity/Sounds/sfx_deployable_GoObEd_start
[LOG 15:04:35.616] Load Audio: SquadExpansion/Serenity/Sounds/sfx_deployable_rtg_end
[LOG 15:04:35.616] Load Audio: SquadExpansion/Serenity/Sounds/sfx_deployable_rtg_start
[LOG 15:04:35.616] Load Audio: SquadExpansion/Serenity/Sounds/sfx_deployable_seismometer_end
[LOG 15:04:35.616] Load Audio: SquadExpansion/Serenity/Sounds/sfx_deployable_seismometer_start
[LOG 15:04:35.616] Load Audio: SquadExpansion/Serenity/Sounds/sfx_deployable_solar_panel_end
[LOG 15:04:35.616] Load Audio: SquadExpansion/Serenity/Sounds/sfx_deployable_solar_panel_start
[LOG 15:04:35.616] Load Audio: SquadExpansion/Serenity/Sounds/sfx_deployable_weather_station_end
[LOG 15:04:35.617] Load Audio: SquadExpansion/Serenity/Sounds/sfx_deployable_weather_station_loop
[LOG 15:04:35.617] Load Audio: SquadExpansion/Serenity/Sounds/sfx_deployable_weather_station_start
[LOG 15:04:35.617] Load Audio: SquadExpansion/Serenity/Sounds/sfx_geyser_burst
[LOG 15:04:35.617] Load Audio: SquadExpansion/Serenity/Sounds/sfx_geyser_idle
[LOG 15:04:35.639] Load DDS texture: KSPCommunityFixes/MMPatches/StockTweaks/Icons/Clamp-O-Tron
[LOG 15:04:35.643] Load TRUECOLOR texture: KSPCommunityFixes/MMPatches/StockTweaks/Icons/Clamp-O-Tron_scaled
[LOG 15:04:35.644] Load DDS texture: KSPCommunityFixes/MMPatches/StockTweaks/Icons/FreeFallParachutes
[LOG 15:04:35.644] Load TRUECOLOR texture: KSPCommunityFixes/MMPatches/StockTweaks/Icons/FreeFallParachutes_scaled
[LOG 15:04:35.644] Load DDS texture: KSPCommunityFixes/MMPatches/StockTweaks/Icons/LightYearTireCompany
[LOG 15:04:35.645] Load TRUECOLOR texture: KSPCommunityFixes/MMPatches/StockTweaks/Icons/LightYearTireCompany_scaled
[LOG 15:04:35.645] Load DDS texture: KSPCommunityFixes/MMPatches/StockTweaks/Icons/StratusCorporation
[LOG 15:04:35.645] Load TRUECOLOR texture: KSPCommunityFixes/MMPatches/StockTweaks/Icons/StratusCorporation_scaled
[LOG 15:04:35.645] Load DDS texture: Squad/Agencies/C7AerospaceDivision
[LOG 15:04:35.645] Load TRUECOLOR texture: Squad/Agencies/C7AerospaceDivision_scaled
[LOG 15:04:35.646] Load DDS texture: Squad/Agencies/DinkelsteinKermansConstructionEmporium
[LOG 15:04:35.646] Load TRUECOLOR texture: Squad/Agencies/DinkelsteinKermansConstructionEmporium_scaled
[LOG 15:04:35.646] Load DDS texture: Squad/Agencies/ExperimentalEngineering
[LOG 15:04:35.646] Load TRUECOLOR texture: Squad/Agencies/ExperimentalEngineering_scaled
[LOG 15:04:35.646] Load DDS texture: Squad/Agencies/FlooydResearchLab
[LOG 15:04:35.647] Load TRUECOLOR texture: Squad/Agencies/FlooydResearchLab_scaled
[LOG 15:04:35.647] Load DDS texture: Squad/Agencies/GoliathNationalProducts
[LOG 15:04:35.647] Load TRUECOLOR texture: Squad/Agencies/GoliathNationalProducts_scaled
[LOG 15:04:35.647] Load DDS texture: Squad/Agencies/IntegratedIntegrals
[LOG 15:04:35.647] Load TRUECOLOR texture: Squad/Agencies/IntegratedIntegrals_scaled
[LOG 15:04:35.648] Load DDS texture: Squad/Agencies/IonicSymphonicProtonicElectronics
[LOG 15:04:35.648] Load TRUECOLOR texture: Squad/Agencies/IonicSymphonicProtonicElectronics_scaled
[LOG 15:04:35.648] Load DDS texture: Squad/Agencies/JebsJunkyard
[LOG 15:04:35.648] Load TRUECOLOR texture: Squad/Agencies/JebsJunkyard_scaled
[LOG 15:04:35.648] Load DDS texture: Squad/Agencies/KerbalMotion
[LOG 15:04:35.649] Load TRUECOLOR texture: Squad/Agencies/KerbalMotion_scaled
[LOG 15:04:35.649] Load DDS texture: Squad/Agencies/KerbinWorldFirstRecordKeepingSociety
[LOG 15:04:35.649] Load TRUECOLOR texture: Squad/Agencies/KerbinWorldFirstRecordKeepingSociety_scaled
[LOG 15:04:35.649] Load DDS texture: Squad/Agencies/Kerbodyne
[LOG 15:04:35.649] Load TRUECOLOR texture: Squad/Agencies/Kerbodyne_scaled
[LOG 15:04:35.649] Load DDS texture: Squad/Agencies/Kerlington
[LOG 15:04:35.650] Load TRUECOLOR texture: Squad/Agencies/Kerlington_scaled
[LOG 15:04:35.650] Load DDS texture: Squad/Agencies/MaxoConstructionToys
[LOG 15:04:35.650] Load TRUECOLOR texture: Squad/Agencies/MaxoConstructionToys_scaled
[LOG 15:04:35.650] Load DDS texture: Squad/Agencies/MovingPartsExpertsGroup
[LOG 15:04:35.650] Load TRUECOLOR texture: Squad/Agencies/MovingPartsExpertsGroup_scaled
[LOG 15:04:35.651] Load DDS texture: Squad/Agencies/OMBDemolition
[LOG 15:04:35.651] Load TRUECOLOR texture: Squad/Agencies/OMBDemolition_scaled
[LOG 15:04:35.652] Load DDS texture: Squad/Agencies/PeriapsisCo
[LOG 15:04:35.652] Load TRUECOLOR texture: Squad/Agencies/PeriapsisCo_scaled
[LOG 15:04:35.653] Load DDS texture: Squad/Agencies/Probodobodyne
[LOG 15:04:35.653] Load TRUECOLOR texture: Squad/Agencies/Probodobodyne_scaled
[LOG 15:04:35.653] Load DDS texture: Squad/Agencies/R&D
[LOG 15:04:35.653] Load TRUECOLOR texture: Squad/Agencies/R&D_scaled
[LOG 15:04:35.653] Load DDS texture: Squad/Agencies/ReactionSystemsLtd
[LOG 15:04:35.653] Load TRUECOLOR texture: Squad/Agencies/ReactionSystemsLtd_scaled
[LOG 15:04:35.654] Load DDS texture: Squad/Agencies/Rockomax
[LOG 15:04:35.654] Load TRUECOLOR texture: Squad/Agencies/Rockomax_scaled
[LOG 15:04:35.654] Load DDS texture: Squad/Agencies/Rokea
[LOG 15:04:35.654] Load TRUECOLOR texture: Squad/Agencies/Rokea_scaled
[LOG 15:04:35.654] Load DDS texture: Squad/Agencies/SeansCannery
[LOG 15:04:35.655] Load TRUECOLOR texture: Squad/Agencies/SeansCannery_scaled
[LOG 15:04:35.655] Load DDS texture: Squad/Agencies/SteadlerEngineeringCorps
[LOG 15:04:35.655] Load TRUECOLOR texture: Squad/Agencies/SteadlerEngineeringCorps_scaled
[LOG 15:04:35.655] Load DDS texture: Squad/Agencies/StrutCo
[LOG 15:04:35.655] Load TRUECOLOR texture: Squad/Agencies/StrutCo_scaled
[LOG 15:04:35.655] Load DDS texture: Squad/Agencies/Vac-Co
[LOG 15:04:35.655] Load TRUECOLOR texture: Squad/Agencies/Vac-Co_scaled
[LOG 15:04:35.656] Load DDS texture: Squad/Agencies/WinterOwl
[LOG 15:04:35.656] Load TRUECOLOR texture: Squad/Agencies/WinterOwl_scaled
[LOG 15:04:35.656] Load DDS texture: Squad/Agencies/ZaltonicElectronics
[LOG 15:04:35.656] Load TRUECOLOR texture: Squad/Agencies/ZaltonicElectronics_scaled
[LOG 15:04:35.656] Load Cached PNG Texture: Squad/Alarms/Icons/ap
[LOG 15:04:35.657] Load Cached PNG Texture: Squad/Alarms/Icons/default
[LOG 15:04:35.657] Load Cached PNG Texture: Squad/Alarms/Icons/maneuver
[LOG 15:04:35.657] Load Cached PNG Texture: Squad/Alarms/Icons/pe
[LOG 15:04:35.657] Load Cached PNG Texture: Squad/Alarms/Icons/raw
[LOG 15:04:35.657] Load Cached PNG Texture: Squad/Alarms/Icons/soi
[LOG 15:04:35.657] Load Cached PNG Texture: Squad/Alarms/Icons/xfer
[LOG 15:04:35.657] Load DDS texture: Squad/Contracts/Icons/balloon
[LOG 15:04:35.657] Load DDS texture: Squad/Contracts/Icons/custom
[LOG 15:04:35.657] Load DDS texture: Squad/Contracts/Icons/default
[LOG 15:04:35.657] Load DDS texture: Squad/Contracts/Icons/dish
[LOG 15:04:35.657] Load DDS texture: Squad/Contracts/Icons/eva
[LOG 15:04:35.657] Load DDS texture: Squad/Contracts/Icons/gravity
[LOG 15:04:35.657] Load Cached PNG Texture: Squad/Contracts/Icons/ksc
[LOG 15:04:35.658] Load DDS texture: Squad/Contracts/Icons/launchsite
[LOG 15:04:35.658] Load DDS texture: Squad/Contracts/Icons/marker
[LOG 15:04:35.658] Load DDS texture: Squad/Contracts/Icons/pressure
[LOG 15:04:35.658] Load DDS texture: Squad/Contracts/Icons/report
[LOG 15:04:35.658] Load DDS texture: Squad/Contracts/Icons/runway
[LOG 15:04:35.658] Load DDS texture: Squad/Contracts/Icons/sample
[LOG 15:04:35.658] Load DDS texture: Squad/Contracts/Icons/seismic
[LOG 15:04:35.658] Load DDS texture: Squad/Contracts/Icons/thermometer
[LOG 15:04:35.658] Load DDS texture: Squad/Contracts/Icons/vessel
[LOG 15:04:35.658] Load Cached PNG Texture: Squad/Flags/09
[LOG 15:04:35.658] Load Cached PNG Texture: Squad/Flags/blorbs
[LOG 15:04:35.665] Load Cached PNG Texture: Squad/Flags/bullseye
[LOG 15:04:35.666] Load Cached PNG Texture: Squad/Flags/capsule
[LOG 15:04:35.668] Load Cached PNG Texture: Squad/Flags/circles
[LOG 15:04:35.668] Load Cached PNG Texture: Squad/Flags/default
[LOG 15:04:35.668] Load Cached PNG Texture: Squad/Flags/hexagon
[LOG 15:04:35.668] Load Cached PNG Texture: Squad/Flags/hexagonCircles
[LOG 15:04:35.668] Load Cached PNG Texture: Squad/Flags/kerbal1
[LOG 15:04:35.669] Load Cached PNG Texture: Squad/Flags/kerbal2
[LOG 15:04:35.669] Load Cached PNG Texture: Squad/Flags/kerbin
[LOG 15:04:35.669] Load Cached PNG Texture: Squad/Flags/kerbinmunflag
[LOG 15:04:35.669] Load Cached PNG Texture: Squad/Flags/line
[LOG 15:04:35.669] Load Cached PNG Texture: Squad/Flags/minimalistic
[LOG 15:04:35.669] Load Cached PNG Texture: Squad/Flags/orbit
[LOG 15:04:35.670] Load Cached PNG Texture: Squad/Flags/orbs
[LOG 15:04:35.670] Load Cached PNG Texture: Squad/Flags/retro
[LOG 15:04:35.670] Load Cached PNG Texture: Squad/Flags/rings
[LOG 15:04:35.670] Load Cached PNG Texture: Squad/Flags/rocketScience
[LOG 15:04:35.671] Load Cached PNG Texture: Squad/Flags/satellite
[LOG 15:04:35.671] Load Cached PNG Texture: Squad/Flags/Sentinel_Flag
[LOG 15:04:35.671] Load Cached PNG Texture: Squad/Flags/spheres
[LOG 15:04:35.672] Load Cached PNG Texture: Squad/Flags/squadLogo
[LOG 15:04:35.672] Load Cached PNG Texture: Squad/Flags/squadLogo2
[LOG 15:04:35.672] Load Cached PNG Texture: Squad/Flags/stripes
[LOG 15:04:35.673] Load Cached PNG Texture: Squad/Flags/trees
[LOG 15:04:35.673] Load Cached PNG Texture: Squad/Flags/trippy
[LOG 15:04:35.673] Load Cached PNG Texture: Squad/FlagsAgency/esa_dark_blue
[LOG 15:04:35.674] Load Cached PNG Texture: Squad/FlagsAgency/NASA
[LOG 15:04:35.674] Load Cached PNG Texture: Squad/FlagsAgency/uk_space_agency
[LOG 15:04:35.674] Load Cached PNG Texture: Squad/FlagsOrganization/B612_Foundation_flag
[LOG 15:04:35.674] Load Cached PNG Texture: Squad/FlagsOrganization/electron
[LOG 15:04:35.675] Load Cached PNG Texture: Squad/FlagsOrganization/ESA_Arianespace
[LOG 15:04:35.675] Load Cached PNG Texture: Squad/FlagsOrganization/rocketlab
[LOG 15:04:35.675] Load DDS texture: Squad/FX/DiamondBlue
[LOG 15:04:35.676] Load DDS texture: Squad/FX/FlameBlueOrange
[LOG 15:04:35.676] Load DDS texture: Squad/FX/FlamePurple
[LOG 15:04:35.676] Load DDS texture: Squad/FX/FlameRed
[LOG 15:04:35.676] Load DDS texture: Squad/FX/FlameRedOrange
[LOG 15:04:35.677] Load DDS texture: Squad/FX/Monoprop
[LOG 15:04:35.677] Load DDS texture: Squad/FX/plasma2
[LOG 15:04:35.677] Load DDS texture: Squad/FX/rocketplume2
[LOG 15:04:35.677] Load DDS texture: Squad/FX/shockDiamond2
[LOG 15:04:35.677] Load DDS texture: Squad/FX/smokepuff1
[LOG 15:04:35.679] Load DDS texture: Squad/Interiors/Administration/AdminBuilding_Lvl1
[LOG 15:04:35.689] Load DDS texture: Squad/Interiors/Administration/AdminBuilding_Lvl2
[LOG 15:04:35.695] Load DDS texture: Squad/Interiors/Administration/AdminBuilding_Lvl3
[LOG 15:04:35.706] Load DDS texture: Squad/MenuProps/MunOrBust
[LOG 15:04:35.709] Load Cached PNG Texture: Squad/Missions/Banners/Fail/default
[LOG 15:04:35.709] Load PNG texture: Squad/Missions/Banners/Menu/default
[WRN 15:04:35.714] Texture isn't eligible for DXT compression, width and height must be multiples of 4
[LOG 15:04:35.715] Load Cached PNG Texture: Squad/Missions/Banners/Success/default
[LOG 15:04:35.715] Load PNG texture: Squad/Missions/ESA-BepiColombo/Banners/Fail/ESA_MB_Fail_01
[WRN 15:04:35.720] Texture isn't eligible for DXT compression, width and height must be multiples of 4
[LOG 15:04:35.720] Load PNG texture: Squad/Missions/ESA-BepiColombo/Banners/Menu/ESA_MB_Select_01
[WRN 15:04:35.724] Texture isn't eligible for DXT compression, width and height must be multiples of 4
[LOG 15:04:35.724] Load PNG texture: Squad/Missions/ESA-BepiColombo/Banners/Success/ESA_MB_Success_01
[WRN 15:04:35.730] Texture isn't eligible for DXT compression, width and height must be multiples of 4
[LOG 15:04:35.730] Load PNG texture: Squad/Missions/ESA-BepiColombo-Short/Banners/Fail/ESA_MB_Fail_01
[WRN 15:04:35.736] Texture isn't eligible for DXT compression, width and height must be multiples of 4
[LOG 15:04:35.736] Load PNG texture: Squad/Missions/ESA-BepiColombo-Short/Banners/Menu/ESA_MB_Select_01
[WRN 15:04:35.741] Texture isn't eligible for DXT compression, width and height must be multiples of 4
[LOG 15:04:35.746] Load PNG texture: Squad/Missions/ESA-BepiColombo-Short/Banners/Success/ESA_MB_Success_01
[WRN 15:04:35.751] Texture isn't eligible for DXT compression, width and height must be multiples of 4
[LOG 15:04:35.751] Load PNG texture: Squad/Missions/ESA-Rosetta/Banners/Fail/ESA_MB_Fail_02
[WRN 15:04:35.761] Texture isn't eligible for DXT compression, width and height must be multiples of 4
[LOG 15:04:35.761] Load PNG texture: Squad/Missions/ESA-Rosetta/Banners/Menu/ESA_MB_Select_02
[WRN 15:04:35.766] Texture isn't eligible for DXT compression, width and height must be multiples of 4
[LOG 15:04:35.766] Load PNG texture: Squad/Missions/ESA-Rosetta/Banners/Success/ESA_MB_Success_02
[WRN 15:04:35.772] Texture isn't eligible for DXT compression, width and height must be multiples of 4
[LOG 15:04:35.772] Load Cached PNG Texture: Squad/PartList/SimpleIcons/ablator
[LOG 15:04:35.772] Load Cached PNG Texture: Squad/PartList/SimpleIcons/active_radiator
[LOG 15:04:35.772] Load Cached PNG Texture: Squad/PartList/SimpleIcons/asteroid_drill
[LOG 15:04:35.772] Load Cached PNG Texture: Squad/PartList/SimpleIcons/cargo_part
[LOG 15:04:35.772] Load Cached PNG Texture: Squad/PartList/SimpleIcons/comet_drill
[LOG 15:04:35.772] Load Cached PNG Texture: Squad/PartList/SimpleIcons/core_heat
[LOG 15:04:35.772] Load Cached PNG Texture: Squad/PartList/SimpleIcons/cs_main
[LOG 15:04:35.772] Load Cached PNG Texture: Squad/PartList/SimpleIcons/cs_mk2
[LOG 15:04:35.772] Load Cached PNG Texture: Squad/PartList/SimpleIcons/cs_mk3
[LOG 15:04:35.772] Load Cached PNG Texture: Squad/PartList/SimpleIcons/cs_size0
[LOG 15:04:35.772] Load Cached PNG Texture: Squad/PartList/SimpleIcons/cs_size1
[LOG 15:04:35.772] Load Cached PNG Texture: Squad/PartList/SimpleIcons/cs_size1p5
[LOG 15:04:35.772] Load Cached PNG Texture: Squad/PartList/SimpleIcons/cs_size2
[LOG 15:04:35.772] Load Cached PNG Texture: Squad/PartList/SimpleIcons/cs_size3
[LOG 15:04:35.772] Load Cached PNG Texture: Squad/PartList/SimpleIcons/cs_size4
[LOG 15:04:35.772] Load Cached PNG Texture: Squad/PartList/SimpleIcons/cs_surface
[LOG 15:04:35.773] Load Cached PNG Texture: Squad/PartList/SimpleIcons/custom_built_fairing
[LOG 15:04:35.773] Load Cached PNG Texture: Squad/PartList/SimpleIcons/deployable_antenna
[LOG 15:04:35.773] Load Cached PNG Texture: Squad/PartList/SimpleIcons/deployable_comms_part
[LOG 15:04:35.773] Load Cached PNG Texture: Squad/PartList/SimpleIcons/deployable_ground_part
[LOG 15:04:35.773] Load Cached PNG Texture: Squad/PartList/SimpleIcons/deployable_part
[LOG 15:04:35.773] Load Cached PNG Texture: Squad/PartList/SimpleIcons/deployable_radiator
[LOG 15:04:35.773] Load Cached PNG Texture: Squad/PartList/SimpleIcons/deployed_science_control_unit
[LOG 15:04:35.773] Load Cached PNG Texture: Squad/PartList/SimpleIcons/deployed_science_experiment
[LOG 15:04:35.773] Load Cached PNG Texture: Squad/PartList/SimpleIcons/deployed_science_part
[LOG 15:04:35.773] Load Cached PNG Texture: Squad/PartList/SimpleIcons/enviro_sensor
[LOG 15:04:35.773] Load Cached PNG Texture: Squad/PartList/SimpleIcons/experience_management
[LOG 15:04:35.773] Load Cached PNG Texture: Squad/PartList/SimpleIcons/fuels_monopropellant
[LOG 15:04:35.773] Load Cached PNG Texture: Squad/PartList/SimpleIcons/fuels_ore
[LOG 15:04:35.773] Load Cached PNG Texture: Squad/PartList/SimpleIcons/fuels_oxidizer
[LOG 15:04:35.774] Load Cached PNG Texture: Squad/PartList/SimpleIcons/fuels_solidfuel
[LOG 15:04:35.774] Load Cached PNG Texture: Squad/PartList/SimpleIcons/fuels_xenongas
[LOG 15:04:35.774] Load Cached PNG Texture: Squad/PartList/SimpleIcons/inventory_part
[LOG 15:04:35.774] Load Cached PNG Texture: Squad/PartList/SimpleIcons/kerbnet_access
[LOG 15:04:35.774] Load Cached PNG Texture: Squad/PartList/SimpleIcons/number1
[LOG 15:04:35.774] Load Cached PNG Texture: Squad/PartList/SimpleIcons/number2
[LOG 15:04:35.774] Load Cached PNG Texture: Squad/PartList/SimpleIcons/number3
[LOG 15:04:35.774] Load Cached PNG Texture: Squad/PartList/SimpleIcons/number4
[LOG 15:04:35.774] Load Cached PNG Texture: Squad/PartList/SimpleIcons/number5
[LOG 15:04:35.774] Load Cached PNG Texture: Squad/PartList/SimpleIcons/number6
[LOG 15:04:35.774] Load Cached PNG Texture: Squad/PartList/SimpleIcons/number7
[LOG 15:04:35.774] Load Cached PNG Texture: Squad/PartList/SimpleIcons/number8
[LOG 15:04:35.774] Load Cached PNG Texture: Squad/PartList/SimpleIcons/number9
[LOG 15:04:35.774] Load Cached PNG Texture: Squad/PartList/SimpleIcons/probe_control_unit
[LOG 15:04:35.775] Load Cached PNG Texture: Squad/PartList/SimpleIcons/R&D_node_icon_advaerodynamics
[LOG 15:04:35.775] Load Cached PNG Texture: Squad/PartList/SimpleIcons/R&D_node_icon_advancedmotors
[LOG 15:04:35.775] Load Cached PNG Texture: Squad/PartList/SimpleIcons/R&D_node_icon_advconstruction
[LOG 15:04:35.776] Load Cached PNG Texture: Squad/PartList/SimpleIcons/R&D_node_icon_advelectrics
[LOG 15:04:35.776] Load Cached PNG Texture: Squad/PartList/SimpleIcons/R&D_node_icon_advexploration
[LOG 15:04:35.776] Load Cached PNG Texture: Squad/PartList/SimpleIcons/R&D_node_icon_advflightcontrol
[LOG 15:04:35.776] Load Cached PNG Texture: Squad/PartList/SimpleIcons/R&D_node_icon_advlanding
[LOG 15:04:35.776] Load Cached PNG Texture: Squad/PartList/SimpleIcons/R&D_node_icon_advmetalworks
[LOG 15:04:35.776] Load Cached PNG Texture: Squad/PartList/SimpleIcons/R&D_node_icon_advrocketry
[LOG 15:04:35.777] Load Cached PNG Texture: Squad/PartList/SimpleIcons/R&D_node_icon_advsciencetech
[LOG 15:04:35.777] Load Cached PNG Texture: Squad/PartList/SimpleIcons/R&D_node_icon_advunmanned
[LOG 15:04:35.777] Load Cached PNG Texture: Squad/PartList/SimpleIcons/R&D_node_icon_aerodynamicsystems
[LOG 15:04:35.777] Load Cached PNG Texture: Squad/PartList/SimpleIcons/R&D_node_icon_aerospacetech
[LOG 15:04:35.777] Load Cached PNG Texture: Squad/PartList/SimpleIcons/R&D_node_icon_automation
[LOG 15:04:35.777] Load Cached PNG Texture: Squad/PartList/SimpleIcons/R&D_node_icon_basicprobes
[LOG 15:04:35.777] Load Cached PNG Texture: Squad/PartList/SimpleIcons/R&D_node_icon_basicrocketry
[LOG 15:04:35.777] Load Cached PNG Texture: Squad/PartList/SimpleIcons/R&D_node_icon_composites
[LOG 15:04:35.778] Load Cached PNG Texture: Squad/PartList/SimpleIcons/R&D_node_icon_electrics
[LOG 15:04:35.778] Load Cached PNG Texture: Squad/PartList/SimpleIcons/R&D_node_icon_electronics
[LOG 15:04:35.778] Load Cached PNG Texture: Squad/PartList/SimpleIcons/R&D_node_icon_evatech
[LOG 15:04:35.778] Load Cached PNG Texture: Squad/PartList/SimpleIcons/R&D_node_icon_experimentalaerodynamics
[LOG 15:04:35.778] Load Cached PNG Texture: Squad/PartList/SimpleIcons/R&D_node_icon_experimentalelectrics
[LOG 15:04:35.778] Load Cached PNG Texture: Squad/PartList/SimpleIcons/R&D_node_icon_experimentalmotors
[LOG 15:04:35.778] Load Cached PNG Texture: Squad/PartList/SimpleIcons/R&D_node_icon_experimentalrocketry
[LOG 15:04:35.778] Load Cached PNG Texture: Squad/PartList/SimpleIcons/R&D_node_icon_experimentalscience
[LOG 15:04:35.778] Load Cached PNG Texture: Squad/PartList/SimpleIcons/R&D_node_icon_fieldscience
[LOG 15:04:35.779] Load Cached PNG Texture: Squad/PartList/SimpleIcons/R&D_node_icon_flightcontrol
[LOG 15:04:35.779] Load Cached PNG Texture: Squad/PartList/SimpleIcons/R&D_node_icon_fuelsystems
[LOG 15:04:35.779] Load Cached PNG Texture: Squad/PartList/SimpleIcons/R&D_node_icon_generalconstruction
[LOG 15:04:35.779] Load Cached PNG Texture: Squad/PartList/SimpleIcons/R&D_node_icon_generalrocketry
[LOG 15:04:35.779] Load Cached PNG Texture: Squad/PartList/SimpleIcons/R&D_node_icon_generic
[LOG 15:04:35.779] Load Cached PNG Texture: Squad/PartList/SimpleIcons/R&D_node_icon_heavierrocketry
[LOG 15:04:35.779] Load Cached PNG Texture: Squad/PartList/SimpleIcons/R&D_node_icon_heavyaerodynamics
[LOG 15:04:35.779] Load Cached PNG Texture: Squad/PartList/SimpleIcons/R&D_node_icon_heavyrocketry
[LOG 15:04:35.779] Load Cached PNG Texture: Squad/PartList/SimpleIcons/R&D_node_icon_highaltitudeflight
[LOG 15:04:35.779] Load Cached PNG Texture: Squad/PartList/SimpleIcons/R&D_node_icon_highaltitudepropulsion
[LOG 15:04:35.779] Load Cached PNG Texture: Squad/PartList/SimpleIcons/R&D_node_icon_hypersonicflight
[LOG 15:04:35.779] Load Cached PNG Texture: Squad/PartList/SimpleIcons/R&D_node_icon_ionpropulsion
[LOG 15:04:35.779] Load Cached PNG Texture: Squad/PartList/SimpleIcons/R&D_node_icon_landing
[LOG 15:04:35.779] Load Cached PNG Texture: Squad/PartList/SimpleIcons/R&D_node_icon_largecontrol
[LOG 15:04:35.779] Load Cached PNG Texture: Squad/PartList/SimpleIcons/R&D_node_icon_largeelectrics
[LOG 15:04:35.779] Load Cached PNG Texture: Squad/PartList/SimpleIcons/R&D_node_icon_largeprobes
[LOG 15:04:35.780] Load Cached PNG Texture: Squad/PartList/SimpleIcons/R&D_node_icon_metamaterials
[LOG 15:04:35.780] Load Cached PNG Texture: Squad/PartList/SimpleIcons/R&D_node_icon_nanolathing
[LOG 15:04:35.780] Load Cached PNG Texture: Squad/PartList/SimpleIcons/R&D_node_icon_nuclearpropulsion
[LOG 15:04:35.780] Load Cached PNG Texture: Squad/PartList/SimpleIcons/R&D_node_icon_precisionengineering
[LOG 15:04:35.780] Load Cached PNG Texture: Squad/PartList/SimpleIcons/R&D_node_icon_robotics
[LOG 15:04:35.780] Load Cached PNG Texture: Squad/PartList/SimpleIcons/R&D_node_icon_sciencetech
[LOG 15:04:35.780] Load Cached PNG Texture: Squad/PartList/SimpleIcons/R&D_node_icon_specializedconstruction
[LOG 15:04:35.780] Load Cached PNG Texture: Squad/PartList/SimpleIcons/R&D_node_icon_specializedcontrol
[LOG 15:04:35.780] Load Cached PNG Texture: Squad/PartList/SimpleIcons/R&D_node_icon_specializedelectrics
[LOG 15:04:35.780] Load Cached PNG Texture: Squad/PartList/SimpleIcons/R&D_node_icon_stability
[LOG 15:04:35.780] Load Cached PNG Texture: Squad/PartList/SimpleIcons/R&D_node_icon_start
[LOG 15:04:35.780] Load Cached PNG Texture: Squad/PartList/SimpleIcons/R&D_node_icon_supersonicflight
[LOG 15:04:35.780] Load Cached PNG Texture: Squad/PartList/SimpleIcons/R&D_node_icon_survivability
[LOG 15:04:35.780] Load Cached PNG Texture: Squad/PartList/SimpleIcons/R&D_node_icon_unmannedtech
[LOG 15:04:35.780] Load Cached PNG Texture: Squad/PartList/SimpleIcons/R&D_node_icon_veryheavyrocketry
[LOG 15:04:35.780] Load Cached PNG Texture: Squad/PartList/SimpleIcons/rcsfx
[LOG 15:04:35.780] Load Cached PNG Texture: Squad/PartList/SimpleIcons/RDicon_aerospaceTech2
[LOG 15:04:35.780] Load Cached PNG Texture: Squad/PartList/SimpleIcons/RDicon_commandmodules
[LOG 15:04:35.780] Load Cached PNG Texture: Squad/PartList/SimpleIcons/RDicon_fuelSystems-advanced
[LOG 15:04:35.780] Load Cached PNG Texture: Squad/PartList/SimpleIcons/RDicon_fuelSystems-highPerformance
[LOG 15:04:35.781] Load Cached PNG Texture: Squad/PartList/SimpleIcons/RDicon_largeVolumeContainment
[LOG 15:04:35.781] Load Cached PNG Texture: Squad/PartList/SimpleIcons/RDicon_miniaturization
[LOG 15:04:35.781] Load Cached PNG Texture: Squad/PartList/SimpleIcons/RDicon_propulsion-precision
[LOG 15:04:35.781] Load Cached PNG Texture: Squad/PartList/SimpleIcons/RDicon_propulsionSystems
[LOG 15:04:35.781] Load Cached PNG Texture: Squad/PartList/SimpleIcons/RDicon_telescope
[LOG 15:04:35.781] Load Cached PNG Texture: Squad/PartList/SimpleIcons/robotic_controller
[LOG 15:04:35.781] Load Cached PNG Texture: Squad/PartList/SimpleIcons/robotic_rotation_servo
[LOG 15:04:35.781] Load Cached PNG Texture: Squad/PartList/SimpleIcons/robotic_servo_hinge
[LOG 15:04:35.781] Load Cached PNG Texture: Squad/PartList/SimpleIcons/robotic_servo_piston
[LOG 15:04:35.781] Load Cached PNG Texture: Squad/PartList/SimpleIcons/robotic_servo_rotor
[LOG 15:04:35.781] Load Cached PNG Texture: Squad/PartList/SimpleIcons/scanner_arm
[LOG 15:04:35.781] Load Cached PNG Texture: Squad/PartList/SimpleIcons/variant
[LOG 15:04:35.781] Load Cached PNG Texture: Squad/Parts/@thumbs/adapterSmallMiniShort_icon0
[LOG 15:04:35.782] Load Cached PNG Texture: Squad/Parts/@thumbs/adapterSmallMiniShort_icon1
[LOG 15:04:35.782] Load Cached PNG Texture: Squad/Parts/@thumbs/adapterSmallMiniTall_icon0
[LOG 15:04:35.782] Load Cached PNG Texture: Squad/Parts/@thumbs/adapterSmallMiniTall_icon1
[LOG 15:04:35.782] Load Cached PNG Texture: Squad/Parts/@thumbs/AdvancedCanard_icon
[LOG 15:04:35.782] Load Cached PNG Texture: Squad/Parts/@thumbs/advSasModule_icon
[LOG 15:04:35.782] Load Cached PNG Texture: Squad/Parts/@thumbs/airbrake1_icon
[LOG 15:04:35.782] Load Cached PNG Texture: Squad/Parts/@thumbs/airScoop_icon
[LOG 15:04:35.782] Load Cached PNG Texture: Squad/Parts/@thumbs/avionicsNoseCone_icon
[LOG 15:04:35.782] Load Cached PNG Texture: Squad/Parts/@thumbs/basicFin_icon
[LOG 15:04:35.782] Load Cached PNG Texture: Squad/Parts/@thumbs/batteryBankMini_icon
[LOG 15:04:35.782] Load Cached PNG Texture: Squad/Parts/@thumbs/batteryBank_icon
[LOG 15:04:35.783] Load Cached PNG Texture: Squad/Parts/@thumbs/batteryPack_icon
[LOG 15:04:35.783] Load Cached PNG Texture: Squad/Parts/@thumbs/cargoContainer_icon
[LOG 15:04:35.783] Load Cached PNG Texture: Squad/Parts/@thumbs/CargoStorageUnit_icon
[LOG 15:04:35.783] Load Cached PNG Texture: Squad/Parts/@thumbs/CircularIntake_icon
[LOG 15:04:35.783] Load Cached PNG Texture: Squad/Parts/@thumbs/commDish_icon
[LOG 15:04:35.783] Load Cached PNG Texture: Squad/Parts/@thumbs/Decoupler.0_icon0
[LOG 15:04:35.783] Load Cached PNG Texture: Squad/Parts/@thumbs/Decoupler.0_icon1
[LOG 15:04:35.783] Load Cached PNG Texture: Squad/Parts/@thumbs/Decoupler.1_icon0
[LOG 15:04:35.783] Load Cached PNG Texture: Squad/Parts/@thumbs/Decoupler.1_icon1
[LOG 15:04:35.783] Load Cached PNG Texture: Squad/Parts/@thumbs/dockingPort1_icon
[LOG 15:04:35.783] Load Cached PNG Texture: Squad/Parts/@thumbs/dockingPort2_icon
[LOG 15:04:35.783] Load Cached PNG Texture: Squad/Parts/@thumbs/dockingPort3_icon
[LOG 15:04:35.784] Load Cached PNG Texture: Squad/Parts/@thumbs/domeLight1_icon0
[LOG 15:04:35.784] Load Cached PNG Texture: Squad/Parts/@thumbs/domeLight1_icon1
[LOG 15:04:35.784] Load Cached PNG Texture: Squad/Parts/@thumbs/elevon2_icon
[LOG 15:04:35.784] Load Cached PNG Texture: Squad/Parts/@thumbs/elevon3_icon
[LOG 15:04:35.784] Load Cached PNG Texture: Squad/Parts/@thumbs/elevon5_icon
[LOG 15:04:35.784] Load Cached PNG Texture: Squad/Parts/@thumbs/evaChute_icon
[LOG 15:04:35.784] Load Cached PNG Texture: Squad/Parts/@thumbs/evaCylinder_icon
[LOG 15:04:35.784] Load Cached PNG Texture: Squad/Parts/@thumbs/evaJetpack_icon
[LOG 15:04:35.784] Load Cached PNG Texture: Squad/Parts/@thumbs/evaRepairKit_icon
[LOG 15:04:35.784] Load Cached PNG Texture: Squad/Parts/@thumbs/evaScienceKit_icon
[LOG 15:04:35.784] Load Cached PNG Texture: Squad/Parts/@thumbs/externalTankCapsule_icon0
[LOG 15:04:35.784] Load Cached PNG Texture: Squad/Parts/@thumbs/externalTankCapsule_icon1
[LOG 15:04:35.785] Load Cached PNG Texture: Squad/Parts/@thumbs/externalTankRound_icon0
[LOG 15:04:35.785] Load Cached PNG Texture: Squad/Parts/@thumbs/externalTankRound_icon1
[LOG 15:04:35.785] Load Cached PNG Texture: Squad/Parts/@thumbs/externalTankToroid_icon0
[LOG 15:04:35.785] Load Cached PNG Texture: Squad/Parts/@thumbs/externalTankToroid_icon1
[LOG 15:04:35.785] Load Cached PNG Texture: Squad/Parts/@thumbs/fireworksLauncherBig_icon
[LOG 15:04:35.785] Load Cached PNG Texture: Squad/Parts/@thumbs/fireworksLauncherSmall_icon
[LOG 15:04:35.785] Load Cached PNG Texture: Squad/Parts/@thumbs/foldingRadMed_icon
[LOG 15:04:35.785] Load Cached PNG Texture: Squad/Parts/@thumbs/foldingRadSmall_icon
[LOG 15:04:35.785] Load Cached PNG Texture: Squad/Parts/@thumbs/FuelCellArray_icon
[LOG 15:04:35.785] Load Cached PNG Texture: Squad/Parts/@thumbs/FuelCell_icon
[LOG 15:04:35.785] Load Cached PNG Texture: Squad/Parts/@thumbs/fuelTankSmallFlat_icon0
[LOG 15:04:35.785] Load Cached PNG Texture: Squad/Parts/@thumbs/fuelTankSmallFlat_icon1
[LOG 15:04:35.785] Load Cached PNG Texture: Squad/Parts/@thumbs/fuelTankSmallFlat_icon2
[LOG 15:04:35.786] Load Cached PNG Texture: Squad/Parts/@thumbs/fuelTankSmallFlat_icon3
[LOG 15:04:35.786] Load Cached PNG Texture: Squad/Parts/@thumbs/fuelTankSmall_icon0
[LOG 15:04:35.786] Load Cached PNG Texture: Squad/Parts/@thumbs/fuelTankSmall_icon1
[LOG 15:04:35.786] Load Cached PNG Texture: Squad/Parts/@thumbs/fuelTankSmall_icon2
[LOG 15:04:35.786] Load Cached PNG Texture: Squad/Parts/@thumbs/fuelTankSmall_icon3
[LOG 15:04:35.786] Load Cached PNG Texture: Squad/Parts/@thumbs/GearFixed_icon
[LOG 15:04:35.786] Load Cached PNG Texture: Squad/Parts/@thumbs/GearFree_icon
[LOG 15:04:35.786] Load Cached PNG Texture: Squad/Parts/@thumbs/GearSmall_icon
[LOG 15:04:35.786] Load Cached PNG Texture: Squad/Parts/@thumbs/GooExperiment_icon
[LOG 15:04:35.786] Load Cached PNG Texture: Squad/Parts/@thumbs/groundAnchor_icon
[LOG 15:04:35.786] Load Cached PNG Texture: Squad/Parts/@thumbs/groundLight1_icon
[LOG 15:04:35.786] Load Cached PNG Texture: Squad/Parts/@thumbs/groundLight2_icon
[LOG 15:04:35.787] Load Cached PNG Texture: Squad/Parts/@thumbs/HeatShield0_icon
[LOG 15:04:35.787] Load Cached PNG Texture: Squad/Parts/@thumbs/HeatShield1_icon
[LOG 15:04:35.787] Load Cached PNG Texture: Squad/Parts/@thumbs/HECS2.ProbeCore_icon
[LOG 15:04:35.787] Load Cached PNG Texture: Squad/Parts/@thumbs/HighGainAntenna5.v2_icon
[LOG 15:04:35.787] Load Cached PNG Texture: Squad/Parts/@thumbs/HighGainAntenna5_icon
[LOG 15:04:35.787] Load Cached PNG Texture: Squad/Parts/@thumbs/HighGainAntenna_icon
[LOG 15:04:35.787] Load Cached PNG Texture: Squad/Parts/@thumbs/IntakeRadialLong_icon
[LOG 15:04:35.787] Load Cached PNG Texture: Squad/Parts/@thumbs/ionEngine_icon
[LOG 15:04:35.787] Load Cached PNG Texture: Squad/Parts/@thumbs/ksp.r.largeBatteryPack_icon
[LOG 15:04:35.787] Load Cached PNG Texture: Squad/Parts/@thumbs/ladder1_icon
[LOG 15:04:35.787] Load Cached PNG Texture: Squad/Parts/@thumbs/landingLeg1-2_icon
[LOG 15:04:35.787] Load Cached PNG Texture: Squad/Parts/@thumbs/landingLeg1_icon
[LOG 15:04:35.788] Load Cached PNG Texture: Squad/Parts/@thumbs/LgRadialSolarPanel_icon
[LOG 15:04:35.788] Load Cached PNG Texture: Squad/Parts/@thumbs/linearRcs_icon
[LOG 15:04:35.788] Load Cached PNG Texture: Squad/Parts/@thumbs/liquidEngine3.v2_icon0
[LOG 15:04:35.788] Load Cached PNG Texture: Squad/Parts/@thumbs/liquidEngine3.v2_icon1
[LOG 15:04:35.788] Load Cached PNG Texture: Squad/Parts/@thumbs/liquidEngine3.v2_icon2
[LOG 15:04:35.788] Load Cached PNG Texture: Squad/Parts/@thumbs/liquidEngineMini.v2_icon0
[LOG 15:04:35.788] Load Cached PNG Texture: Squad/Parts/@thumbs/liquidEngineMini.v2_icon1
[LOG 15:04:35.788] Load Cached PNG Texture: Squad/Parts/@thumbs/liquidEngineMini.v2_icon2
[LOG 15:04:35.788] Load Cached PNG Texture: Squad/Parts/@thumbs/longAntenna_icon
[LOG 15:04:35.788] Load Cached PNG Texture: Squad/Parts/@thumbs/Magnetometer_icon
[LOG 15:04:35.788] Load Cached PNG Texture: Squad/Parts/@thumbs/mediumDishAntenna_icon
[LOG 15:04:35.788] Load Cached PNG Texture: Squad/Parts/@thumbs/microEngine.v2_icon0
[LOG 15:04:35.789] Load Cached PNG Texture: Squad/Parts/@thumbs/microEngine.v2_icon1
[LOG 15:04:35.789] Load Cached PNG Texture: Squad/Parts/@thumbs/MiniDrill_icon
[LOG 15:04:35.789] Load Cached PNG Texture: Squad/Parts/@thumbs/miniFuelTank_icon
[LOG 15:04:35.789] Load Cached PNG Texture: Squad/Parts/@thumbs/miniFuselage_icon
[LOG 15:04:35.789] Load Cached PNG Texture: Squad/Parts/@thumbs/miniIntake_icon
[LOG 15:04:35.789] Load Cached PNG Texture: Squad/Parts/@thumbs/miniJetEngine_icon
[LOG 15:04:35.789] Load Cached PNG Texture: Squad/Parts/@thumbs/miniLandingLeg_icon
[LOG 15:04:35.789] Load Cached PNG Texture: Squad/Parts/@thumbs/Mite_icon
[LOG 15:04:35.789] Load Cached PNG Texture: Squad/Parts/@thumbs/mk1pod.v2_icon0
[LOG 15:04:35.789] Load Cached PNG Texture: Squad/Parts/@thumbs/mk2DroneCore_icon
[LOG 15:04:35.789] Load Cached PNG Texture: Squad/Parts/@thumbs/MpoProbe_icon
[LOG 15:04:35.789] Load Cached PNG Texture: Squad/Parts/@thumbs/navLight1_icon0
[LOG 15:04:35.790] Load Cached PNG Texture: Squad/Parts/@thumbs/navLight1_icon1
[LOG 15:04:35.790] Load Cached PNG Texture: Squad/Parts/@thumbs/noseCone_icon0
[LOG 15:04:35.790] Load Cached PNG Texture: Squad/Parts/@thumbs/noseCone_icon1
[LOG 15:04:35.790] Load Cached PNG Texture: Squad/Parts/@thumbs/noseCone_icon2
[LOG 15:04:35.790] Load Cached PNG Texture: Squad/Parts/@thumbs/omsEngine_icon
[LOG 15:04:35.790] Load Cached PNG Texture: Squad/Parts/@thumbs/OrbitalScanner_icon
[LOG 15:04:35.790] Load Cached PNG Texture: Squad/Parts/@thumbs/parachuteDrogue_icon
[LOG 15:04:35.790] Load Cached PNG Texture: Squad/Parts/@thumbs/parachuteLarge_icon
[LOG 15:04:35.790] Load Cached PNG Texture: Squad/Parts/@thumbs/parachuteRadial_icon
[LOG 15:04:35.790] Load Cached PNG Texture: Squad/Parts/@thumbs/parachuteSingle_icon
[LOG 15:04:35.790] Load Cached PNG Texture: Squad/Parts/@thumbs/probeCoreCube_icon
[LOG 15:04:35.790] Load Cached PNG Texture: Squad/Parts/@thumbs/probeCoreHex.v2_icon
[LOG 15:04:35.791] Load Cached PNG Texture: Squad/Parts/@thumbs/probeCoreOcto.v2_icon
[LOG 15:04:35.791] Load Cached PNG Texture: Squad/Parts/@thumbs/probeCoreOcto2.v2_icon
[LOG 15:04:35.791] Load Cached PNG Texture: Squad/Parts/@thumbs/probeCoreSphere.v2_icon
[LOG 15:04:35.791] Load Cached PNG Texture: Squad/Parts/@thumbs/probeStackLarge_icon
[LOG 15:04:35.791] Load Cached PNG Texture: Squad/Parts/@thumbs/probeStackSmall_icon
[LOG 15:04:35.791] Load Cached PNG Texture: Squad/Parts/@thumbs/R8winglet_icon
[LOG 15:04:35.791] Load Cached PNG Texture: Squad/Parts/@thumbs/radialDecoupler1-2_icon
[LOG 15:04:35.791] Load Cached PNG Texture: Squad/Parts/@thumbs/radialDecoupler2_icon
[LOG 15:04:35.791] Load Cached PNG Texture: Squad/Parts/@thumbs/radialDecoupler_icon
[LOG 15:04:35.791] Load Cached PNG Texture: Squad/Parts/@thumbs/radialDrogue_icon
[LOG 15:04:35.791] Load Cached PNG Texture: Squad/Parts/@thumbs/radialEngineMini.v2_icon0
[LOG 15:04:35.791] Load Cached PNG Texture: Squad/Parts/@thumbs/radialEngineMini.v2_icon1
[LOG 15:04:35.792] Load Cached PNG Texture: Squad/Parts/@thumbs/radialLiquidEngine1-2_icon
[LOG 15:04:35.792] Load Cached PNG Texture: Squad/Parts/@thumbs/RadialOreTank_icon
[LOG 15:04:35.792] Load Cached PNG Texture: Squad/Parts/@thumbs/radialRCSTank_icon
[LOG 15:04:35.792] Load Cached PNG Texture: Squad/Parts/@thumbs/radPanelEdge_icon
[LOG 15:04:35.792] Load Cached PNG Texture: Squad/Parts/@thumbs/radPanelLg_icon
[LOG 15:04:35.792] Load Cached PNG Texture: Squad/Parts/@thumbs/radPanelSm_icon
[LOG 15:04:35.792] Load Cached PNG Texture: Squad/Parts/@thumbs/RCSblock.01.small_icon0
[LOG 15:04:35.792] Load Cached PNG Texture: Squad/Parts/@thumbs/RCSblock.01.small_icon1
[LOG 15:04:35.792] Load Cached PNG Texture: Squad/Parts/@thumbs/RCSblock.01.small_icon2
[LOG 15:04:35.792] Load Cached PNG Texture: Squad/Parts/@thumbs/RCSblock.01.small_icon3
[LOG 15:04:35.792] Load Cached PNG Texture: Squad/Parts/@thumbs/RCSblock.01.small_icon4
[LOG 15:04:35.792] Load Cached PNG Texture: Squad/Parts/@thumbs/RCSBlock.v2_icon
[LOG 15:04:35.792] Load Cached PNG Texture: Squad/Parts/@thumbs/RCSBlock.v2_icon0
[LOG 15:04:35.793] Load Cached PNG Texture: Squad/Parts/@thumbs/RCSBlock.v2_icon1
[LOG 15:04:35.793] Load Cached PNG Texture: Squad/Parts/@thumbs/RCSBlock.v2_icon2
[LOG 15:04:35.793] Load Cached PNG Texture: Squad/Parts/@thumbs/RCSBlock.v2_icon3
[LOG 15:04:35.793] Load Cached PNG Texture: Squad/Parts/@thumbs/RCSBlock.v2_icon4
[LOG 15:04:35.793] Load Cached PNG Texture: Squad/Parts/@thumbs/RCSFuelTank_icon
[LOG 15:04:35.793] Load Cached PNG Texture: Squad/Parts/@thumbs/RCSLinearSmall_icon
[LOG 15:04:35.793] Load Cached PNG Texture: Squad/Parts/@thumbs/rcsTankMini_icon
[LOG 15:04:35.793] Load Cached PNG Texture: Squad/Parts/@thumbs/RelayAntenna5_icon
[LOG 15:04:35.793] Load Cached PNG Texture: Squad/Parts/@thumbs/ReleaseValve_icon
[LOG 15:04:35.793] Load Cached PNG Texture: Squad/Parts/@thumbs/roverBody.v2_icon0
[LOG 15:04:35.793] Load Cached PNG Texture: Squad/Parts/@thumbs/roverBody.v2_icon1
[LOG 15:04:35.794] Load Cached PNG Texture: Squad/Parts/@thumbs/roverBody.v2_icon2
[LOG 15:04:35.794] Load Cached PNG Texture: Squad/Parts/@thumbs/roverWheel1_icon
[LOG 15:04:35.794] Load Cached PNG Texture: Squad/Parts/@thumbs/roverWheel2_icon
[LOG 15:04:35.794] Load Cached PNG Texture: Squad/Parts/@thumbs/rtg_icon
[LOG 15:04:35.794] Load Cached PNG Texture: Squad/Parts/@thumbs/sasModule_icon
[LOG 15:04:35.794] Load Cached PNG Texture: Squad/Parts/@thumbs/science.module_icon
[LOG 15:04:35.794] Load Cached PNG Texture: Squad/Parts/@thumbs/ScienceBox_icon
[LOG 15:04:35.794] Load Cached PNG Texture: Squad/Parts/@thumbs/seatExternalCmd_icon
[LOG 15:04:35.794] Load Cached PNG Texture: Squad/Parts/@thumbs/sensorAccelerometer_icon
[LOG 15:04:35.794] Load Cached PNG Texture: Squad/Parts/@thumbs/sensorAtmosphere_icon
[LOG 15:04:35.794] Load Cached PNG Texture: Squad/Parts/@thumbs/sensorBarometer_icon
[LOG 15:04:35.795] Load Cached PNG Texture: Squad/Parts/@thumbs/sensorGravimeter_icon
[LOG 15:04:35.795] Load Cached PNG Texture: Squad/Parts/@thumbs/sensorThermometer_icon
[LOG 15:04:35.795] Load Cached PNG Texture: Squad/Parts/@thumbs/Separator.0_icon0
[LOG 15:04:35.795] Load Cached PNG Texture: Squad/Parts/@thumbs/Separator.0_icon1
[LOG 15:04:35.795] Load Cached PNG Texture: Squad/Parts/@thumbs/Separator.1_icon0
[LOG 15:04:35.795] Load Cached PNG Texture: Squad/Parts/@thumbs/Separator.1_icon1
[LOG 15:04:35.795] Load Cached PNG Texture: Squad/Parts/@thumbs/sepMotor1_icon
[LOG 15:04:35.795] Load Cached PNG Texture: Squad/Parts/@thumbs/ServiceBay.125.v2_icon
[LOG 15:04:35.796] Load Cached PNG Texture: Squad/Parts/@thumbs/shockConeIntake_icon
[LOG 15:04:35.796] Load Cached PNG Texture: Squad/Parts/@thumbs/Shrimp_icon
[LOG 15:04:35.796] Load Cached PNG Texture: Squad/Parts/@thumbs/smallCargoContainer_icon
[LOG 15:04:35.796] Load Cached PNG Texture: Squad/Parts/@thumbs/smallClaw_icon0
[LOG 15:04:35.796] Load Cached PNG Texture: Squad/Parts/@thumbs/smallClaw_icon1
[LOG 15:04:35.796] Load Cached PNG Texture: Squad/Parts/@thumbs/smallCtrlSrf_icon
[LOG 15:04:35.796] Load Cached PNG Texture: Squad/Parts/@thumbs/SmallGearBay_icon
[LOG 15:04:35.796] Load Cached PNG Texture: Squad/Parts/@thumbs/smallHardpoint_icon
[LOG 15:04:35.796] Load Cached PNG Texture: Squad/Parts/@thumbs/smallRadialEngine.v2_icon0
[LOG 15:04:35.796] Load Cached PNG Texture: Squad/Parts/@thumbs/smallRadialEngine.v2_icon1
[LOG 15:04:35.796] Load Cached PNG Texture: Squad/Parts/@thumbs/solarPanelOX10C_icon
[LOG 15:04:35.796] Load Cached PNG Texture: Squad/Parts/@thumbs/solarPanelOX10L_icon
[LOG 15:04:35.797] Load Cached PNG Texture: Squad/Parts/@thumbs/solarPanels1_icon
[LOG 15:04:35.797] Load Cached PNG Texture: Squad/Parts/@thumbs/solarPanels2_icon
[LOG 15:04:35.797] Load Cached PNG Texture: Squad/Parts/@thumbs/solarPanels3_icon
[LOG 15:04:35.797] Load Cached PNG Texture: Squad/Parts/@thumbs/solarPanels4_icon
[LOG 15:04:35.797] Load Cached PNG Texture: Squad/Parts/@thumbs/solarPanels5_icon
[LOG 15:04:35.797] Load Cached PNG Texture: Squad/Parts/@thumbs/solarPanelSP10C_icon
[LOG 15:04:35.797] Load Cached PNG Texture: Squad/Parts/@thumbs/solarPanelSP10L_icon
[LOG 15:04:35.797] Load Cached PNG Texture: Squad/Parts/@thumbs/spotLight1_icon
[LOG 15:04:35.797] Load Cached PNG Texture: Squad/Parts/@thumbs/spotLight2_icon
[LOG 15:04:35.797] Load Cached PNG Texture: Squad/Parts/@thumbs/spotLight3_icon0
[LOG 15:04:35.797] Load Cached PNG Texture: Squad/Parts/@thumbs/spotLight3_icon1
[LOG 15:04:35.797] Load Cached PNG Texture: Squad/Parts/@thumbs/stackPoint1_icon
[LOG 15:04:35.797] Load Cached PNG Texture: Squad/Parts/@thumbs/StandardCtrlSrf_icon
[LOG 15:04:35.797] Load Cached PNG Texture: Squad/Parts/@thumbs/standardNoseCone_icon
[LOG 15:04:35.797] Load Cached PNG Texture: Squad/Parts/@thumbs/stripLight1_icon0
[LOG 15:04:35.798] Load Cached PNG Texture: Squad/Parts/@thumbs/stripLight1_icon1
[LOG 15:04:35.798] Load Cached PNG Texture: Squad/Parts/@thumbs/structuralIBeam1_icon
[LOG 15:04:35.798] Load Cached PNG Texture: Squad/Parts/@thumbs/structuralIBeam3_icon
[LOG 15:04:35.798] Load Cached PNG Texture: Squad/Parts/@thumbs/structuralMiniNode_icon
[LOG 15:04:35.798] Load Cached PNG Texture: Squad/Parts/@thumbs/structuralPanel1_icon
[LOG 15:04:35.798] Load Cached PNG Texture: Squad/Parts/@thumbs/structuralPanel2_icon
[LOG 15:04:35.798] Load Cached PNG Texture: Squad/Parts/@thumbs/structuralWing4_icon
[LOG 15:04:35.798] Load Cached PNG Texture: Squad/Parts/@thumbs/strutCube_icon
[LOG 15:04:35.798] Load Cached PNG Texture: Squad/Parts/@thumbs/strutOcto_icon
[LOG 15:04:35.798] Load Cached PNG Texture: Squad/Parts/@thumbs/SurfaceScanner_icon
[LOG 15:04:35.798] Load Cached PNG Texture: Squad/Parts/@thumbs/SurfAntenna_icon
[LOG 15:04:35.799] Load Cached PNG Texture: Squad/Parts/@thumbs/telescopicLadderBay_icon
[LOG 15:04:35.799] Load Cached PNG Texture: Squad/Parts/@thumbs/telescopicLadder_icon
[LOG 15:04:35.799] Load Cached PNG Texture: Squad/Parts/@thumbs/toroidalAerospike_icon
[LOG 15:04:35.799] Load Cached PNG Texture: Squad/Parts/@thumbs/trussAdapter_icon
[LOG 15:04:35.799] Load Cached PNG Texture: Squad/Parts/@thumbs/trussPiece1x_icon
[LOG 15:04:35.799] Load Cached PNG Texture: Squad/Parts/@thumbs/trussPiece3x_icon
[LOG 15:04:35.799] Load Cached PNG Texture: Squad/Parts/@thumbs/vernierEngine_icon
[LOG 15:04:35.799] Load Cached PNG Texture: Squad/Parts/@thumbs/wheelMed_icon
[LOG 15:04:35.800] Load Cached PNG Texture: Squad/Parts/@thumbs/wingConnector4_icon
[LOG 15:04:35.800] Load Cached PNG Texture: Squad/Parts/@thumbs/wingConnector5_icon
[LOG 15:04:35.800] Load Cached PNG Texture: Squad/Parts/@thumbs/winglet3_icon
[LOG 15:04:35.801] Load Cached PNG Texture: Squad/Parts/@thumbs/winglet_icon
[LOG 15:04:35.801] Load Cached PNG Texture: Squad/Parts/@thumbs/wingShuttleElevon1_icon
[LOG 15:04:35.802] Load Cached PNG Texture: Squad/Parts/@thumbs/xenonTankLarge_icon
[LOG 15:04:35.802] Load Cached PNG Texture: Squad/Parts/@thumbs/xenonTankRadial_icon
[LOG 15:04:35.806] Load Cached PNG Texture: Squad/Parts/@thumbs/xenonTank_icon
[LOG 15:04:35.806] Load DDS texture: Squad/Parts/Aero/aerodynamicNoseCone/Rockomax_Adapters_diffuse
[LOG 15:04:35.806] Load DDS texture: Squad/Parts/Aero/aerodynamicNoseCone/Rockomax_Adapters_normal
[LOG 15:04:35.806] Load DDS texture: Squad/Parts/Aero/airbrake/airbrake
[LOG 15:04:35.810] Load DDS texture: Squad/Parts/Aero/airIntakeRadialXM-G50/RadialIntake
[LOG 15:04:35.813] Load DDS texture: Squad/Parts/Aero/airlinerWings/AirlinerWings
[LOG 15:04:35.820] Load DDS texture: Squad/Parts/Aero/airplaneFins/AirplaneFins
[LOG 15:04:35.833] Load DDS texture: Squad/Parts/Aero/basicFin/BasicFin
[LOG 15:04:35.833] Load DDS texture: Squad/Parts/Aero/circularIntake/CircluarIntakes
[LOG 15:04:35.834] Load DDS texture: Squad/Parts/Aero/circularIntake/CircluarIntakes_Heat
[LOG 15:04:35.834] Load DDS texture: Squad/Parts/Aero/cones/Assets/Cones
[LOG 15:04:35.834] Load DDS texture: Squad/Parts/Aero/cones/Assets/ConesDiffuse
[LOG 15:04:35.835] Load DDS texture: Squad/Parts/Aero/cones/Assets/ConesDiffuse_Orange
[LOG 15:04:35.836] Load DDS texture: Squad/Parts/Aero/cones/Assets/ConesDiffuse_White
[LOG 15:04:35.838] Load DDS texture: Squad/Parts/Aero/cones/Assets/ConesHeat
[LOG 15:04:35.839] Load DDS texture: Squad/Parts/Aero/cones/Assets/ConesHeat_Orange
[LOG 15:04:35.841] Load DDS texture: Squad/Parts/Aero/cones/Assets/ConesHeat_White
[LOG 15:04:35.843] Load DDS texture: Squad/Parts/Aero/cones/Assets/Cones_Heat
[LOG 15:04:35.843] Load Cached PNG Texture: Squad/Parts/Aero/cones/Assets/rocketNoseCones_O
[LOG 15:04:35.858] Load Cached PNG Texture: Squad/Parts/Aero/cones/Assets/rocketNoseCones_O_Normal
[LOG 15:04:35.860] Load DDS texture: Squad/Parts/Aero/cones/Assets/rocketNoseCones_W
[LOG 15:04:35.868] Load DDS texture: Squad/Parts/Aero/cones/Assets/Rockomax_Adapters_diffuse
[LOG 15:04:35.868] Load DDS texture: Squad/Parts/Aero/cones/Assets/Rockomax_Adapters_normal
[LOG 15:04:35.869] Load DDS texture: Squad/Parts/Aero/fairings/AutoTruss
[LOG 15:04:35.869] Load DDS texture: Squad/Parts/Aero/fairings/FairingBase
[LOG 15:04:35.870] Load DDS texture: Squad/Parts/Aero/fairings/FairingBaseNormals
[LOG 15:04:35.870] Load DDS texture: Squad/Parts/Aero/fairings/FairingBaseNormals_bw
[LOG 15:04:35.870] Load DDS texture: Squad/Parts/Aero/fairings/FairingBaseNormals_goldSilver
[LOG 15:04:35.871] Load DDS texture: Squad/Parts/Aero/fairings/FairingBaseNormals_orange
[LOG 15:04:35.871] Load Cached PNG Texture: Squad/Parts/Aero/fairings/FairingBase_black
[LOG 15:04:35.873] Load DDS texture: Squad/Parts/Aero/fairings/FairingBase_bw
[LOG 15:04:35.879] Load DDS texture: Squad/Parts/Aero/fairings/FairingBase_goldDiffuse
[LOG 15:04:35.880] Load DDS texture: Squad/Parts/Aero/fairings/FairingBase_goldSpecular
[LOG 15:04:35.880] Load DDS texture: Squad/Parts/Aero/fairings/FairingBase_orange
[LOG 15:04:35.880] Load DDS texture: Squad/Parts/Aero/fairings/FairingBase_silverDiffuse
[LOG 15:04:35.887] Load DDS texture: Squad/Parts/Aero/fairings/FairingBase_silverSpecular
[LOG 15:04:35.892] Load DDS texture: Squad/Parts/Aero/fairings/fairingsCap
[LOG 15:04:35.892] Load DDS texture: Squad/Parts/Aero/fairings/FairingsMat_silverSpecular
[LOG 15:04:35.894] Load DDS texture: Squad/Parts/Aero/fairings/fairings_diff
[LOG 15:04:35.895] Load DDS texture: Squad/Parts/Aero/fairings/fairings_diff_grey
[LOG 15:04:35.896] Load DDS texture: Squad/Parts/Aero/fairings/fairings_diff_orange
[LOG 15:04:35.897] Load DDS texture: Squad/Parts/Aero/fairings/fairings_grey_normals
[LOG 15:04:35.898] Load DDS texture: Squad/Parts/Aero/fairings/fairings_normals
[LOG 15:04:35.898] Load DDS texture: Squad/Parts/Aero/fairings/fairings_normals_silver
[LOG 15:04:35.900] Load DDS texture: Squad/Parts/Aero/fairings/fairings_orange_normals
[LOG 15:04:35.900] Load DDS texture: Squad/Parts/Aero/fairings/fairings_silverDiffuse
[LOG 15:04:35.901] Load DDS texture: Squad/Parts/Aero/HeatShield/Fairing
[LOG 15:04:35.902] Load DDS texture: Squad/Parts/Aero/HeatShield/heatshield
[LOG 15:04:35.902] Load DDS texture: Squad/Parts/Aero/InflatableHeatShield/HeatShield
[LOG 15:04:35.903] Load DDS texture: Squad/Parts/Aero/InflatableHeatShield/HeatShieldFairing
[LOG 15:04:35.903] Load DDS texture: Squad/Parts/Aero/InflatableHeatShield/HeatShield_NRM
[LOG 15:04:35.905] Load DDS texture: Squad/Parts/Aero/intakeRadialLong/Radial_long
[LOG 15:04:35.906] Load DDS texture: Squad/Parts/Aero/miniIntake/SmallIntake
[LOG 15:04:35.906] Load DDS texture: Squad/Parts/Aero/ramAirIntake/RampIntake
[LOG 15:04:35.906] Load DDS texture: Squad/Parts/Aero/ramAirIntake/RampIntake_Heat
[LOG 15:04:35.906] Load DDS texture: Squad/Parts/Aero/shuttleWings/ShuttleWings
[LOG 15:04:35.916] Load DDS texture: Squad/Parts/Aero/wingletAV-R8/model000
[LOG 15:04:35.917] Load DDS texture: Squad/Parts/Aero/wingletAV-R8/model001
[LOG 15:04:35.917] Load DDS texture: Squad/Parts/Aero/wingletAV-T1/model000
[LOG 15:04:35.918] Load DDS texture: Squad/Parts/Aero/wingletAV-T1/model001
[LOG 15:04:35.918] Load DDS texture: Squad/Parts/Aero/wingletDeltaDeluxe/model000
[LOG 15:04:35.918] Load DDS texture: Squad/Parts/Aero/wings/Wings
[LOG 15:04:35.919] Load DDS texture: Squad/Parts/Cargo/CargoContainers/cargoContainer_diff
[LOG 15:04:35.920] Load DDS texture: Squad/Parts/Cargo/CargoContainers/smallCargoContainer_diffuse
[LOG 15:04:35.920] Load DDS texture: Squad/Parts/Cargo/CargoContainers/smallCargoContainer_nrm
[LOG 15:04:35.920] Load DDS texture: Squad/Parts/Cargo/CargoContainers/smallCargoContainer_specular
[LOG 15:04:35.920] Load DDS texture: Squad/Parts/Cargo/Cylinder/EVAcylinder_diffuse
[LOG 15:04:35.921] Load DDS texture: Squad/Parts/Cargo/Cylinder/EVAcylinder_nrm
[LOG 15:04:35.921] Load DDS texture: Squad/Parts/Cargo/GroundAnchor/groundAnchor_diffuse
[LOG 15:04:35.922] Load DDS texture: Squad/Parts/Cargo/GroundAnchor/groundAnchor_nrm
[LOG 15:04:35.922] Load DDS texture: Squad/Parts/Cargo/Jetpack/EVAjetpack
[LOG 15:04:35.923] Load DDS texture: Squad/Parts/Cargo/Jetpack/EVAjetpackEmmisive
[LOG 15:04:35.923] Load DDS texture: Squad/Parts/Cargo/Jetpack/EVAjetpackNRM
[LOG 15:04:35.926] Load DDS texture: Squad/Parts/Cargo/Parachute/backpack_Diff
[LOG 15:04:35.935] Load DDS texture: Squad/Parts/Cargo/Parachute/backpack_NM
[LOG 15:04:35.941] Load DDS texture: Squad/Parts/Cargo/RepairKit/RepairKit_Diffuse
[LOG 15:04:35.943] Load DDS texture: Squad/Parts/Cargo/RepairKit/RepairKit_Normal
[LOG 15:04:35.944] Load DDS texture: Squad/Parts/Cargo/ScienceKit/ExperimentKit_Material_Diffuse
[LOG 15:04:35.945] Load DDS texture: Squad/Parts/Cargo/ScienceKit/ExperimentKit_Material_Emissive
[LOG 15:04:35.947] Load DDS texture: Squad/Parts/Cargo/ScienceKit/ExperimentKit_Material_Normal
[LOG 15:04:35.948] Load DDS texture: Squad/Parts/Cargo/StorageUnits/Assets/Cargo_Material_Diffuse
[LOG 15:04:35.954] Load DDS texture: Squad/Parts/Cargo/StorageUnits/Assets/Cargo_Material_Normal
[LOG 15:04:35.970] Load DDS texture: Squad/Parts/Command/advancedSasModuleLarge/model000
[LOG 15:04:35.970] Load DDS texture: Squad/Parts/Command/advancedSasModuleLarge/model001
[LOG 15:04:35.970] Load DDS texture: Squad/Parts/Command/cupola/cupola_Emissive
[LOG 15:04:35.974] Load DDS texture: Squad/Parts/Command/cupola/ksp_l_cupola_diff
[LOG 15:04:35.974] Load DDS texture: Squad/Parts/Command/cupola/ksp_l_cupola_normal
[LOG 15:04:35.976] Load DDS texture: Squad/Parts/Command/cupola/window
[LOG 15:04:35.976] Load DDS texture: Squad/Parts/Command/externalCommandSeat/model000
[LOG 15:04:35.977] Load DDS texture: Squad/Parts/Command/hitchhikerStorageContainer/cabin
[LOG 15:04:35.979] Load DDS texture: Squad/Parts/Command/hitchhikerStorageContainer/cabin_Illum
[LOG 15:04:35.979] Load DDS texture: Squad/Parts/Command/hitchhikerStorageContainer/cabin_n
[LOG 15:04:35.981] Load DDS texture: Squad/Parts/Command/hitchhikerStorageContainer/window
[LOG 15:04:35.981] Load DDS texture: Squad/Parts/Command/inlineAdvancedStabilizer/model000
[LOG 15:04:35.982] Load DDS texture: Squad/Parts/Command/inlineAdvancedStabilizer/model001
[LOG 15:04:35.982] Load DDS texture: Squad/Parts/Command/inlineReactionWheel/model000
[LOG 15:04:35.983] Load DDS texture: Squad/Parts/Command/inlineReactionWheel/model001
[LOG 15:04:35.983] Load DDS texture: Squad/Parts/Command/inlineReactionWheel/model002
[LOG 15:04:35.983] Load DDS texture: Squad/Parts/Command/Mk1-2Pod/mk 1-2 external shell Variant-Hatch
[LOG 15:04:35.985] Load DDS texture: Squad/Parts/Command/Mk1-3Pod/M1-3 Pod
[LOG 15:04:35.986] Load DDS texture: Squad/Parts/Command/Mk1-3Pod/M1-3 Pod_GLOW
[LOG 15:04:35.986] Load DDS texture: Squad/Parts/Command/mk1Cockpits/GLOW
[LOG 15:04:35.987] Load DDS texture: Squad/Parts/Command/mk1Cockpits/Mk1Cockpit
[LOG 15:04:35.988] Load DDS texture: Squad/Parts/Command/mk1LanderCan/ksp_s_landerCan_diff
[LOG 15:04:35.990] Load DDS texture: Squad/Parts/Command/mk1LanderCan/ksp_s_landerCan_normal
[LOG 15:04:35.990] Load DDS texture: Squad/Parts/Command/mk1LanderCan/ksp_s_landerCan_psd_illum
[LOG 15:04:35.991] Load DDS texture: Squad/Parts/Command/mk1pod/outer shell
[LOG 15:04:35.991] Load DDS texture: Squad/Parts/Command/mk1pod_v2/Mk1_v2
[LOG 15:04:35.993] Load DDS texture: Squad/Parts/Command/mk1pod_v2/Mk1_v2_GLOW
[LOG 15:04:35.995] Load DDS texture: Squad/Parts/Command/mk1pod_v2/Mk1_v2_GW
[LOG 15:04:35.996] Load DDS texture: Squad/Parts/Command/mk1pod_v2/Mk1_v2_N
[LOG 15:04:35.998] Load DDS texture: Squad/Parts/Command/mk1pod_v2/Mk1_v2_W
[LOG 15:04:36.009] Load DDS texture: Squad/Parts/Command/mk1pod_v2/Mk1_v2_W_N
[LOG 15:04:36.012] Load DDS texture: Squad/Parts/Command/mk2CockpitInline/Cockpit_inline_A
[LOG 15:04:36.014] Load DDS texture: Squad/Parts/Command/mk2CockpitInline/Cockpit_inline_Emissive
[LOG 15:04:36.014] Load DDS texture: Squad/Parts/Command/mk2CockpitInline/Cockpit_inline_normal
[LOG 15:04:36.016] Load DDS texture: Squad/Parts/Command/mk2CockpitStandard/Cockpit
[LOG 15:04:36.018] Load DDS texture: Squad/Parts/Command/mk2CockpitStandard/Cockpit_Lum
[LOG 15:04:36.018] Load DDS texture: Squad/Parts/Command/mk2CockpitStandard/Cockpit_NRM
[LOG 15:04:36.020] Load DDS texture: Squad/Parts/Command/mk2DroneCore/mk2Dronecore
[LOG 15:04:36.021] Load DDS texture: Squad/Parts/Command/mk2LanderCan/Illum
[LOG 15:04:36.021] Load DDS texture: Squad/Parts/Command/mk2LanderCan/ladder
[LOG 15:04:36.021] Load DDS texture: Squad/Parts/Command/mk2LanderCan/outershell
[LOG 15:04:36.022] Load DDS texture: Squad/Parts/Command/mk2LanderCan/outershell_n
[LOG 15:04:36.022] Load DDS texture: Squad/Parts/Command/mk2LanderCan/window
[LOG 15:04:36.022] Load DDS texture: Squad/Parts/Command/mk2LanderCan_v2/Mk2Can
[LOG 15:04:36.028] Load DDS texture: Squad/Parts/Command/mk2LanderCan_v2/Mk2Can_glow
[LOG 15:04:36.041] Load DDS texture: Squad/Parts/Command/mk3CockpitShuttle/Mk3CockpitShuttle
[LOG 15:04:36.041] Load DDS texture: Squad/Parts/Command/mk3CockpitShuttle/Mk3CockpitShuttle_LUM
[LOG 15:04:36.041] Load DDS texture: Squad/Parts/Command/MpoProbe/MpoProbe_diffuse
[LOG 15:04:36.043] Load DDS texture: Squad/Parts/Command/MpoProbe/MpoProbe_nrm
[LOG 15:04:36.049] Load DDS texture: Squad/Parts/Command/MpoProbe/MpoProbe_specular
[LOG 15:04:36.051] Load DDS texture: Squad/Parts/Command/MtmStage/mtmStage_diffuse
[LOG 15:04:36.053] Load DDS texture: Squad/Parts/Command/MtmStage/mtmStage_nrm
[LOG 15:04:36.054] Load DDS texture: Squad/Parts/Command/MtmStage/mtmStage_specular
[LOG 15:04:36.055] Load DDS texture: Squad/Parts/Command/probeCoreCube/QBE_New_diffuse
[LOG 15:04:36.056] Load Cached PNG Texture: Squad/Parts/Command/probeCoreCube/QBE_New_NRM
[LOG 15:04:36.061] Load DDS texture: Squad/Parts/Command/probeCoreCube/QBE_New_specular
[LOG 15:04:36.064] Load DDS texture: Squad/Parts/Command/probeCoreHex/ksp_m_hexProbe_diff
[LOG 15:04:36.068] Load DDS texture: Squad/Parts/Command/probeCoreHex/ksp_m_hexProbe_normal
[LOG 15:04:36.068] Load DDS texture: Squad/Parts/Command/probeCoreHex_v2/hecsDiffuse
[LOG 15:04:36.069] Load DDS texture: Squad/Parts/Command/probeCoreHex_v2/hecsNormal
[LOG 15:04:36.069] Load DDS texture: Squad/Parts/Command/probeCoreOcto2_v2/octoDiffuse
[LOG 15:04:36.069] Load DDS texture: Squad/Parts/Command/probeCoreOcto2_v2/octoNormal
[LOG 15:04:36.069] Load DDS texture: Squad/Parts/Command/probeCoreOcto2_v2/octoSpecular
[LOG 15:04:36.069] Load DDS texture: Squad/Parts/Command/probeCoreOcto_v2/octoDiffuse
[LOG 15:04:36.070] Load DDS texture: Squad/Parts/Command/probeCoreOcto_v2/octoNormal
[LOG 15:04:36.070] Load DDS texture: Squad/Parts/Command/probeCoreOcto_v2/octoSpecular
[LOG 15:04:36.070] Load DDS texture: Squad/Parts/Command/probeRoverBody/model000
[LOG 15:04:36.070] Load DDS texture: Squad/Parts/Command/probeRoverBody/model001
[LOG 15:04:36.071] Load DDS texture: Squad/Parts/Command/probeRoverBody_v2/probeRoverBody_v2_gold_diffuse
[LOG 15:04:36.075] Load Cached PNG Texture: Squad/Parts/Command/probeRoverBody_v2/probeRoverBody_v2_gold_NRM
[LOG 15:04:36.077] Load DDS texture: Squad/Parts/Command/probeRoverBody_v2/probeRoverBody_v2_gold_specular
[LOG 15:04:36.081] Load DDS texture: Squad/Parts/Command/probeRoverBody_v2/probeRoverBody_v2_silver_diffuse
[LOG 15:04:36.081] Load Cached PNG Texture: Squad/Parts/Command/probeRoverBody_v2/probeRoverBody_v2_silver_NRM
[LOG 15:04:36.083] Load DDS texture: Squad/Parts/Command/probeRoverBody_v2/probeRoverBody_v2_silver_specular
[LOG 15:04:36.084] Load DDS texture: Squad/Parts/Command/probeRoverBody_v2/QBE_New_diffuse
[LOG 15:04:36.084] Load DDS texture: Squad/Parts/Command/probeRoverBody_v2/QBE_New_NRM
[LOG 15:04:36.084] Load DDS texture: Squad/Parts/Command/probeRoverBody_v2/QBE_New_specular
[LOG 15:04:36.087] Load DDS texture: Squad/Parts/Command/probeStackLarge/model000
[LOG 15:04:36.087] Load DDS texture: Squad/Parts/Command/probeStackLarge/model001
[LOG 15:04:36.088] Load DDS texture: Squad/Parts/Command/probeStackSmall/model000
[LOG 15:04:36.089] Load DDS texture: Squad/Parts/Command/probeStackSmall/model001
[LOG 15:04:36.090] Load DDS texture: Squad/Parts/Command/probeStackSphere_v2/probeStackSphere_diffuse
[LOG 15:04:36.092] Load DDS texture: Squad/Parts/Command/probeStackSphere_v2/probeStackSphere_normal
[LOG 15:04:36.094] Load DDS texture: Squad/Parts/Command/probeStackSphere_v2/probeStackSphere_specular
[LOG 15:04:36.095] Load Cached PNG Texture: Squad/Parts/CompoundParts/@thumbs/fuelLine_icon0
[LOG 15:04:36.096] Load Cached PNG Texture: Squad/Parts/CompoundParts/@thumbs/fuelLine_icon1
[LOG 15:04:36.096] Load Cached PNG Texture: Squad/Parts/CompoundParts/@thumbs/strutConnector_icon0
[LOG 15:04:36.096] Load Cached PNG Texture: Squad/Parts/CompoundParts/@thumbs/strutConnector_icon1
[LOG 15:04:36.096] Load DDS texture: Squad/Parts/CompoundParts/FuelLine/FTX-2 External Fuel Duct
[LOG 15:04:36.096] Load DDS texture: Squad/Parts/CompoundParts/FuelLine/FTX-2 External Fuel Duct_ESA
[LOG 15:04:36.096] Load DDS texture: Squad/Parts/CompoundParts/strutConnector/EAS-4 Strut Connector
[LOG 15:04:36.097] Load DDS texture: Squad/Parts/CompoundParts/strutConnector/EAS-4 Strut Connector_white
[LOG 15:04:36.097] Load DDS texture: Squad/Parts/Coupling/Assets/Decouplers
[LOG 15:04:36.101] Load DDS texture: Squad/Parts/Coupling/Assets/Decouplers_N
[LOG 15:04:36.105] Load DDS texture: Squad/Parts/Coupling/Assets/Decouplers_whiteYellow
[LOG 15:04:36.109] Load DDS texture: Squad/Parts/Coupling/Assets/Decouplers_whiteYellow_N
[LOG 15:04:36.126] Load DDS texture: Squad/Parts/Electrical/10CSolarPanels/assets/circularSolarPanel_diffuse
[LOG 15:04:36.128] Load DDS texture: Squad/Parts/Electrical/10CSolarPanels/assets/circularSolarPanel_nrm
[LOG 15:04:36.130] Load DDS texture: Squad/Parts/Electrical/10LSolarPanels/assets/retractableSolarPanel_diffuse
[LOG 15:04:36.132] Load DDS texture: Squad/Parts/Electrical/10LSolarPanels/assets/retractableSolarPanel_nrm
[LOG 15:04:36.149] Load DDS texture: Squad/Parts/Electrical/1x6ShroudSolarPanels/model000
[LOG 15:04:36.149] Load DDS texture: Squad/Parts/Electrical/1x6ShroudSolarPanels/model001
[LOG 15:04:36.149] Load DDS texture: Squad/Parts/Electrical/1x6ShroudSolarPanels/model002
[LOG 15:04:36.149] Load DDS texture: Squad/Parts/Electrical/1x6SolarPanels/model000
[LOG 15:04:36.150] Load DDS texture: Squad/Parts/Electrical/1x6SolarPanels/model001
[LOG 15:04:36.150] Load DDS texture: Squad/Parts/Electrical/1x6SolarPanels/model002
[LOG 15:04:36.150] Load DDS texture: Squad/Parts/Electrical/3x2ShroudSolarPanels/model000
[LOG 15:04:36.150] Load DDS texture: Squad/Parts/Electrical/3x2ShroudSolarPanels/model001
[LOG 15:04:36.150] Load DDS texture: Squad/Parts/Electrical/3x2ShroudSolarPanels/model002
[LOG 15:04:36.150] Load DDS texture: Squad/Parts/Electrical/3x2SolarPanels/model000
[LOG 15:04:36.151] Load DDS texture: Squad/Parts/Electrical/3x2SolarPanels/model001
[LOG 15:04:36.151] Load DDS texture: Squad/Parts/Electrical/3x2SolarPanels/model002
[LOG 15:04:36.151] Load DDS texture: Squad/Parts/Electrical/gigantorXlSolarArray/panel
[LOG 15:04:36.151] Load DDS texture: Squad/Parts/Electrical/radialFlatSolarPanel/model000
[LOG 15:04:36.151] Load DDS texture: Squad/Parts/Electrical/RTG/model000
[LOG 15:04:36.151] Load DDS texture: Squad/Parts/Electrical/z-100Battery/model000
[LOG 15:04:36.152] Load DDS texture: Squad/Parts/Electrical/z-1kBattery/model000
[LOG 15:04:36.152] Load DDS texture: Squad/Parts/Electrical/z-1kBattery/model001
[LOG 15:04:36.152] Load DDS texture: Squad/Parts/Electrical/z-200Battery/ksp_m_batteryPack_diff
[LOG 15:04:36.152] Load DDS texture: Squad/Parts/Electrical/z-400Battery/model000
[LOG 15:04:36.152] Load DDS texture: Squad/Parts/Electrical/z-4kBattery/ksp_l_batteryPack_diff
[LOG 15:04:36.152] Load DDS texture: Squad/Parts/Electrical/z-4kBattery/ksp_l_batteryPack_normal
[LOG 15:04:36.153] Load DDS texture: Squad/Parts/Engine/ionEngine/model000
[LOG 15:04:36.153] Load DDS texture: Squad/Parts/Engine/jetEngines/Jet Engines
[LOG 15:04:36.155] Load DDS texture: Squad/Parts/Engine/jetEngines/Jet_Heat
[LOG 15:04:36.156] Load DDS texture: Squad/Parts/Engine/liquidEngine24-77/engine
[LOG 15:04:36.156] Load DDS texture: Squad/Parts/Engine/liquidEngine24-77_v2/Twitch
[LOG 15:04:36.158] Load DDS texture: Squad/Parts/Engine/liquidEngine24-77_v2/Twitch_G
[LOG 15:04:36.158] Load DDS texture: Squad/Parts/Engine/liquidEngine24-77_v2/Twitch_GLOW
[LOG 15:04:36.158] Load DDS texture: Squad/Parts/Engine/liquidEngine48-7S/ksp_m_liquidEngine_diff
[LOG 15:04:36.159] Load DDS texture: Squad/Parts/Engine/liquidEngine48-7S_v2/Spark
[LOG 15:04:36.159] Load DDS texture: Squad/Parts/Engine/liquidEngine48-7S_v2/Spark_Glow
[LOG 15:04:36.159] Load DDS texture: Squad/Parts/Engine/liquidEngineAerospike/Aerospike
[LOG 15:04:36.159] Load DDS texture: Squad/Parts/Engine/liquidEngineAerospike/Aerospike_Heat
[LOG 15:04:36.159] Load DDS texture: Squad/Parts/Engine/liquidEngineLV-1_v2/Assets/Ant_and_Spider_diffuse
[LOG 15:04:36.160] Load DDS texture: Squad/Parts/Engine/liquidEngineLV-1_v2/Assets/Ant_and_Spider_emissive
[LOG 15:04:36.160] Load DDS texture: Squad/Parts/Engine/liquidEngineLV-1_v2/Assets/Ant_and_Spider_normal
[LOG 15:04:36.160] Load DDS texture: Squad/Parts/Engine/liquidEngineLV-1_v2/Assets/Ant_and_Spider_specular
[LOG 15:04:36.160] Load DDS texture: Squad/Parts/Engine/liquidEngineLV-909_v2/Terrier
[LOG 15:04:36.162] Load DDS texture: Squad/Parts/Engine/liquidEngineLV-909_v2/TerrierFairing
[LOG 15:04:36.163] Load DDS texture: Squad/Parts/Engine/liquidEngineLV-909_v2/Terrier_glow
[LOG 15:04:36.164] Load DDS texture: Squad/Parts/Engine/liquidEngineLV-N/model000
[LOG 15:04:36.164] Load DDS texture: Squad/Parts/Engine/liquidEngineLV-N/model001
[LOG 15:04:36.165] Load DDS texture: Squad/Parts/Engine/liquidEngineLV-N/model002
[LOG 15:04:36.165] Load DDS texture: Squad/Parts/Engine/liquidEngineLV-N/model003
[LOG 15:04:36.169] Load DDS texture: Squad/Parts/Engine/liquidEngineLV-T30/model000
[LOG 15:04:36.170] Load DDS texture: Squad/Parts/Engine/liquidEngineLV-T30/model001
[LOG 15:04:36.170] Load DDS texture: Squad/Parts/Engine/liquidEngineLV-T30/model002
[LOG 15:04:36.170] Load DDS texture: Squad/Parts/Engine/liquidEngineLV-T30_v2/Engine_Emissive
[LOG 15:04:36.177] Load DDS texture: Squad/Parts/Engine/liquidEngineLV-T30_v2/Engine_Normal
[LOG 15:04:36.188] Load DDS texture: Squad/Parts/Engine/liquidEngineLV-T30_v2/Fairing
[LOG 15:04:36.188] Load DDS texture: Squad/Parts/Engine/liquidEngineLV-T30_v2/Reliant_v2-shroud_Diffuse
[LOG 15:04:36.196] Load DDS texture: Squad/Parts/Engine/liquidEngineLV-T30_v2/Reliant_v2_Diffuse
[LOG 15:04:36.204] Load DDS texture: Squad/Parts/Engine/liquidEngineLV-T45/model000
[LOG 15:04:36.205] Load DDS texture: Squad/Parts/Engine/liquidEngineLV-T45/model001
[LOG 15:04:36.205] Load DDS texture: Squad/Parts/Engine/liquidEngineLV-T45/model002
[LOG 15:04:36.205] Load DDS texture: Squad/Parts/Engine/liquidEngineLV-T45/model003
[LOG 15:04:36.206] Load DDS texture: Squad/Parts/Engine/liquidEngineLV-T45_v2/Engine_Emissive
[LOG 15:04:36.212] Load DDS texture: Squad/Parts/Engine/liquidEngineLV-T45_v2/Fairing
[LOG 15:04:36.213] Load DDS texture: Squad/Parts/Engine/liquidEngineLV-T45_v2/Swivel_v2_Diffuse
[LOG 15:04:36.221] Load DDS texture: Squad/Parts/Engine/liquidEngineLV-T45_v2/Swivel_v2_Normal
[LOG 15:04:36.226] Load DDS texture: Squad/Parts/Engine/liquidEngineMainsail_v2/mainsail_diffuse
[LOG 15:04:36.232] Load DDS texture: Squad/Parts/Engine/liquidEngineMainsail_v2/mainsail_emissive
[LOG 15:04:36.237] Load DDS texture: Squad/Parts/Engine/liquidEngineMainsail_v2/mainsail_nrm
[LOG 15:04:36.243] Load DDS texture: Squad/Parts/Engine/liquidEngineMainsail_v2/mainsail_specular
[LOG 15:04:36.250] Load DDS texture: Squad/Parts/Engine/liquidEngineMainsail_v2/Shroud
[LOG 15:04:36.251] Load DDS texture: Squad/Parts/Engine/liquidEngineMk55/Thud
[LOG 15:04:36.251] Load DDS texture: Squad/Parts/Engine/liquidEngineMk55/Thud_Heat
[LOG 15:04:36.252] Load DDS texture: Squad/Parts/Engine/liquidEnginePoodle_v2/poodle
[LOG 15:04:36.258] Load DDS texture: Squad/Parts/Engine/liquidEnginePoodle_v2/PoodleShroud
[LOG 15:04:36.259] Load DDS texture: Squad/Parts/Engine/liquidEnginePoodle_v2/poodle_Glow
[LOG 15:04:36.260] Load DDS texture: Squad/Parts/Engine/liquidEnginePoodle_v2/Poodle_SingleBell_Poodle_Diffuse
[LOG 15:04:36.261] Load DDS texture: Squad/Parts/Engine/liquidEnginePoodle_v2/Poodle_SingleBell_Poodle_Emissive
[LOG 15:04:36.262] Load DDS texture: Squad/Parts/Engine/liquidEnginePoodle_v2/Poodle_SingleBell_Poodle_Normal
[LOG 15:04:36.263] Load DDS texture: Squad/Parts/Engine/liquidEngineSkipper_v2/Shroud
[LOG 15:04:36.264] Load DDS texture: Squad/Parts/Engine/liquidEngineSkipper_v2/skipper_v2_diffuse
[LOG 15:04:36.289] Load DDS texture: Squad/Parts/Engine/liquidEngineSkipper_v2/skipper_v2_emissive
[LOG 15:04:36.296] Load DDS texture: Squad/Parts/Engine/liquidEngineSkipper_v2/skipper_v2_normal
[LOG 15:04:36.305] Load DDS texture: Squad/Parts/Engine/liquidEngineSSME/SSME
[LOG 15:04:36.306] Load DDS texture: Squad/Parts/Engine/liquidEngineSSME/SSME_GLOW
[LOG 15:04:36.306] Load DDS texture: Squad/Parts/Engine/liquidEngineSSME/SSME_NRM
[LOG 15:04:36.307] Load DDS texture: Squad/Parts/Engine/MassiveSRB/solid_booster_cm
[LOG 15:04:36.308] Load DDS texture: Squad/Parts/Engine/MassiveSRB/solid_booster_cm_esa
[LOG 15:04:36.309] Load DDS texture: Squad/Parts/Engine/MassiveSRB/solid_booster_em
[LOG 15:04:36.311] Load DDS texture: Squad/Parts/Engine/MassiveSRB/solid_booster_nm
[LOG 15:04:36.314] Load DDS texture: Squad/Parts/Engine/miniJet/SmallJet
[LOG 15:04:36.314] Load DDS texture: Squad/Parts/Engine/OMSEngine/Puff_diffuse
[LOG 15:04:36.314] Load DDS texture: Squad/Parts/Engine/OMSEngine/Puff_emissive
[LOG 15:04:36.314] Load DDS texture: Squad/Parts/Engine/OMSEngine/Puff_normal
[LOG 15:04:36.314] Load DDS texture: Squad/Parts/Engine/OMSEngine/Puff_specular
[LOG 15:04:36.314] Load DDS texture: Squad/Parts/Engine/rapierEngine/rapierDiffuse
[LOG 15:04:36.319] Load DDS texture: Squad/Parts/Engine/rapierEngine/rapieremit
[LOG 15:04:36.319] Load DDS texture: Squad/Parts/Engine/Size1_SRBs/SRB_O
[LOG 15:04:36.319] Load DDS texture: Squad/Parts/Engine/Size1_SRBs/SRB_W
[LOG 15:04:36.320] Load DDS texture: Squad/Parts/Engine/Size1_SRBs/SRB_Y
[LOG 15:04:36.321] Load DDS texture: Squad/Parts/Engine/Size2LFB/Size2LFBEmissive
[LOG 15:04:36.321] Load DDS texture: Squad/Parts/Engine/Size2LFB/twin_nozzle_booster_cm
[LOG 15:04:36.324] Load DDS texture: Squad/Parts/Engine/Size2LFB/twin_nozzle_booster_nm
[LOG 15:04:36.326] Load DDS texture: Squad/Parts/Engine/Size2LFB_v2/Size2LFBEmissive
[LOG 15:04:36.326] Load DDS texture: Squad/Parts/Engine/Size2LFB_v2/twin_nozzle_booster_cm
[LOG 15:04:36.328] Load DDS texture: Squad/Parts/Engine/Size2LFB_v2/twin_nozzle_booster_nm
[LOG 15:04:36.329] Load DDS texture: Squad/Parts/Engine/Size3AdvancedEngine/decoupler_and_adaptor_cm
[LOG 15:04:36.332] Load DDS texture: Squad/Parts/Engine/Size3AdvancedEngine/Size3AdvancedEngineDiffuse
[LOG 15:04:36.334] Load DDS texture: Squad/Parts/Engine/Size3AdvancedEngine/Size3AdvancedEngineEmissive
[LOG 15:04:36.334] Load DDS texture: Squad/Parts/Engine/Size3AdvancedEngine/Size3AdvancedEngineNormal
[LOG 15:04:36.334] Load DDS texture: Squad/Parts/Engine/Size3EngineCluster/ClusterEngineEmit
[LOG 15:04:36.335] Load DDS texture: Squad/Parts/Engine/Size3EngineCluster/four_nozzle_engine_cm
[LOG 15:04:36.358] Load DDS texture: Squad/Parts/Engine/Size3EngineCluster/four_nozzle_engine_nm
[LOG 15:04:36.361] Load DDS texture: Squad/Parts/Engine/solidBoosterBACC/model000
[LOG 15:04:36.362] Load DDS texture: Squad/Parts/Engine/solidBoosterBACC/model001
[LOG 15:04:36.365] Load DDS texture: Squad/Parts/Engine/solidBoosterBACC/model002
[LOG 15:04:36.369] Load DDS texture: Squad/Parts/Engine/solidBoosterRT-5/RT5
[LOG 15:04:36.369] Load DDS texture: Squad/Parts/Engine/solidBoosterS2-17/solidBoosterS2-17_diffuse
[LOG 15:04:36.383] Load DDS texture: Squad/Parts/Engine/solidBoosterS2-17/solidBoosterS2-17_emissive
[LOG 15:04:36.401] Load DDS texture: Squad/Parts/Engine/solidBoosterS2-17/solidBoosterS2-17_normal
[LOG 15:04:36.416] Load DDS texture: Squad/Parts/Engine/solidBoosterS2-33/solidBoosterS2-33_diffuse
[LOG 15:04:36.451] Load DDS texture: Squad/Parts/Engine/solidBoosterS2-33/solidBoosterS2-33_emissive
[LOG 15:04:36.504] Load DDS texture: Squad/Parts/Engine/solidBoosterS2-33/solidBoosterS2-33_normal
[LOG 15:04:36.553] Load DDS texture: Squad/Parts/Engine/solidBoosterSep/model000
[LOG 15:04:36.553] Load DDS texture: Squad/Parts/Engine/solidBoosterSep/motor
[LOG 15:04:36.554] Load DDS texture: Squad/Parts/Engine/SolidBoostersF/Assets/SolidBoosterF3S0_diffuse
[LOG 15:04:36.554] Load DDS texture: Squad/Parts/Engine/SolidBoostersF/Assets/SolidBoosterF3S0_emissive
[LOG 15:04:36.554] Load DDS texture: Squad/Parts/Engine/SolidBoostersF/Assets/SolidBoosterF3S0_normal
[LOG 15:04:36.555] Load DDS texture: Squad/Parts/FuelTank/adapterTanks/Mk3Adapters
[LOG 15:04:36.558] Load DDS texture: Squad/Parts/FuelTank/drainTankFTE-1/fuelValve_diffuse
[LOG 15:04:36.558] Load DDS texture: Squad/Parts/FuelTank/drainTankFTE-1/fuelValve_nrm
[LOG 15:04:36.562] Load DDS texture: Squad/Parts/FuelTank/FoilTanks/RadialTanks
[LOG 15:04:36.568] Load DDS texture: Squad/Parts/FuelTank/FoilTanks/RadialTanksGold_specular
[LOG 15:04:36.571] Load DDS texture: Squad/Parts/FuelTank/FoilTanks/RadialTanksSilver_specular
[LOG 15:04:36.573] Load DDS texture: Squad/Parts/FuelTank/FoilTanks/RadialTanks_N
[LOG 15:04:36.574] Load DDS texture: Squad/Parts/FuelTank/FoilTanks/RadialTanks_silver
[LOG 15:04:36.576] Load DDS texture: Squad/Parts/FuelTank/fuelTankOscarB/model000
[LOG 15:04:36.576] Load DDS texture: Squad/Parts/FuelTank/fuelTankOscarB/model001
[LOG 15:04:36.576] Load DDS texture: Squad/Parts/FuelTank/fuelTankOscarB/tank
[LOG 15:04:36.576] Load DDS texture: Squad/Parts/FuelTank/fuelTankOscarB/tank_n
[LOG 15:04:36.577] Load DDS texture: Squad/Parts/FuelTank/miniFuselage/Fuselage
[LOG 15:04:36.578] Load DDS texture: Squad/Parts/FuelTank/mk2Adapters/mk2adapters1m
[LOG 15:04:36.580] Load DDS texture: Squad/Parts/FuelTank/mk2FuselageLong/mk2Fuselage
[LOG 15:04:36.580] Load DDS texture: Squad/Parts/FuelTank/mk2FuselageShort/mk2FuselageShort
[LOG 15:04:36.581] Load DDS texture: Squad/Parts/FuelTank/mk3Fuselage/Mk3Fuselage
[LOG 15:04:36.584] Load DDS texture: Squad/Parts/FuelTank/mk3Fuselage/Mk3Fuselage_LUM
[LOG 15:04:36.584] Load DDS texture: Squad/Parts/FuelTank/RCSFuelTankR1/RCSFuelTankR1_01
[LOG 15:04:36.584] Load DDS texture: Squad/Parts/FuelTank/RCSFuelTankR1/RCSFuelTankR1_02
[LOG 15:04:36.585] Load DDS texture: Squad/Parts/FuelTank/RCSFuelTankR1/RCSFuelTankR1_N
[LOG 15:04:36.586] Load DDS texture: Squad/Parts/FuelTank/RCSFuelTankR10/ksp_m_rcsTank_diff
[LOG 15:04:36.587] Load DDS texture: Squad/Parts/FuelTank/RCSFuelTankR10/ksp_m_rcsTank_normal
[LOG 15:04:36.587] Load DDS texture: Squad/Parts/FuelTank/RCSFuelTankR25/FL-R25 RCS Fuel Tank_D
[LOG 15:04:36.587] Load DDS texture: Squad/Parts/FuelTank/RCSFuelTankR25/FL-R25 RCS Fuel Tank_N
[LOG 15:04:36.587] Load DDS texture: Squad/Parts/FuelTank/RCSTankRadial/model000
[LOG 15:04:36.587] Load DDS texture: Squad/Parts/FuelTank/RCStankRadialLong/ksp_r_rcsCylTank_diff
[LOG 15:04:36.587] Load DDS texture: Squad/Parts/FuelTank/RockomaxTanks/Assets/rockomax_16 [AlbedoM] BW
[LOG 15:04:36.597] Load DDS texture: Squad/Parts/FuelTank/RockomaxTanks/Assets/rockomax_16 [AlbedoM] ESA
[LOG 15:04:36.605] Load DDS texture: Squad/Parts/FuelTank/RockomaxTanks/Assets/rockomax_16 [AlbedoM] O
[LOG 15:04:36.610] Load DDS texture: Squad/Parts/FuelTank/RockomaxTanks/Assets/rockomax_16 [Normal] BW
[LOG 15:04:36.618] Load DDS texture: Squad/Parts/FuelTank/RockomaxTanks/Assets/rockomax_16 [Normal]ESA
[LOG 15:04:36.624] Load DDS texture: Squad/Parts/FuelTank/RockomaxTanks/Assets/rockomax_16 [Normal]O
[LOG 15:04:36.631] Load DDS texture: Squad/Parts/FuelTank/RockomaxTanks/Assets/rockomax_32 [AlbedoM] ESA
[LOG 15:04:36.635] Load DDS texture: Squad/Parts/FuelTank/RockomaxTanks/Assets/rockomax_32 [Normal]ESA
[LOG 15:04:36.636] Load DDS texture: Squad/Parts/FuelTank/Size1_Tanks/125Tanks_BW
[LOG 15:04:36.639] Load DDS texture: Squad/Parts/FuelTank/Size1_Tanks/125Tanks_D
[LOG 15:04:36.643] Load DDS texture: Squad/Parts/FuelTank/Size1_Tanks/125Tanks_N
[LOG 15:04:36.649] Load DDS texture: Squad/Parts/FuelTank/Size1_Tanks/125Tanks_O
[LOG 15:04:36.657] Load DDS texture: Squad/Parts/FuelTank/Size1_Tanks/125Tanks_W
[LOG 15:04:36.661] Load DDS texture: Squad/Parts/FuelTank/Size3Tanks/fueltTanks_cm
[LOG 15:04:36.663] Load Cached PNG Texture: Squad/Parts/FuelTank/Size3Tanks/Size3Tanks
[LOG 15:04:36.664] Load Cached PNG Texture: Squad/Parts/FuelTank/Size3Tanks/Size3Tanks_Norm
[LOG 15:04:36.665] Load Cached PNG Texture: Squad/Parts/FuelTank/Size3Tanks/Size3Tanks_Orange
[LOG 15:04:36.668] Load Cached PNG Texture: Squad/Parts/FuelTank/Size3Tanks/Size3Tanks_Orange_Norm
[LOG 15:04:36.671] Load DDS texture: Squad/Parts/FuelTank/xenonTank/model000
[LOG 15:04:36.671] Load DDS texture: Squad/Parts/FuelTank/xenonTank/model001
[LOG 15:04:36.671] Load DDS texture: Squad/Parts/FuelTank/xenonTankLarge/tank
[LOG 15:04:36.672] Load DDS texture: Squad/Parts/FuelTank/xenonTankRadial/ksp_r_xenonTank_diff
[LOG 15:04:36.672] Load DDS texture: Squad/Parts/Misc/AsteroidDay/CamSat
[LOG 15:04:36.674] Load DDS texture: Squad/Parts/Misc/AsteroidDay/CamSat_glow
[LOG 15:04:36.674] Load DDS texture: Squad/Parts/Misc/AsteroidDay/CamSat_N_NRM
[LOG 15:04:36.676] Load DDS texture: Squad/Parts/Misc/AsteroidDay/default
[LOG 15:04:36.677] Load DDS texture: Squad/Parts/Misc/AsteroidDay/hecsDiffuse
[LOG 15:04:36.678] Load DDS texture: Squad/Parts/Misc/AsteroidDay/hecsNormal
[LOG 15:04:36.678] Load DDS texture: Squad/Parts/Misc/AsteroidDay/hecsSpecular
[LOG 15:04:36.678] Load DDS texture: Squad/Parts/Misc/AsteroidDay/JumboHexProbe
[LOG 15:04:36.678] Load DDS texture: Squad/Parts/Misc/AsteroidDay/JumboHexProbe_NORM_NRM
[LOG 15:04:36.679] Load DDS texture: Squad/Parts/Resources/FuelCell/FCLamp
[LOG 15:04:36.679] Load DDS texture: Squad/Parts/Resources/FuelCell/FuelCellRack
[LOG 15:04:36.679] Load DDS texture: Squad/Parts/Resources/FuelCell/fuellcell
[LOG 15:04:36.679] Load DDS texture: Squad/Parts/Resources/ISRU/Processor_Large
[LOG 15:04:36.679] Load DDS texture: Squad/Parts/Resources/LargeTank/ksp_l_resourceContainer_diff
[LOG 15:04:36.680] Load DDS texture: Squad/Parts/Resources/LargeTank/ksp_l_resourceContainer_norm
[LOG 15:04:36.682] Load DDS texture: Squad/Parts/Resources/MiniDrill/DustParticle
[LOG 15:04:36.682] Load DDS texture: Squad/Parts/Resources/MiniDrill/ksp_r_rockProbe_diff
[LOG 15:04:36.683] Load DDS texture: Squad/Parts/Resources/MiniDrill/RockParticle
[LOG 15:04:36.683] Load DDS texture: Squad/Parts/Resources/MiniISRU/ksp_s_processorSmall_diff
[LOG 15:04:36.684] Load DDS texture: Squad/Parts/Resources/OrbitalScanner/detector
[LOG 15:04:36.684] Load DDS texture: Squad/Parts/Resources/RadialDrill/DustParticle
[LOG 15:04:36.684] Load DDS texture: Squad/Parts/Resources/RadialDrill/RockParticle
[LOG 15:04:36.684] Load DDS texture: Squad/Parts/Resources/RadialDrill/TriBitDrill
[LOG 15:04:36.685] Load DDS texture: Squad/Parts/Resources/RadialTank/ksp_r_resourceContainer_psd_2
[LOG 15:04:36.689] Load DDS texture: Squad/Parts/Resources/SmallTank/ksp_s_resourceContainer_diff
[LOG 15:04:36.691] Load DDS texture: Squad/Parts/Resources/SmallTank/ksp_s_resourceContainer_normal
[LOG 15:04:36.692] Load DDS texture: Squad/Parts/Resources/SurfaceScanner/ksp_r_samplerAir_diff
[LOG 15:04:36.693] Load DDS texture: Squad/Parts/Resources/SurveyScanner/dish
[LOG 15:04:36.694] Load DDS texture: Squad/Parts/Resources/SurveyScanner/dish_n
[LOG 15:04:36.695] Load DDS texture: Squad/Parts/Science/AtmosphereSensor/ksp_r_hydroscoop_diff
[LOG 15:04:36.695] Load DDS texture: Squad/Parts/Science/GooExperiment/GooExperiment
[LOG 15:04:36.696] Load DDS texture: Squad/Parts/Science/LargeCrewedLab/Large_Crewed_Lab
[LOG 15:04:36.697] Load DDS texture: Squad/Parts/Science/LargeCrewedLab/Large_Crewed_Lab_glow
[LOG 15:04:36.702] Load DDS texture: Squad/Parts/Science/LargeCrewedLab/window
[LOG 15:04:36.702] Load DDS texture: Squad/Parts/Science/Magnetometer/Magnetometer_diffuse
[LOG 15:04:36.703] Load DDS texture: Squad/Parts/Science/Magnetometer/Magnetometer_nrm
[LOG 15:04:36.703] Load DDS texture: Squad/Parts/Science/MaterialBay/science_module_small
[LOG 15:04:36.704] Load DDS texture: Squad/Parts/Science/MaterialBay/science_module_small_emit
[LOG 15:04:36.704] Load DDS texture: Squad/Parts/Science/MaterialBay/science_module_small_nrm
[LOG 15:04:36.705] Load DDS texture: Squad/Parts/Science/MaterialBay/wires
[LOG 15:04:36.705] Load DDS texture: Squad/Parts/Science/ScienceBox/Container
[LOG 15:04:36.705] Load DDS texture: Squad/Parts/Science/sensorAccelerometer/model000
[LOG 15:04:36.706] Load DDS texture: Squad/Parts/Science/sensorBarometer/model000
[LOG 15:04:36.706] Load DDS texture: Squad/Parts/Science/sensorGravimeter/model000
[LOG 15:04:36.706] Load DDS texture: Squad/Parts/Science/sensorThermometer/model000
[LOG 15:04:36.706] Load DDS texture: Squad/Parts/Structural/FLAdapters/Assets/FLA-Adapters_diffuse
[LOG 15:04:36.707] Load DDS texture: Squad/Parts/Structural/FLAdapters/Assets/FLA-Adapters_diffuse_O
[LOG 15:04:36.708] Load DDS texture: Squad/Parts/Structural/FLAdapters/Assets/FLA-Adapters_normal
[LOG 15:04:36.710] Load DDS texture: Squad/Parts/Structural/FLAdapters/Assets/FLA-Adapters_normal_O
[LOG 15:04:36.711] Load DDS texture: Squad/Parts/Structural/mk1Parts/Mk1Structural
[LOG 15:04:36.713] Load DDS texture: Squad/Parts/Structural/mk1Parts/Mk1StructuralHeat
[LOG 15:04:36.714] Load Cached PNG Texture: Squad/Parts/Structural/mk1Parts/@thumbs/MK1Fuselage_icon
[LOG 15:04:36.714] Load DDS texture: Squad/Parts/Structural/Size3To2Adapter_v2/Size2to3_BW_Diffuse
[LOG 15:04:36.721] Load DDS texture: Squad/Parts/Structural/Size3To2Adapter_v2/Size2to3_DUMMY_NRM
[LOG 15:04:36.723] Load DDS texture: Squad/Parts/Structural/Size3To2Adapter_v2/Size2to3_O_Diffuse
[LOG 15:04:36.735] Load DDS texture: Squad/Parts/Structural/Size3To2Adapter_v2/Size2to3_W_Diffuse
[LOG 15:04:36.740] Load DDS texture: Squad/Parts/Structural/Size3To2Adapter_v2/Size2to3_W_NRM
[LOG 15:04:36.746] Load DDS texture: Squad/Parts/Structural/stackAdapters/Assets/stackAdapters_diffuse
[LOG 15:04:36.748] Load DDS texture: Squad/Parts/Structural/stackAdapters/Assets/stackAdapters_diffuse_Dark
[LOG 15:04:36.749] Load DDS texture: Squad/Parts/Structural/stackAdapters/Assets/stackAdapters_diffuse_Orange
[LOG 15:04:36.749] Load DDS texture: Squad/Parts/Structural/stackAdapters/Assets/stackAdapters_normal
[LOG 15:04:36.751] Load DDS texture: Squad/Parts/Structural/stackAdapters/Assets/stackAdapters_normal_Orange
[LOG 15:04:36.751] Load DDS texture: Squad/Parts/Structural/stationHub/model000
[LOG 15:04:36.752] Load DDS texture: Squad/Parts/Structural/stationHub/model001
[LOG 15:04:36.752] Load DDS texture: Squad/Parts/Structural/structuralIBeam200/model000
[LOG 15:04:36.753] Load DDS texture: Squad/Parts/Structural/structuralIBeam200Pocket/model000
[LOG 15:04:36.753] Load DDS texture: Squad/Parts/Structural/structuralIBeam650/model000
[LOG 15:04:36.753] Load DDS texture: Squad/Parts/Structural/structuralMicronode/model000
[LOG 15:04:36.754] Load DDS texture: Squad/Parts/Structural/structuralPanel1x1/model000
[LOG 15:04:36.754] Load DDS texture: Squad/Parts/Structural/structuralPanel1x1/model001
[LOG 15:04:36.754] Load DDS texture: Squad/Parts/Structural/structuralPanel2x2/model000
[LOG 15:04:36.754] Load DDS texture: Squad/Parts/Structural/structuralPanel2x2/model001
[LOG 15:04:36.754] Load DDS texture: Squad/Parts/Structural/structuralPylons/Pylons
[LOG 15:04:36.755] Load DDS texture: Squad/Parts/Structural/strutCubicOcto/cubestrut
[LOG 15:04:36.755] Load DDS texture: Squad/Parts/Structural/strutOcto/model000
[LOG 15:04:36.755] Load DDS texture: Squad/Parts/Structural/trussGirderAdapter/model000
[LOG 15:04:36.755] Load DDS texture: Squad/Parts/Structural/trussGirderAdapter/model001
[LOG 15:04:36.755] Load DDS texture: Squad/Parts/Structural/trussGirderL/model000
[LOG 15:04:36.756] Load DDS texture: Squad/Parts/Structural/trussGirderXL/model000
[LOG 15:04:36.756] Load DDS texture: Squad/Parts/Thermal/FoldingRadiators/radiator
[LOG 15:04:36.757] Load DDS texture: Squad/Parts/Thermal/FoldingRadiators/radiator_N_NRM
[LOG 15:04:36.758] Load DDS texture: Squad/Parts/Thermal/RadiatorPanels/radPanel
[LOG 15:04:36.760] Load DDS texture: Squad/Parts/Thermal/RadiatorPanels/radPanel_N_NRM
[LOG 15:04:36.762] Load DDS texture: Squad/Parts/Utility/commDish88-88/comm_dish_array
[LOG 15:04:36.763] Load DDS texture: Squad/Parts/Utility/commDish88-88/comm_dish_v2_diff
[LOG 15:04:36.765] Load DDS texture: Squad/Parts/Utility/commDish88-88/model000
[LOG 15:04:36.769] Load DDS texture: Squad/Parts/Utility/commsAntennaDTS-M1/mediumDishAntenna
[LOG 15:04:36.770] Load DDS texture: Squad/Parts/Utility/commsAntennaDTS-M1/mediumDishAntenna_Emit
[LOG 15:04:36.770] Load DDS texture: Squad/Parts/Utility/commsDish16/model000
[LOG 15:04:36.770] Load DDS texture: Squad/Parts/Utility/decouplerRadialHDM/model000
[LOG 15:04:36.770] Load DDS texture: Squad/Parts/Utility/decouplerRadialTT-38K/model000
[LOG 15:04:36.770] Load DDS texture: Squad/Parts/Utility/decouplerRadialTT-38K/model001
[LOG 15:04:36.770] Load DDS texture: Squad/Parts/Utility/decouplerRadialTT-70/model000
[LOG 15:04:36.770] Load DDS texture: Squad/Parts/Utility/DirectAntennas/MiniAntenna
[LOG 15:04:36.771] Load DDS texture: Squad/Parts/Utility/dockingPort/Arrow Pointer
[LOG 15:04:36.776] Load DDS texture: Squad/Parts/Utility/dockingPort/DockingPorts_Clampotron_Diffuse
[LOG 15:04:36.784] Load DDS texture: Squad/Parts/Utility/dockingPort/DockingPorts_Clampotron_Emissive
[LOG 15:04:36.784] Load DDS texture: Squad/Parts/Utility/dockingPort/DockingPorts_Clampotron_Normal
[LOG 15:04:36.791] Load DDS texture: Squad/Parts/Utility/dockingPortInline/Arrow Pointer
[LOG 15:04:36.792] Load DDS texture: Squad/Parts/Utility/dockingPortInline/ClampotronLinear_ClampotronLinear_Diffuse
[LOG 15:04:36.797] Load DDS texture: Squad/Parts/Utility/dockingPortInline/ClampotronLinear_ClampotronLinear_Emissive
[LOG 15:04:36.798] Load DDS texture: Squad/Parts/Utility/dockingPortInline/ClampotronLinear_ClampotronLinear_Normal
[LOG 15:04:36.806] Load DDS texture: Squad/Parts/Utility/dockingPortInline/DockingPorts_Clampotron_Diffuse
[LOG 15:04:36.819] Load DDS texture: Squad/Parts/Utility/dockingPortInline/DockingPorts_Clampotron_Emissive
[LOG 15:04:36.820] Load DDS texture: Squad/Parts/Utility/dockingPortInline/DockingPorts_Clampotron_Normal
[LOG 15:04:36.825] Load DDS texture: Squad/Parts/Utility/dockingPortJr/Arrow Pointer
[LOG 15:04:36.825] Load DDS texture: Squad/Parts/Utility/dockingPortJr/DockingPorts_ClampotronJR_Diffuse
[LOG 15:04:36.826] Load DDS texture: Squad/Parts/Utility/dockingPortJr/DockingPorts_ClampotronJR_Normal
[LOG 15:04:36.828] Load DDS texture: Squad/Parts/Utility/dockingPortJr/model000
[LOG 15:04:36.828] Load DDS texture: Squad/Parts/Utility/dockingPortShielded/Arrow Pointer
[LOG 15:04:36.828] Load DDS texture: Squad/Parts/Utility/dockingPortShielded/Clamp-O-Tron Shielded Docking Port_ClampotronShielded_Diffuse
[LOG 15:04:36.833] Load DDS texture: Squad/Parts/Utility/dockingPortShielded/Clamp-O-Tron Shielded Docking Port_ClampotronShielded_Normal
[LOG 15:04:36.841] Load DDS texture: Squad/Parts/Utility/dockingPortShielded/DockingPorts_Clampotron_Diffuse
[LOG 15:04:36.846] Load DDS texture: Squad/Parts/Utility/dockingPortShielded/DockingPorts_Clampotron_Emissive
[LOG 15:04:36.847] Load DDS texture: Squad/Parts/Utility/dockingPortShielded/DockingPorts_Clampotron_Normal
[LOG 15:04:36.854] Load DDS texture: Squad/Parts/Utility/dockingPortSr/Arrow Pointer
[LOG 15:04:36.855] Load DDS texture: Squad/Parts/Utility/dockingPortSr/ClampotronSr_ClampotronSr_Diffuse
[LOG 15:04:36.864] Load DDS texture: Squad/Parts/Utility/dockingPortSr/ClampotronSr_ClampotronSr_Diffuse_gray
[LOG 15:04:36.870] Load DDS texture: Squad/Parts/Utility/dockingPortSr/ClampotronSr_ClampotronSr_Emissive
[LOG 15:04:36.871] Load DDS texture: Squad/Parts/Utility/dockingPortSr/ClampotronSr_ClampotronSr_Normal
[LOG 15:04:36.878] Load Cached PNG Texture: Squad/Parts/Utility/Fireworks/Assets/fireworks_launcher_big 1
[LOG 15:04:36.882] Load Cached PNG Texture: Squad/Parts/Utility/Fireworks/Assets/fireworks_launcher_big
[LOG 15:04:36.887] Load Cached PNG Texture: Squad/Parts/Utility/flags/backgroundTextures/dark_background
[LOG 15:04:36.888] Load Cached PNG Texture: Squad/Parts/Utility/flags/backgroundTextures/orange_background
[LOG 15:04:36.888] Load Cached PNG Texture: Squad/Parts/Utility/flags/backgroundTextures/white_background
[LOG 15:04:36.888] Load DDS texture: Squad/Parts/Utility/GrapplingDevice/grabberDiffuse
[LOG 15:04:36.889] Load DDS texture: Squad/Parts/Utility/GrapplingDevice/grabberDiffuse_dark
[LOG 15:04:36.890] Load DDS texture: Squad/Parts/Utility/GrapplingDevice/grabberNRM
[LOG 15:04:36.891] Load DDS texture: Squad/Parts/Utility/GrapplingDevice/window
[LOG 15:04:36.891] Load DDS texture: Squad/Parts/Utility/ladderRadial/model000
[LOG 15:04:36.891] Load DDS texture: Squad/Parts/Utility/ladderTelescopic/model000
[LOG 15:04:36.892] Load DDS texture: Squad/Parts/Utility/ladderTelescopic/model001
[LOG 15:04:36.893] Load DDS texture: Squad/Parts/Utility/ladderTelescopic/model002
[LOG 15:04:36.893] Load DDS texture: Squad/Parts/Utility/ladderTelescopicBay/model000
[LOG 15:04:36.894] Load DDS texture: Squad/Parts/Utility/ladderTelescopicBay/model001
[LOG 15:04:36.896] Load DDS texture: Squad/Parts/Utility/landingLegLT-1/ksp_r_landingStrut_diff
[LOG 15:04:36.896] Load DDS texture: Squad/Parts/Utility/landingLegLT-2/landingLeg
[LOG 15:04:36.897] Load DDS texture: Squad/Parts/Utility/landingLegLT-5/leg
[LOG 15:04:36.897] Load DDS texture: Squad/Parts/Utility/landingLegLT-5/model000
[LOG 15:04:36.897] Load DDS texture: Squad/Parts/Utility/launchClamp1/model000
[LOG 15:04:36.897] Load DDS texture: Squad/Parts/Utility/launchClamp1/model001
[LOG 15:04:36.897] Load DDS texture: Squad/Parts/Utility/launchEscapeSystem/LES_Diffuse
[LOG 15:04:36.899] Load DDS texture: Squad/Parts/Utility/Lights/Assets/Lights_Attacheable_Lights_Diffuse
[LOG 15:04:36.899] Load DDS texture: Squad/Parts/Utility/Lights/Assets/Lights_Attacheable_Lights_Diffuse_white
[LOG 15:04:36.899] Load DDS texture: Squad/Parts/Utility/Lights/Assets/Lights_Attacheable_Lights_Emissive
[LOG 15:04:36.900] Load DDS texture: Squad/Parts/Utility/Lights/Assets/Lights_Attacheable_Lights_Normal
[LOG 15:04:36.900] Load DDS texture: Squad/Parts/Utility/Lights/Assets/Lights_Rectangle_Light_Diffuse
[LOG 15:04:36.906] Load DDS texture: Squad/Parts/Utility/Lights/Assets/Lights_Rectangle_Light_Diffuse_white
[LOG 15:04:36.914] Load DDS texture: Squad/Parts/Utility/Lights/Assets/Lights_Rectangle_Light_Emissive
[LOG 15:04:36.920] Load DDS texture: Squad/Parts/Utility/Lights/Assets/Lights_Rectangle_Light_Normal
[LOG 15:04:36.928] Load DDS texture: Squad/Parts/Utility/Lights/Assets/Lights_Worklights_Diffuse
[LOG 15:04:36.929] Load DDS texture: Squad/Parts/Utility/Lights/Assets/Lights_Worklights_Emissive
[LOG 15:04:36.929] Load DDS texture: Squad/Parts/Utility/Lights/Assets/Lights_Worklights_Normal
[LOG 15:04:36.930] Load DDS texture: Squad/Parts/Utility/Lights/Assets/Spotlight_Attacheable_Lights_Diffuse
[LOG 15:04:36.931] Load DDS texture: Squad/Parts/Utility/Lights/Assets/Spotlight_Attacheable_Lights_Diffuse_white
[LOG 15:04:36.931] Load DDS texture: Squad/Parts/Utility/Lights/Assets/Spotlight_Attacheable_Lights_Emissive
[LOG 15:04:36.931] Load DDS texture: Squad/Parts/Utility/Lights/Assets/Spotlight_Attacheable_Lights_Normal
[LOG 15:04:36.932] Load DDS texture: Squad/Parts/Utility/linearVernorRCS/Assets/linear_vernor_diffuse
[LOG 15:04:36.932] Load DDS texture: Squad/Parts/Utility/linearVernorRCS/Assets/linear_vernor_emissive
[LOG 15:04:36.932] Load DDS texture: Squad/Parts/Utility/linearVernorRCS/Assets/linear_vernor_normalDummy
[LOG 15:04:36.932] Load DDS texture: Squad/Parts/Utility/linearVernorRCS/Assets/linear_vernor_specular
[LOG 15:04:36.932] Load DDS texture: Squad/Parts/Utility/mk2CargoBay/mk2CargoBay
[LOG 15:04:36.933] Load DDS texture: Squad/Parts/Utility/mk2CrewCabin/mk2CrewCabin
[LOG 15:04:36.933] Load DDS texture: Squad/Parts/Utility/mk2CrewCabin/mk2CrewCabin_LUM
[LOG 15:04:36.933] Load DDS texture: Squad/Parts/Utility/mk2DockingPort/Arrow Pointer
[LOG 15:04:36.933] Load DDS texture: Squad/Parts/Utility/mk2DockingPort/Mk2Clampotron_Caps_Diffuse
[LOG 15:04:36.934] Load DDS texture: Squad/Parts/Utility/mk2DockingPort/Mk2Clampotron_Caps_Emmisive
[LOG 15:04:36.934] Load DDS texture: Squad/Parts/Utility/mk2DockingPort/Mk2Clampotron_Caps_Normal
[LOG 15:04:36.934] Load DDS texture: Squad/Parts/Utility/mk2DockingPort/Mk2Clampotron_Mk2Clampotron_Diffuse
[LOG 15:04:36.939] Load DDS texture: Squad/Parts/Utility/mk2DockingPort/Mk2Clampotron_Mk2Clampotron_Emissive
[LOG 15:04:36.940] Load DDS texture: Squad/Parts/Utility/mk2DockingPort/Mk2Clampotron_Mk2Clampotron_Normal
[LOG 15:04:36.949] Load DDS texture: Squad/Parts/Utility/mk2DockingPort/mk2DockingPort
[LOG 15:04:36.950] Load DDS texture: Squad/Parts/Utility/mk3CargoBay/Mk3CargoBay
[LOG 15:04:36.950] Load DDS texture: Squad/Parts/Utility/parachuteMk1/model000
[LOG 15:04:36.951] Load DDS texture: Squad/Parts/Utility/parachuteMk1/model001
[LOG 15:04:36.951] Load DDS texture: Squad/Parts/Utility/parachuteMk12-R/model000
[LOG 15:04:36.951] Load DDS texture: Squad/Parts/Utility/parachuteMk12-R/model001
[LOG 15:04:36.952] Load DDS texture: Squad/Parts/Utility/parachuteMk16-XL/model000
[LOG 15:04:36.952] Load DDS texture: Squad/Parts/Utility/parachuteMk16-XL/model001
[LOG 15:04:36.952] Load DDS texture: Squad/Parts/Utility/parachuteMk2-R/model000
[LOG 15:04:36.952] Load DDS texture: Squad/Parts/Utility/parachuteMk2-R/model001
[LOG 15:04:36.952] Load DDS texture: Squad/Parts/Utility/parachuteMk25/model000
[LOG 15:04:36.953] Load DDS texture: Squad/Parts/Utility/parachuteMk25/model001
[LOG 15:04:36.953] Load DDS texture: Squad/Parts/Utility/radialAttachmentPoint/model000
[LOG 15:04:36.953] Load DDS texture: Squad/Parts/Utility/radialAttachmentPoint/model001
[LOG 15:04:36.953] Load DDS texture: Squad/Parts/Utility/rcsBlockRV-105_v2/rcsBlock_diffuse
[LOG 15:04:36.953] Load DDS texture: Squad/Parts/Utility/rcsBlockRV-105_v2/rcsThrusterBlock_normal
[LOG 15:04:36.953] Load DDS texture: Squad/Parts/Utility/rcsBlockRV-105_v2/rcsThruster_emissive
[LOG 15:04:36.954] Load DDS texture: Squad/Parts/Utility/rcsBlockRV-105_v2/rcsThruster_specular
[LOG 15:04:36.954] Load DDS texture: Squad/Parts/Utility/rcsBlockRV-105_v2/RCS_Block_Diffuse
[LOG 15:04:36.954] Load DDS texture: Squad/Parts/Utility/rcsBlockRV-105_v2/RCS_Block_Emissive
[LOG 15:04:36.954] Load DDS texture: Squad/Parts/Utility/rcsBlockRV-105_v2/RCS_Block_Normal
[LOG 15:04:36.955] Load DDS texture: Squad/Parts/Utility/rcsBlockRV-105_v2/RCS_Block_Specular
[LOG 15:04:36.955] Load DDS texture: Squad/Parts/Utility/rcsSmallLinear/Assets/RCS_Linear_Base_Diffuse
[LOG 15:04:36.955] Load DDS texture: Squad/Parts/Utility/rcsSmallLinear/Assets/RCS_Linear_Diffuse
[LOG 15:04:36.955] Load DDS texture: Squad/Parts/Utility/rcsSmallLinear/Assets/RCS_Linear_Emissive
[LOG 15:04:36.955] Load DDS texture: Squad/Parts/Utility/rcsSmallLinear/Assets/RCS_Linear_Normal
[LOG 15:04:36.955] Load DDS texture: Squad/Parts/Utility/rcsSmallLinear/Assets/RCS_Linear_Specular
[LOG 15:04:36.956] Load DDS texture: Squad/Parts/Utility/RelayAntennas/DishAntenna
[LOG 15:04:36.956] Load DDS texture: Squad/Parts/Utility/RelayAntennas/MiniAntenna
[LOG 15:04:36.956] Load DDS texture: Squad/Parts/Utility/rockomaxAdapters/Assets/Rockomax_Adapters_diffuse
[LOG 15:04:36.957] Load DDS texture: Squad/Parts/Utility/rockomaxAdapters/Assets/Rockomax_Adapters_diffuse_O
[LOG 15:04:36.960] Load DDS texture: Squad/Parts/Utility/rockomaxAdapters/Assets/Rockomax_Adapters_diffuse_W
[LOG 15:04:36.962] Load DDS texture: Squad/Parts/Utility/rockomaxAdapters/Assets/Rockomax_Adapters_normal
[LOG 15:04:36.964] Load DDS texture: Squad/Parts/Utility/rockomaxAdapters/Assets/Rockomax_Adapters_normal_O
[LOG 15:04:36.965] Load DDS texture: Squad/Parts/Utility/ServiceBay/ServiceBay
[LOG 15:04:36.965] Load Cached PNG Texture: Squad/Parts/Utility/ServiceBay_v2/Assets/Scratch
[LOG 15:04:36.967] Load Cached PNG Texture: Squad/Parts/Utility/ServiceBay_v2/Assets/ServiceBay_bump
[LOG 15:04:36.968] Load Cached PNG Texture: Squad/Parts/Utility/ServiceBay_v2/Assets/ServiceBay_v2
[LOG 15:04:36.969] Load DDS texture: Squad/Parts/Utility/smallClaw/grabberSmallDiffuse
[LOG 15:04:36.969] Load DDS texture: Squad/Parts/Utility/smallClaw/grabberSmallDiffuseDark
[LOG 15:04:36.969] Load DDS texture: Squad/Parts/Utility/smallClaw/grabberSmallNRM
[LOG 15:04:36.969] Load DDS texture: Squad/Parts/Utility/smallClaw/window
[LOG 15:04:36.969] Load DDS texture: Squad/Parts/Utility/spotLightMk1/light1
[LOG 15:04:36.970] Load DDS texture: Squad/Parts/Utility/spotLightMk1/light1_em
[LOG 15:04:36.970] Load DDS texture: Squad/Parts/Utility/spotLightMk1_v2/spotLightMk1_Diffuse
[LOG 15:04:36.970] Load DDS texture: Squad/Parts/Utility/spotLightMk1_v2/spotLightMk1_Diffuse_white
[LOG 15:04:36.970] Load DDS texture: Squad/Parts/Utility/spotLightMk1_v2/spotLightMk1_Emissive
[LOG 15:04:36.970] Load DDS texture: Squad/Parts/Utility/spotLightMk1_v2/spotLightMk1_Normal
[LOG 15:04:36.971] Load DDS texture: Squad/Parts/Utility/spotLightMk2/light2
[LOG 15:04:36.971] Load DDS texture: Squad/Parts/Utility/spotLightMk2/light2_em
[LOG 15:04:36.971] Load DDS texture: Squad/Parts/Utility/spotLightMk2_v2/spotLightMk2_Diffuse
[LOG 15:04:36.971] Load DDS texture: Squad/Parts/Utility/spotLightMk2_v2/spotLightMk2_Diffuse_white
[LOG 15:04:36.972] Load DDS texture: Squad/Parts/Utility/spotLightMk2_v2/spotLightMk2_Emissive
[LOG 15:04:36.972] Load DDS texture: Squad/Parts/Utility/spotLightMk2_v2/spotLightMk2_Normal
[LOG 15:04:36.972] Load DDS texture: Squad/Parts/Utility/stackCouplers/Assets/stackCouplersDiffuse
[LOG 15:04:36.973] Load DDS texture: Squad/Parts/Utility/stackCouplers/Assets/stackCouplersDiffuse_Dark
[LOG 15:04:36.974] Load DDS texture: Squad/Parts/Utility/stackCouplers/Assets/stackCouplersDiffuse_Orange
[LOG 15:04:36.976] Load DDS texture: Squad/Parts/Utility/stackCouplers/Assets/stackCouplers_NRM
[LOG 15:04:36.979] Load DDS texture: Squad/Parts/Utility/stackCouplers/Assets/stackCouplers_Orange_NRM
[LOG 15:04:36.980] Load DDS texture: Squad/Parts/Wheel/LandingGear/Flare
[LOG 15:04:36.980] Load DDS texture: Squad/Parts/Wheel/LandingGear/LandingGear
[LOG 15:04:36.983] Load DDS texture: Squad/Parts/Wheel/LandingGear/LandingGear_Emissive
[LOG 15:04:36.983] Load DDS texture: Squad/Parts/Wheel/roverWheelM1/model000
[LOG 15:04:36.983] Load DDS texture: Squad/Parts/Wheel/roverWheelM1/roverwheel1
[LOG 15:04:36.984] Load DDS texture: Squad/Parts/Wheel/roverWheelS2/model000
[LOG 15:04:36.984] Load DDS texture: Squad/Parts/Wheel/roverWheelS2/model001
[LOG 15:04:36.984] Load DDS texture: Squad/Parts/Wheel/roverWheelS2/roverwheel2
[LOG 15:04:36.984] Load DDS texture: Squad/Parts/Wheel/roverWheelS2/roverwheel2_n
[LOG 15:04:36.984] Load DDS texture: Squad/Parts/Wheel/roverWheelTR-2L/ksp_r_medWheel_diff
[LOG 15:04:36.985] Load DDS texture: Squad/Parts/Wheel/roverWheelTR-2L/ksp_r_medWheel_normal
[LOG 15:04:36.986] Load DDS texture: Squad/Parts/Wheel/roverWheelTR-2L/ksp_r_medWheel_wheel_diff
[LOG 15:04:36.987] Load DDS texture: Squad/Parts/Wheel/roverWheelTR-2L/ksp_r_medWheel_wheel_normal
[LOG 15:04:36.989] Load DDS texture: Squad/Parts/Wheel/roverWheelXL3/mount
[LOG 15:04:36.990] Load DDS texture: Squad/Parts/Wheel/roverWheelXL3/mount_n
[LOG 15:04:36.990] Load DDS texture: Squad/Parts/Wheel/roverWheelXL3/wheel
[LOG 15:04:36.990] Load DDS texture: Squad/Parts/Wheel/roverWheelXL3/wheel_n
[LOG 15:04:36.992] Load DDS texture: Squad/Props/AltimeterThreeHands/model000
[LOG 15:04:36.992] Load DDS texture: Squad/Props/AltimeterThreeHands/model001
[LOG 15:04:36.992] Load DDS texture: Squad/Props/AtmosphereDepth/model000
[LOG 15:04:36.992] Load DDS texture: Squad/Props/AtmosphereDepth/model001
[LOG 15:04:36.992] Load DDS texture: Squad/Props/AxisIndicator/model000
[LOG 15:04:36.995] Load DDS texture: Squad/Props/buttonsGeneric/ButtonsAndSwitches
[LOG 15:04:36.995] Load DDS texture: Squad/Props/ButtonSquare/model000
[LOG 15:04:36.995] Load DDS texture: Squad/Props/circularButton/model000
[LOG 15:04:36.995] Load DDS texture: Squad/Props/Compass/model000
[LOG 15:04:36.995] Load DDS texture: Squad/Props/directionalKnob/model000
[LOG 15:04:36.996] Load DDS texture: Squad/Props/directionalKnob2/model000
[LOG 15:04:36.996] Load DDS texture: Squad/Props/IndicatorPanel/model000
[LOG 15:04:36.996] Load DDS texture: Squad/Props/IndicatorPanel/model001
[LOG 15:04:36.998] Load DDS texture: Squad/Props/IVANavBall/Arrows8dir
[LOG 15:04:36.998] Load DDS texture: Squad/Props/IVANavBall/IVANavBall
[LOG 15:04:36.998] Load DDS texture: Squad/Props/IVANavBall/IVANavBall_Glow
[LOG 15:04:36.998] Load DDS texture: Squad/Props/IVANavBall/ManeuverNode_vectors
[LOG 15:04:36.998] Load DDS texture: Squad/Props/IVANavBall/navball2
[LOG 15:04:36.998] Load DDS texture: Squad/Props/IVANavBall/navBall_DV_IVA
[LOG 15:04:36.998] Load DDS texture: Squad/Props/IVANavBall/navBall_vectors_IVA
[LOG 15:04:36.999] Load Cached PNG Texture: Squad/Props/IVANavBallNoBase/Arrows8dir
[LOG 15:04:36.999] Load Cached PNG Texture: Squad/Props/IVANavBallNoBase/IVANavBall
[LOG 15:04:36.999] Load Cached PNG Texture: Squad/Props/IVANavBallNoBase/ManeuverNode_vectors
[LOG 15:04:36.999] Load Cached PNG Texture: Squad/Props/IVANavBallNoBase/navball2
[LOG 15:04:36.999] Load Cached PNG Texture: Squad/Props/IVANavBallNoBase/navBall_DV_IVA
[LOG 15:04:36.999] Load Cached PNG Texture: Squad/Props/IVANavBallNoBase/navBall_vectors_IVA
[LOG 15:04:36.999] Load DDS texture: Squad/Props/ledPanelSpeed/circularButton
[LOG 15:04:36.999] Load DDS texture: Squad/Props/ledPanelSpeed/ledPanel
[LOG 15:04:36.999] Load DDS texture: Squad/Props/Monitor/Emissives
[LOG 15:04:37.000] Load DDS texture: Squad/Props/Monitor/Emissives_glow
[LOG 15:04:37.000] Load DDS texture: Squad/Props/Monitor/Monitor
[LOG 15:04:37.000] Load DDS texture: Squad/Props/NavBall/GaugeGee
[LOG 15:04:37.000] Load DDS texture: Squad/Props/NavBall/GaugeThrottle
[LOG 15:04:37.000] Load DDS texture: Squad/Props/NavBall/model000
[LOG 15:04:37.000] Load DDS texture: Squad/Props/NavBall/model001
[LOG 15:04:37.000] Load DDS texture: Squad/Props/NavBall/model002
[LOG 15:04:37.000] Load DDS texture: Squad/Props/NavBall/model003
[LOG 15:04:37.000] Load DDS texture: Squad/Props/PropsGeneric/propsGeneric
[LOG 15:04:37.001] Load DDS texture: Squad/Props/pullSwitch/model000
[LOG 15:04:37.001] Load DDS texture: Squad/Props/pullSwitch/model001
[LOG 15:04:37.001] Load DDS texture: Squad/Props/radarAltitude/model000
[LOG 15:04:37.001] Load DDS texture: Squad/Props/squareButton/model000
[LOG 15:04:37.001] Load DDS texture: Squad/Props/standingSwitch/model000
[LOG 15:04:37.001] Load DDS texture: Squad/Props/standingSwitch/model001
[LOG 15:04:37.002] Load DDS texture: Squad/Props/switch/model000
[LOG 15:04:37.002] Load DDS texture: Squad/Props/switchGuard/model000
[LOG 15:04:37.002] Load DDS texture: Squad/Props/switchWithGuards/model000
[LOG 15:04:37.002] Load DDS texture: Squad/Props/switchWithGuards/model001
[LOG 15:04:37.002] Load DDS texture: Squad/Props/switchWithGuards/model002
[LOG 15:04:37.002] Load DDS texture: Squad/Props/throttle/model000
[LOG 15:04:37.002] Load DDS texture: Squad/Props/throttle/model001
[LOG 15:04:37.003] Load DDS texture: Squad/Props/VSI/model000
[LOG 15:04:37.003] Load DDS texture: Squad/Spaces/crewCabinInternals/model000
[LOG 15:04:37.003] Load DDS texture: Squad/Spaces/crewCabinInternals/model001
[LOG 15:04:37.008] Load DDS texture: Squad/Spaces/crewCabinInternals/model002
[LOG 15:04:37.008] Load DDS texture: Squad/Spaces/crewCabinInternals/model003
[LOG 15:04:37.009] Load DDS texture: Squad/Spaces/crewCabinInternals/model004
[LOG 15:04:37.009] Load DDS texture: Squad/Spaces/crewCabinInternals/model005
[LOG 15:04:37.010] Load DDS texture: Squad/Spaces/cupolaInternal/ksp_l_cupola_internal_diff
[LOG 15:04:37.014] Load DDS texture: Squad/Spaces/cupolaInternal/ksp_l_cupola_internal_normal
[LOG 15:04:37.022] Load DDS texture: Squad/Spaces/cupolaInternal/ksp_l_cupola_internal_windows_alpha
[LOG 15:04:37.023] Load DDS texture: Squad/Spaces/cupolaInternal/pilot Seat
[LOG 15:04:37.024] Load DDS texture: Squad/Spaces/GenericSpace1/model000
[LOG 15:04:37.027] Load DDS texture: Squad/Spaces/GenericSpace1/model001
[LOG 15:04:37.031] Load DDS texture: Squad/Spaces/GenericSpace1/model002
[LOG 15:04:37.032] Load DDS texture: Squad/Spaces/GenericSpace1/model003
[LOG 15:04:37.034] Load DDS texture: Squad/Spaces/GenericSpace1/model004
[LOG 15:04:37.036] Load DDS texture: Squad/Spaces/GenericSpace1/model005
[LOG 15:04:37.038] Load DDS texture: Squad/Spaces/GenericSpace3/model000
[LOG 15:04:37.039] Load DDS texture: Squad/Spaces/GenericSpace3/model001
[LOG 15:04:37.039] Load DDS texture: Squad/Spaces/GenericSpace3/model002
[LOG 15:04:37.041] Load DDS texture: Squad/Spaces/GenericSpace3/model003
[LOG 15:04:37.042] Load DDS texture: Squad/Spaces/GenericSpace3/model004
[LOG 15:04:37.042] Load DDS texture: Squad/Spaces/GenericSpace3/model005
[LOG 15:04:37.043] Load DDS texture: Squad/Spaces/GenericSpace3/model006
[LOG 15:04:37.044] Load DDS texture: Squad/Spaces/GenericSpace3/model007
[LOG 15:04:37.045] Load DDS texture: Squad/Spaces/landerCabinInternals/model000
[LOG 15:04:37.046] Load DDS texture: Squad/Spaces/landerCabinInternals/model001
[LOG 15:04:37.048] Load DDS texture: Squad/Spaces/landerCabinInternals/model002
[LOG 15:04:37.049] Load DDS texture: Squad/Spaces/landerCabinInternals/model003
[LOG 15:04:37.053] Load DDS texture: Squad/Spaces/landerCabinInternals/model004
[LOG 15:04:37.055] Load DDS texture: Squad/Spaces/landerCabinInternals/model005
[LOG 15:04:37.055] Load DDS texture: Squad/Spaces/landerCabinInternals/model006
[LOG 15:04:37.056] Load DDS texture: Squad/Spaces/landerCabinInternals/model007
[LOG 15:04:37.056] Load DDS texture: Squad/Spaces/landerCabinSmallInternal/ksp_s_landerCan_internal_diff
[LOG 15:04:37.061] Load DDS texture: Squad/Spaces/landerCabinSmallInternal/ksp_s_landerCan_internal_normal
[LOG 15:04:37.067] Load DDS texture: Squad/Spaces/landerCabinSmallInternal/ksp_s_landerCan_internal_window_alpha
[LOG 15:04:37.068] Load DDS texture: Squad/Spaces/landerCabinSmallInternal/pilot Seat
[LOG 15:04:37.069] Load DDS texture: Squad/Spaces/LargeCrewedLabInternals/Glass
[LOG 15:04:37.069] Load DDS texture: Squad/Spaces/LargeCrewedLabInternals/MPL_Int
[LOG 15:04:37.073] Load DDS texture: Squad/Spaces/LargeCrewedLabInternals/MPL_Int_n_NRM
[LOG 15:04:37.074] Load DDS texture: Squad/Spaces/Mk1-3/Mk1_3_IvaProps_Diffuse
[LOG 15:04:37.079] Load DDS texture: Squad/Spaces/Mk1-3/Mk1_3_IvaProps_Normal
[LOG 15:04:37.083] Load DDS texture: Squad/Spaces/Mk1-3/Mk1_3_IvaShell_Diffuse
[LOG 15:04:37.090] Load DDS texture: Squad/Spaces/Mk1-3/Mk1_3_IvaShell_Emissive
[LOG 15:04:37.096] Load DDS texture: Squad/Spaces/Mk1-3/Mk1_3_IvaShell_Normal
[LOG 15:04:37.102] Load DDS texture: Squad/Spaces/Mk1-3/pilot Seat
[LOG 15:04:37.104] Load DDS texture: Squad/Spaces/mk1CabinInternal/Cabin_Lightmap
[LOG 15:04:37.104] Load DDS texture: Squad/Spaces/mk1CabinInternal/CockpitGeneric
[LOG 15:04:37.107] Load DDS texture: Squad/Spaces/mk1CabinInternal/CockpitGeneric_NRM
[LOG 15:04:37.107] Load DDS texture: Squad/Spaces/mk1CockpitInternal/CockpitGeneric
[LOG 15:04:37.107] Load DDS texture: Squad/Spaces/mk1CockpitInternal/CockpitGeneric_NRM
[LOG 15:04:37.108] Load DDS texture: Squad/Spaces/mk1CockpitInternal/IVAMAP
[LOG 15:04:37.110] Load DDS texture: Squad/Spaces/mk1CockpitInternal/Windows
[LOG 15:04:37.110] Load DDS texture: Squad/Spaces/mk1InlineInternal/Canopy
[LOG 15:04:37.110] Load DDS texture: Squad/Spaces/mk1InlineInternal/CockpitGeneric
[LOG 15:04:37.110] Load DDS texture: Squad/Spaces/mk1InlineInternal/CockpitGeneric_NRM
[LOG 15:04:37.110] Load DDS texture: Squad/Spaces/mk1InlineInternal/Mk1Inline_Lightmap
[LOG 15:04:37.111] Load DDS texture: Squad/Spaces/mk1PodCockpit/model000
[LOG 15:04:37.112] Load DDS texture: Squad/Spaces/mk1PodCockpit/model001
[LOG 15:04:37.113] Load DDS texture: Squad/Spaces/mk1PodCockpit/model002
[LOG 15:04:37.114] Load DDS texture: Squad/Spaces/mk1PodCockpit/model003
[LOG 15:04:37.116] Load DDS texture: Squad/Spaces/mk1PodCockpit/model004
[LOG 15:04:37.120] Load DDS texture: Squad/Spaces/mk1PodCockpit/model005
[LOG 15:04:37.123] Load DDS texture: Squad/Spaces/mk1PodCockpit/model006
[LOG 15:04:37.123] Load DDS texture: Squad/Spaces/mk1PodCockpit/model007
[LOG 15:04:37.124] Load DDS texture: Squad/Spaces/mk1pod_IVA/mk1pod_iva_props_diffuse
[LOG 15:04:37.131] Load DDS texture: Squad/Spaces/mk1pod_IVA/mk1pod_iva_props_emissive
[LOG 15:04:37.131] Load DDS texture: Squad/Spaces/mk1pod_IVA/mk1pod_iva_props_normal
[LOG 15:04:37.138] Load DDS texture: Squad/Spaces/mk1pod_IVA/mk1pod_iva_shell_diffuse
[LOG 15:04:37.145] Load DDS texture: Squad/Spaces/mk1pod_IVA/mk1pod_iva_shell_normal
[LOG 15:04:37.152] Load MBM texture: Squad/Spaces/mk1pod_IVA/pilot Seat
[LOG 15:04:37.199] Load DDS texture: Squad/Spaces/mk2CockpitStandardInternal/CargoBagA
[LOG 15:04:37.199] Load DDS texture: Squad/Spaces/mk2CockpitStandardInternal/Mk2StandardIVA
[LOG 15:04:37.200] Load DDS texture: Squad/Spaces/mk2CockpitStandardInternal/Pilotseat
[LOG 15:04:37.200] Load DDS texture: Squad/Spaces/mk2CockpitStandardInternal/Windows
[LOG 15:04:37.200] Load DDS texture: Squad/Spaces/Mk2CrewCabinInternal/CargoBagA
[LOG 15:04:37.200] Load DDS texture: Squad/Spaces/Mk2CrewCabinInternal/Glass
[LOG 15:04:37.201] Load DDS texture: Squad/Spaces/Mk2CrewCabinInternal/Mk2StandardIVA
[LOG 15:04:37.201] Load DDS texture: Squad/Spaces/Mk2CrewCabinInternal/Pilotseat
[LOG 15:04:37.201] Load DDS texture: Squad/Spaces/mk2InlineInternal/CockpitGeneric
[LOG 15:04:37.202] Load DDS texture: Squad/Spaces/mk2InlineInternal/CockpitGeneric_NRM
[LOG 15:04:37.204] Load DDS texture: Squad/Spaces/mk2InlineInternal/Mk2InlineLightmap
[LOG 15:04:37.205] Load DDS texture: Squad/Spaces/mk2InlineInternal/propsGeneric
[LOG 15:04:37.206] Load DDS texture: Squad/Spaces/mk2LanderCanInternal/mk2LanderCan_props_diffuse
[LOG 15:04:37.220] Load DDS texture: Squad/Spaces/mk2LanderCanInternal/mk2LanderCan_props_normal
[LOG 15:04:37.226] Load DDS texture: Squad/Spaces/mk2LanderCanInternal/mk2LanderCan_shell_diffuse
[LOG 15:04:37.236] Load DDS texture: Squad/Spaces/mk2LanderCanInternal/mk2LanderCan_shell_normal
[LOG 15:04:37.243] Load MBM texture: Squad/Spaces/mk2LanderCanInternal/pilot Seat
[LOG 15:04:37.302] Load DDS texture: Squad/Spaces/MK3CockpitInternal/Glass
[LOG 15:04:37.302] Load DDS texture: Squad/Spaces/MK3CockpitInternal/Mk2StandardIVA
[LOG 15:04:37.302] Load DDS texture: Squad/Spaces/MK3_CrewCab_Int/Glass
[LOG 15:04:37.302] Load DDS texture: Squad/Spaces/MK3_CrewCab_Int/GlassMK3CC
[LOG 15:04:37.302] Load DDS texture: Squad/Spaces/MK3_CrewCab_Int/Mk2StandardIVA
[LOG 15:04:37.303] Load DDS texture: Squad/Spaces/MK3_CrewCab_Int/MK3_CrewCab_Int
[LOG 15:04:37.303] Load DDS texture: Squad/Spaces/MK3_CrewCab_Int/MK3_CrewCab_Int_n
[LOG 15:04:37.303] Load DDS texture: Squad/Spaces/MK3_CrewCab_Int/Pilotseat
[LOG 15:04:37.304] Load DDS texture: Squad/Spaces/Placeholder/PlaceholderIVA
[LOG 15:04:37.304] Load DDS texture: Squad/Spaces/PodCockpit/model000
[LOG 15:04:37.304] Load DDS texture: Squad/Spaces/PodCockpit/model001
[LOG 15:04:37.308] Load DDS texture: Squad/Spaces/PodCockpit/model002
[LOG 15:04:37.314] Load DDS texture: Squad/Spaces/PodCockpit/model003
[LOG 15:04:37.317] Load DDS texture: Squad/Spaces/PodCockpit/model004
[LOG 15:04:37.317] Load DDS texture: Squad/Spaces/PodCockpit/model005
[LOG 15:04:37.318] Load DDS texture: Squad/Spaces/PodCockpit/model006
[LOG 15:04:37.319] Load DDS texture: Squad/Spaces/PodCockpit/model007
[LOG 15:04:37.319] Load DDS texture: Squad/Spaces/sharedAssets/CockpitGeneric
[LOG 15:04:37.320] Load DDS texture: Squad/Spaces/sharedAssets/CockpitGeneric_NRM
[LOG 15:04:37.322] Load Cached PNG Texture: Squad/Strategies/Icons/AggressiveNegotiations
[LOG 15:04:37.322] Load Cached PNG Texture: Squad/Strategies/Icons/AppreciationCampaign
[LOG 15:04:37.322] Load Cached PNG Texture: Squad/Strategies/Icons/BailOutGrant
[LOG 15:04:37.322] Load Cached PNG Texture: Squad/Strategies/Icons/FundraisingCampaign
[LOG 15:04:37.322] Load Cached PNG Texture: Squad/Strategies/Icons/LeadershipInitiative
[LOG 15:04:37.323] Load Cached PNG Texture: Squad/Strategies/Icons/OpenSourceTechProgram
[LOG 15:04:37.323] Load Cached PNG Texture: Squad/Strategies/Icons/OutsourcedResearch
[LOG 15:04:37.323] Load Cached PNG Texture: Squad/Strategies/Icons/PatentsLicensing
[LOG 15:04:37.323] Load Cached PNG Texture: Squad/Strategies/Icons/RecoveryTransponderFitting
[LOG 15:04:37.323] Load Cached PNG Texture: Squad/Strategies/Icons/ResearchRightsSellOut
[LOG 15:04:37.323] Load Cached PNG Texture: Squad/Strategies/Icons/UnpaidResearchProgram
[LOG 15:04:37.323] Load Cached PNG Texture: Squad/Tutorials/ChuteColors
[LOG 15:04:37.324] Load DDS texture: Squad/Tutorials/EditorCoM
[LOG 15:04:37.324] Load Cached PNG Texture: Squad/Tutorials/EditorSnap
[LOG 15:04:37.324] Load Cached PNG Texture: Squad/Tutorials/EditorSnap4x
[LOG 15:04:37.324] Load Cached PNG Texture: Squad/Tutorials/EditorSymm
[LOG 15:04:37.325] Load Cached PNG Texture: Squad/Tutorials/StagingStack
[LOG 15:04:37.325] Load PNG texture: Squad/Tutorials/YPRDiagram
[WRN 15:04:37.326] Texture isn't eligible for DXT compression, width and height must be multiples of 4
[LOG 15:04:37.326] Load Cached PNG Texture: SquadExpansion/MakingHistory/Banners/Fail/default
[LOG 15:04:37.327] Load Cached PNG Texture: SquadExpansion/MakingHistory/Banners/Fail/fail01
[LOG 15:04:37.327] Load Cached PNG Texture: SquadExpansion/MakingHistory/Banners/Fail/fail02
[LOG 15:04:37.327] Load PNG texture: SquadExpansion/MakingHistory/Banners/Menu/default
[WRN 15:04:37.330] Texture isn't eligible for DXT compression, width and height must be multiples of 4
[LOG 15:04:37.330] Load PNG texture: SquadExpansion/MakingHistory/Banners/Menu/MBanner_01
[WRN 15:04:37.334] Texture isn't eligible for DXT compression, width and height must be multiples of 4
[LOG 15:04:37.335] Load PNG texture: SquadExpansion/MakingHistory/Banners/Menu/MBanner_02
[WRN 15:04:37.339] Texture isn't eligible for DXT compression, width and height must be multiples of 4
[LOG 15:04:37.339] Load PNG texture: SquadExpansion/MakingHistory/Banners/Menu/MBanner_03
[WRN 15:04:37.342] Texture isn't eligible for DXT compression, width and height must be multiples of 4
[LOG 15:04:37.342] Load Cached PNG Texture: SquadExpansion/MakingHistory/Banners/Success/default
[LOG 15:04:37.343] Load Cached PNG Texture: SquadExpansion/MakingHistory/Banners/Success/success01
[LOG 15:04:37.343] Load Cached PNG Texture: SquadExpansion/MakingHistory/Banners/Success/success02
[LOG 15:04:37.343] Load Cached PNG Texture: SquadExpansion/MakingHistory/Missions/Acapello 13/Banners/Fail/fail01
[LOG 15:04:37.343] Load PNG texture: SquadExpansion/MakingHistory/Missions/Acapello 13/Banners/Menu/Mun
[WRN 15:04:37.346] Texture isn't eligible for DXT compression, width and height must be multiples of 4
[LOG 15:04:37.346] Load Cached PNG Texture: SquadExpansion/MakingHistory/Missions/Acapello 13/Banners/Success/success01
[LOG 15:04:37.346] Load Cached PNG Texture: SquadExpansion/MakingHistory/Missions/Acapello 15/Banners/Fail/default
[LOG 15:04:37.346] Load Cached PNG Texture: SquadExpansion/MakingHistory/Missions/Acapello 15/Banners/Fail/fail02
[LOG 15:04:37.346] Load PNG texture: SquadExpansion/MakingHistory/Missions/Acapello 15/Banners/Menu/default
[WRN 15:04:37.349] Texture isn't eligible for DXT compression, width and height must be multiples of 4
[LOG 15:04:37.349] Load Cached PNG Texture: SquadExpansion/MakingHistory/Missions/Acapello 15/Banners/Success/default
[LOG 15:04:37.349] Load Cached PNG Texture: SquadExpansion/MakingHistory/Missions/Blue Mun/Banners/Fail/fail01
[LOG 15:04:37.349] Load PNG texture: SquadExpansion/MakingHistory/Missions/Blue Mun/Banners/Menu/default
[WRN 15:04:37.352] Texture isn't eligible for DXT compression, width and height must be multiples of 4
[LOG 15:04:37.355] Load Cached PNG Texture: SquadExpansion/MakingHistory/Missions/Blue Mun/Banners/Success/success02
[LOG 15:04:37.355] Load Cached PNG Texture: SquadExpansion/MakingHistory/Missions/Dawn of the Space Age/Banners/Fail/default
[LOG 15:04:37.355] Load PNG texture: SquadExpansion/MakingHistory/Missions/Dawn of the Space Age/Banners/Menu/default
[WRN 15:04:37.358] Texture isn't eligible for DXT compression, width and height must be multiples of 4
[LOG 15:04:37.358] Load Cached PNG Texture: SquadExpansion/MakingHistory/Missions/Dawn of the Space Age/Banners/Success/default
[LOG 15:04:37.359] Load Cached PNG Texture: SquadExpansion/MakingHistory/Missions/Meet Me in Zero G/Banners/Fail/default
[LOG 15:04:37.359] Load Cached PNG Texture: SquadExpansion/MakingHistory/Missions/Meet Me in Zero G/Banners/Fail/fail01
[LOG 15:04:37.359] Load PNG texture: SquadExpansion/MakingHistory/Missions/Meet Me in Zero G/Banners/Menu/default
[WRN 15:04:37.361] Texture isn't eligible for DXT compression, width and height must be multiples of 4
[LOG 15:04:37.361] Load Cached PNG Texture: SquadExpansion/MakingHistory/Missions/Meet Me in Zero G/Banners/Success/default
[LOG 15:04:37.361] Load Cached PNG Texture: SquadExpansion/MakingHistory/Missions/Meet Me in Zero G/Banners/Success/success02
[LOG 15:04:37.361] Load Cached PNG Texture: SquadExpansion/MakingHistory/Missions/Munar 1/Banners/Fail/default
[LOG 15:04:37.361] Load Cached PNG Texture: SquadExpansion/MakingHistory/Missions/Munar 1/Banners/Fail/fail02
[LOG 15:04:37.362] Load PNG texture: SquadExpansion/MakingHistory/Missions/Munar 1/Banners/Menu/default
[WRN 15:04:37.364] Texture isn't eligible for DXT compression, width and height must be multiples of 4
[LOG 15:04:37.364] Load Cached PNG Texture: SquadExpansion/MakingHistory/Missions/Munar 1/Banners/Success/default
[LOG 15:04:37.364] Load Cached PNG Texture: SquadExpansion/MakingHistory/Missions/Munar 1/Banners/Success/success01
[LOG 15:04:37.365] Load Cached PNG Texture: SquadExpansion/MakingHistory/Missions/Sally-Hut 1/Banners/Fail/default
[LOG 15:04:37.365] Load Cached PNG Texture: SquadExpansion/MakingHistory/Missions/Sally-Hut 1/Banners/Fail/fail01
[LOG 15:04:37.365] Load Cached PNG Texture: SquadExpansion/MakingHistory/Missions/Sally-Hut 1/Banners/Menu/bannerSatellite
[LOG 15:04:37.365] Load Cached PNG Texture: SquadExpansion/MakingHistory/Missions/Sally-Hut 1/Banners/Success/default
[LOG 15:04:37.365] Load Cached PNG Texture: SquadExpansion/MakingHistory/Missions/Sally-Hut 1/Banners/Success/success02
[LOG 15:04:37.365] Load Cached PNG Texture: SquadExpansion/MakingHistory/Missions/To the Mun Via Minmus/Banners/Fail/fail02
[LOG 15:04:37.365] Load PNG texture: SquadExpansion/MakingHistory/Missions/To the Mun Via Minmus/Banners/Menu/MissionBannerKerbin
[WRN 15:04:37.368] Texture isn't eligible for DXT compression, width and height must be multiples of 4
[LOG 15:04:37.369] Load Cached PNG Texture: SquadExpansion/MakingHistory/Missions/To the Mun Via Minmus/Banners/Success/success01
[LOG 15:04:37.369] Load Cached PNG Texture: SquadExpansion/MakingHistory/Missions/Trouble in the Void/Banners/Fail/fail01
[LOG 15:04:37.369] Load PNG texture: SquadExpansion/MakingHistory/Missions/Trouble in the Void/Banners/Menu/default
[WRN 15:04:37.372] Texture isn't eligible for DXT compression, width and height must be multiples of 4
[LOG 15:04:37.372] Load Cached PNG Texture: SquadExpansion/MakingHistory/Missions/Trouble in the Void/Banners/Success/success02
[LOG 15:04:37.372] Load Cached PNG Texture: SquadExpansion/MakingHistory/Missions/Ziggy Kerman and the Spiders from Duna/Banners/Fail/fail02
[LOG 15:04:37.372] Load Cached PNG Texture: SquadExpansion/MakingHistory/Missions/Ziggy Kerman and the Spiders from Duna/Banners/Menu/bannerSatellite
[LOG 15:04:37.373] Load Cached PNG Texture: SquadExpansion/MakingHistory/Missions/Ziggy Kerman and the Spiders from Duna/Banners/Success/success01
[LOG 15:04:37.373] Load Cached PNG Texture: SquadExpansion/MakingHistory/Parts/@thumbs/Decoupler.1p5_icon0
[LOG 15:04:37.373] Load Cached PNG Texture: SquadExpansion/MakingHistory/Parts/@thumbs/Decoupler.1p5_icon1
[LOG 15:04:37.373] Load Cached PNG Texture: SquadExpansion/MakingHistory/Parts/@thumbs/EquiTriangle0_icon0
[LOG 15:04:37.373] Load Cached PNG Texture: SquadExpansion/MakingHistory/Parts/@thumbs/EquiTriangle0_icon1
[LOG 15:04:37.373] Load Cached PNG Texture: SquadExpansion/MakingHistory/Parts/@thumbs/EquiTriangle0_icon2
[LOG 15:04:37.373] Load Cached PNG Texture: SquadExpansion/MakingHistory/Parts/@thumbs/EquiTriangle0_icon3
[LOG 15:04:37.373] Load Cached PNG Texture: SquadExpansion/MakingHistory/Parts/@thumbs/EquiTriangle1p5_icon0
[LOG 15:04:37.373] Load Cached PNG Texture: SquadExpansion/MakingHistory/Parts/@thumbs/EquiTriangle1p5_icon1
[LOG 15:04:37.373] Load Cached PNG Texture: SquadExpansion/MakingHistory/Parts/@thumbs/EquiTriangle1p5_icon2
[LOG 15:04:37.373] Load Cached PNG Texture: SquadExpansion/MakingHistory/Parts/@thumbs/EquiTriangle1p5_icon3
[LOG 15:04:37.374] Load Cached PNG Texture: SquadExpansion/MakingHistory/Parts/@thumbs/EquiTriangle1_icon0
[LOG 15:04:37.374] Load Cached PNG Texture: SquadExpansion/MakingHistory/Parts/@thumbs/EquiTriangle1_icon1
[LOG 15:04:37.374] Load Cached PNG Texture: SquadExpansion/MakingHistory/Parts/@thumbs/EquiTriangle1_icon2
[LOG 15:04:37.374] Load Cached PNG Texture: SquadExpansion/MakingHistory/Parts/@thumbs/EquiTriangle1_icon3
[LOG 15:04:37.374] Load Cached PNG Texture: SquadExpansion/MakingHistory/Parts/@thumbs/EquiTriangle2_icon0
[LOG 15:04:37.374] Load Cached PNG Texture: SquadExpansion/MakingHistory/Parts/@thumbs/EquiTriangle2_icon1
[LOG 15:04:37.374] Load Cached PNG Texture: SquadExpansion/MakingHistory/Parts/@thumbs/EquiTriangle2_icon2
[LOG 15:04:37.374] Load Cached PNG Texture: SquadExpansion/MakingHistory/Parts/@thumbs/EquiTriangle2_icon3
[LOG 15:04:37.374] Load Cached PNG Texture: SquadExpansion/MakingHistory/Parts/@thumbs/HeatShield1p5_icon
[LOG 15:04:37.374] Load Cached PNG Texture: SquadExpansion/MakingHistory/Parts/@thumbs/InflatableAirlock_icon
[LOG 15:04:37.374] Load Cached PNG Texture: SquadExpansion/MakingHistory/Parts/@thumbs/LiquidEngineRV-1_icon
[LOG 15:04:37.374] Load Cached PNG Texture: SquadExpansion/MakingHistory/Parts/@thumbs/monopropMiniSphere_icon
[LOG 15:04:37.375] Load Cached PNG Texture: SquadExpansion/MakingHistory/Parts/@thumbs/Panel0_icon0
[LOG 15:04:37.375] Load Cached PNG Texture: SquadExpansion/MakingHistory/Parts/@thumbs/Panel0_icon1
[LOG 15:04:37.375] Load Cached PNG Texture: SquadExpansion/MakingHistory/Parts/@thumbs/Panel0_icon2
[LOG 15:04:37.375] Load Cached PNG Texture: SquadExpansion/MakingHistory/Parts/@thumbs/Panel0_icon3
[LOG 15:04:37.375] Load Cached PNG Texture: SquadExpansion/MakingHistory/Parts/@thumbs/Panel1p5_icon0
[LOG 15:04:37.375] Load Cached PNG Texture: SquadExpansion/MakingHistory/Parts/@thumbs/Panel1p5_icon1
[LOG 15:04:37.375] Load Cached PNG Texture: SquadExpansion/MakingHistory/Parts/@thumbs/Panel1p5_icon2
[LOG 15:04:37.375] Load Cached PNG Texture: SquadExpansion/MakingHistory/Parts/@thumbs/Panel1p5_icon3
[LOG 15:04:37.375] Load Cached PNG Texture: SquadExpansion/MakingHistory/Parts/@thumbs/Panel1_icon0
[LOG 15:04:37.375] Load Cached PNG Texture: SquadExpansion/MakingHistory/Parts/@thumbs/Panel1_icon1
[LOG 15:04:37.375] Load Cached PNG Texture: SquadExpansion/MakingHistory/Parts/@thumbs/Panel1_icon2
[LOG 15:04:37.375] Load Cached PNG Texture: SquadExpansion/MakingHistory/Parts/@thumbs/Panel1_icon3
[LOG 15:04:37.375] Load Cached PNG Texture: SquadExpansion/MakingHistory/Parts/@thumbs/roverWheelM1-F_icon0
[LOG 15:04:37.376] Load Cached PNG Texture: SquadExpansion/MakingHistory/Parts/@thumbs/roverWheelM1-F_icon1
[LOG 15:04:37.376] Load Cached PNG Texture: SquadExpansion/MakingHistory/Parts/@thumbs/Separator.1p5_icon0
[LOG 15:04:37.376] Load Cached PNG Texture: SquadExpansion/MakingHistory/Parts/@thumbs/Separator.1p5_icon1
[LOG 15:04:37.376] Load Cached PNG Texture: SquadExpansion/MakingHistory/Parts/@thumbs/Size1p5.Strut.Decoupler_icon0
[LOG 15:04:37.376] Load Cached PNG Texture: SquadExpansion/MakingHistory/Parts/@thumbs/Size1p5.Strut.Decoupler_icon1
[LOG 15:04:37.376] Load Cached PNG Texture: SquadExpansion/MakingHistory/Parts/@thumbs/Size1to0ServiceModule_icon
[LOG 15:04:37.376] Load Cached PNG Texture: SquadExpansion/MakingHistory/Parts/@thumbs/Triangle0_icon0
[LOG 15:04:37.376] Load Cached PNG Texture: SquadExpansion/MakingHistory/Parts/@thumbs/Triangle0_icon1
[LOG 15:04:37.376] Load Cached PNG Texture: SquadExpansion/MakingHistory/Parts/@thumbs/Triangle0_icon2
[LOG 15:04:37.376] Load Cached PNG Texture: SquadExpansion/MakingHistory/Parts/@thumbs/Triangle0_icon3
[LOG 15:04:37.376] Load Cached PNG Texture: SquadExpansion/MakingHistory/Parts/@thumbs/Triangle1p5_icon0
[LOG 15:04:37.376] Load Cached PNG Texture: SquadExpansion/MakingHistory/Parts/@thumbs/Triangle1p5_icon1
[LOG 15:04:37.376] Load Cached PNG Texture: SquadExpansion/MakingHistory/Parts/@thumbs/Triangle1p5_icon2
[LOG 15:04:37.376] Load Cached PNG Texture: SquadExpansion/MakingHistory/Parts/@thumbs/Triangle1p5_icon3
[LOG 15:04:37.377] Load Cached PNG Texture: SquadExpansion/MakingHistory/Parts/@thumbs/Triangle1_icon0
[LOG 15:04:37.377] Load Cached PNG Texture: SquadExpansion/MakingHistory/Parts/@thumbs/Triangle1_icon1
[LOG 15:04:37.377] Load Cached PNG Texture: SquadExpansion/MakingHistory/Parts/@thumbs/Triangle1_icon2
[LOG 15:04:37.377] Load Cached PNG Texture: SquadExpansion/MakingHistory/Parts/@thumbs/Triangle1_icon3
[LOG 15:04:37.377] Load Cached PNG Texture: SquadExpansion/MakingHistory/Parts/@thumbs/Triangle2_icon0
[LOG 15:04:37.377] Load Cached PNG Texture: SquadExpansion/MakingHistory/Parts/@thumbs/Triangle2_icon1
[LOG 15:04:37.377] Load Cached PNG Texture: SquadExpansion/MakingHistory/Parts/@thumbs/Triangle2_icon2
[LOG 15:04:37.377] Load Cached PNG Texture: SquadExpansion/MakingHistory/Parts/@thumbs/Triangle2_icon3
[LOG 15:04:37.377] Load Cached PNG Texture: SquadExpansion/MakingHistory/Parts/@thumbs/Tube1_icon0
[LOG 15:04:37.377] Load Cached PNG Texture: SquadExpansion/MakingHistory/Parts/@thumbs/Tube1_icon1
[LOG 15:04:37.377] Load Cached PNG Texture: SquadExpansion/MakingHistory/Parts/@thumbs/Tube1_icon2
[LOG 15:04:37.378] Load Cached PNG Texture: SquadExpansion/MakingHistory/Parts/@thumbs/Tube1_icon3
[LOG 15:04:37.378] Load Cached PNG Texture: SquadExpansion/MakingHistory/Parts/@thumbs/Tube1_icon4
[LOG 15:04:37.378] Load Cached PNG Texture: SquadExpansion/MakingHistory/Parts/Aero/protectiveRocketNoseMk5A/s1p5_cone
[LOG 15:04:37.378] Load Cached PNG Texture: SquadExpansion/MakingHistory/Parts/Aero/protectiveRocketNoseMk5A/s1p5_cone_Orange
[LOG 15:04:37.379] Load DDS texture: SquadExpansion/MakingHistory/Parts/Coupling/Assets/airlock
[LOG 15:04:37.379] Load DDS texture: SquadExpansion/MakingHistory/Parts/Coupling/Assets/airlock_N
[LOG 15:04:37.380] Load DDS texture: SquadExpansion/MakingHistory/Parts/Coupling/Assets/EnginePlate
[LOG 15:04:37.380] Load DDS texture: SquadExpansion/MakingHistory/Parts/Coupling/Assets/Size1_5_Decoupler_grey
[LOG 15:04:37.380] Load DDS texture: SquadExpansion/MakingHistory/Parts/Coupling/Assets/Size1_5_Decoupler_orange
[LOG 15:04:37.381] Load DDS texture: SquadExpansion/MakingHistory/Parts/Engine/Assets/KE-1
[LOG 15:04:37.382] Load DDS texture: SquadExpansion/MakingHistory/Parts/Engine/Assets/KE-1_BASE
[LOG 15:04:37.384] Load DDS texture: SquadExpansion/MakingHistory/Parts/Engine/Assets/LV-T87
[LOG 15:04:37.384] Load DDS texture: SquadExpansion/MakingHistory/Parts/Engine/Assets/LV-T91
[LOG 15:04:37.385] Load DDS texture: SquadExpansion/MakingHistory/Parts/Engine/Assets/RE-I2
[LOG 15:04:37.387] Load DDS texture: SquadExpansion/MakingHistory/Parts/Engine/Assets/RE-J10
[LOG 15:04:37.389] Load DDS texture: SquadExpansion/MakingHistory/Parts/Engine/Assets/RE-J10_N
[LOG 15:04:37.390] Load DDS texture: SquadExpansion/MakingHistory/Parts/Engine/Assets/RK-7
[LOG 15:04:37.392] Load DDS texture: SquadExpansion/MakingHistory/Parts/Engine/Assets/RK-7_N
[LOG 15:04:37.393] Load DDS texture: SquadExpansion/MakingHistory/Parts/Engine/solidBoosterTHK/SolidBoosterS2-17_emissive
[LOG 15:04:37.399] Load DDS texture: SquadExpansion/MakingHistory/Parts/Engine/solidBoosterTHK/solidBoosterTHK_diffuse
[LOG 15:04:37.407] Load DDS texture: SquadExpansion/MakingHistory/Parts/FuelTank/Assets/Size1p5_02
[LOG 15:04:37.407] Load DDS texture: SquadExpansion/MakingHistory/Parts/FuelTank/Assets/Size1p5_02_ALT01
[LOG 15:04:37.409] Load DDS texture: SquadExpansion/MakingHistory/Parts/FuelTank/Assets/Size1p5_02_ALT02
[LOG 15:04:37.410] Load DDS texture: SquadExpansion/MakingHistory/Parts/FuelTank/Assets/Size1p5_02_ALT02_normal
[LOG 15:04:37.411] Load DDS texture: SquadExpansion/MakingHistory/Parts/FuelTank/Assets/Size1p5_mono
[LOG 15:04:37.412] Load DDS texture: SquadExpansion/MakingHistory/Parts/FuelTank/Assets/Size1p5_mono_2
[LOG 15:04:37.416] Load DDS texture: SquadExpansion/MakingHistory/Parts/FuelTank/Assets/Size1p5_mono_N
[LOG 15:04:37.417] Load DDS texture: SquadExpansion/MakingHistory/Parts/FuelTank/Assets/Size1_5_TankAdapters
[LOG 15:04:37.417] Load DDS texture: SquadExpansion/MakingHistory/Parts/FuelTank/Assets/Size1_5_TankAdapters_ALT01
[LOG 15:04:37.418] Load DDS texture: SquadExpansion/MakingHistory/Parts/FuelTank/Assets/Size1_5_TankAdapters_ALT02
[LOG 15:04:37.420] Load DDS texture: SquadExpansion/MakingHistory/Parts/FuelTank/Assets/Size1_5_TankAdapters_ALT02nm
[LOG 15:04:37.420] Load DDS texture: SquadExpansion/MakingHistory/Parts/FuelTank/Assets/Size1_5_TankAdapters_N
[LOG 15:04:37.422] Load DDS texture: SquadExpansion/MakingHistory/Parts/FuelTank/Assets/Size1_5_Tanks
[LOG 15:04:37.423] Load DDS texture: SquadExpansion/MakingHistory/Parts/FuelTank/Assets/Size1_5_Tanks_ALT02
[LOG 15:04:37.423] Load DDS texture: SquadExpansion/MakingHistory/Parts/FuelTank/Assets/Size1_5_Tanks_ALT02_nm
[LOG 15:04:37.424] Load DDS texture: SquadExpansion/MakingHistory/Parts/FuelTank/Assets/Size1_5_Tanks_grey
[LOG 15:04:37.425] Load DDS texture: SquadExpansion/MakingHistory/Parts/FuelTank/Assets/Size4_Tanks
[LOG 15:04:37.431] Load DDS texture: SquadExpansion/MakingHistory/Parts/FuelTank/Assets/Size4_Tanks_N
[LOG 15:04:37.437] Load DDS texture: SquadExpansion/MakingHistory/Parts/Ground/Assets/RoverWheel
[LOG 15:04:37.439] Load DDS texture: SquadExpansion/MakingHistory/Parts/Ground/Assets/RoverWheelG
[LOG 15:04:37.439] Load DDS texture: SquadExpansion/MakingHistory/Parts/Payload/Assets/Size1to0ServiceBay
[LOG 15:04:37.440] Load DDS texture: SquadExpansion/MakingHistory/Parts/Payload/Assets/Size1to0ServiceBay_n
[LOG 15:04:37.448] Load DDS texture: SquadExpansion/MakingHistory/Parts/Payload/Assets/SM18_diffuse
[LOG 15:04:37.453] Load Cached PNG Texture: SquadExpansion/MakingHistory/Parts/Payload/Assets/SM18_NRM
[LOG 15:04:37.459] Load DDS texture: SquadExpansion/MakingHistory/Parts/Payload/Assets/SM18_specular
[LOG 15:04:37.466] Load DDS texture: SquadExpansion/MakingHistory/Parts/Payload/Assets/SM25_diffuse
[LOG 15:04:37.474] Load DDS texture: SquadExpansion/MakingHistory/Parts/Payload/Assets/SM25_normals
[LOG 15:04:37.475] Load DDS texture: SquadExpansion/MakingHistory/Parts/Pods/Assets/KV1
[LOG 15:04:37.476] Load DDS texture: SquadExpansion/MakingHistory/Parts/Pods/Assets/KV1_GLOW
[LOG 15:04:37.480] Load DDS texture: SquadExpansion/MakingHistory/Parts/Pods/Assets/KV2
[LOG 15:04:37.480] Load DDS texture: SquadExpansion/MakingHistory/Parts/Pods/Assets/KV3
[LOG 15:04:37.481] Load DDS texture: SquadExpansion/MakingHistory/Parts/Pods/Assets/Mk2Pod
[LOG 15:04:37.483] Load DDS texture: SquadExpansion/MakingHistory/Parts/Pods/Assets/Mk2Pod_GLOW
[LOG 15:04:37.484] Load DDS texture: SquadExpansion/MakingHistory/Parts/Pods/Assets/Mk2Pod_n
[LOG 15:04:37.484] Load DDS texture: SquadExpansion/MakingHistory/Parts/Pods/Assets/Size1_5_Lander
[LOG 15:04:37.486] Load DDS texture: SquadExpansion/MakingHistory/Parts/Pods/Assets/Size1_5_Lander_GLOW
[LOG 15:04:37.486] Load DDS texture: SquadExpansion/MakingHistory/Parts/SharedAssets/Shrouds
[LOG 15:04:37.489] Load DDS texture: SquadExpansion/MakingHistory/Parts/SharedAssets/Shrouds_N
[LOG 15:04:37.489] Load DDS texture: SquadExpansion/MakingHistory/Parts/Structural/Assets/NormalMap
[LOG 15:04:37.492] Load DDS texture: SquadExpansion/MakingHistory/Parts/Structural/Assets/Panels
[LOG 15:04:37.494] Load DDS texture: SquadExpansion/MakingHistory/Parts/Structural/Assets/Panels_Dark_D
[LOG 15:04:37.497] Load DDS texture: SquadExpansion/MakingHistory/Parts/Structural/Assets/Panels_Gold_D
[LOG 15:04:37.499] Load Cached PNG Texture: SquadExpansion/MakingHistory/Parts/Structural/Assets/Panels_Gold_NRM
[LOG 15:04:37.502] Load DDS texture: SquadExpansion/MakingHistory/Parts/Structural/Assets/Panels_Gold_S
[LOG 15:04:37.504] Load DDS texture: SquadExpansion/MakingHistory/Parts/Structural/Assets/Panels_Silver_D
[LOG 15:04:37.511] Load DDS texture: SquadExpansion/MakingHistory/Parts/Structural/Assets/Panels_Silver_S
[LOG 15:04:37.513] Load Cached PNG Texture: SquadExpansion/MakingHistory/Ships/@thumbs/VAB/Acapello
[LOG 15:04:37.513] Load Cached PNG Texture: SquadExpansion/MakingHistory/Ships/@thumbs/VAB/Beta Centaurus
[LOG 15:04:37.513] Load Cached PNG Texture: SquadExpansion/MakingHistory/Ships/@thumbs/VAB/Goliath II HLV
[LOG 15:04:37.514] Load Cached PNG Texture: SquadExpansion/MakingHistory/Ships/@thumbs/VAB/Muna 1
[LOG 15:04:37.514] Load Cached PNG Texture: SquadExpansion/MakingHistory/Ships/@thumbs/VAB/Sally-Hut 1
[LOG 15:04:37.514] Load Cached PNG Texture: SquadExpansion/MakingHistory/Ships/@thumbs/VAB/SWM-94 Communications Satellite
[LOG 15:04:37.514] Load Cached PNG Texture: SquadExpansion/MakingHistory/Ships/@thumbs/VAB/Valshkod 2
[LOG 15:04:37.514] Load DDS texture: SquadExpansion/MakingHistory/Spaces/KVPods/airlock
[LOG 15:04:37.514] Load DDS texture: SquadExpansion/MakingHistory/Spaces/KVPods/airlock_N
[LOG 15:04:37.514] Load DDS texture: SquadExpansion/MakingHistory/Spaces/KVPods/KV1_Props_Diffuse
[LOG 15:04:37.533] Load DDS texture: SquadExpansion/MakingHistory/Spaces/KVPods/KV1_Props_Normal
[LOG 15:04:37.539] Load DDS texture: SquadExpansion/MakingHistory/Spaces/KVPods/KV1_Shell_Diffuse
[LOG 15:04:37.547] Load DDS texture: SquadExpansion/MakingHistory/Spaces/KVPods/KV1_Shell_Emissive
[LOG 15:04:37.549] Load DDS texture: SquadExpansion/MakingHistory/Spaces/KVPods/KV1_Shell_Normal
[LOG 15:04:37.556] Load DDS texture: SquadExpansion/MakingHistory/Spaces/KVPods/KV1_Vzor_Diffuse
[LOG 15:04:37.557] Load DDS texture: SquadExpansion/MakingHistory/Spaces/KVPods/KV2_Props_Diffuse
[LOG 15:04:37.562] Load DDS texture: SquadExpansion/MakingHistory/Spaces/KVPods/KV2_Props_Emissive
[LOG 15:04:37.568] Load DDS texture: SquadExpansion/MakingHistory/Spaces/KVPods/KV2_Props_Normal
[LOG 15:04:37.575] Load DDS texture: SquadExpansion/MakingHistory/Spaces/KVPods/KV2_Shell_Diffuse
[LOG 15:04:37.583] Load DDS texture: SquadExpansion/MakingHistory/Spaces/KVPods/KV2_Shell_Normal
[LOG 15:04:37.589] Load DDS texture: SquadExpansion/MakingHistory/Spaces/KVPods/KV3_Props_Diffuse
[LOG 15:04:37.594] Load DDS texture: SquadExpansion/MakingHistory/Spaces/KVPods/KV3_Props_Normal
[LOG 15:04:37.601] Load DDS texture: SquadExpansion/MakingHistory/Spaces/KVPods/KV3_Shell_Diffuse
[LOG 15:04:37.605] Load DDS texture: SquadExpansion/MakingHistory/Spaces/KVPods/KV3_Shell_Normal
[LOG 15:04:37.609] Load DDS texture: SquadExpansion/MakingHistory/Spaces/KVPods/motor
[LOG 15:04:37.610] Load DDS texture: SquadExpansion/MakingHistory/Spaces/KVPods/pilot Seat
[LOG 15:04:37.611] Load DDS texture: SquadExpansion/MakingHistory/Spaces/MEM/PANELS_AO
[LOG 15:04:37.616] Load DDS texture: SquadExpansion/MakingHistory/Spaces/MEM/PANELS_EMISSIVE
[LOG 15:04:37.620] Load DDS texture: SquadExpansion/MakingHistory/Spaces/MEM/PANELS_NORMAL
[LOG 15:04:37.628] Load DDS texture: SquadExpansion/MakingHistory/Spaces/MEM/pilot Seat
[LOG 15:04:37.629] Load DDS texture: SquadExpansion/MakingHistory/Spaces/MEM/propsGeneric
[LOG 15:04:37.630] Load DDS texture: SquadExpansion/MakingHistory/Spaces/MEM/PROPS_AO
[LOG 15:04:37.635] Load DDS texture: SquadExpansion/MakingHistory/Spaces/MEM/PROPS_EMISSIVE
[LOG 15:04:37.636] Load DDS texture: SquadExpansion/MakingHistory/Spaces/MEM/PROPS_NORMAL
[LOG 15:04:37.640] Load DDS texture: SquadExpansion/MakingHistory/Spaces/Mk2Pod/DIfuse_controlboard
[LOG 15:04:37.646] Load DDS texture: SquadExpansion/MakingHistory/Spaces/Mk2Pod/Normal_controlbard
[LOG 15:04:37.654] Load DDS texture: SquadExpansion/MakingHistory/Spaces/Mk2Pod/Outershell_Base_Color
[LOG 15:04:37.665] Load DDS texture: SquadExpansion/MakingHistory/Spaces/Mk2Pod/Outershell_Normal
[LOG 15:04:37.672] Load DDS texture: SquadExpansion/MakingHistory/Spaces/Mk2Pod/pilot Seat
[LOG 15:04:37.674] Load Cached PNG Texture: SquadExpansion/Serenity/Parts/@thumbs/controller1000_icon
[LOG 15:04:37.675] Load Cached PNG Texture: SquadExpansion/Serenity/Parts/@thumbs/DeployedCentralStation_icon
[LOG 15:04:37.675] Load Cached PNG Texture: SquadExpansion/Serenity/Parts/@thumbs/DeployedGoExOb_icon
[LOG 15:04:37.675] Load Cached PNG Texture: SquadExpansion/Serenity/Parts/@thumbs/DeployedIONExp_icon
[LOG 15:04:37.676] Load Cached PNG Texture: SquadExpansion/Serenity/Parts/@thumbs/DeployedRTG_icon
[LOG 15:04:37.676] Load Cached PNG Texture: SquadExpansion/Serenity/Parts/@thumbs/DeployedSatDish_icon
[LOG 15:04:37.676] Load Cached PNG Texture: SquadExpansion/Serenity/Parts/@thumbs/DeployedSeismicSensor_icon
[LOG 15:04:37.676] Load Cached PNG Texture: SquadExpansion/Serenity/Parts/@thumbs/DeployedSolarPanel_icon
[LOG 15:04:37.676] Load Cached PNG Texture: SquadExpansion/Serenity/Parts/@thumbs/DeployedWeatherStn_icon
[LOG 15:04:37.676] Load Cached PNG Texture: SquadExpansion/Serenity/Parts/@thumbs/FanShroud.01_icon0
[LOG 15:04:37.676] Load Cached PNG Texture: SquadExpansion/Serenity/Parts/@thumbs/FanShroud.01_icon1
[LOG 15:04:37.676] Load Cached PNG Texture: SquadExpansion/Serenity/Parts/@thumbs/FanShroud.02_icon0
[LOG 15:04:37.677] Load Cached PNG Texture: SquadExpansion/Serenity/Parts/@thumbs/FanShroud.02_icon1
[LOG 15:04:37.677] Load Cached PNG Texture: SquadExpansion/Serenity/Parts/@thumbs/hinge.01.s_icon0
[LOG 15:04:37.677] Load Cached PNG Texture: SquadExpansion/Serenity/Parts/@thumbs/hinge.01.s_icon1
[LOG 15:04:37.677] Load Cached PNG Texture: SquadExpansion/Serenity/Parts/@thumbs/hinge.01_icon0
[LOG 15:04:37.677] Load Cached PNG Texture: SquadExpansion/Serenity/Parts/@thumbs/hinge.01_icon1
[LOG 15:04:37.677] Load Cached PNG Texture: SquadExpansion/Serenity/Parts/@thumbs/hinge.03.s_icon0
[LOG 15:04:37.677] Load Cached PNG Texture: SquadExpansion/Serenity/Parts/@thumbs/hinge.03.s_icon1
[LOG 15:04:37.677] Load Cached PNG Texture: SquadExpansion/Serenity/Parts/@thumbs/hinge.03_icon0
[LOG 15:04:37.677] Load Cached PNG Texture: SquadExpansion/Serenity/Parts/@thumbs/hinge.03_icon1
[LOG 15:04:37.678] Load Cached PNG Texture: SquadExpansion/Serenity/Parts/@thumbs/largeFanBlade_icon0
[LOG 15:04:37.678] Load Cached PNG Texture: SquadExpansion/Serenity/Parts/@thumbs/largeFanBlade_icon1
[LOG 15:04:37.678] Load Cached PNG Texture: SquadExpansion/Serenity/Parts/@thumbs/largePropeller_icon0
[LOG 15:04:37.678] Load Cached PNG Texture: SquadExpansion/Serenity/Parts/@thumbs/largePropeller_icon1
[LOG 15:04:37.678] Load Cached PNG Texture: SquadExpansion/Serenity/Parts/@thumbs/lGripPad_icon0
[LOG 15:04:37.678] Load Cached PNG Texture: SquadExpansion/Serenity/Parts/@thumbs/lGripPad_icon1
[LOG 15:04:37.678] Load Cached PNG Texture: SquadExpansion/Serenity/Parts/@thumbs/lGripStrip_icon
[LOG 15:04:37.678] Load Cached PNG Texture: SquadExpansion/Serenity/Parts/@thumbs/mediumFanBlade_icon0
[LOG 15:04:37.678] Load Cached PNG Texture: SquadExpansion/Serenity/Parts/@thumbs/mediumFanBlade_icon1
[LOG 15:04:37.679] Load Cached PNG Texture: SquadExpansion/Serenity/Parts/@thumbs/mediumPropeller_icon0
[LOG 15:04:37.679] Load Cached PNG Texture: SquadExpansion/Serenity/Parts/@thumbs/mediumPropeller_icon1
[LOG 15:04:37.679] Load Cached PNG Texture: SquadExpansion/Serenity/Parts/@thumbs/mGripPad_icon0
[LOG 15:04:37.679] Load Cached PNG Texture: SquadExpansion/Serenity/Parts/@thumbs/mGripPad_icon1
[LOG 15:04:37.679] Load Cached PNG Texture: SquadExpansion/Serenity/Parts/@thumbs/noseconeTiny_icon
[LOG 15:04:37.679] Load Cached PNG Texture: SquadExpansion/Serenity/Parts/@thumbs/noseconeVS_icon
[LOG 15:04:37.679] Load Cached PNG Texture: SquadExpansion/Serenity/Parts/@thumbs/piston.01_icon0
[LOG 15:04:37.679] Load Cached PNG Texture: SquadExpansion/Serenity/Parts/@thumbs/piston.01_icon1
[LOG 15:04:37.679] Load Cached PNG Texture: SquadExpansion/Serenity/Parts/@thumbs/piston.02_icon0
[LOG 15:04:37.679] Load Cached PNG Texture: SquadExpansion/Serenity/Parts/@thumbs/piston.02_icon1
[LOG 15:04:37.680] Load Cached PNG Texture: SquadExpansion/Serenity/Parts/@thumbs/piston.03_icon0
[LOG 15:04:37.680] Load Cached PNG Texture: SquadExpansion/Serenity/Parts/@thumbs/piston.03_icon1
[LOG 15:04:37.680] Load Cached PNG Texture: SquadExpansion/Serenity/Parts/@thumbs/piston.04_icon0
[LOG 15:04:37.680] Load Cached PNG Texture: SquadExpansion/Serenity/Parts/@thumbs/piston.04_icon1
[LOG 15:04:37.680] Load Cached PNG Texture: SquadExpansion/Serenity/Parts/@thumbs/RobotArmScanner.S1_icon
[LOG 15:04:37.680] Load Cached PNG Texture: SquadExpansion/Serenity/Parts/@thumbs/RobotArmScanner.S2_icon
[LOG 15:04:37.680] Load Cached PNG Texture: SquadExpansion/Serenity/Parts/@thumbs/RobotArmScanner.S3_icon
[LOG 15:04:37.680] Load Cached PNG Texture: SquadExpansion/Serenity/Parts/@thumbs/rotor.01s_icon0
[LOG 15:04:37.680] Load Cached PNG Texture: SquadExpansion/Serenity/Parts/@thumbs/rotor.01s_icon1
[LOG 15:04:37.681] Load Cached PNG Texture: SquadExpansion/Serenity/Parts/@thumbs/rotor.01_icon0
[LOG 15:04:37.681] Load Cached PNG Texture: SquadExpansion/Serenity/Parts/@thumbs/rotor.01_icon1
[LOG 15:04:37.681] Load Cached PNG Texture: SquadExpansion/Serenity/Parts/@thumbs/rotor.02s_icon0
[LOG 15:04:37.681] Load Cached PNG Texture: SquadExpansion/Serenity/Parts/@thumbs/rotor.02s_icon1
[LOG 15:04:37.681] Load Cached PNG Texture: SquadExpansion/Serenity/Parts/@thumbs/rotor.02_icon0
[LOG 15:04:37.681] Load Cached PNG Texture: SquadExpansion/Serenity/Parts/@thumbs/rotor.02_icon1
[LOG 15:04:37.681] Load Cached PNG Texture: SquadExpansion/Serenity/Parts/@thumbs/RotorEngine.02_icon
[LOG 15:04:37.681] Load Cached PNG Texture: SquadExpansion/Serenity/Parts/@thumbs/rotoServo.00_icon0
[LOG 15:04:37.681] Load Cached PNG Texture: SquadExpansion/Serenity/Parts/@thumbs/rotoServo.00_icon1
[LOG 15:04:37.681] Load Cached PNG Texture: SquadExpansion/Serenity/Parts/@thumbs/rotoServo.02_icon0
[LOG 15:04:37.681] Load Cached PNG Texture: SquadExpansion/Serenity/Parts/@thumbs/rotoServo.02_icon1
[LOG 15:04:37.681] Load Cached PNG Texture: SquadExpansion/Serenity/Parts/@thumbs/rotoServo.03_icon0
[LOG 15:04:37.682] Load Cached PNG Texture: SquadExpansion/Serenity/Parts/@thumbs/rotoServo.03_icon1
[LOG 15:04:37.682] Load Cached PNG Texture: SquadExpansion/Serenity/Parts/@thumbs/sGripPad_icon0
[LOG 15:04:37.682] Load Cached PNG Texture: SquadExpansion/Serenity/Parts/@thumbs/sGripPad_icon1
[LOG 15:04:37.682] Load Cached PNG Texture: SquadExpansion/Serenity/Parts/@thumbs/sGripStrip_icon
[LOG 15:04:37.682] Load Cached PNG Texture: SquadExpansion/Serenity/Parts/@thumbs/smallFanBlade_icon0
[LOG 15:04:37.682] Load Cached PNG Texture: SquadExpansion/Serenity/Parts/@thumbs/smallFanBlade_icon1
[LOG 15:04:37.682] Load Cached PNG Texture: SquadExpansion/Serenity/Parts/@thumbs/smallHeliBlade_icon0
[LOG 15:04:37.682] Load Cached PNG Texture: SquadExpansion/Serenity/Parts/@thumbs/smallHeliBlade_icon1
[LOG 15:04:37.683] Load Cached PNG Texture: SquadExpansion/Serenity/Parts/@thumbs/smallPropeller_icon0
[LOG 15:04:37.683] Load Cached PNG Texture: SquadExpansion/Serenity/Parts/@thumbs/smallPropeller_icon1
[LOG 15:04:37.683] Load DDS texture: SquadExpansion/Serenity/Parts/Aero/Assets/copterBlades_diffuse
[LOG 15:04:37.683] Load DDS texture: SquadExpansion/Serenity/Parts/Aero/Assets/shroudsDiffuse_color
[LOG 15:04:37.683] Load DDS texture: SquadExpansion/Serenity/Parts/Aero/Assets/shroudsDiffuse_plain
[LOG 15:04:37.683] Load Cached PNG Texture: SquadExpansion/Serenity/Parts/DeployedScience/MockupTexture
[LOG 15:04:37.683] Load DDS texture: SquadExpansion/Serenity/Parts/DeployedScience/Assets/centralStation_diffuse
[LOG 15:04:37.684] Load DDS texture: SquadExpansion/Serenity/Parts/DeployedScience/Assets/centralStation_emissive
[LOG 15:04:37.710] Load DDS texture: SquadExpansion/Serenity/Parts/DeployedScience/Assets/GenericParts_diffuse
[LOG 15:04:37.716] Load DDS texture: SquadExpansion/Serenity/Parts/DeployedScience/Assets/GenericParts_emissive
[LOG 15:04:37.716] Load DDS texture: SquadExpansion/Serenity/Parts/DeployedScience/Assets/GenericParts_normal
[LOG 15:04:37.718] Load DDS texture: SquadExpansion/Serenity/Parts/DeployedScience/Assets/goex_diffuse
[LOG 15:04:37.720] Load DDS texture: SquadExpansion/Serenity/Parts/DeployedScience/Assets/goex_specMapped
[LOG 15:04:37.724] Load DDS texture: SquadExpansion/Serenity/Parts/DeployedScience/Assets/Grid
[LOG 15:04:37.724] Load DDS texture: SquadExpansion/Serenity/Parts/DeployedScience/Assets/IonExperiment_diffuse
[LOG 15:04:37.725] Load DDS texture: SquadExpansion/Serenity/Parts/DeployedScience/Assets/RTGCask_diffuse
[LOG 15:04:37.726] Load DDS texture: SquadExpansion/Serenity/Parts/DeployedScience/Assets/satDish_diffuse
[LOG 15:04:37.727] Load Cached PNG Texture: SquadExpansion/Serenity/Parts/DeployedScience/Assets/Scratch
[LOG 15:04:37.728] Load DDS texture: SquadExpansion/Serenity/Parts/DeployedScience/Assets/Screen2
[LOG 15:04:37.728] Load DDS texture: SquadExpansion/Serenity/Parts/DeployedScience/Assets/Screen3
[LOG 15:04:37.728] Load DDS texture: SquadExpansion/Serenity/Parts/DeployedScience/Assets/ScreenReadout
[LOG 15:04:37.731] Load DDS texture: SquadExpansion/Serenity/Parts/DeployedScience/Assets/seismicSensor_diffuse
[LOG 15:04:37.731] Load DDS texture: SquadExpansion/Serenity/Parts/DeployedScience/Assets/seismicSensor_nrm
[LOG 15:04:37.732] Load DDS texture: SquadExpansion/Serenity/Parts/DeployedScience/Assets/seismicSensor_specularMapped
[LOG 15:04:37.736] Load DDS texture: SquadExpansion/Serenity/Parts/DeployedScience/Assets/SolarGraph
[LOG 15:04:37.736] Load DDS texture: SquadExpansion/Serenity/Parts/DeployedScience/Assets/solarPanel_diffuse
[LOG 15:04:37.736] Load DDS texture: SquadExpansion/Serenity/Parts/DeployedScience/Assets/Waveleght3
[LOG 15:04:37.737] Load DDS texture: SquadExpansion/Serenity/Parts/DeployedScience/Assets/Wavelenght
[LOG 15:04:37.737] Load DDS texture: SquadExpansion/Serenity/Parts/DeployedScience/Assets/Wavelenght2
[LOG 15:04:37.737] Load DDS texture: SquadExpansion/Serenity/Parts/DeployedScience/Assets/wavelenght4
[LOG 15:04:37.737] Load DDS texture: SquadExpansion/Serenity/Parts/DeployedScience/Assets/wavelenght5
[LOG 15:04:37.737] Load DDS texture: SquadExpansion/Serenity/Parts/DeployedScience/Assets/WeatherStation [Normal]
[LOG 15:04:37.762] Load DDS texture: SquadExpansion/Serenity/Parts/DeployedScience/Assets/Weather_Station_diffuse
[LOG 15:04:37.770] Load DDS texture: SquadExpansion/Serenity/Parts/DeployedScience/Assets/Weather_Station_normal
[LOG 15:04:37.778] Load DDS texture: SquadExpansion/Serenity/Parts/Propellers/Assets/blade_diffuse
[LOG 15:04:37.779] Load DDS texture: SquadExpansion/Serenity/Parts/Propellers/Assets/copterBlades_diffuse
[LOG 15:04:37.779] Load DDS texture: SquadExpansion/Serenity/Parts/Propellers/Assets/fan_diffuse
[LOG 15:04:37.779] Load DDS texture: SquadExpansion/Serenity/Parts/Robotics/Assets/hinges-03-s_diffuse_Color
[LOG 15:04:37.780] Load DDS texture: SquadExpansion/Serenity/Parts/Robotics/Assets/hinges-03_diffuse_color
[LOG 15:04:37.782] Load DDS texture: SquadExpansion/Serenity/Parts/Robotics/Assets/hinges-03_diffuse_plain
[LOG 15:04:37.785] Load DDS texture: SquadExpansion/Serenity/Parts/Robotics/Assets/hinges_diffuse
[LOG 15:04:37.785] Load DDS texture: SquadExpansion/Serenity/Parts/Robotics/Assets/Hinge_diffuse_G-00_Color
[LOG 15:04:37.785] Load DDS texture: SquadExpansion/Serenity/Parts/Robotics/Assets/Hinge_diffuse_G-11_Color
[LOG 15:04:37.786] Load DDS texture: SquadExpansion/Serenity/Parts/Robotics/Assets/Hinge_diffuse_G-11_plain
[LOG 15:04:37.786] Load DDS texture: SquadExpansion/Serenity/Parts/Robotics/Assets/Hinge_normal
[LOG 15:04:37.787] Load DDS texture: SquadExpansion/Serenity/Parts/Robotics/Assets/RotorEngine_02_diffuse
[LOG 15:04:37.787] Load DDS texture: SquadExpansion/Serenity/Parts/Robotics/Assets/RotorEngine_03_diffuse
[LOG 15:04:37.789] Load DDS texture: SquadExpansion/Serenity/Parts/Robotics/Assets/RotorEngine_03_normal
[LOG 15:04:37.791] Load DDS texture: SquadExpansion/Serenity/Parts/Robotics/Assets/Rotor_01_diffuse_color
[LOG 15:04:37.792] Load DDS texture: SquadExpansion/Serenity/Parts/Robotics/Assets/Rotor_01_diffuse_plain
[LOG 15:04:37.809] Load DDS texture: SquadExpansion/Serenity/Parts/Robotics/Assets/Rotor_01_normal
[LOG 15:04:37.811] Load DDS texture: SquadExpansion/Serenity/Parts/Robotics/Assets/Rotor_01_specular_D
[LOG 15:04:37.812] Load DDS texture: SquadExpansion/Serenity/Parts/Robotics/Assets/Rotor_02_diffuse_color
[LOG 15:04:37.813] Load DDS texture: SquadExpansion/Serenity/Parts/Robotics/Assets/Rotor_03_diffuse_color
[LOG 15:04:37.815] Load DDS texture: SquadExpansion/Serenity/Parts/Robotics/Assets/Rotor_03_diffuse_plain
[LOG 15:04:37.816] Load DDS texture: SquadExpansion/Serenity/Parts/Robotics/Assets/Rotor_03_normal
[LOG 15:04:37.817] Load DDS texture: SquadExpansion/Serenity/Parts/Robotics/Assets/rotoServos_diffuse_color
[LOG 15:04:37.818] Load DDS texture: SquadExpansion/Serenity/Parts/Robotics/Assets/rotoServos_diffuse_plain
[LOG 15:04:37.819] Load DDS texture: SquadExpansion/Serenity/Parts/Robotics/Assets/rotoServos_nrm
[LOG 15:04:37.819] Load DDS texture: SquadExpansion/Serenity/Parts/Robotics/Controllers/roboController_diffuse
[LOG 15:04:37.819] Load DDS texture: SquadExpansion/Serenity/Parts/Robotics/Controllers/roboController_emissive
[LOG 15:04:37.819] Load Cached PNG Texture: SquadExpansion/Serenity/Parts/Science/RobotArmScanner/Assets/DrillBits
[LOG 15:04:37.819] Load DDS texture: SquadExpansion/Serenity/Parts/Science/RobotArmScanner/Assets/DustParticle
[WRN 15:04:37.819] Duplicate PNG texture 'SquadExpansion/Serenity/Parts/Science/RobotArmScanner/Assets/DustParticle' with extension 'png' won't be loaded
[LOG 15:04:37.820] Load DDS texture: SquadExpansion/Serenity/Parts/Science/RobotArmScanner/Assets/GenericParts_diffuse
[LOG 15:04:37.826] Load DDS texture: SquadExpansion/Serenity/Parts/Science/RobotArmScanner/Assets/GenericParts_normal
[LOG 15:04:37.835] Load DDS texture: SquadExpansion/Serenity/Parts/Science/RobotArmScanner/Assets/ROCArm3_diffuse
[LOG 15:04:37.842] Load DDS texture: SquadExpansion/Serenity/Parts/Science/RobotArmScanner/Assets/ROCArm3_normal
[LOG 15:04:37.847] Load DDS texture: SquadExpansion/Serenity/Parts/Science/RobotArmScanner/Assets/ROCArm_2_diffuse
[LOG 15:04:37.851] Load DDS texture: SquadExpansion/Serenity/Parts/Science/RobotArmScanner/Assets/ROCArm_2_normal
[LOG 15:04:37.854] Load Cached PNG Texture: SquadExpansion/Serenity/Parts/Science/RobotArmScanner/Assets/Scratch
[LOG 15:04:37.854] Load DDS texture: SquadExpansion/Serenity/Parts/Science/RobotArmScanner/Assets/SmallArm_diffuse
[LOG 15:04:37.855] Load DDS texture: SquadExpansion/Serenity/Parts/Science/RobotArmScanner/Assets/SmallArm_normal
[LOG 15:04:37.856] Load DDS texture: SquadExpansion/Serenity/Parts/Structural/gripPads/Assets/gripPads_diffuse
[LOG 15:04:37.858] Load DDS texture: SquadExpansion/Serenity/Parts/Structural/gripPads/Assets/gripPads_nrm
[LOG 15:04:37.859] Load Cached PNG Texture: SquadExpansion/Serenity/Ships/@thumbs/SPH/Arrow-E
[LOG 15:04:37.859] Load Cached PNG Texture: SquadExpansion/Serenity/Ships/@thumbs/SPH/Butterfly Rover
[LOG 15:04:37.859] Load Cached PNG Texture: SquadExpansion/Serenity/Ships/@thumbs/SPH/Jeb_s Quadtaxi
[LOG 15:04:37.859] Load Cached PNG Texture: SquadExpansion/Serenity/Ships/@thumbs/SPH/Kerbodyne Rotodyne
[LOG 15:04:37.860] Load Cached PNG Texture: SquadExpansion/Serenity/Ships/@thumbs/SPH/Seahawk
[LOG 15:04:37.860] Load Cached PNG Texture: SquadExpansion/Serenity/Ships/@thumbs/SPH/Val-Thopter
[LOG 15:04:37.861] Load MU model: Squad/FX/afterburner_flame
[LOG 15:04:37.870] Load MU model: Squad/FX/afterburner_shock
[LOG 15:04:37.870] Load MU model: Squad/FX/diamondBlue
[LOG 15:04:37.871] Load MU model: Squad/FX/exhaustFlames_blue
[LOG 15:04:37.991] Load MU model: Squad/FX/hydroLOXFlame
[LOG 15:04:37.992] Load MU model: Squad/FX/IonPlume
[LOG 15:04:37.992] Load MU model: Squad/FX/ks1_Exhaust
[LOG 15:04:37.993] Load MU model: Squad/FX/ks25_Exhaust
[LOG 15:04:37.993] Load MU model: Squad/FX/ksX_Exhaust
[LOG 15:04:37.994] Load MU model: Squad/FX/LES_Thruster
[LOG 15:04:37.994] Load MU model: Squad/FX/Monoprop_big
[LOG 15:04:37.994] Load MU model: Squad/FX/Monoprop_medium
[LOG 15:04:37.995] Load MU model: Squad/FX/Monoprop_small
[LOG 15:04:37.995] Load MU model: Squad/FX/shockExhaust_blue
[LOG 15:04:37.995] Load MU model: Squad/FX/shockExhaust_blue_small
[LOG 15:04:37.996] Load MU model: Squad/FX/shockExhaust_red_small
[LOG 15:04:37.996] Load MU model: Squad/FX/SRB_Large
[LOG 15:04:37.996] Load MU model: Squad/FX/SRB_LargeSparks
[LOG 15:04:37.997] Load MU model: Squad/Parts/Aero/aerodynamicNoseCone/aerodynamicNoseCone
[LOG 15:04:38.000] Load MU model: Squad/Parts/Aero/airbrake/Airbrake
[LOG 15:04:38.005] Load MU model: Squad/Parts/Aero/airIntakeRadialXM-G50/RadialIntake
[LOG 15:04:38.005] Load MU model: Squad/Parts/Aero/airlinerWings/ControlSurface
[LOG 15:04:38.005] Load MU model: Squad/Parts/Aero/airlinerWings/MainWing
[LOG 15:04:38.008] Load MU model: Squad/Parts/Aero/airlinerWings/TailFin
[LOG 15:04:38.010] Load MU model: Squad/Parts/Aero/airplaneFins/AdvCanard
[LOG 15:04:38.010] Load MU model: Squad/Parts/Aero/airplaneFins/Canard
[LOG 15:04:38.010] Load MU model: Squad/Parts/Aero/airplaneFins/Swept
[LOG 15:04:38.010] Load MU model: Squad/Parts/Aero/airplaneFins/TailFin
[LOG 15:04:38.010] Load MU model: Squad/Parts/Aero/basicFin/basicFin
[LOG 15:04:38.011] Load MU model: Squad/Parts/Aero/circularIntake/CircularIntake
[LOG 15:04:38.012] Load MU model: Squad/Parts/Aero/circularIntake/ConeIntake
[LOG 15:04:38.013] Load MU model: Squad/Parts/Aero/cones/Assets/AvioCone
[LOG 15:04:38.013] Load MU model: Squad/Parts/Aero/cones/Assets/ConeA
[LOG 15:04:38.015] Load MU model: Squad/Parts/Aero/cones/Assets/ConeB
[LOG 15:04:38.018] Load MU model: Squad/Parts/Aero/cones/Assets/NCS
[LOG 15:04:38.018] Load MU model: Squad/Parts/Aero/cones/Assets/orangeNoseCone
[LOG 15:04:38.018] Load MU model: Squad/Parts/Aero/cones/Assets/rocketNoseCone
[LOG 15:04:38.019] Load MU model: Squad/Parts/Aero/cones/Assets/rocketNoseCone_v2
[LOG 15:04:38.019] Load MU model: Squad/Parts/Aero/cones/Assets/rocketNoseCone_v3
[LOG 15:04:38.020] Load MU model: Squad/Parts/Aero/cones/Assets/TailA
[LOG 15:04:38.020] Load MU model: Squad/Parts/Aero/cones/Assets/TailB
[LOG 15:04:38.024] Load MU model: Squad/Parts/Aero/cones/Assets/TinyCone
[LOG 15:04:38.025] Load MU model: Squad/Parts/Aero/fairings/AutoTruss
[LOG 15:04:38.026] Load MU model: Squad/Parts/Aero/fairings/fairingSize1
[LOG 15:04:38.028] Load MU model: Squad/Parts/Aero/fairings/fairingSize2
[LOG 15:04:38.028] Load MU model: Squad/Parts/Aero/fairings/fairingSize3
[LOG 15:04:38.028] Load MU model: Squad/Parts/Aero/HeatShield/HeatShield0
[LOG 15:04:38.029] Load MU model: Squad/Parts/Aero/HeatShield/HeatShield1
[LOG 15:04:38.029] Load MU model: Squad/Parts/Aero/HeatShield/HeatShield2
[LOG 15:04:38.029] Load MU model: Squad/Parts/Aero/HeatShield/HeatShield3
[LOG 15:04:38.029] Load MU model: Squad/Parts/Aero/InflatableHeatShield/HeatShield
[LOG 15:04:38.031] Load MU model: Squad/Parts/Aero/intakeRadialLong/IntakeRadial
[LOG 15:04:38.032] Load MU model: Squad/Parts/Aero/miniIntake/SmallIntake
[LOG 15:04:38.032] Load MU model: Squad/Parts/Aero/ramAirIntake/RampIntake
[LOG 15:04:38.032] Load MU model: Squad/Parts/Aero/shuttleWings/ShuttleDeltaWing
[LOG 15:04:38.032] Load MU model: Squad/Parts/Aero/shuttleWings/ShuttleElevonA
[LOG 15:04:38.037] Load MU model: Squad/Parts/Aero/shuttleWings/ShuttleElevonB
[LOG 15:04:38.040] Load MU model: Squad/Parts/Aero/shuttleWings/ShuttleRudder
[LOG 15:04:38.048] Load MU model: Squad/Parts/Aero/shuttleWings/ShuttleStrake
[LOG 15:04:38.048] Load MU model: Squad/Parts/Aero/wingletAV-R8/model
[LOG 15:04:38.048] Load MU model: Squad/Parts/Aero/wingletAV-T1/model
[LOG 15:04:38.048] Load MU model: Squad/Parts/Aero/wingletDeltaDeluxe/model
[LOG 15:04:38.048] Load MU model: Squad/Parts/Aero/wings/connector1
[LOG 15:04:38.049] Load MU model: Squad/Parts/Aero/wings/connector2
[LOG 15:04:38.049] Load MU model: Squad/Parts/Aero/wings/connector3
[LOG 15:04:38.049] Load MU model: Squad/Parts/Aero/wings/connector4
[LOG 15:04:38.049] Load MU model: Squad/Parts/Aero/wings/connector5
[LOG 15:04:38.052] Load MU model: Squad/Parts/Aero/wings/delta
[LOG 15:04:38.052] Load MU model: Squad/Parts/Aero/wings/delta_small
[LOG 15:04:38.052] Load MU model: Squad/Parts/Aero/wings/elevon1
[LOG 15:04:38.052] Load MU model: Squad/Parts/Aero/wings/elevon2
[LOG 15:04:38.052] Load MU model: Squad/Parts/Aero/wings/elevon3
[LOG 15:04:38.052] Load MU model: Squad/Parts/Aero/wings/elevon4
[LOG 15:04:38.053] Load MU model: Squad/Parts/Aero/wings/elevon5
[LOG 15:04:38.053] Load MU model: Squad/Parts/Aero/wings/strake
[LOG 15:04:38.053] Load MU model: Squad/Parts/Aero/wings/structural1
[LOG 15:04:38.053] Load MU model: Squad/Parts/Aero/wings/structural2
[LOG 15:04:38.053] Load MU model: Squad/Parts/Aero/wings/structural3
[LOG 15:04:38.053] Load MU model: Squad/Parts/Aero/wings/structural4
[LOG 15:04:38.055] Load MU model: Squad/Parts/Aero/wings/swept1
[LOG 15:04:38.055] Load MU model: Squad/Parts/Aero/wings/swept2
[LOG 15:04:38.055] Load MU model: Squad/Parts/Cargo/CargoContainers/cargoContainer
[LOG 15:04:38.055] Load MU model: Squad/Parts/Cargo/CargoContainers/smallCargoContainer
[LOG 15:04:38.055] Load MU model: Squad/Parts/Cargo/Cylinder/EVAcylinder
[LOG 15:04:38.056] Load MU model: Squad/Parts/Cargo/GroundAnchor/groundAnchor
[LOG 15:04:38.056] Load MU model: Squad/Parts/Cargo/Jetpack/Jetpack
[LOG 15:04:38.057] Load MU model: Squad/Parts/Cargo/Parachute/Parachute
[LOG 15:04:38.058] Load MU model: Squad/Parts/Cargo/RepairKit/RepairKit
[LOG 15:04:38.079] Load MU model: Squad/Parts/Cargo/ScienceKit/ExperimentKit
[LOG 15:04:38.080] Load MU model: Squad/Parts/Cargo/StorageUnits/Assets/CargoStorageUnit
[LOG 15:04:38.085] Load MU model: Squad/Parts/Cargo/StorageUnits/Assets/ConformalStorageUnit
[LOG 15:04:38.088] Load MU model: Squad/Parts/Command/advancedSasModuleLarge/model
[LOG 15:04:38.088] Load MU model: Squad/Parts/Command/cupola/model
[LOG 15:04:38.093] Load MU model: Squad/Parts/Command/externalCommandSeat/model
[LOG 15:04:38.094] Load MU model: Squad/Parts/Command/hitchhikerStorageContainer/model
[LOG 15:04:38.094] Load MU model: Squad/Parts/Command/inlineAdvancedStabilizer/model
[LOG 15:04:38.095] Load MU model: Squad/Parts/Command/inlineReactionWheel/model
[LOG 15:04:38.095] Load MU model: Squad/Parts/Command/Mk1-3Pod/Mk1-3
[LOG 15:04:38.096] Load MU model: Squad/Parts/Command/mk1Cockpits/Cabin
[LOG 15:04:38.096] Load MU model: Squad/Parts/Command/mk1Cockpits/CockpitInline
[LOG 15:04:38.106] Load MU model: Squad/Parts/Command/mk1Cockpits/CockpitStandard
[LOG 15:04:38.123] Load MU model: Squad/Parts/Command/mk1LanderCan/model
[LOG 15:04:38.128] Load MU model: Squad/Parts/Command/mk1pod_v2/Mk1Pod_v2
[LOG 15:04:38.130] Load MU model: Squad/Parts/Command/mk2CockpitInline/model
[LOG 15:04:38.131] Load MU model: Squad/Parts/Command/mk2CockpitStandard/model
[LOG 15:04:38.131] Load MU model: Squad/Parts/Command/mk2DroneCore/model
[LOG 15:04:38.132] Load MU model: Squad/Parts/Command/mk2LanderCan/model
[LOG 15:04:38.137] Load MU model: Squad/Parts/Command/mk2LanderCan_v2/mk2LanderCan
[LOG 15:04:38.139] Load MU model: Squad/Parts/Command/mk3CockpitShuttle/model
[LOG 15:04:38.139] Load MU model: Squad/Parts/Command/MpoProbe/MpoProbe
[LOG 15:04:38.140] Load MU model: Squad/Parts/Command/MtmStage/MTM_Stage
[LOG 15:04:38.143] Load MU model: Squad/Parts/Command/probeCoreCube/probeCoreCube
[LOG 15:04:38.143] Load MU model: Squad/Parts/Command/probeCoreHex/model
[LOG 15:04:38.143] Load MU model: Squad/Parts/Command/probeCoreHex_v2/model
[LOG 15:04:38.149] Load MU model: Squad/Parts/Command/probeCoreOcto2_v2/probeCoreOcto2_v2
[LOG 15:04:38.149] Load MU model: Squad/Parts/Command/probeCoreOcto_v2/probeCoreOcto_v2
[LOG 15:04:38.149] Load MU model: Squad/Parts/Command/probeRoverBody/model
[LOG 15:04:38.153] Load MU model: Squad/Parts/Command/probeRoverBody_v2/probeRoverBody_v2
[LOG 15:04:38.157] Load MU model: Squad/Parts/Command/probeStackLarge/model
[LOG 15:04:38.157] Load MU model: Squad/Parts/Command/probeStackSmall/model
[LOG 15:04:38.163] Load MU model: Squad/Parts/Command/probeStackSphere_v2/probeStackSphere_v2
[LOG 15:04:38.164] Load MU model: Squad/Parts/CompoundParts/FuelLine/model
[LOG 15:04:38.164] Load MU model: Squad/Parts/CompoundParts/strutConnector/model
[LOG 15:04:38.165] Load MU model: Squad/Parts/Coupling/Assets/Decoupler_0
[LOG 15:04:38.165] Load MU model: Squad/Parts/Coupling/Assets/Decoupler_1
[LOG 15:04:38.166] Load MU model: Squad/Parts/Coupling/Assets/Decoupler_1p5
[LOG 15:04:38.169] Load MU model: Squad/Parts/Coupling/Assets/Decoupler_2
[LOG 15:04:38.169] Load MU model: Squad/Parts/Coupling/Assets/Decoupler_3
[LOG 15:04:38.170] Load MU model: Squad/Parts/Coupling/Assets/Decoupler_4
[LOG 15:04:38.170] Load MU model: Squad/Parts/Coupling/Assets/Separator_0
[LOG 15:04:38.171] Load MU model: Squad/Parts/Coupling/Assets/Separator_1
[LOG 15:04:38.171] Load MU model: Squad/Parts/Coupling/Assets/Separator_1p5
[LOG 15:04:38.174] Load MU model: Squad/Parts/Coupling/Assets/Separator_2
[LOG 15:04:38.174] Load MU model: Squad/Parts/Coupling/Assets/Separator_3
[LOG 15:04:38.174] Load MU model: Squad/Parts/Coupling/Assets/Separator_4
[LOG 15:04:38.175] Load MU model: Squad/Parts/Electrical/10CSolarPanels/assets/OX-10C
[LOG 15:04:38.176] Load MU model: Squad/Parts/Electrical/10CSolarPanels/assets/SP-10C
[LOG 15:04:38.178] Load MU model: Squad/Parts/Electrical/10LSolarPanels/assets/OX-10L
[LOG 15:04:38.180] Load MU model: Squad/Parts/Electrical/10LSolarPanels/assets/SP-10L
[LOG 15:04:38.180] Load MU model: Squad/Parts/Electrical/1x6ShroudSolarPanels/model
[LOG 15:04:38.181] Load MU model: Squad/Parts/Electrical/1x6SolarPanels/model
[LOG 15:04:38.182] Load MU model: Squad/Parts/Electrical/3x2ShroudSolarPanels/model
[LOG 15:04:38.182] Load MU model: Squad/Parts/Electrical/3x2SolarPanels/model
[LOG 15:04:38.183] Load MU model: Squad/Parts/Electrical/gigantorXlSolarArray/model
[LOG 15:04:38.184] Load MU model: Squad/Parts/Electrical/radialFlatSolarPanel/model
[LOG 15:04:38.184] Load MU model: Squad/Parts/Electrical/RTG/model
[LOG 15:04:38.187] Load MU model: Squad/Parts/Electrical/z-100Battery/model
[LOG 15:04:38.187] Load MU model: Squad/Parts/Electrical/z-1kBattery/model
[LOG 15:04:38.187] Load MU model: Squad/Parts/Electrical/z-200Battery/model
[LOG 15:04:38.187] Load MU model: Squad/Parts/Electrical/z-400Battery/model
[LOG 15:04:38.187] Load MU model: Squad/Parts/Electrical/z-4kBattery/model
[LOG 15:04:38.188] Load MU model: Squad/Parts/Engine/ionEngine/model
[LOG 15:04:38.188] Load MU model: Squad/Parts/Engine/jetEngines/turbineInside
[LOG 15:04:38.188] Load MU model: Squad/Parts/Engine/jetEngines/turboFanSize1
[LOG 15:04:38.188] Load MU model: Squad/Parts/Engine/jetEngines/turboFanSize2
[LOG 15:04:38.189] Load MU model: Squad/Parts/Engine/jetEngines/turboJet
[LOG 15:04:38.190] Load MU model: Squad/Parts/Engine/jetEngines/turboRamJet
[LOG 15:04:38.194] Load MU model: Squad/Parts/Engine/liquidEngine24-77/model
[LOG 15:04:38.194] Load MU model: Squad/Parts/Engine/liquidEngine24-77_v2/Twitch_v2
[LOG 15:04:38.194] Load MU model: Squad/Parts/Engine/liquidEngine48-7S_v2/SparkV2
[LOG 15:04:38.195] Load MU model: Squad/Parts/Engine/liquidEngineAerospike/AeroSpike
[LOG 15:04:38.195] Load MU model: Squad/Parts/Engine/liquidEngineLV-1_v2/Assets/Ant
[LOG 15:04:38.196] Load MU model: Squad/Parts/Engine/liquidEngineLV-1_v2/Assets/Spider
[LOG 15:04:38.197] Load MU model: Squad/Parts/Engine/liquidEngineLV-909_v2/TerrierV2
[LOG 15:04:38.198] Load MU model: Squad/Parts/Engine/liquidEngineLV-N/model
[LOG 15:04:38.199] Load MU model: Squad/Parts/Engine/liquidEngineLV-T30/model
[LOG 15:04:38.199] Load MU model: Squad/Parts/Engine/liquidEngineLV-T30_v2/Reliant_v2
[LOG 15:04:38.201] Load MU model: Squad/Parts/Engine/liquidEngineLV-T45/model
[LOG 15:04:38.202] Load MU model: Squad/Parts/Engine/liquidEngineLV-T45_v2/Swivel_v2
[LOG 15:04:38.203] Load MU model: Squad/Parts/Engine/liquidEngineMainsail_v2/liquidEngineMainsail_v2
[LOG 15:04:38.205] Load MU model: Squad/Parts/Engine/liquidEngineMk55/Thud
[LOG 15:04:38.207] Load MU model: Squad/Parts/Engine/liquidEnginePoodle_v2/LqdEnginePoodle_v2
[LOG 15:04:38.210] Load MU model: Squad/Parts/Engine/liquidEngineSkipper_v2/skipper_v2
[LOG 15:04:38.211] Load MU model: Squad/Parts/Engine/liquidEngineSSME/SSME
[LOG 15:04:38.212] Load MU model: Squad/Parts/Engine/MassiveSRB/MassiveSRB
[LOG 15:04:38.212] Load MU model: Squad/Parts/Engine/miniJet/SmallJet
[LOG 15:04:38.213] Load MU model: Squad/Parts/Engine/OMSEngine/Puff_v2
[LOG 15:04:38.213] Load MU model: Squad/Parts/Engine/rapierEngine/rapier
[LOG 15:04:38.214] Load MU model: Squad/Parts/Engine/Size1_SRBs/SRB10
[LOG 15:04:38.214] Load MU model: Squad/Parts/Engine/Size1_SRBs/SRB5
[LOG 15:04:38.215] Load MU model: Squad/Parts/Engine/Size2LFB/Size2LFB
[LOG 15:04:38.219] Load MU model: Squad/Parts/Engine/Size2LFB_v2/Size2LFB_v2
[LOG 15:04:38.222] Load MU model: Squad/Parts/Engine/Size3AdvancedEngine/Size3AdvancedEngine
[LOG 15:04:38.222] Load MU model: Squad/Parts/Engine/Size3EngineCluster/Size3EngineCluster
[LOG 15:04:38.223] Load MU model: Squad/Parts/Engine/solidBoosterBACC/model
[LOG 15:04:38.224] Load MU model: Squad/Parts/Engine/solidBoosterS2-17/solidBoosterS2-17
[LOG 15:04:38.225] Load MU model: Squad/Parts/Engine/solidBoosterS2-33/solidBoosterS2-33
[LOG 15:04:38.225] Load MU model: Squad/Parts/Engine/solidBoosterSep/model
[LOG 15:04:38.226] Load MU model: Squad/Parts/Engine/SolidBoostersF/Assets/SolidBoosterF3S0
[LOG 15:04:38.226] Load MU model: Squad/Parts/Engine/SolidBoostersF/Assets/SolidBoosterFM1
[LOG 15:04:38.226] Load MU model: Squad/Parts/FuelTank/adapterTanks/Mk3-Mk2
[LOG 15:04:38.227] Load MU model: Squad/Parts/FuelTank/adapterTanks/Mk3-Size2
[LOG 15:04:38.227] Load MU model: Squad/Parts/FuelTank/adapterTanks/Mk3-Size2Slant
[LOG 15:04:38.227] Load MU model: Squad/Parts/FuelTank/adapterTanks/ShuttleAdapter
[LOG 15:04:38.228] Load MU model: Squad/Parts/FuelTank/adapterTanks/Size2-Mk2
[LOG 15:04:38.228] Load MU model: Squad/Parts/FuelTank/adapterTanks/Size2-Size1
[LOG 15:04:38.228] Load MU model: Squad/Parts/FuelTank/adapterTanks/Size2-Size1Slant
[LOG 15:04:38.228] Load MU model: Squad/Parts/FuelTank/adapterTanks/Size3-Mk3
[LOG 15:04:38.229] Load MU model: Squad/Parts/FuelTank/drainTankFTE-1/fuelValve
[LOG 15:04:38.229] Load MU model: Squad/Parts/FuelTank/FoilTanks/RadialTank_Capsule
[LOG 15:04:38.229] Load MU model: Squad/Parts/FuelTank/FoilTanks/RadialTank_Round
[LOG 15:04:38.229] Load MU model: Squad/Parts/FuelTank/FoilTanks/ToroidTank
[LOG 15:04:38.231] Load MU model: Squad/Parts/FuelTank/fuelTankOscarB/model
[LOG 15:04:38.231] Load MU model: Squad/Parts/FuelTank/miniFuselage/Fuselage
[LOG 15:04:38.231] Load MU model: Squad/Parts/FuelTank/mk2Adapters/bicoupler
[LOG 15:04:38.232] Load MU model: Squad/Parts/FuelTank/mk2Adapters/long
[LOG 15:04:38.232] Load MU model: Squad/Parts/FuelTank/mk2Adapters/standard
[LOG 15:04:38.233] Load MU model: Squad/Parts/FuelTank/mk2FuselageLong/FuselageLongLFO
[LOG 15:04:38.233] Load MU model: Squad/Parts/FuelTank/mk2FuselageLong/FuselageLongLiquid
[LOG 15:04:38.233] Load MU model: Squad/Parts/FuelTank/mk2FuselageShort/FuselageShortLFO
[LOG 15:04:38.233] Load MU model: Squad/Parts/FuelTank/mk2FuselageShort/FuselageShortLiquid
[LOG 15:04:38.233] Load MU model: Squad/Parts/FuelTank/mk2FuselageShort/FuselageShortMono
[LOG 15:04:38.234] Load MU model: Squad/Parts/FuelTank/mk3Fuselage/CREW
[LOG 15:04:38.234] Load MU model: Squad/Parts/FuelTank/mk3Fuselage/LFO_100
[LOG 15:04:38.234] Load MU model: Squad/Parts/FuelTank/mk3Fuselage/LFO_25
[LOG 15:04:38.234] Load MU model: Squad/Parts/FuelTank/mk3Fuselage/LFO_50
[LOG 15:04:38.235] Load MU model: Squad/Parts/FuelTank/mk3Fuselage/LF_100
[LOG 15:04:38.235] Load MU model: Squad/Parts/FuelTank/mk3Fuselage/LF_25
[LOG 15:04:38.235] Load MU model: Squad/Parts/FuelTank/mk3Fuselage/LF_50
[LOG 15:04:38.235] Load MU model: Squad/Parts/FuelTank/mk3Fuselage/MONO
[LOG 15:04:38.235] Load MU model: Squad/Parts/FuelTank/RCSFuelTankR1/RCSFuelTankR1_01
[LOG 15:04:38.236] Load MU model: Squad/Parts/FuelTank/RCSFuelTankR10/model
[LOG 15:04:38.236] Load MU model: Squad/Parts/FuelTank/RCSFuelTankR25/RCSFuelTankR25
[LOG 15:04:38.236] Load MU model: Squad/Parts/FuelTank/RCSTankRadial/model
[LOG 15:04:38.237] Load MU model: Squad/Parts/FuelTank/RCStankRadialLong/model
[LOG 15:04:38.237] Load MU model: Squad/Parts/FuelTank/RockomaxTanks/Assets/Rockomax16
[LOG 15:04:38.237] Load MU model: Squad/Parts/FuelTank/RockomaxTanks/Assets/Rockomax32
[LOG 15:04:38.237] Load MU model: Squad/Parts/FuelTank/RockomaxTanks/Assets/Rockomax64
[LOG 15:04:38.238] Load MU model: Squad/Parts/FuelTank/RockomaxTanks/Assets/Rockomax8
[LOG 15:04:38.238] Load MU model: Squad/Parts/FuelTank/Size1_Tanks/Size1Tank_01
[LOG 15:04:38.238] Load MU model: Squad/Parts/FuelTank/Size1_Tanks/Size1Tank_02
[LOG 15:04:38.239] Load MU model: Squad/Parts/FuelTank/Size1_Tanks/Size1Tank_03
[LOG 15:04:38.239] Load MU model: Squad/Parts/FuelTank/Size1_Tanks/Size1Tank_04
[LOG 15:04:38.239] Load MU model: Squad/Parts/FuelTank/Size3Tanks/Size3LargeTank
[LOG 15:04:38.240] Load MU model: Squad/Parts/FuelTank/Size3Tanks/Size3MediumTank
[LOG 15:04:38.240] Load MU model: Squad/Parts/FuelTank/Size3Tanks/Size3SmallTank
[LOG 15:04:38.240] Load MU model: Squad/Parts/FuelTank/xenonTank/model
[LOG 15:04:38.240] Load MU model: Squad/Parts/FuelTank/xenonTankLarge/model
[LOG 15:04:38.241] Load MU model: Squad/Parts/FuelTank/xenonTankRadial/model
[LOG 15:04:38.241] Load MU model: Squad/Parts/Misc/AsteroidDay/CamSat
[LOG 15:04:38.241] Load MU model: Squad/Parts/Misc/AsteroidDay/HECS2
[LOG 15:04:38.242] Load MU model: Squad/Parts/Misc/AsteroidDay/HighGainAntenna
[LOG 15:04:38.243] Load MU model: Squad/Parts/Misc/AsteroidDay/LgRadialSolar
[LOG 15:04:38.243] Load MU model: Squad/Parts/Misc/PotatoComet/Cube
[LOG 15:04:38.243] Load MU model: Squad/Parts/Misc/PotatoRoid/Cube
[LOG 15:04:38.243] Load MU model: Squad/Parts/Resources/FuelCell/FuelCell
[LOG 15:04:38.243] Load MU model: Squad/Parts/Resources/FuelCell/FuelCellArray
[LOG 15:04:38.244] Load MU model: Squad/Parts/Resources/ISRU/ISRU
[LOG 15:04:38.244] Load MU model: Squad/Parts/Resources/LargeTank/LargeTank
[LOG 15:04:38.245] Load MU model: Squad/Parts/Resources/MiniDrill/MiniDrill
[LOG 15:04:38.246] Load MU model: Squad/Parts/Resources/MiniISRU/MiniISRU
[LOG 15:04:38.247] Load MU model: Squad/Parts/Resources/OrbitalScanner/OrbitalScanner
[LOG 15:04:38.247] Load MU model: Squad/Parts/Resources/RadialDrill/TriBitDrill
[LOG 15:04:38.250] Load MU model: Squad/Parts/Resources/RadialTank/RadialOreTank
[LOG 15:04:38.250] Load MU model: Squad/Parts/Resources/SmallTank/SmallTank
[LOG 15:04:38.250] Load MU model: Squad/Parts/Resources/SurfaceScanner/SurfaceScanner
[LOG 15:04:38.251] Load MU model: Squad/Parts/Resources/SurveyScanner/SurveyScanner
[LOG 15:04:38.251] Load MU model: Squad/Parts/Science/AtmosphereSensor/model
[LOG 15:04:38.251] Load MU model: Squad/Parts/Science/GooExperiment/GooExperiment
[LOG 15:04:38.251] Load MU model: Squad/Parts/Science/LargeCrewedLab/large_crewed_lab
[LOG 15:04:38.252] Load MU model: Squad/Parts/Science/Magnetometer/Magnetometer
[LOG 15:04:38.257] Load MU model: Squad/Parts/Science/MaterialBay/science_module_small
[LOG 15:04:38.257] Load MU model: Squad/Parts/Science/ScienceBox/ScienceBox
[LOG 15:04:38.257] Load MU model: Squad/Parts/Science/sensorAccelerometer/model
[LOG 15:04:38.258] Load MU model: Squad/Parts/Science/sensorBarometer/model
[LOG 15:04:38.258] Load MU model: Squad/Parts/Science/sensorGravimeter/model
[LOG 15:04:38.258] Load MU model: Squad/Parts/Science/sensorThermometer/model
[LOG 15:04:38.258] Load MU model: Squad/Parts/Structural/FLAdapters/Assets/adapterSmallMiniShort_v2
[LOG 15:04:38.258] Load MU model: Squad/Parts/Structural/FLAdapters/Assets/adapterSmallMiniTall_v2
[LOG 15:04:38.259] Load MU model: Squad/Parts/Structural/mk1Parts/Fuselage
[LOG 15:04:38.259] Load MU model: Squad/Parts/Structural/mk1Parts/IntakeFuselage
[LOG 15:04:38.259] Load MU model: Squad/Parts/Structural/mk1Parts/Nacelle1
[LOG 15:04:38.259] Load MU model: Squad/Parts/Structural/mk1Parts/Nacelle2
[LOG 15:04:38.260] Load MU model: Squad/Parts/Structural/mk1Parts/Structural
[LOG 15:04:38.260] Load MU model: Squad/Parts/Structural/mk1Parts/StructuralHollow
[LOG 15:04:38.260] Load MU model: Squad/Parts/Structural/Size3To2Adapter_v2/Size2to3_v2
[LOG 15:04:38.261] Load MU model: Squad/Parts/Structural/stackAdapters/Assets/adapterLargeSmallBi
[LOG 15:04:38.261] Load MU model: Squad/Parts/Structural/stackAdapters/Assets/adapterLargeSmallQuad
[LOG 15:04:38.261] Load MU model: Squad/Parts/Structural/stackAdapters/Assets/adapterLargeSmallTri
[LOG 15:04:38.261] Load MU model: Squad/Parts/Structural/stationHub/model
[LOG 15:04:38.262] Load MU model: Squad/Parts/Structural/structuralIBeam200/model
[LOG 15:04:38.262] Load MU model: Squad/Parts/Structural/structuralIBeam200Pocket/model
[LOG 15:04:38.262] Load MU model: Squad/Parts/Structural/structuralIBeam650/model
[LOG 15:04:38.262] Load MU model: Squad/Parts/Structural/structuralMicronode/model
[LOG 15:04:38.262] Load MU model: Squad/Parts/Structural/structuralPanel1x1/model
[LOG 15:04:38.262] Load MU model: Squad/Parts/Structural/structuralPanel2x2/model
[LOG 15:04:38.262] Load MU model: Squad/Parts/Structural/structuralPylons/PylonBig
[LOG 15:04:38.263] Load MU model: Squad/Parts/Structural/structuralPylons/PylonSmall
[LOG 15:04:38.263] Load MU model: Squad/Parts/Structural/strutCubicOcto/model
[LOG 15:04:38.263] Load MU model: Squad/Parts/Structural/strutOcto/model
[LOG 15:04:38.263] Load MU model: Squad/Parts/Structural/trussGirderAdapter/model
[LOG 15:04:38.264] Load MU model: Squad/Parts/Structural/trussGirderL/model
[LOG 15:04:38.265] Load MU model: Squad/Parts/Structural/trussGirderXL/model
[LOG 15:04:38.265] Load MU model: Squad/Parts/Thermal/FoldingRadiators/foldingRadLarge
[LOG 15:04:38.271] Load MU model: Squad/Parts/Thermal/FoldingRadiators/foldingRadMed
[LOG 15:04:38.273] Load MU model: Squad/Parts/Thermal/FoldingRadiators/foldingRadSmall
[LOG 15:04:38.276] Load MU model: Squad/Parts/Thermal/RadiatorPanels/radPanelEdge
[LOG 15:04:38.276] Load MU model: Squad/Parts/Thermal/RadiatorPanels/radPanelLg
[LOG 15:04:38.276] Load MU model: Squad/Parts/Thermal/RadiatorPanels/radPanelSm
[LOG 15:04:38.276] Load MU model: Squad/Parts/Utility/commDish88-88/model
[LOG 15:04:38.282] Load MU model: Squad/Parts/Utility/commsAntennaDTS-M1/mediumDishAntenna
[LOG 15:04:38.283] Load MU model: Squad/Parts/Utility/commsDish16/model
[LOG 15:04:38.283] Load MU model: Squad/Parts/Utility/decouplerRadialHDM/model
[LOG 15:04:38.283] Load MU model: Squad/Parts/Utility/decouplerRadialTT-38K/model
[LOG 15:04:38.284] Load MU model: Squad/Parts/Utility/decouplerRadialTT-70/model
[LOG 15:04:38.284] Load MU model: Squad/Parts/Utility/DirectAntennas/HGAntenna
[LOG 15:04:38.285] Load MU model: Squad/Parts/Utility/DirectAntennas/HGAntenna_v2
[LOG 15:04:38.286] Load MU model: Squad/Parts/Utility/DirectAntennas/SurfAntenna
[LOG 15:04:38.286] Load MU model: Squad/Parts/Utility/dockingPort/dockingPort
[LOG 15:04:38.286] Load MU model: Squad/Parts/Utility/dockingPortInline/dockingPortInline
[LOG 15:04:38.287] Load MU model: Squad/Parts/Utility/dockingPortJr/dockingPortJr
[LOG 15:04:38.288] Load MU model: Squad/Parts/Utility/dockingPortShielded/dockingPortShielded
[LOG 15:04:38.289] Load MU model: Squad/Parts/Utility/dockingPortSr/dockingPortSr
[LOG 15:04:38.289] Load MU model: Squad/Parts/Utility/Fireworks/Assets/fireworksLauncherBig
[LOG 15:04:38.290] Load MU model: Squad/Parts/Utility/Fireworks/Assets/fireworksLauncherSmall
[LOG 15:04:38.290] Load MU model: Squad/Parts/Utility/flags/flagFlat/flagFlatMeshes
[LOG 15:04:38.293] Load MU model: Squad/Parts/Utility/flags/flagSize0/flagSize0Meshes
[LOG 15:04:38.295] Load MU model: Squad/Parts/Utility/flags/flagSize1/flagSize1Meshes
[LOG 15:04:38.296] Load MU model: Squad/Parts/Utility/flags/flagSize2/flagSize2Meshes
[LOG 15:04:38.298] Load MU model: Squad/Parts/Utility/flags/flagSize3/flagSize3Meshes
[LOG 15:04:38.301] Load MU model: Squad/Parts/Utility/GrapplingDevice/GrapplingArm
[LOG 15:04:38.305] Load MU model: Squad/Parts/Utility/ladderRadial/model
[LOG 15:04:38.305] Load MU model: Squad/Parts/Utility/ladderTelescopic/model
[LOG 15:04:38.306] Load MU model: Squad/Parts/Utility/ladderTelescopicBay/model
[LOG 15:04:38.308] Load MU model: Squad/Parts/Utility/landingLegLT-1/model
[LOG 15:04:38.309] Load MU model: Squad/Parts/Utility/landingLegLT-2/model
[LOG 15:04:38.309] Load MU model: Squad/Parts/Utility/landingLegLT-5/model
[WRN 15:04:38.311] WheelCollider requires an attached Rigidbody to function.
[WRN 15:04:38.311] WheelCollider requires an attached Rigidbody to function.
[LOG 15:04:38.311] Load MU model: Squad/Parts/Utility/launchClamp1/model
[LOG 15:04:38.312] Load MU model: Squad/Parts/Utility/launchEscapeSystem/LaunchEscapeSystem
[LOG 15:04:38.313] Load MU model: Squad/Parts/Utility/Lights/Assets/light_02
[LOG 15:04:38.313] Load MU model: Squad/Parts/Utility/Lights/Assets/light_03
[LOG 15:04:38.313] Load MU model: Squad/Parts/Utility/Lights/Assets/light_04
[LOG 15:04:38.314] Load MU model: Squad/Parts/Utility/Lights/Assets/light_07
[LOG 15:04:38.314] Load MU model: Squad/Parts/Utility/Lights/Assets/light_08
[LOG 15:04:38.315] Load MU model: Squad/Parts/Utility/Lights/Assets/light_12
[LOG 15:04:38.315] Load MU model: Squad/Parts/Utility/linearVernorRCS/Assets/linearRCS
[LOG 15:04:38.315] Load MU model: Squad/Parts/Utility/linearVernorRCS/Assets/vernorEngine
[LOG 15:04:38.316] Load MU model: Squad/Parts/Utility/mk2CargoBay/BayLarge
[LOG 15:04:38.316] Load MU model: Squad/Parts/Utility/mk2CargoBay/BaySmall
[LOG 15:04:38.317] Load MU model: Squad/Parts/Utility/mk2CrewCabin/model
[LOG 15:04:38.317] Load MU model: Squad/Parts/Utility/mk2DockingPort/mk2Dockingport
[LOG 15:04:38.318] Load MU model: Squad/Parts/Utility/mk3CargoBay/long
[LOG 15:04:38.319] Load MU model: Squad/Parts/Utility/mk3CargoBay/medium
[LOG 15:04:38.320] Load MU model: Squad/Parts/Utility/mk3CargoBay/ramp
[LOG 15:04:38.321] Load MU model: Squad/Parts/Utility/mk3CargoBay/short
[LOG 15:04:38.321] Load MU model: Squad/Parts/Utility/parachuteMk1/model
[LOG 15:04:38.322] Load MU model: Squad/Parts/Utility/parachuteMk12-R/model
[LOG 15:04:38.322] Load MU model: Squad/Parts/Utility/parachuteMk16-XL/model
[LOG 15:04:38.323] Load MU model: Squad/Parts/Utility/parachuteMk2-R/model
[LOG 15:04:38.323] Load MU model: Squad/Parts/Utility/parachuteMk25/model
[LOG 15:04:38.323] Load MU model: Squad/Parts/Utility/radialAttachmentPoint/model
[LOG 15:04:38.324] Load MU model: Squad/Parts/Utility/rcsBlockRV-105_v2/rcsBlock105
[LOG 15:04:38.325] Load MU model: Squad/Parts/Utility/rcsSmallLinear/Assets/RCSLinearSmall
[LOG 15:04:38.325] Load MU model: Squad/Parts/Utility/RelayAntennas/HGAntenna
[LOG 15:04:38.326] Load MU model: Squad/Parts/Utility/RelayAntennas/RA-100
[LOG 15:04:38.326] Load MU model: Squad/Parts/Utility/RelayAntennas/RA-5
[LOG 15:04:38.327] Load MU model: Squad/Parts/Utility/RelayAntennas/RA-50
[LOG 15:04:38.327] Load MU model: Squad/Parts/Utility/rockomaxAdapters/Assets/brandAdapter
[LOG 15:04:38.327] Load MU model: Squad/Parts/Utility/rockomaxAdapters/Assets/brandAdapter02
[LOG 15:04:38.328] Load MU model: Squad/Parts/Utility/ServiceBay_v2/Assets/ServiceBay_125_v2
[LOG 15:04:38.329] Load MU model: Squad/Parts/Utility/ServiceBay_v2/Assets/ServiceBay_250_v2
[LOG 15:04:38.330] Load MU model: Squad/Parts/Utility/smallClaw/smallClaw
[LOG 15:04:38.335] Load MU model: Squad/Parts/Utility/spotLightMk1/model
[LOG 15:04:38.335] Load MU model: Squad/Parts/Utility/spotLightMk1_v2/model
[LOG 15:04:38.336] Load MU model: Squad/Parts/Utility/spotLightMk2/model
[LOG 15:04:38.336] Load MU model: Squad/Parts/Utility/spotLightMk2_v2/model
[LOG 15:04:38.336] Load MU model: Squad/Parts/Utility/stackCouplers/Assets/stackBiCoupler_v2
[LOG 15:04:38.337] Load MU model: Squad/Parts/Utility/stackCouplers/Assets/stackQuadCoupler
[LOG 15:04:38.337] Load MU model: Squad/Parts/Utility/stackCouplers/Assets/stackTriCoupler_v2
[LOG 15:04:38.337] Load MU model: Squad/Parts/Wheel/LandingGear/GearExtraLarge
[WRN 15:04:38.339] WheelCollider requires an attached Rigidbody to function.
[WRN 15:04:38.339] WheelCollider requires an attached Rigidbody to function.
[LOG 15:04:38.340] Load MU model: Squad/Parts/Wheel/LandingGear/GearFixed
[WRN 15:04:38.340] WheelCollider requires an attached Rigidbody to function.
[WRN 15:04:38.340] WheelCollider requires an attached Rigidbody to function.
[LOG 15:04:38.340] Load MU model: Squad/Parts/Wheel/LandingGear/GearFree
[WRN 15:04:38.340] WheelCollider requires an attached Rigidbody to function.
[WRN 15:04:38.340] WheelCollider requires an attached Rigidbody to function.
[LOG 15:04:38.340] Load MU model: Squad/Parts/Wheel/LandingGear/GearLarge
[WRN 15:04:38.340] WheelCollider requires an attached Rigidbody to function.
[WRN 15:04:38.340] WheelCollider requires an attached Rigidbody to function.
[LOG 15:04:38.341] Load MU model: Squad/Parts/Wheel/LandingGear/GearMedium
[WRN 15:04:38.342] WheelCollider requires an attached Rigidbody to function.
[WRN 15:04:38.342] WheelCollider requires an attached Rigidbody to function.
[LOG 15:04:38.342] Load MU model: Squad/Parts/Wheel/LandingGear/GearSmall
[WRN 15:04:38.342] WheelCollider requires an attached Rigidbody to function.
[WRN 15:04:38.342] WheelCollider requires an attached Rigidbody to function.
[LOG 15:04:38.343] Load MU model: Squad/Parts/Wheel/roverWheelM1/model
[WRN 15:04:38.343] WheelCollider requires an attached Rigidbody to function.
[WRN 15:04:38.343] WheelCollider requires an attached Rigidbody to function.
[LOG 15:04:38.343] Load MU model: Squad/Parts/Wheel/roverWheelS2/model
[WRN 15:04:38.343] WheelCollider requires an attached Rigidbody to function.
[WRN 15:04:38.343] WheelCollider requires an attached Rigidbody to function.
[LOG 15:04:38.344] Load MU model: Squad/Parts/Wheel/roverWheelTR-2L/model
[WRN 15:04:38.344] WheelCollider requires an attached Rigidbody to function.
[WRN 15:04:38.344] WheelCollider requires an attached Rigidbody to function.
[LOG 15:04:38.344] Load MU model: Squad/Parts/Wheel/roverWheelXL3/model
[WRN 15:04:38.346] WheelCollider requires an attached Rigidbody to function.
[WRN 15:04:38.346] WheelCollider requires an attached Rigidbody to function.
[LOG 15:04:38.346] Load MU model: Squad/Props/AltimeterThreeHands/model
[LOG 15:04:38.346] Load MU model: Squad/Props/AtmosphereDepth/model
[LOG 15:04:38.346] Load MU model: Squad/Props/AxisIndicator/model
[LOG 15:04:38.346] Load MU model: Squad/Props/buttonsGeneric/circularButton
[LOG 15:04:38.347] Load MU model: Squad/Props/buttonsGeneric/clusterButtons
[LOG 15:04:38.347] Load MU model: Squad/Props/buttonsGeneric/clusterButtons2
[LOG 15:04:38.347] Load MU model: Squad/Props/buttonsGeneric/clusterKnob
[LOG 15:04:38.347] Load MU model: Squad/Props/buttonsGeneric/clusterKnob2
[LOG 15:04:38.347] Load MU model: Squad/Props/buttonsGeneric/clusterMixed
[LOG 15:04:38.347] Load MU model: Squad/Props/buttonsGeneric/clusterSwitches01
[LOG 15:04:38.348] Load MU model: Squad/Props/buttonsGeneric/clusterSwitches02
[LOG 15:04:38.348] Load MU model: Squad/Props/buttonsGeneric/clusterSwitches03
[LOG 15:04:38.349] Load MU model: Squad/Props/buttonsGeneric/clusterSwitches04
[LOG 15:04:38.349] Load MU model: Squad/Props/buttonsGeneric/clusterSwitches05
[LOG 15:04:38.349] Load MU model: Squad/Props/buttonsGeneric/clusterSwitches06
[LOG 15:04:38.349] Load MU model: Squad/Props/buttonsGeneric/clusterSwitches07
[LOG 15:04:38.349] Load MU model: Squad/Props/buttonsGeneric/directionalKnob
[LOG 15:04:38.349] Load MU model: Squad/Props/buttonsGeneric/directionalKnob2
[LOG 15:04:38.350] Load MU model: Squad/Props/buttonsGeneric/pullSwitch
[LOG 15:04:38.350] Load MU model: Squad/Props/buttonsGeneric/squareButton
[LOG 15:04:38.350] Load MU model: Squad/Props/buttonsGeneric/standingSwitch
[LOG 15:04:38.350] Load MU model: Squad/Props/buttonsGeneric/switch
[LOG 15:04:38.350] Load MU model: Squad/Props/buttonsGeneric/switchWithGuards
[LOG 15:04:38.350] Load MU model: Squad/Props/ButtonSquare/model
[LOG 15:04:38.350] Load MU model: Squad/Props/circularButton/model
[LOG 15:04:38.350] Load MU model: Squad/Props/Compass/model
[LOG 15:04:38.351] Load MU model: Squad/Props/directionalKnob/model
[LOG 15:04:38.351] Load MU model: Squad/Props/directionalKnob2/model
[LOG 15:04:38.351] Load MU model: Squad/Props/IndicatorPanel/model
[LOG 15:04:38.351] Load MU model: Squad/Props/IVANavBall/model
[LOG 15:04:38.352] Load MU model: Squad/Props/IVANavBallNoBase/model
[LOG 15:04:38.352] Load MU model: Squad/Props/ledPanelSpeed/model
[LOG 15:04:38.352] Load MU model: Squad/Props/Monitor/MonitorDockingMode
[LOG 15:04:38.353] Load MU model: Squad/Props/NavBall/model
[LOG 15:04:38.353] Load MU model: Squad/Props/PropsGeneric/Button_DockingMode
[LOG 15:04:38.353] Load MU model: Squad/Props/PropsGeneric/CargoBagA
[LOG 15:04:38.355] Load MU model: Squad/Props/PropsGeneric/CargoBagB
[LOG 15:04:38.356] Load MU model: Squad/Props/PropsGeneric/CargoBagC
[LOG 15:04:38.356] Load MU model: Squad/Props/PropsGeneric/Hatch_Plane
[LOG 15:04:38.356] Load MU model: Squad/Props/PropsGeneric/Hatch_Plane_Curve90
[LOG 15:04:38.356] Load MU model: Squad/Props/PropsGeneric/Hatch_Plane_Frame
[LOG 15:04:38.356] Load MU model: Squad/Props/PropsGeneric/Seat_Passenger
[LOG 15:04:38.356] Load MU model: Squad/Props/PropsGeneric/Seat_Pilot
[LOG 15:04:38.356] Load MU model: Squad/Props/PropsGeneric/Seat_Pilot_Helmet
[LOG 15:04:38.357] Load MU model: Squad/Props/PropsGeneric/SideStick
[LOG 15:04:38.357] Load MU model: Squad/Props/pullSwitch/model
[LOG 15:04:38.357] Load MU model: Squad/Props/radarAltitude/model
[LOG 15:04:38.357] Load MU model: Squad/Props/squareButton/model
[LOG 15:04:38.357] Load MU model: Squad/Props/standingSwitch/model
[LOG 15:04:38.357] Load MU model: Squad/Props/switch/model
[LOG 15:04:38.357] Load MU model: Squad/Props/switchGuard/model
[LOG 15:04:38.357] Load MU model: Squad/Props/switchWithGuards/model
[LOG 15:04:38.358] Load MU model: Squad/Props/throttle/model
[LOG 15:04:38.358] Load MU model: Squad/Props/VSI/model
[LOG 15:04:38.358] Load MU model: Squad/Spaces/crewCabinInternals/model
[LOG 15:04:38.360] Load MU model: Squad/Spaces/cupolaInternal/model
[LOG 15:04:38.361] Load MU model: Squad/Spaces/GenericSpace1/model
[LOG 15:04:38.362] Load MU model: Squad/Spaces/GenericSpace3/model
[LOG 15:04:38.364] Load MU model: Squad/Spaces/landerCabinInternals/model
[LOG 15:04:38.365] Load MU model: Squad/Spaces/landerCabinSmallInternal/model
[LOG 15:04:38.366] Load MU model: Squad/Spaces/LargeCrewedLabInternals/Large_Crewed_lab_Int
[LOG 15:04:38.369] Load MU model: Squad/Spaces/Mk1-3/model
[LOG 15:04:38.372] Load MU model: Squad/Spaces/mk1CabinInternal/mk1cabin
[LOG 15:04:38.375] Load MU model: Squad/Spaces/mk1CockpitInternal/Mk1StandardIVA
[LOG 15:04:38.377] Load MU model: Squad/Spaces/mk1InlineInternal/Mk1InlineIVA
[LOG 15:04:38.378] Load MU model: Squad/Spaces/mk1PodCockpit/model
[LOG 15:04:38.379] Load MU model: Squad/Spaces/mk1pod_IVA/mk1pod_IVA
[LOG 15:04:38.380] Load MU model: Squad/Spaces/mk2CockpitStandardInternal/model
[LOG 15:04:38.381] Load MU model: Squad/Spaces/Mk2CrewCabinInternal/MK2_CrewCab_Int
[LOG 15:04:38.382] Load MU model: Squad/Spaces/mk2InlineInternal/mk2InlineIVA
[LOG 15:04:38.384] Load MU model: Squad/Spaces/mk2LanderCanInternal/mk2LanderCanInternal
[LOG 15:04:38.385] Load MU model: Squad/Spaces/MK3CockpitInternal/MK3_Cockpit_Int
[LOG 15:04:38.386] Load MU model: Squad/Spaces/MK3_CrewCab_Int/MK3_CrewCab_Int
[LOG 15:04:38.390] Load MU model: Squad/Spaces/OverlayMasks/CupolaMask
[LOG 15:04:38.390] Load MU model: Squad/Spaces/OverlayMasks/HitchhikerBorder
[LOG 15:04:38.391] Load MU model: Squad/Spaces/OverlayMasks/HitchhikerMask
[LOG 15:04:38.391] Load MU model: Squad/Spaces/OverlayMasks/LargeLabBorder
[LOG 15:04:38.391] Load MU model: Squad/Spaces/OverlayMasks/LargeLabMask
[LOG 15:04:38.391] Load MU model: Squad/Spaces/OverlayMasks/Mk1CabinBorder
[LOG 15:04:38.391] Load MU model: Squad/Spaces/OverlayMasks/Mk1CabinMask
[LOG 15:04:38.391] Load MU model: Squad/Spaces/OverlayMasks/Mk1InlineMask
[LOG 15:04:38.391] Load MU model: Squad/Spaces/OverlayMasks/Mk1InlineMask2
[LOG 15:04:38.391] Load MU model: Squad/Spaces/OverlayMasks/Mk1StandardBorder2
[LOG 15:04:38.391] Load MU model: Squad/Spaces/OverlayMasks/Mk1StandardBorder3
[LOG 15:04:38.391] Load MU model: Squad/Spaces/OverlayMasks/Mk1StandardMask
[LOG 15:04:38.392] Load MU model: Squad/Spaces/OverlayMasks/Mk1StandardMask2
[LOG 15:04:38.392] Load MU model: Squad/Spaces/OverlayMasks/Mk1StandardMask3
[LOG 15:04:38.392] Load MU model: Squad/Spaces/OverlayMasks/Mk2CabinBorder
[LOG 15:04:38.392] Load MU model: Squad/Spaces/OverlayMasks/Mk2CabinMask
[LOG 15:04:38.392] Load MU model: Squad/Spaces/OverlayMasks/Mk2InlineBorder
[LOG 15:04:38.392] Load MU model: Squad/Spaces/OverlayMasks/Mk2InlineMask
[LOG 15:04:38.392] Load MU model: Squad/Spaces/OverlayMasks/Mk2StandardBorder
[LOG 15:04:38.392] Load MU model: Squad/Spaces/OverlayMasks/Mk2StandardMask
[LOG 15:04:38.392] Load MU model: Squad/Spaces/OverlayMasks/Mk3CabinBorder
[LOG 15:04:38.392] Load MU model: Squad/Spaces/OverlayMasks/Mk3CabinMask
[LOG 15:04:38.393] Load MU model: Squad/Spaces/OverlayMasks/Mk3CabinMask2
[LOG 15:04:38.393] Load MU model: Squad/Spaces/OverlayMasks/Mk3ShuttleBorder
[LOG 15:04:38.393] Load MU model: Squad/Spaces/OverlayMasks/Mk3ShuttleMask
[LOG 15:04:38.393] Load MU model: Squad/Spaces/OverlayMasks/Size1LanderBorder
[LOG 15:04:38.393] Load MU model: Squad/Spaces/OverlayMasks/Size1LanderMask
[LOG 15:04:38.393] Load MU model: Squad/Spaces/OverlayMasks/Size1PodBorder
[LOG 15:04:38.393] Load MU model: Squad/Spaces/OverlayMasks/Size1PodMask
[LOG 15:04:38.393] Load MU model: Squad/Spaces/OverlayMasks/Size2LanderBorder
[LOG 15:04:38.394] Load MU model: Squad/Spaces/OverlayMasks/Size2LanderMask
[LOG 15:04:38.394] Load MU model: Squad/Spaces/OverlayMasks/Size2PodBorder
[LOG 15:04:38.394] Load MU model: Squad/Spaces/OverlayMasks/Size2PodMask
[LOG 15:04:38.394] Load MU model: Squad/Spaces/Placeholder/PlaceholderIVA
[LOG 15:04:38.394] Load MU model: Squad/Spaces/PodCockpit/model
[LOG 15:04:38.397] Load MU model: SquadExpansion/MakingHistory/Parts/Aero/protectiveRocketNoseMk5A/Size_1_5_Cone
[LOG 15:04:38.397] Load MU model: SquadExpansion/MakingHistory/Parts/Coupling/Assets/EnginePlate
[LOG 15:04:38.398] Load MU model: SquadExpansion/MakingHistory/Parts/Coupling/Assets/InflatableAirlock
[LOG 15:04:38.398] Load MU model: SquadExpansion/MakingHistory/Parts/Coupling/Assets/Size1_5_Decoupler
[LOG 15:04:38.399] Load MU model: SquadExpansion/MakingHistory/Parts/Engine/Assets/KE-1
[LOG 15:04:38.403] Load MU model: SquadExpansion/MakingHistory/Parts/Engine/Assets/LV-T87
[LOG 15:04:38.406] Load MU model: SquadExpansion/MakingHistory/Parts/Engine/Assets/LV-T91
[LOG 15:04:38.407] Load MU model: SquadExpansion/MakingHistory/Parts/Engine/Assets/RE-I2
[LOG 15:04:38.409] Load MU model: SquadExpansion/MakingHistory/Parts/Engine/Assets/RE-J10
[LOG 15:04:38.410] Load MU model: SquadExpansion/MakingHistory/Parts/Engine/Assets/RK-7
[LOG 15:04:38.412] Load MU model: SquadExpansion/MakingHistory/Parts/Engine/Assets/RV-1
[LOG 15:04:38.412] Load MU model: SquadExpansion/MakingHistory/Parts/Engine/solidBoosterTHK/solidBoosterTHK
[LOG 15:04:38.412] Load MU model: SquadExpansion/MakingHistory/Parts/FuelTank/Assets/MiniMonoTank
[LOG 15:04:38.412] Load MU model: SquadExpansion/MakingHistory/Parts/FuelTank/Assets/Size1_5_Size0_Adapter_01
[LOG 15:04:38.413] Load MU model: SquadExpansion/MakingHistory/Parts/FuelTank/Assets/Size1_5_Size1_Adapter_01
[LOG 15:04:38.413] Load MU model: SquadExpansion/MakingHistory/Parts/FuelTank/Assets/Size1_5_Size1_Adapter_02
[LOG 15:04:38.413] Load MU model: SquadExpansion/MakingHistory/Parts/FuelTank/Assets/Size1_5_Size2_Adapter_01
[LOG 15:04:38.413] Load MU model: SquadExpansion/MakingHistory/Parts/FuelTank/Assets/Size1_5_Tank_01
[LOG 15:04:38.414] Load MU model: SquadExpansion/MakingHistory/Parts/FuelTank/Assets/Size1_5_Tank_02
[LOG 15:04:38.414] Load MU model: SquadExpansion/MakingHistory/Parts/FuelTank/Assets/Size1_5_Tank_03
[LOG 15:04:38.414] Load MU model: SquadExpansion/MakingHistory/Parts/FuelTank/Assets/Size1_5_Tank_04
[LOG 15:04:38.415] Load MU model: SquadExpansion/MakingHistory/Parts/FuelTank/Assets/Size1_5_Tank_05
[LOG 15:04:38.415] Load MU model: SquadExpansion/MakingHistory/Parts/FuelTank/Assets/Size3_Size4_Adapter_01
[LOG 15:04:38.415] Load MU model: SquadExpansion/MakingHistory/Parts/FuelTank/Assets/Size4_EngineAdapter_01
[LOG 15:04:38.416] Load MU model: SquadExpansion/MakingHistory/Parts/FuelTank/Assets/Size4_Tank_01
[LOG 15:04:38.416] Load MU model: SquadExpansion/MakingHistory/Parts/FuelTank/Assets/Size4_Tank_02
[LOG 15:04:38.416] Load MU model: SquadExpansion/MakingHistory/Parts/FuelTank/Assets/Size4_Tank_03
[LOG 15:04:38.417] Load MU model: SquadExpansion/MakingHistory/Parts/FuelTank/Assets/Size4_Tank_04
[LOG 15:04:38.417] Load MU model: SquadExpansion/MakingHistory/Parts/FuelTank/Assets/Size_1p5_Monoprop
[LOG 15:04:38.418] Load MU model: SquadExpansion/MakingHistory/Parts/Ground/Assets/RoverWheel
[WRN 15:04:38.419] WheelCollider requires an attached Rigidbody to function.
[WRN 15:04:38.419] WheelCollider requires an attached Rigidbody to function.
[LOG 15:04:38.419] Load MU model: SquadExpansion/MakingHistory/Parts/Payload/Assets/ServiceModule18
[LOG 15:04:38.419] Load MU model: SquadExpansion/MakingHistory/Parts/Payload/Assets/ServiceModule25
[LOG 15:04:38.420] Load MU model: SquadExpansion/MakingHistory/Parts/Payload/Assets/Size1to0ServiceModule
[LOG 15:04:38.421] Load MU model: SquadExpansion/MakingHistory/Parts/Pods/Assets/Mk2Pod
[LOG 15:04:38.421] Load MU model: SquadExpansion/MakingHistory/Parts/Pods/Assets/RoundPod
[LOG 15:04:38.422] Load MU model: SquadExpansion/MakingHistory/Parts/Pods/Assets/Size1_5_Lander
[LOG 15:04:38.422] Load MU model: SquadExpansion/MakingHistory/Parts/SharedAssets/Shroud1p5x0
[LOG 15:04:38.423] Load MU model: SquadExpansion/MakingHistory/Parts/SharedAssets/Shroud1p5x1
[LOG 15:04:38.423] Load MU model: SquadExpansion/MakingHistory/Parts/SharedAssets/Shroud1p5x2
[LOG 15:04:38.423] Load MU model: SquadExpansion/MakingHistory/Parts/SharedAssets/Shroud1p5x3
[LOG 15:04:38.423] Load MU model: SquadExpansion/MakingHistory/Parts/SharedAssets/Shroud1p5x4
[LOG 15:04:38.423] Load MU model: SquadExpansion/MakingHistory/Parts/SharedAssets/Shroud1x0
[LOG 15:04:38.423] Load MU model: SquadExpansion/MakingHistory/Parts/SharedAssets/Shroud1x1
[LOG 15:04:38.423] Load MU model: SquadExpansion/MakingHistory/Parts/SharedAssets/Shroud1x2
[LOG 15:04:38.424] Load MU model: SquadExpansion/MakingHistory/Parts/SharedAssets/Shroud1x3
[LOG 15:04:38.424] Load MU model: SquadExpansion/MakingHistory/Parts/SharedAssets/Shroud1x4
[LOG 15:04:38.424] Load MU model: SquadExpansion/MakingHistory/Parts/SharedAssets/Shroud2x0
[LOG 15:04:38.424] Load MU model: SquadExpansion/MakingHistory/Parts/SharedAssets/Shroud2x1
[LOG 15:04:38.424] Load MU model: SquadExpansion/MakingHistory/Parts/SharedAssets/Shroud2x2
[LOG 15:04:38.424] Load MU model: SquadExpansion/MakingHistory/Parts/SharedAssets/Shroud2x3
[LOG 15:04:38.424] Load MU model: SquadExpansion/MakingHistory/Parts/SharedAssets/Shroud2x4
[LOG 15:04:38.424] Load MU model: SquadExpansion/MakingHistory/Parts/SharedAssets/Shroud3x0
[LOG 15:04:38.425] Load MU model: SquadExpansion/MakingHistory/Parts/SharedAssets/Shroud3x1
[LOG 15:04:38.425] Load MU model: SquadExpansion/MakingHistory/Parts/SharedAssets/Shroud3x2
[LOG 15:04:38.425] Load MU model: SquadExpansion/MakingHistory/Parts/SharedAssets/Shroud3x3
[LOG 15:04:38.425] Load MU model: SquadExpansion/MakingHistory/Parts/SharedAssets/Shroud3x4
[LOG 15:04:38.425] Load MU model: SquadExpansion/MakingHistory/Parts/SharedAssets/Shroud4x0
[LOG 15:04:38.425] Load MU model: SquadExpansion/MakingHistory/Parts/SharedAssets/Shroud4x1
[LOG 15:04:38.425] Load MU model: SquadExpansion/MakingHistory/Parts/SharedAssets/Shroud4x2
[LOG 15:04:38.425] Load MU model: SquadExpansion/MakingHistory/Parts/SharedAssets/Shroud4x3
[LOG 15:04:38.426] Load MU model: SquadExpansion/MakingHistory/Parts/SharedAssets/Shroud4x4
[LOG 15:04:38.426] Load MU model: SquadExpansion/MakingHistory/Parts/SharedAssets/ShroudCollider0
[LOG 15:04:38.426] Load MU model: SquadExpansion/MakingHistory/Parts/SharedAssets/ShroudCollider1
[LOG 15:04:38.426] Load MU model: SquadExpansion/MakingHistory/Parts/SharedAssets/ShroudCollider1p5
[LOG 15:04:38.426] Load MU model: SquadExpansion/MakingHistory/Parts/SharedAssets/ShroudCollider2
[LOG 15:04:38.427] Load MU model: SquadExpansion/MakingHistory/Parts/SharedAssets/ShroudCollider3
[LOG 15:04:38.427] Load MU model: SquadExpansion/MakingHistory/Parts/SharedAssets/ShroudCollider4
[LOG 15:04:38.427] Load MU model: SquadExpansion/MakingHistory/Parts/Structural/Assets/EquiTriangle0
[LOG 15:04:38.427] Load MU model: SquadExpansion/MakingHistory/Parts/Structural/Assets/EquiTriangle1
[LOG 15:04:38.428] Load MU model: SquadExpansion/MakingHistory/Parts/Structural/Assets/EquiTriangle1p5
[LOG 15:04:38.428] Load MU model: SquadExpansion/MakingHistory/Parts/Structural/Assets/EquiTriangle2
[LOG 15:04:38.428] Load MU model: SquadExpansion/MakingHistory/Parts/Structural/Assets/Panel0
[LOG 15:04:38.428] Load MU model: SquadExpansion/MakingHistory/Parts/Structural/Assets/Panel1
[LOG 15:04:38.428] Load MU model: SquadExpansion/MakingHistory/Parts/Structural/Assets/Panel1p5
[LOG 15:04:38.428] Load MU model: SquadExpansion/MakingHistory/Parts/Structural/Assets/Panel2
[LOG 15:04:38.428] Load MU model: SquadExpansion/MakingHistory/Parts/Structural/Assets/Triangle0
[LOG 15:04:38.429] Load MU model: SquadExpansion/MakingHistory/Parts/Structural/Assets/Triangle1
[LOG 15:04:38.429] Load MU model: SquadExpansion/MakingHistory/Parts/Structural/Assets/Triangle1p5
[LOG 15:04:38.429] Load MU model: SquadExpansion/MakingHistory/Parts/Structural/Assets/Triangle2
[LOG 15:04:38.429] Load MU model: SquadExpansion/MakingHistory/Parts/Utility/flags/flagSize1p5/flagSize1p5Meshes
[LOG 15:04:38.430] Load MU model: SquadExpansion/MakingHistory/Parts/Utility/flags/flagSize4/flagSize4Meshes
[LOG 15:04:38.432] Load MU model: SquadExpansion/MakingHistory/Spaces/KVPods/Airlock_IVA
[LOG 15:04:38.432] Load MU model: SquadExpansion/MakingHistory/Spaces/KVPods/KV1_IVA
[LOG 15:04:38.433] Load MU model: SquadExpansion/MakingHistory/Spaces/KVPods/KV2_IVA
[LOG 15:04:38.435] Load MU model: SquadExpansion/MakingHistory/Spaces/KVPods/KV3_IVA
[LOG 15:04:38.439] Load MU model: SquadExpansion/MakingHistory/Spaces/MEM/MEM_IVA
[LOG 15:04:38.441] Load MU model: SquadExpansion/MakingHistory/Spaces/Mk2Pod/MK2POD_IVA
[LOG 15:04:38.442] Load MU model: SquadExpansion/Serenity/Parts/Aero/Assets/FanShroud_01
[LOG 15:04:38.443] Load MU model: SquadExpansion/Serenity/Parts/Aero/Assets/FanShroud_02
[LOG 15:04:38.443] Load MU model: SquadExpansion/Serenity/Parts/Aero/Assets/FanShroud_03
[LOG 15:04:38.444] Load MU model: SquadExpansion/Serenity/Parts/Aero/Assets/noseconeTiny
[LOG 15:04:38.444] Load MU model: SquadExpansion/Serenity/Parts/Aero/Assets/noseconeVS
[LOG 15:04:38.444] Load MU model: SquadExpansion/Serenity/Parts/DeployedScience/Assets/CentralStation
[LOG 15:04:38.446] Load MU model: SquadExpansion/Serenity/Parts/DeployedScience/Assets/GoExOb
[LOG 15:04:38.449] Load MU model: SquadExpansion/Serenity/Parts/DeployedScience/Assets/IonExperiment
[LOG 15:04:38.450] Load MU model: SquadExpansion/Serenity/Parts/DeployedScience/Assets/RTGCask
[LOG 15:04:38.451] Load MU model: SquadExpansion/Serenity/Parts/DeployedScience/Assets/satDish
[LOG 15:04:38.453] Load MU model: SquadExpansion/Serenity/Parts/DeployedScience/Assets/seismicSensor
[LOG 15:04:38.457] Load MU model: SquadExpansion/Serenity/Parts/DeployedScience/Assets/solarPanel
[LOG 15:04:38.459] Load MU model: SquadExpansion/Serenity/Parts/DeployedScience/Assets/WeatherStation
[LOG 15:04:38.463] Load MU model: SquadExpansion/Serenity/Parts/Propellers/Assets/largeFanBlade
[LOG 15:04:38.463] Load MU model: SquadExpansion/Serenity/Parts/Propellers/Assets/largeHeliBlade
[LOG 15:04:38.463] Load MU model: SquadExpansion/Serenity/Parts/Propellers/Assets/largePropeller
[LOG 15:04:38.463] Load MU model: SquadExpansion/Serenity/Parts/Propellers/Assets/mediumFanBlade
[LOG 15:04:38.463] Load MU model: SquadExpansion/Serenity/Parts/Propellers/Assets/mediumHeliBlade
[LOG 15:04:38.464] Load MU model: SquadExpansion/Serenity/Parts/Propellers/Assets/mediumPropeller
[LOG 15:04:38.464] Load MU model: SquadExpansion/Serenity/Parts/Propellers/Assets/smallFanBlade
[LOG 15:04:38.464] Load MU model: SquadExpansion/Serenity/Parts/Propellers/Assets/smallHeliBlade
[LOG 15:04:38.464] Load MU model: SquadExpansion/Serenity/Parts/Propellers/Assets/smallPropeller
[LOG 15:04:38.465] Load MU model: SquadExpansion/Serenity/Parts/Robotics/Assets/hinge_01
[LOG 15:04:38.465] Load MU model: SquadExpansion/Serenity/Parts/Robotics/Assets/hinge_01_s
[LOG 15:04:38.465] Load MU model: SquadExpansion/Serenity/Parts/Robotics/Assets/hinge_03
[LOG 15:04:38.466] Load MU model: SquadExpansion/Serenity/Parts/Robotics/Assets/hinge_03_s
[LOG 15:04:38.466] Load MU model: SquadExpansion/Serenity/Parts/Robotics/Assets/hinge_04
[LOG 15:04:38.466] Load MU model: SquadExpansion/Serenity/Parts/Robotics/Assets/piston_01
[LOG 15:04:38.467] Load MU model: SquadExpansion/Serenity/Parts/Robotics/Assets/piston_02
[LOG 15:04:38.467] Load MU model: SquadExpansion/Serenity/Parts/Robotics/Assets/piston_03
[LOG 15:04:38.467] Load MU model: SquadExpansion/Serenity/Parts/Robotics/Assets/piston_04
[LOG 15:04:38.467] Load MU model: SquadExpansion/Serenity/Parts/Robotics/Assets/RotorEngine_02
[LOG 15:04:38.468] Load MU model: SquadExpansion/Serenity/Parts/Robotics/Assets/RotorEngine_03
[LOG 15:04:38.469] Load MU model: SquadExpansion/Serenity/Parts/Robotics/Assets/rotor_01
[LOG 15:04:38.469] Load MU model: SquadExpansion/Serenity/Parts/Robotics/Assets/rotor_01s
[LOG 15:04:38.470] Load MU model: SquadExpansion/Serenity/Parts/Robotics/Assets/rotor_02
[LOG 15:04:38.471] Load MU model: SquadExpansion/Serenity/Parts/Robotics/Assets/rotor_02s
[LOG 15:04:38.473] Load MU model: SquadExpansion/Serenity/Parts/Robotics/Assets/rotor_03
[LOG 15:04:38.474] Load MU model: SquadExpansion/Serenity/Parts/Robotics/Assets/rotor_03s
[LOG 15:04:38.475] Load MU model: SquadExpansion/Serenity/Parts/Robotics/Assets/RotoServo_00
[LOG 15:04:38.475] Load MU model: SquadExpansion/Serenity/Parts/Robotics/Assets/RotoServo_02
[LOG 15:04:38.475] Load MU model: SquadExpansion/Serenity/Parts/Robotics/Assets/RotoServo_03
[LOG 15:04:38.476] Load MU model: SquadExpansion/Serenity/Parts/Robotics/Assets/RotoServo_04
[LOG 15:04:38.476] Load MU model: SquadExpansion/Serenity/Parts/Robotics/Controllers/controller1000
[LOG 15:04:38.476] Load MU model: SquadExpansion/Serenity/Parts/Science/RobotArmScanner/Assets/ROCArm_01
[LOG 15:04:38.477] Load MU model: SquadExpansion/Serenity/Parts/Science/RobotArmScanner/Assets/ROCArm_02
[LOG 15:04:38.478] Load MU model: SquadExpansion/Serenity/Parts/Science/RobotArmScanner/Assets/ROCArm_03
[LOG 15:04:38.481] Load MU model: SquadExpansion/Serenity/Parts/Structural/gripPads/Assets/lGripPad
[LOG 15:04:38.482] Load MU model: SquadExpansion/Serenity/Parts/Structural/gripPads/Assets/lGripStrip
[LOG 15:04:38.482] Load MU model: SquadExpansion/Serenity/Parts/Structural/gripPads/Assets/mGripPad
[LOG 15:04:38.483] Load MU model: SquadExpansion/Serenity/Parts/Structural/gripPads/Assets/sGripPad
[LOG 15:04:38.483] Load MU model: SquadExpansion/Serenity/Parts/Structural/gripPads/Assets/sGripStrip
[LOG 15:04:38.484] Loading Asset Bundle Definitions
[LOG 15:04:38.485] AssetLoader: Loading bundle definitions
[LOG 15:04:38.619] AssetLoader: Loaded bundle 'squadcore'
[LOG 15:04:38.620] AssetLoader: Loaded bundle 'squadcorefx'
[LOG 15:04:38.620] AssetLoader: Loaded mod bundle 'kspedia'
[LOG 15:04:38.621] AssetLoader: Loaded mod bundle 'kspedia_actionsets'
[LOG 15:04:38.621] AssetLoader: Loaded mod bundle 'kspedia_aircraft'
[LOG 15:04:38.621] AssetLoader: Loaded mod bundle 'kspedia_aircraftbasics'
[LOG 15:04:38.621] AssetLoader: Loaded mod bundle 'kspedia_aircraftbasicsbalance'
[LOG 15:04:38.622] AssetLoader: Loaded mod bundle 'kspedia_aircraftbasicsbalance2'
[LOG 15:04:38.622] AssetLoader: Loaded mod bundle 'kspedia_aircraftbasicscol'
[LOG 15:04:38.622] AssetLoader: Loaded mod bundle 'kspedia_aircraftbasicscontrol'
[LOG 15:04:38.623] AssetLoader: Loaded mod bundle 'kspedia_aircraftbasicscontrolsurfaces'
[LOG 15:04:38.623] AssetLoader: Loaded mod bundle 'kspedia_aircraftbasicsdrag'
[LOG 15:04:38.623] AssetLoader: Loaded mod bundle 'kspedia_aircraftbasicsengines'
[LOG 15:04:38.623] AssetLoader: Loaded mod bundle 'kspedia_aircraftbasicsforces'
[LOG 15:04:38.624] AssetLoader: Loaded mod bundle 'kspedia_aircraftbasicsintakes'
[LOG 15:04:38.624] AssetLoader: Loaded mod bundle 'kspedia_aircraftbasicslandinggear'
[LOG 15:04:38.624] AssetLoader: Loaded mod bundle 'kspedia_aircraftbasicslift'
[LOG 15:04:38.624] AssetLoader: Loaded mod bundle 'kspedia_axisgroups'
[LOG 15:04:38.625] AssetLoader: Loaded mod bundle 'kspedia_career'
[LOG 15:04:38.625] AssetLoader: Loaded mod bundle 'kspedia_careerbasicscontracts'
[LOG 15:04:38.625] AssetLoader: Loaded mod bundle 'kspedia_careerbasicscrew'
[LOG 15:04:38.626] AssetLoader: Loaded mod bundle 'kspedia_careerbasicscurrencies'
[LOG 15:04:38.626] AssetLoader: Loaded mod bundle 'kspedia_careerbasicsexperience'
[LOG 15:04:38.626] AssetLoader: Loaded mod bundle 'kspedia_careerbasicsfacilities'
[LOG 15:04:38.626] AssetLoader: Loaded mod bundle 'kspedia_careerbasicsstrategies'
[LOG 15:04:38.627] AssetLoader: Loaded mod bundle 'kspedia_careerbasicstechnology'
[LOG 15:04:38.627] AssetLoader: Loaded mod bundle 'kspedia_careerui-ac'
[LOG 15:04:38.627] AssetLoader: Loaded mod bundle 'kspedia_careerui-admin'
[LOG 15:04:38.627] AssetLoader: Loaded mod bundle 'kspedia_careerui-ksc'
[LOG 15:04:38.628] AssetLoader: Loaded mod bundle 'kspedia_careerui-mc'
[LOG 15:04:38.628] AssetLoader: Loaded mod bundle 'kspedia_careerui-sciencearchives'
[LOG 15:04:38.628] AssetLoader: Loaded mod bundle 'kspedia_careerui-techtree'
[LOG 15:04:38.629] AssetLoader: Loaded mod bundle 'kspedia_careerui-ts'
[LOG 15:04:38.629] AssetLoader: Loaded mod bundle 'kspedia_careerui'
[LOG 15:04:38.629] AssetLoader: Loaded mod bundle 'kspedia_cargoapp'
[LOG 15:04:38.629] AssetLoader: Loaded mod bundle 'kspedia_cargomode'
[LOG 15:04:38.630] AssetLoader: Loaded mod bundle 'kspedia_cargosystem-placeableparts'
[LOG 15:04:38.630] AssetLoader: Loaded mod bundle 'kspedia_cargosystem'
[LOG 15:04:38.630] AssetLoader: Loaded mod bundle 'kspedia_chute'
[LOG 15:04:38.630] AssetLoader: Loaded mod bundle 'kspedia_commnet'
[LOG 15:04:38.631] AssetLoader: Loaded mod bundle 'kspedia_commnetbasics'
[LOG 15:04:38.631] AssetLoader: Loaded mod bundle 'kspedia_commnetbuildingeffectivenetworks'
[LOG 15:04:38.631] AssetLoader: Loaded mod bundle 'kspedia_commnetcalculatingrange'
[LOG 15:04:38.631] AssetLoader: Loaded mod bundle 'kspedia_commnetcontrollevels'
[LOG 15:04:38.632] AssetLoader: Loaded mod bundle 'kspedia_commnetcontrollinks'
[LOG 15:04:38.632] AssetLoader: Loaded mod bundle 'kspedia_commnetcontrolpoints'
[LOG 15:04:38.632] AssetLoader: Loaded mod bundle 'kspedia_commnetgui'
[LOG 15:04:38.632] AssetLoader: Loaded mod bundle 'kspedia_commnetgui01'
[LOG 15:04:38.632] AssetLoader: Loaded mod bundle 'kspedia_commnetgui02'
[LOG 15:04:38.633] AssetLoader: Loaded mod bundle 'kspedia_commnetrange'
[LOG 15:04:38.633] AssetLoader: Loaded mod bundle 'kspedia_commnetrelays'
[LOG 15:04:38.633] AssetLoader: Loaded mod bundle 'kspedia_commnetsciencetransmission'
[LOG 15:04:38.633] AssetLoader: Loaded mod bundle 'kspedia_commnetsignalstrength'
[LOG 15:04:38.634] AssetLoader: Loaded mod bundle 'kspedia_commnettransmission'
[LOG 15:04:38.634] AssetLoader: Loaded mod bundle 'kspedia_constructionui-actiongroups'
[LOG 15:04:38.634] AssetLoader: Loaded mod bundle 'kspedia_constructionui-applauncher'
[LOG 15:04:38.634] AssetLoader: Loaded mod bundle 'kspedia_constructionui-crew'
[LOG 15:04:38.635] AssetLoader: Loaded mod bundle 'kspedia_constructionui-engineersreport'
[LOG 15:04:38.635] AssetLoader: Loaded mod bundle 'kspedia_constructionui-gizmos'
[LOG 15:04:38.635] AssetLoader: Loaded mod bundle 'kspedia_constructionui-infos'
[LOG 15:04:38.635] AssetLoader: Loaded mod bundle 'kspedia_constructionui-partdetails'
[LOG 15:04:38.636] AssetLoader: Loaded mod bundle 'kspedia_constructionui-parts'
[LOG 15:04:38.636] AssetLoader: Loaded mod bundle 'kspedia_constructionui-symmetry'
[LOG 15:04:38.636] AssetLoader: Loaded mod bundle 'kspedia_constructionui-vesseldetails'
[LOG 15:04:38.637] AssetLoader: Loaded mod bundle 'kspedia_constructionui'
[LOG 15:04:38.637] AssetLoader: Loaded mod bundle 'kspedia_controls-dockingmode'
[LOG 15:04:38.637] AssetLoader: Loaded mod bundle 'kspedia_controls-editor'
[LOG 15:04:38.637] AssetLoader: Loaded mod bundle 'kspedia_controls-editorgizmos'
[LOG 15:04:38.638] AssetLoader: Loaded mod bundle 'kspedia_controls-eva'
[LOG 15:04:38.638] AssetLoader: Loaded mod bundle 'kspedia_controls-flight'
[LOG 15:04:38.638] AssetLoader: Loaded mod bundle 'kspedia_controls-flightactivities'
[LOG 15:04:38.638] AssetLoader: Loaded mod bundle 'kspedia_controls-flightdirections'
[LOG 15:04:38.639] AssetLoader: Loaded mod bundle 'kspedia_controls-general'
[LOG 15:04:38.639] AssetLoader: Loaded mod bundle 'kspedia_controls-mapandtime'
[LOG 15:04:38.639] AssetLoader: Loaded mod bundle 'kspedia_controls-mouseconstruction'
[LOG 15:04:38.639] AssetLoader: Loaded mod bundle 'kspedia_controls-mouseflight'
[LOG 15:04:38.640] AssetLoader: Loaded mod bundle 'kspedia_controls-rcs'
[LOG 15:04:38.640] AssetLoader: Loaded mod bundle 'kspedia_controls'
[LOG 15:04:38.640] AssetLoader: Loaded mod bundle 'kspedia_eastereggs'
[LOG 15:04:38.640] AssetLoader: Loaded mod bundle 'kspedia_evaconstructionmode'
[LOG 15:04:38.641] AssetLoader: Loaded mod bundle 'kspedia_facilities-ac'
[LOG 15:04:38.641] AssetLoader: Loaded mod bundle 'kspedia_facilities-admin'
[LOG 15:04:38.641] AssetLoader: Loaded mod bundle 'kspedia_facilities-context'
[LOG 15:04:38.641] AssetLoader: Loaded mod bundle 'kspedia_facilities-ksc'
[LOG 15:04:38.642] AssetLoader: Loaded mod bundle 'kspedia_facilities-launchpad'
[LOG 15:04:38.642] AssetLoader: Loaded mod bundle 'kspedia_facilities-mc'
[LOG 15:04:38.642] AssetLoader: Loaded mod bundle 'kspedia_facilities-randd'
[LOG 15:04:38.642] AssetLoader: Loaded mod bundle 'kspedia_facilities-runway'
[LOG 15:04:38.643] AssetLoader: Loaded mod bundle 'kspedia_facilities-sph'
[LOG 15:04:38.643] AssetLoader: Loaded mod bundle 'kspedia_facilities-ts'
[LOG 15:04:38.643] AssetLoader: Loaded mod bundle 'kspedia_facilities-vab'
[LOG 15:04:38.643] AssetLoader: Loaded mod bundle 'kspedia_flightui-altimeter'
[LOG 15:04:38.644] AssetLoader: Loaded mod bundle 'kspedia_flightui-applauncher'
[LOG 15:04:38.644] AssetLoader: Loaded mod bundle 'kspedia_flightui-evaactivities'
[LOG 15:04:38.644] AssetLoader: Loaded mod bundle 'kspedia_flightui-maneuvermodeeditor'
[LOG 15:04:38.644] AssetLoader: Loaded mod bundle 'kspedia_flightui-maneuvermodeeditorcont'
[LOG 15:04:38.645] AssetLoader: Loaded mod bundle 'kspedia_flightui-maneuvermodeorbit'
[LOG 15:04:38.645] AssetLoader: Loaded mod bundle 'kspedia_flightui-maneuvertoolinfo'
[LOG 15:04:38.645] AssetLoader: Loaded mod bundle 'kspedia_flightui-maneuvertoolmain'
[LOG 15:04:38.645] AssetLoader: Loaded mod bundle 'kspedia_flightui-modecontrol'
[LOG 15:04:38.646] AssetLoader: Loaded mod bundle 'kspedia_flightui-navball'
[LOG 15:04:38.646] AssetLoader: Loaded mod bundle 'kspedia_flightui-partrepairs'
[LOG 15:04:38.646] AssetLoader: Loaded mod bundle 'kspedia_flightui-portraits'
[LOG 15:04:38.646] AssetLoader: Loaded mod bundle 'kspedia_flightui-staging'
[LOG 15:04:38.647] AssetLoader: Loaded mod bundle 'kspedia_flightui-timeandaction'
[LOG 15:04:38.647] AssetLoader: Loaded mod bundle 'kspedia_flightui'
[LOG 15:04:38.647] AssetLoader: Loaded mod bundle 'kspedia_heat'
[LOG 15:04:38.647] AssetLoader: Loaded mod bundle 'kspedia_heatactiveradiators'
[LOG 15:04:38.648] AssetLoader: Loaded mod bundle 'kspedia_heatengines'
[LOG 15:04:38.648] AssetLoader: Loaded mod bundle 'kspedia_heatflow'
[LOG 15:04:38.648] AssetLoader: Loaded mod bundle 'kspedia_heatpart'
[LOG 15:04:38.649] AssetLoader: Loaded mod bundle 'kspedia_heatpassiveradiators'
[LOG 15:04:38.649] AssetLoader: Loaded mod bundle 'kspedia_heatshields'
[LOG 15:04:38.649] AssetLoader: Loaded mod bundle 'kspedia_kerbnet'
[LOG 15:04:38.649] AssetLoader: Loaded mod bundle 'kspedia_kerbnetinterface'
[LOG 15:04:38.650] AssetLoader: Loaded mod bundle 'kspedia_kerbnetmodes'
[LOG 15:04:38.650] AssetLoader: Loaded mod bundle 'kspedia_kerbnetwaypoints'
[LOG 15:04:38.650] AssetLoader: Loaded mod bundle 'kspedia_locations'
[LOG 15:04:38.650] AssetLoader: Loaded mod bundle 'kspedia_manual'
[LOG 15:04:38.651] AssetLoader: Loaded mod bundle 'kspedia_mapui-alarmclockcreation'
[LOG 15:04:38.651] AssetLoader: Loaded mod bundle 'kspedia_mapui-alarmclockmain'
[LOG 15:04:38.651] AssetLoader: Loaded mod bundle 'kspedia_mapui-burnindicator'
[LOG 15:04:38.651] AssetLoader: Loaded mod bundle 'kspedia_mapui-dvtoolsflight'
[LOG 15:04:38.652] AssetLoader: Loaded mod bundle 'kspedia_mapui-dvtoolsvab'
[LOG 15:04:38.652] AssetLoader: Loaded mod bundle 'kspedia_mapui-mannodes'
[LOG 15:04:38.652] AssetLoader: Loaded mod bundle 'kspedia_mapui-orbitnodes'
[LOG 15:04:38.652] AssetLoader: Loaded mod bundle 'kspedia_mapui-orbitnodes2'
[LOG 15:04:38.653] AssetLoader: Loaded mod bundle 'kspedia_mapui'
[LOG 15:04:38.653] AssetLoader: Loaded mod bundle 'kspedia_orbitalbasics-atmosphere'
[LOG 15:04:38.653] AssetLoader: Loaded mod bundle 'kspedia_orbitalbasics-gettingbackdown'
[LOG 15:04:38.653] AssetLoader: Loaded mod bundle 'kspedia_orbitalbasics-gettingupthere'
[LOG 15:04:38.654] AssetLoader: Loaded mod bundle 'kspedia_orbitalbasics-gravityturn'
[LOG 15:04:38.654] AssetLoader: Loaded mod bundle 'kspedia_orbitalbasics-orbits'
[LOG 15:04:38.654] AssetLoader: Loaded mod bundle 'kspedia_orbitalbasics-stayingupthere'
[LOG 15:04:38.654] AssetLoader: Loaded mod bundle 'kspedia_orbitalbasics'
[LOG 15:04:38.655] AssetLoader: Loaded mod bundle 'kspedia_orbitaldefinitions-appe'
[LOG 15:04:38.655] AssetLoader: Loaded mod bundle 'kspedia_orbitaldefinitions-dirandinc'
[LOG 15:04:38.655] AssetLoader: Loaded mod bundle 'kspedia_orbitaldefinitions-directions'
[LOG 15:04:38.655] AssetLoader: Loaded mod bundle 'kspedia_orbitaldefinitions-eccentricity'
[LOG 15:04:38.655] AssetLoader: Loaded mod bundle 'kspedia_orbitaldefinitions'
[LOG 15:04:38.656] AssetLoader: Loaded mod bundle 'kspedia_orbitalmaneuvers-adjustinginclination'
[LOG 15:04:38.656] AssetLoader: Loaded mod bundle 'kspedia_orbitalmaneuvers-deltav'
[LOG 15:04:38.656] AssetLoader: Loaded mod bundle 'kspedia_orbitalmaneuvers-efficiency'
[LOG 15:04:38.656] AssetLoader: Loaded mod bundle 'kspedia_orbitalmaneuvers-hohmanntransfer'
[LOG 15:04:38.657] AssetLoader: Loaded mod bundle 'kspedia_orbitalmaneuvers-hohmanntransfer2'
[LOG 15:04:38.657] AssetLoader: Loaded mod bundle 'kspedia_orbitalmaneuvers-orbittypes'
[LOG 15:04:38.657] AssetLoader: Loaded mod bundle 'kspedia_orbitalmaneuvers-radandantirad'
[LOG 15:04:38.657] AssetLoader: Loaded mod bundle 'kspedia_orbitalmaneuvers-shapingup'
[LOG 15:04:38.658] AssetLoader: Loaded mod bundle 'kspedia_orbitalmaneuvers'
[LOG 15:04:38.658] AssetLoader: Loaded mod bundle 'kspedia_planets-dres'
[LOG 15:04:38.658] AssetLoader: Loaded mod bundle 'kspedia_planets-duna'
[LOG 15:04:38.659] AssetLoader: Loaded mod bundle 'kspedia_planets-eeloo'
[LOG 15:04:38.659] AssetLoader: Loaded mod bundle 'kspedia_planets-eve'
[LOG 15:04:38.659] AssetLoader: Loaded mod bundle 'kspedia_planets-jool'
[LOG 15:04:38.659] AssetLoader: Loaded mod bundle 'kspedia_planets-kerbin'
[LOG 15:04:38.659] AssetLoader: Loaded mod bundle 'kspedia_planets-moho'
[LOG 15:04:38.660] AssetLoader: Loaded mod bundle 'kspedia_planets-sun'
[LOG 15:04:38.660] AssetLoader: Loaded mod bundle 'kspedia_planets-system'
[LOG 15:04:38.660] AssetLoader: Loaded mod bundle 'kspedia_resources-asteroidmining'
[LOG 15:04:38.660] AssetLoader: Loaded mod bundle 'kspedia_resources-conversionmanagement'
[LOG 15:04:38.661] AssetLoader: Loaded mod bundle 'kspedia_resources-drilling'
[LOG 15:04:38.661] AssetLoader: Loaded mod bundle 'kspedia_resources-findingit'
[LOG 15:04:38.661] AssetLoader: Loaded mod bundle 'kspedia_resources-findingit2'
[LOG 15:04:38.661] AssetLoader: Loaded mod bundle 'kspedia_resources-storageandconversion'
[LOG 15:04:38.661] AssetLoader: Loaded mod bundle 'kspedia_resources'
[LOG 15:04:38.662] AssetLoader: Loaded mod bundle 'kspedia_rocketry'
[LOG 15:04:38.662] AssetLoader: Loaded mod bundle 'kspedia_rocketryadvanced-fairings'
[LOG 15:04:38.662] AssetLoader: Loaded mod bundle 'kspedia_rocketryadvanced-girders'
[LOG 15:04:38.662] AssetLoader: Loaded mod bundle 'kspedia_rocketryadvanced'
[LOG 15:04:38.663] AssetLoader: Loaded mod bundle 'kspedia_rocketrybasics'
[LOG 15:04:38.663] AssetLoader: Loaded mod bundle 'kspedia_rocketrybasicsaero'
[LOG 15:04:38.663] AssetLoader: Loaded mod bundle 'kspedia_rocketrybasicscentered'
[LOG 15:04:38.663] AssetLoader: Loaded mod bundle 'kspedia_rocketrybasicschutes'
[LOG 15:04:38.664] AssetLoader: Loaded mod bundle 'kspedia_rocketrybasicscontrol'
[LOG 15:04:38.664] AssetLoader: Loaded mod bundle 'kspedia_rocketrybasicsecrecharging'
[LOG 15:04:38.664] AssetLoader: Loaded mod bundle 'kspedia_rocketrybasicsengines'
[LOG 15:04:38.664] AssetLoader: Loaded mod bundle 'kspedia_rocketrybasicsforces'
[LOG 15:04:38.665] AssetLoader: Loaded mod bundle 'kspedia_rocketrybasicshatchesandladders'
[LOG 15:04:38.665] AssetLoader: Loaded mod bundle 'kspedia_rocketrybasicshibernation'
[LOG 15:04:38.665] AssetLoader: Loaded mod bundle 'kspedia_rocketrybasicsresources'
[LOG 15:04:38.665] AssetLoader: Loaded mod bundle 'kspedia_rocketrybasicsservicecontainers'
[LOG 15:04:38.665] AssetLoader: Loaded mod bundle 'kspedia_rocketrybasicsstability'
[LOG 15:04:38.666] AssetLoader: Loaded mod bundle 'kspedia_rocketrybasicsstabilityassist'
[LOG 15:04:38.666] AssetLoader: Loaded mod bundle 'kspedia_rocketrybasicsstaging'
[LOG 15:04:38.666] AssetLoader: Loaded mod bundle 'kspedia_rocketrybasicssymmetry'
[LOG 15:04:38.666] AssetLoader: Loaded mod bundle 'kspedia_science'
[LOG 15:04:38.667] AssetLoader: Loaded mod bundle 'kspedia_sciencedata'
[LOG 15:04:38.667] AssetLoader: Loaded mod bundle 'kspedia_scienceexperiments'
[LOG 15:04:38.667] AssetLoader: Loaded mod bundle 'kspedia_sciencelab'
[LOG 15:04:38.667] AssetLoader: Loaded mod bundle 'kspedia_sciencetransmitted'
[LOG 15:04:38.668] AssetLoader: Loaded mod bundle 'kspedia_spacetravel'
[LOG 15:04:38.668] AssetLoader: Loaded mod bundle 'kspedia_variantswitcher'
[LOG 15:04:38.668] AssetLoader: Loaded mod bundle 'kspfonts'
[LOG 15:04:38.815] AssetLoader: Loaded bundle 'squadcore'
[LOG 15:04:38.815] AssetLoader: Loaded bundle 'squadcorefx'
[LOG 15:04:38.816] AssetLoader: Loaded mod bundle 'kspedia_builder'
[LOG 15:04:38.816] AssetLoader: Loaded mod bundle 'kspedia_buildertoolbar'
[LOG 15:04:38.816] AssetLoader: Loaded mod bundle 'kspedia_canvas'
[LOG 15:04:38.817] AssetLoader: Loaded mod bundle 'kspedia_exportingvalidation'
[LOG 15:04:38.817] AssetLoader: Loaded mod bundle 'kspedia_flight'
[LOG 15:04:38.817] AssetLoader: Loaded mod bundle 'kspedia_flightapp'
[LOG 15:04:38.818] AssetLoader: Loaded mod bundle 'kspedia_gap'
[LOG 15:04:38.818] AssetLoader: Loaded mod bundle 'kspedia_gaptools'
[LOG 15:04:38.818] AssetLoader: Loaded mod bundle 'kspedia_makinghistory'
[LOG 15:04:38.818] AssetLoader: Loaded mod bundle 'kspedia_missionbriefing'
[LOG 15:04:38.819] AssetLoader: Loaded mod bundle 'kspedia_nodedocking'
[LOG 15:04:38.819] AssetLoader: Loaded mod bundle 'kspedia_nodesconnectors'
[LOG 15:04:38.819] AssetLoader: Loaded mod bundle 'kspedia_sap'
[LOG 15:04:38.820] AssetLoader: Loaded mod bundle 'kspedia_sidebar'
[LOG 15:04:38.820] AssetLoader: Loaded mod bundle 'kspedia_testingcheckpoints'
[LOG 15:04:38.820] AssetLoader: Loaded bundle 'makinghistory'
[LOG 15:04:38.820] AssetLoader: Loaded mod bundle 'kspedia_bladecyclic-collective-behaviour'
[LOG 15:04:38.821] AssetLoader: Loaded mod bundle 'kspedia_bladecyclic-collective-controls'
[LOG 15:04:38.821] AssetLoader: Loaded mod bundle 'kspedia_deployedscience-experiments'
[LOG 15:04:38.821] AssetLoader: Loaded mod bundle 'kspedia_deployedscience'
[LOG 15:04:38.821] AssetLoader: Loaded mod bundle 'kspedia_grippads'
[LOG 15:04:38.822] AssetLoader: Loaded mod bundle 'kspedia_layindtracks'
[LOG 15:04:38.822] AssetLoader: Loaded mod bundle 'kspedia_propellers'
[LOG 15:04:38.822] AssetLoader: Loaded mod bundle 'kspedia_propellersaerodynamics'
[LOG 15:04:38.823] AssetLoader: Loaded mod bundle 'kspedia_roboticcontroller'
[LOG 15:04:38.823] AssetLoader: Loaded mod bundle 'kspedia_roboticparts'
[LOG 15:04:38.823] AssetLoader: Loaded mod bundle 'kspedia_surface features-overview'
[LOG 15:04:38.823] AssetLoader: Loaded mod bundle 'kspedia_surface features-roverarmdetails'
[LOG 15:04:38.824] AssetLoader: Loaded mod bundle 'kspedia_trackeditor'
[LOG 15:04:38.824] AssetLoader: Loaded mod bundle 'kspedia_trackeditortoolbar'
[LOG 15:04:38.824] AssetLoader: Loaded mod bundle 'serenity'
[LOG 15:04:38.825] AssetLoader: Finished loading. 226 bundle definitions loaded.
[LOG 15:04:38.826] Compiling Configs:
[LOG 15:04:38.826] Config(PHYSICSGLOBALS) /Physics/PHYSICSGLOBALS
[LOG 15:04:38.826] Config(KSP_COMMUNITY_FIXES) KSPCommunityFixes/Settings/KSP_COMMUNITY_FIXES
[LOG 15:04:38.826] Config(Localization) KSPCommunityFixes/Localization/en-us/Localization
[LOG 15:04:38.826] Config(Localization) KSPCommunityFixes/Localization/fr-fr/Localization
[LOG 15:04:38.826] Config(Localization) KSPCommunityFixes/Localization/ru/Localization
[LOG 15:04:38.826] Config(Localization) KSPCommunityFixes/Localization/zh-cn/Localization
[LOG 15:04:38.826] Config(@PART[*]:HAS[@MODULE[ModuleDockingNodeFixed]]:NEEDS[FixDockingNodes]:FINAL) KSPCommunityFixes/MMPatches/ModSupport/FixDockingNodes/@PART[*]:HAS[@MODULE[ModuleDockingNodeFixed]]:NEEDS[FixDockingNodes]:FINAL
[LOG 15:04:38.826] Config(@PART[*]:HAS[@MODULE[Refunding]]:LAST[999_KSP-Recall]) KSPCommunityFixes/MMPatches/ModSupport/KSPRecall/@PART[*]:HAS[@MODULE[Refunding]]:LAST[999_KSP-Recall]
[LOG 15:04:38.827] Config(@PART[*]:HAS[#hasRefundingOnRecovery[?rue]]:LAST[999_KSP-Recall]) KSPCommunityFixes/MMPatches/ModSupport/KSPRecall/@PART[*]:HAS[#hasRefundingOnRecovery[?rue]]:LAST[999_KSP-Recall]
[LOG 15:04:38.827] Config(@PART[*]:HAS[#hasRefundingOnRecovery]:LAST[999_KSP-Recall]) KSPCommunityFixes/MMPatches/ModSupport/KSPRecall/@PART[*]:HAS[#hasRefundingOnRecovery]:LAST[999_KSP-Recall]
[LOG 15:04:38.827] Config(@KSP-Recall:LAST[999_KSP-Recall]) KSPCommunityFixes/MMPatches/ModSupport/KSPRecall/@KSP-Recall:LAST[999_KSP-Recall]
[LOG 15:04:38.827] Config(@KSP-Recall:HAS[#hasRefundingOnRecovery[?rue]]:LAST[999_KSP-Recall]) KSPCommunityFixes/MMPatches/ModSupport/KSPRecall/@KSP-Recall:HAS[#hasRefundingOnRecovery[?rue]]:LAST[999_KSP-Recall]
[LOG 15:04:38.827] Config(@KSP-Recall:HAS[#hasRefundingOnRecovery]:LAST[999_KSP-Recall]) KSPCommunityFixes/MMPatches/ModSupport/KSPRecall/@KSP-Recall:HAS[#hasRefundingOnRecovery]:LAST[999_KSP-Recall]
[LOG 15:04:38.827] Config(@KSP_COMMUNITY_FIXES:NEEDS[AttachedOnEditor]) KSPCommunityFixes/MMPatches/ModSupport/KSPRecall/@KSP_COMMUNITY_FIXES:NEEDS[AttachedOnEditor]
[LOG 15:04:38.827] Config(@KSP_COMMUNITY_FIXES:NEEDS[UniversalStorage2]) KSPCommunityFixes/MMPatches/ModSupport/UniversalStorage/@KSP_COMMUNITY_FIXES:NEEDS[UniversalStorage2]
[LOG 15:04:38.827] Config(@PART[telescopicLadderBay]:FIRST) KSPCommunityFixes/MMPatches/StockTweaks/LadderToggleableLight/@PART[telescopicLadderBay]:FIRST
[LOG 15:04:38.827] Config(@PART[telescopicLadderBay]:HAS[#LadderToggleableLight[?rue]]:FIRST) KSPCommunityFixes/MMPatches/StockTweaks/LadderToggleableLight/@PART[telescopicLadderBay]:HAS[#LadderToggleableLight[?rue]]:FIRST
[LOG 15:04:38.827] Config(@PART[telescopicLadderBay]:HAS[#LadderToggleableLight]:FIRST) KSPCommunityFixes/MMPatches/StockTweaks/LadderToggleableLight/@PART[telescopicLadderBay]:HAS[#LadderToggleableLight]:FIRST
[LOG 15:04:38.827] Config(@PART[GearSmall]:FIRST) KSPCommunityFixes/MMPatches/StockTweaks/LandingGearLights/@PART[GearSmall]:FIRST
[LOG 15:04:38.827] Config(@PART[SmallGearBay]:FIRST) KSPCommunityFixes/MMPatches/StockTweaks/LandingGearLights/@PART[SmallGearBay]:FIRST
[LOG 15:04:38.827] Config(@PART[sasModule]:FOR[KSPCommunityFixes]) KSPCommunityFixes/MMPatches/StockTweaks/ManufacturerFixes/@PART[sasModule]:FOR[KSPCommunityFixes]
[LOG 15:04:38.827] Config(@PART[xenonTankRadial]:FOR[KSPCommunityFixes]) KSPCommunityFixes/MMPatches/StockTweaks/ManufacturerFixes/@PART[xenonTankRadial]:FOR[KSPCommunityFixes]
[LOG 15:04:38.827] Config(@PART[winglet|fireworksLauncherSmall|fireworksLauncherBig]:FOR[KSPCommunityFixes]) KSPCommunityFixes/MMPatches/StockTweaks/ManufacturerFixes/@PART[winglet|fireworksLauncherSmall|fireworksLauncherBig]:FOR[KSPCommunityFixes]
[LOG 15:04:38.827] Config(@PART[solidBooster_sm_v2|solidBooster_v2]:FOR[KSPCommunityFixes]) KSPCommunityFixes/MMPatches/StockTweaks/ManufacturerFixes/@PART[solidBooster_sm_v2|solidBooster_v2]:FOR[KSPCommunityFixes]
[LOG 15:04:38.827] Config(@PART[ServiceBay_125_v2|ServiceBay_250_v2]:FOR[KSPCommunityFixes]) KSPCommunityFixes/MMPatches/StockTweaks/ManufacturerFixes/@PART[ServiceBay_125_v2|ServiceBay_250_v2]:FOR[KSPCommunityFixes]
[LOG 15:04:38.827] Config(@PART[externalTankCapsule]:FOR[KSPCommunityFixes]) KSPCommunityFixes/MMPatches/StockTweaks/ManufacturerFixes/@PART[externalTankCapsule]:FOR[KSPCommunityFixes]
[LOG 15:04:38.827] Config(@PART[RCSFuelTank|rcsTankMini|RCSTank1-2]:FOR[KSPCommunityFixes]) KSPCommunityFixes/MMPatches/StockTweaks/ManufacturerFixes/@PART[RCSFuelTank|rcsTankMini|RCSTank1-2]:FOR[KSPCommunityFixes]
[LOG 15:04:38.827] Config(@PART[landerCabinSmall]:FOR[KSPCommunityFixes]) KSPCommunityFixes/MMPatches/StockTweaks/ManufacturerFixes/@PART[landerCabinSmall]:FOR[KSPCommunityFixes]
[LOG 15:04:38.827] Config(@PART[dockingPortLateral]:FOR[KSPCommunityFixes]) KSPCommunityFixes/MMPatches/StockTweaks/ManufacturerFixes/@PART[dockingPortLateral]:FOR[KSPCommunityFixes]
[LOG 15:04:38.827] Config(@PART[EnginePlate4]:FOR[KSPCommunityFixes]:NEEDS[SquadExpansion/MakingHistory]) KSPCommunityFixes/MMPatches/StockTweaks/ManufacturerFixes/@PART[EnginePlate4]:FOR[KSPCommunityFixes]:NEEDS[SquadExpansion/MakingHistory]
[LOG 15:04:38.827] Config(@PART[Mk2Pod]:FOR[KSPCommunityFixes]:NEEDS[SquadExpansion/MakingHistory]) KSPCommunityFixes/MMPatches/StockTweaks/ManufacturerFixes/@PART[Mk2Pod]:FOR[KSPCommunityFixes]:NEEDS[SquadExpansion/MakingHistory]
[LOG 15:04:38.827] Config(@PART[evaChute|parachuteSingle|parachuteRadial|radialDrogue|parachuteLarge|parachuteDrogue]:FOR[KSPCommunityFixes]) KSPCommunityFixes/MMPatches/StockTweaks/ManufacturerFixes/@PART[evaChute|parachuteSingle|parachuteRadial|radialDrogue|parachuteLarge|parachuteDrogue]:FOR[KSPCommunityFixes]
[LOG 15:04:38.827] Config(@PART[stackPoint1|dockingPort1|dockingPort2|dockingPort3|dockingPortLarge]:FOR[KSPCommunityFixes]) KSPCommunityFixes/MMPatches/StockTweaks/ManufacturerFixes/@PART[stackPoint1|dockingPort1|dockingPort2|dockingPort3|dockingPortLarge]:FOR[KSPCommunityFixes]
[LOG 15:04:38.827] Config(AGENT) KSPCommunityFixes/MMPatches/StockTweaks/ManufacturerFixes/Clamp-O-Tron
[LOG 15:04:38.827] Config(AGENT) KSPCommunityFixes/MMPatches/StockTweaks/ManufacturerFixes/FreeFall Parachutes
[LOG 15:04:38.827] Config(AGENT) KSPCommunityFixes/MMPatches/StockTweaks/ManufacturerFixes/LightYear Tire Company
[LOG 15:04:38.828] Config(AGENT) KSPCommunityFixes/MMPatches/StockTweaks/ManufacturerFixes/Stratus Corporation
[LOG 15:04:38.828] Config(Localization) KSPCommunityFixes/MMPatches/StockTweaks/ManufacturerFixes/Localization
[LOG 15:04:38.828] Config(AGENT) Squad/Agencies/Agents/C7 Aerospace Division
[LOG 15:04:38.828] Config(AGENT) Squad/Agencies/Agents/Dinkelstein Kerman's Construction Emporium
[LOG 15:04:38.828] Config(AGENT) Squad/Agencies/Agents/Experimental Engineering Group
[LOG 15:04:38.828] Config(AGENT) Squad/Agencies/Agents/FLOOYD Dynamics Research Labs
[LOG 15:04:38.828] Config(AGENT) Squad/Agencies/Agents/Goliath National Products
[LOG 15:04:38.828] Config(AGENT) Squad/Agencies/Agents/Integrated Integrals
[LOG 15:04:38.828] Config(AGENT) Squad/Agencies/Agents/Ionic Symphonic Protonic Electronics
[LOG 15:04:38.828] Config(AGENT) Squad/Agencies/Agents/Jebediah Kerman's Junkyard and Spacecraft Parts Co
[LOG 15:04:38.828] Config(AGENT) Squad/Agencies/Agents/Kerbal Motion LLC
[LOG 15:04:38.828] Config(AGENT) Squad/Agencies/Agents/Kerbin World-Firsts Record-Keeping Society
[LOG 15:04:38.828] Config(AGENT) Squad/Agencies/Agents/Kerbodyne
[LOG 15:04:38.828] Config(AGENT) Squad/Agencies/Agents/Kerlington Model Rockets and Paper Products Inc
[LOG 15:04:38.828] Config(AGENT) Squad/Agencies/Agents/Maxo Construction Toys
[LOG 15:04:38.828] Config(AGENT) Squad/Agencies/Agents/Moving Parts Experts Group
[LOG 15:04:38.828] Config(AGENT) Squad/Agencies/Agents/O.M.B. Demolition Enterprises
[LOG 15:04:38.828] Config(AGENT) Squad/Agencies/Agents/Periapsis Rocket Supplies Co
[LOG 15:04:38.828] Config(AGENT) Squad/Agencies/Agents/Probodobodyne Inc
[LOG 15:04:38.828] Config(AGENT) Squad/Agencies/Agents/Research & Development Department
[LOG 15:04:38.828] Config(AGENT) Squad/Agencies/Agents/Reaction Systems Ltd
[LOG 15:04:38.828] Config(AGENT) Squad/Agencies/Agents/Rockomax Conglomerate
[LOG 15:04:38.828] Config(AGENT) Squad/Agencies/Agents/Rokea Inc
[LOG 15:04:38.828] Config(AGENT) Squad/Agencies/Agents/Sean's Cannery
[LOG 15:04:38.828] Config(AGENT) Squad/Agencies/Agents/STEADLER Engineering Corps
[LOG 15:04:38.828] Config(AGENT) Squad/Agencies/Agents/StrutCo
[LOG 15:04:38.828] Config(AGENT) Squad/Agencies/Agents/Vac-Co Advanced Suction Systems
[LOG 15:04:38.828] Config(AGENT) Squad/Agencies/Agents/WinterOwl Aircraft Emporium
[LOG 15:04:38.828] Config(AGENT) Squad/Agencies/Agents/Zaltonic Electronics
[LOG 15:04:38.829] Config(CONTRACT_CONSTRUCTION_PARTS) Squad/Contracts/constructionContractParts/CONTRACT_CONSTRUCTION_PARTS
[LOG 15:04:38.829] Config(Contracts) Squad/Contracts/Contracts/Contracts
[LOG 15:04:38.829] Config(CONTRACTCRAFT) Squad/Contracts/PrebuiltCraft/prebuiltData/CONTRACTCRAFT
[LOG 15:04:38.829] Config(CONTRACTCRAFT) Squad/Contracts/PrebuiltCraft/OrbitalConstructionContract/orbitalConstructionContractCraft/CONTRACTCRAFT
[LOG 15:04:38.829] Config(CONTRACTCRAFT) Squad/Contracts/PrebuiltCraft/RepairContract/repairContractCraft/CONTRACTCRAFT
[LOG 15:04:38.829] Config(CONTRACTCRAFT) Squad/Contracts/PrebuiltCraft/RoverContract/roverContractCraft/CONTRACTCRAFT
[LOG 15:04:38.829] Config(KEYBOARD_LAYOUT) Squad/Controls/Azerty/#autoLOC_6001233
[LOG 15:04:38.829] Config(PITCH_DOWN) Squad/Controls/Azerty/PITCH_DOWN
[LOG 15:04:38.829] Config(PITCH_UP) Squad/Controls/Azerty/PITCH_UP
[LOG 15:04:38.829] Config(YAW_LEFT) Squad/Controls/Azerty/YAW_LEFT
[LOG 15:04:38.829] Config(YAW_RIGHT) Squad/Controls/Azerty/YAW_RIGHT
[LOG 15:04:38.829] Config(ROLL_LEFT) Squad/Controls/Azerty/ROLL_LEFT
[LOG 15:04:38.829] Config(ROLL_RIGHT) Squad/Controls/Azerty/ROLL_RIGHT
[LOG 15:04:38.829] Config(THROTTLE_UP) Squad/Controls/Azerty/THROTTLE_UP
[LOG 15:04:38.829] Config(THROTTLE_DOWN) Squad/Controls/Azerty/THROTTLE_DOWN
[LOG 15:04:38.829] Config(SAS_HOLD) Squad/Controls/Azerty/SAS_HOLD
[LOG 15:04:38.829] Config(SAS_TOGGLE) Squad/Controls/Azerty/SAS_TOGGLE
[LOG 15:04:38.829] Config(LAUNCH_STAGES) Squad/Controls/Azerty/LAUNCH_STAGES
[LOG 15:04:38.829] Config(Docking_toggleRotLin) Squad/Controls/Azerty/Docking_toggleRotLin
[LOG 15:04:38.829] Config(CAMERA_MODE) Squad/Controls/Azerty/CAMERA_MODE
[LOG 15:04:38.829] Config(CAMERA_NEXT) Squad/Controls/Azerty/CAMERA_NEXT
[LOG 15:04:38.829] Config(PAUSE) Squad/Controls/Azerty/PAUSE
[LOG 15:04:38.829] Config(PRECISION_CTRL) Squad/Controls/Azerty/PRECISION_CTRL
[LOG 15:04:38.829] Config(ZOOM_IN) Squad/Controls/Azerty/ZOOM_IN
[LOG 15:04:38.829] Config(ZOOM_OUT) Squad/Controls/Azerty/ZOOM_OUT
[LOG 15:04:38.829] Config(SCROLL_VIEW_UP) Squad/Controls/Azerty/SCROLL_VIEW_UP
[LOG 15:04:38.829] Config(SCROLL_VIEW_DOWN) Squad/Controls/Azerty/SCROLL_VIEW_DOWN
[LOG 15:04:38.830] Config(SCROLL_ICONS_UP) Squad/Controls/Azerty/SCROLL_ICONS_UP
[LOG 15:04:38.830] Config(SCROLL_ICONS_DOWN) Squad/Controls/Azerty/SCROLL_ICONS_DOWN
[LOG 15:04:38.830] Config(CAMERA_ORBIT_UP) Squad/Controls/Azerty/CAMERA_ORBIT_UP
[LOG 15:04:38.830] Config(CAMERA_ORBIT_DOWN) Squad/Controls/Azerty/CAMERA_ORBIT_DOWN
[LOG 15:04:38.830] Config(CAMERA_ORBIT_LEFT) Squad/Controls/Azerty/CAMERA_ORBIT_LEFT
[LOG 15:04:38.830] Config(CAMERA_ORBIT_RIGHT) Squad/Controls/Azerty/CAMERA_ORBIT_RIGHT
[LOG 15:04:38.830] Config(CAMERA_RESET) Squad/Controls/Azerty/CAMERA_RESET
[LOG 15:04:38.830] Config(CAMERA_MOUSE_TOGGLE) Squad/Controls/Azerty/CAMERA_MOUSE_TOGGLE
[LOG 15:04:38.830] Config(TIME_WARP_INCREASE) Squad/Controls/Azerty/TIME_WARP_INCREASE
[LOG 15:04:38.830] Config(TIME_WARP_DECREASE) Squad/Controls/Azerty/TIME_WARP_DECREASE
[LOG 15:04:38.830] Config(TIME_WARP_STOP) Squad/Controls/Azerty/TIME_WARP_STOP
[LOG 15:04:38.830] Config(MAP_VIEW_TOGGLE) Squad/Controls/Azerty/MAP_VIEW_TOGGLE
[LOG 15:04:38.830] Config(NAVBALL_TOGGLE) Squad/Controls/Azerty/NAVBALL_TOGGLE
[LOG 15:04:38.830] Config(UIMODE_STAGING) Squad/Controls/Azerty/UIMODE_STAGING
[LOG 15:04:38.830] Config(UIMODE_DOCKING) Squad/Controls/Azerty/UIMODE_DOCKING
[LOG 15:04:38.830] Config(TRANSLATE_DOWN) Squad/Controls/Azerty/TRANSLATE_DOWN
[LOG 15:04:38.830] Config(TRANSLATE_UP) Squad/Controls/Azerty/TRANSLATE_UP
[LOG 15:04:38.830] Config(TRANSLATE_LEFT) Squad/Controls/Azerty/TRANSLATE_LEFT
[LOG 15:04:38.830] Config(TRANSLATE_RIGHT) Squad/Controls/Azerty/TRANSLATE_RIGHT
[LOG 15:04:38.830] Config(TRANSLATE_FWD) Squad/Controls/Azerty/TRANSLATE_FWD
[LOG 15:04:38.830] Config(TRANSLATE_BACK) Squad/Controls/Azerty/TRANSLATE_BACK
[LOG 15:04:38.830] Config(RCS_TOGGLE) Squad/Controls/Azerty/RCS_TOGGLE
[LOG 15:04:38.830] Config(FOCUS_NEXT_VESSEL) Squad/Controls/Azerty/FOCUS_NEXT_VESSEL
[LOG 15:04:38.830] Config(FOCUS_PREV_VESSEL) Squad/Controls/Azerty/FOCUS_PREV_VESSEL
[LOG 15:04:38.830] Config(TOGGLE_UI) Squad/Controls/Azerty/TOGGLE_UI
[LOG 15:04:38.830] Config(TOGGLE_STATUS_SCREEN) Squad/Controls/Azerty/TOGGLE_STATUS_SCREEN
[LOG 15:04:38.830] Config(TAKE_SCREENSHOT) Squad/Controls/Azerty/TAKE_SCREENSHOT
[LOG 15:04:38.830] Config(TOGGLE_LABELS) Squad/Controls/Azerty/TOGGLE_LABELS
[LOG 15:04:38.830] Config(TOGGLE_TEMP_GAUGES) Squad/Controls/Azerty/TOGGLE_TEMP_GAUGES
[LOG 15:04:38.830] Config(TOGGLE_TEMP_OVERLAY) Squad/Controls/Azerty/TOGGLE_TEMP_OVERLAY
[LOG 15:04:38.830] Config(TOGGLE_FLIGHT_FORCES) Squad/Controls/Azerty/TOGGLE_FLIGHT_FORCES
[LOG 15:04:38.830] Config(QUICKSAVE) Squad/Controls/Azerty/QUICKSAVE
[LOG 15:04:38.831] Config(QUICKLOAD) Squad/Controls/Azerty/QUICKLOAD
[LOG 15:04:38.831] Config(THROTTLE_CUTOFF) Squad/Controls/Azerty/THROTTLE_CUTOFF
[LOG 15:04:38.831] Config(THROTTLE_FULL) Squad/Controls/Azerty/THROTTLE_FULL
[LOG 15:04:38.831] Config(LANDING_GEAR) Squad/Controls/Azerty/LANDING_GEAR
[LOG 15:04:38.831] Config(HEADLIGHT_TOGGLE) Squad/Controls/Azerty/HEADLIGHT_TOGGLE
[LOG 15:04:38.831] Config(BRAKES) Squad/Controls/Azerty/BRAKES
[LOG 15:04:38.831] Config(TOGGLE_SPACENAV_FLIGHT_CONTROL) Squad/Controls/Azerty/TOGGLE_SPACENAV_FLIGHT_CONTROL
[LOG 15:04:38.831] Config(TOGGLE_SPACENAV_ROLL_LOCK) Squad/Controls/Azerty/TOGGLE_SPACENAV_ROLL_LOCK
[LOG 15:04:38.831] Config(WHEEL_STEER_LEFT) Squad/Controls/Azerty/WHEEL_STEER_LEFT
[LOG 15:04:38.831] Config(WHEEL_STEER_RIGHT) Squad/Controls/Azerty/WHEEL_STEER_RIGHT
[LOG 15:04:38.831] Config(WHEEL_THROTTLE_DOWN) Squad/Controls/Azerty/WHEEL_THROTTLE_DOWN
[LOG 15:04:38.831] Config(WHEEL_THROTTLE_UP) Squad/Controls/Azerty/WHEEL_THROTTLE_UP
[LOG 15:04:38.831] Config(EVA_forward) Squad/Controls/Azerty/EVA_forward
[LOG 15:04:38.831] Config(EVA_back) Squad/Controls/Azerty/EVA_back
[LOG 15:04:38.831] Config(EVA_left) Squad/Controls/Azerty/EVA_left
[LOG 15:04:38.831] Config(EVA_right) Squad/Controls/Azerty/EVA_right
[LOG 15:04:38.831] Config(EVA_yaw_left) Squad/Controls/Azerty/EVA_yaw_left
[LOG 15:04:38.831] Config(EVA_yaw_right) Squad/Controls/Azerty/EVA_yaw_right
[LOG 15:04:38.831] Config(EVA_Pack_forward) Squad/Controls/Azerty/EVA_Pack_forward
[LOG 15:04:38.831] Config(EVA_Pack_back) Squad/Controls/Azerty/EVA_Pack_back
[LOG 15:04:38.831] Config(EVA_Pack_left) Squad/Controls/Azerty/EVA_Pack_left
[LOG 15:04:38.831] Config(EVA_Pack_right) Squad/Controls/Azerty/EVA_Pack_right
[LOG 15:04:38.831] Config(EVA_Pack_up) Squad/Controls/Azerty/EVA_Pack_up
[LOG 15:04:38.831] Config(EVA_Pack_down) Squad/Controls/Azerty/EVA_Pack_down
[LOG 15:04:38.831] Config(EVA_Jump) Squad/Controls/Azerty/EVA_Jump
[LOG 15:04:38.832] Config(EVA_Run) Squad/Controls/Azerty/EVA_Run
[LOG 15:04:38.832] Config(EVA_ToggleMovementMode) Squad/Controls/Azerty/EVA_ToggleMovementMode
[LOG 15:04:38.832] Config(EVA_TogglePack) Squad/Controls/Azerty/EVA_TogglePack
[LOG 15:04:38.832] Config(EVA_Use) Squad/Controls/Azerty/EVA_Use
[LOG 15:04:38.832] Config(EVA_Board) Squad/Controls/Azerty/EVA_Board
[LOG 15:04:38.832] Config(EVA_Orient) Squad/Controls/Azerty/EVA_Orient
[LOG 15:04:38.832] Config(EVA_Lights) Squad/Controls/Azerty/EVA_Lights
[LOG 15:04:38.832] Config(EVA_ChuteDeploy) Squad/Controls/Azerty/EVA_ChuteDeploy
[LOG 15:04:38.832] Config(Editor_pitchUp) Squad/Controls/Azerty/Editor_pitchUp
[LOG 15:04:38.832] Config(Editor_pitchDown) Squad/Controls/Azerty/Editor_pitchDown
[LOG 15:04:38.832] Config(Editor_yawLeft) Squad/Controls/Azerty/Editor_yawLeft
[LOG 15:04:38.832] Config(Editor_yawRight) Squad/Controls/Azerty/Editor_yawRight
[LOG 15:04:38.832] Config(Editor_rollLeft) Squad/Controls/Azerty/Editor_rollLeft
[LOG 15:04:38.832] Config(Editor_rollRight) Squad/Controls/Azerty/Editor_rollRight
[LOG 15:04:38.832] Config(Editor_resetRotation) Squad/Controls/Azerty/Editor_resetRotation
[LOG 15:04:38.832] Config(Editor_modePlace) Squad/Controls/Azerty/Editor_modePlace
[LOG 15:04:38.832] Config(Editor_modeOffset) Squad/Controls/Azerty/Editor_modeOffset
[LOG 15:04:38.832] Config(Editor_modeRotate) Squad/Controls/Azerty/Editor_modeRotate
[LOG 15:04:38.832] Config(Editor_modeRoot) Squad/Controls/Azerty/Editor_modeRoot
[LOG 15:04:38.832] Config(Editor_coordSystem) Squad/Controls/Azerty/Editor_coordSystem
[LOG 15:04:38.832] Config(Editor_toggleSymMethod) Squad/Controls/Azerty/Editor_toggleSymMethod
[LOG 15:04:38.832] Config(Editor_toggleSymMode) Squad/Controls/Azerty/Editor_toggleSymMode
[LOG 15:04:38.832] Config(Editor_toggleAngleSnap) Squad/Controls/Azerty/Editor_toggleAngleSnap
[LOG 15:04:38.832] Config(Editor_fineTweak) Squad/Controls/Azerty/Editor_fineTweak
[LOG 15:04:38.832] Config(Editor_partSearch) Squad/Controls/Azerty/Editor_partSearch
[LOG 15:04:38.832] Config(Editor_zoomScrollModifier) Squad/Controls/Azerty/Editor_zoomScrollModifier
[LOG 15:04:38.832] Config(MODIFIER_KEY) Squad/Controls/Azerty/MODIFIER_KEY
[LOG 15:04:38.832] Config(AbortActionGroup) Squad/Controls/Azerty/AbortActionGroup
[LOG 15:04:38.832] Config(CustomActionGroup1) Squad/Controls/Azerty/CustomActionGroup1
[LOG 15:04:38.832] Config(CustomActionGroup2) Squad/Controls/Azerty/CustomActionGroup2
[LOG 15:04:38.833] Config(CustomActionGroup3) Squad/Controls/Azerty/CustomActionGroup3
[LOG 15:04:38.833] Config(CustomActionGroup4) Squad/Controls/Azerty/CustomActionGroup4
[LOG 15:04:38.833] Config(CustomActionGroup5) Squad/Controls/Azerty/CustomActionGroup5
[LOG 15:04:38.833] Config(CustomActionGroup6) Squad/Controls/Azerty/CustomActionGroup6
[LOG 15:04:38.833] Config(CustomActionGroup7) Squad/Controls/Azerty/CustomActionGroup7
[LOG 15:04:38.833] Config(CustomActionGroup8) Squad/Controls/Azerty/CustomActionGroup8
[LOG 15:04:38.833] Config(CustomActionGroup9) Squad/Controls/Azerty/CustomActionGroup9
[LOG 15:04:38.833] Config(CustomActionGroup10) Squad/Controls/Azerty/CustomActionGroup10
[LOG 15:04:38.833] Config(KEY_MAP) Squad/Controls/Azerty/KEY_MAP
[LOG 15:04:38.833] Config(KEYBOARD_LAYOUT) Squad/Controls/Dvorak/#autoLOC_6001234
[LOG 15:04:38.833] Config(PITCH_DOWN) Squad/Controls/Dvorak/PITCH_DOWN
[LOG 15:04:38.833] Config(PITCH_UP) Squad/Controls/Dvorak/PITCH_UP
[LOG 15:04:38.833] Config(YAW_LEFT) Squad/Controls/Dvorak/YAW_LEFT
[LOG 15:04:38.833] Config(YAW_RIGHT) Squad/Controls/Dvorak/YAW_RIGHT
[LOG 15:04:38.833] Config(ROLL_LEFT) Squad/Controls/Dvorak/ROLL_LEFT
[LOG 15:04:38.833] Config(ROLL_RIGHT) Squad/Controls/Dvorak/ROLL_RIGHT
[LOG 15:04:38.833] Config(THROTTLE_UP) Squad/Controls/Dvorak/THROTTLE_UP
[LOG 15:04:38.833] Config(THROTTLE_DOWN) Squad/Controls/Dvorak/THROTTLE_DOWN
[LOG 15:04:38.833] Config(SAS_HOLD) Squad/Controls/Dvorak/SAS_HOLD
[LOG 15:04:38.833] Config(SAS_TOGGLE) Squad/Controls/Dvorak/SAS_TOGGLE
[LOG 15:04:38.833] Config(LAUNCH_STAGES) Squad/Controls/Dvorak/LAUNCH_STAGES
[LOG 15:04:38.833] Config(Docking_toggleRotLin) Squad/Controls/Dvorak/Docking_toggleRotLin
[LOG 15:04:38.833] Config(CAMERA_MODE) Squad/Controls/Dvorak/CAMERA_MODE
[LOG 15:04:38.833] Config(CAMERA_NEXT) Squad/Controls/Dvorak/CAMERA_NEXT
[LOG 15:04:38.833] Config(PAUSE) Squad/Controls/Dvorak/PAUSE
[LOG 15:04:38.833] Config(PRECISION_CTRL) Squad/Controls/Dvorak/PRECISION_CTRL
[LOG 15:04:38.833] Config(ZOOM_IN) Squad/Controls/Dvorak/ZOOM_IN
[LOG 15:04:38.833] Config(ZOOM_OUT) Squad/Controls/Dvorak/ZOOM_OUT
[LOG 15:04:38.833] Config(SCROLL_VIEW_UP) Squad/Controls/Dvorak/SCROLL_VIEW_UP
[LOG 15:04:38.833] Config(SCROLL_VIEW_DOWN) Squad/Controls/Dvorak/SCROLL_VIEW_DOWN
[LOG 15:04:38.834] Config(SCROLL_ICONS_UP) Squad/Controls/Dvorak/SCROLL_ICONS_UP
[LOG 15:04:38.834] Config(SCROLL_ICONS_DOWN) Squad/Controls/Dvorak/SCROLL_ICONS_DOWN
[LOG 15:04:38.834] Config(CAMERA_ORBIT_UP) Squad/Controls/Dvorak/CAMERA_ORBIT_UP
[LOG 15:04:38.834] Config(CAMERA_ORBIT_DOWN) Squad/Controls/Dvorak/CAMERA_ORBIT_DOWN
[LOG 15:04:38.834] Config(CAMERA_ORBIT_LEFT) Squad/Controls/Dvorak/CAMERA_ORBIT_LEFT
[LOG 15:04:38.834] Config(CAMERA_ORBIT_RIGHT) Squad/Controls/Dvorak/CAMERA_ORBIT_RIGHT
[LOG 15:04:38.834] Config(CAMERA_RESET) Squad/Controls/Dvorak/CAMERA_RESET
[LOG 15:04:38.834] Config(CAMERA_MOUSE_TOGGLE) Squad/Controls/Dvorak/CAMERA_MOUSE_TOGGLE
[LOG 15:04:38.834] Config(TIME_WARP_INCREASE) Squad/Controls/Dvorak/TIME_WARP_INCREASE
[LOG 15:04:38.834] Config(TIME_WARP_DECREASE) Squad/Controls/Dvorak/TIME_WARP_DECREASE
[LOG 15:04:38.834] Config(TIME_WARP_STOP) Squad/Controls/Dvorak/TIME_WARP_STOP
[LOG 15:04:38.834] Config(MAP_VIEW_TOGGLE) Squad/Controls/Dvorak/MAP_VIEW_TOGGLE
[LOG 15:04:38.834] Config(NAVBALL_TOGGLE) Squad/Controls/Dvorak/NAVBALL_TOGGLE
[LOG 15:04:38.834] Config(UIMODE_STAGING) Squad/Controls/Dvorak/UIMODE_STAGING
[LOG 15:04:38.834] Config(UIMODE_DOCKING) Squad/Controls/Dvorak/UIMODE_DOCKING
[LOG 15:04:38.834] Config(TRANSLATE_DOWN) Squad/Controls/Dvorak/TRANSLATE_DOWN
[LOG 15:04:38.834] Config(TRANSLATE_UP) Squad/Controls/Dvorak/TRANSLATE_UP
[LOG 15:04:38.834] Config(TRANSLATE_LEFT) Squad/Controls/Dvorak/TRANSLATE_LEFT
[LOG 15:04:38.834] Config(TRANSLATE_RIGHT) Squad/Controls/Dvorak/TRANSLATE_RIGHT
[LOG 15:04:38.834] Config(TRANSLATE_FWD) Squad/Controls/Dvorak/TRANSLATE_FWD
[LOG 15:04:38.834] Config(TRANSLATE_BACK) Squad/Controls/Dvorak/TRANSLATE_BACK
[LOG 15:04:38.834] Config(RCS_TOGGLE) Squad/Controls/Dvorak/RCS_TOGGLE
[LOG 15:04:38.834] Config(FOCUS_NEXT_VESSEL) Squad/Controls/Dvorak/FOCUS_NEXT_VESSEL
[LOG 15:04:38.834] Config(FOCUS_PREV_VESSEL) Squad/Controls/Dvorak/FOCUS_PREV_VESSEL
[LOG 15:04:38.834] Config(TOGGLE_UI) Squad/Controls/Dvorak/TOGGLE_UI
[LOG 15:04:38.834] Config(TOGGLE_STATUS_SCREEN) Squad/Controls/Dvorak/TOGGLE_STATUS_SCREEN
[LOG 15:04:38.834] Config(TAKE_SCREENSHOT) Squad/Controls/Dvorak/TAKE_SCREENSHOT
[LOG 15:04:38.834] Config(TOGGLE_LABELS) Squad/Controls/Dvorak/TOGGLE_LABELS
[LOG 15:04:38.835] Config(TOGGLE_TEMP_GAUGES) Squad/Controls/Dvorak/TOGGLE_TEMP_GAUGES
[LOG 15:04:38.835] Config(TOGGLE_TEMP_OVERLAY) Squad/Controls/Dvorak/TOGGLE_TEMP_OVERLAY
[LOG 15:04:38.835] Config(TOGGLE_FLIGHT_FORCES) Squad/Controls/Dvorak/TOGGLE_FLIGHT_FORCES
[LOG 15:04:38.835] Config(QUICKSAVE) Squad/Controls/Dvorak/QUICKSAVE
[LOG 15:04:38.835] Config(QUICKLOAD) Squad/Controls/Dvorak/QUICKLOAD
[LOG 15:04:38.835] Config(THROTTLE_CUTOFF) Squad/Controls/Dvorak/THROTTLE_CUTOFF
[LOG 15:04:38.835] Config(THROTTLE_FULL) Squad/Controls/Dvorak/THROTTLE_FULL
[LOG 15:04:38.835] Config(LANDING_GEAR) Squad/Controls/Dvorak/LANDING_GEAR
[LOG 15:04:38.835] Config(HEADLIGHT_TOGGLE) Squad/Controls/Dvorak/HEADLIGHT_TOGGLE
[LOG 15:04:38.835] Config(BRAKES) Squad/Controls/Dvorak/BRAKES
[LOG 15:04:38.835] Config(TOGGLE_SPACENAV_FLIGHT_CONTROL) Squad/Controls/Dvorak/TOGGLE_SPACENAV_FLIGHT_CONTROL
[LOG 15:04:38.835] Config(TOGGLE_SPACENAV_ROLL_LOCK) Squad/Controls/Dvorak/TOGGLE_SPACENAV_ROLL_LOCK
[LOG 15:04:38.835] Config(WHEEL_STEER_LEFT) Squad/Controls/Dvorak/WHEEL_STEER_LEFT
[LOG 15:04:38.835] Config(WHEEL_STEER_RIGHT) Squad/Controls/Dvorak/WHEEL_STEER_RIGHT
[LOG 15:04:38.835] Config(WHEEL_THROTTLE_DOWN) Squad/Controls/Dvorak/WHEEL_THROTTLE_DOWN
[LOG 15:04:38.835] Config(WHEEL_THROTTLE_UP) Squad/Controls/Dvorak/WHEEL_THROTTLE_UP
[LOG 15:04:38.835] Config(EVA_forward) Squad/Controls/Dvorak/EVA_forward
[LOG 15:04:38.835] Config(EVA_back) Squad/Controls/Dvorak/EVA_back
[LOG 15:04:38.835] Config(EVA_left) Squad/Controls/Dvorak/EVA_left
[LOG 15:04:38.835] Config(EVA_right) Squad/Controls/Dvorak/EVA_right
[LOG 15:04:38.835] Config(EVA_yaw_left) Squad/Controls/Dvorak/EVA_yaw_left
[LOG 15:04:38.836] Config(EVA_yaw_right) Squad/Controls/Dvorak/EVA_yaw_right
[LOG 15:04:38.836] Config(EVA_Pack_forward) Squad/Controls/Dvorak/EVA_Pack_forward
[LOG 15:04:38.836] Config(EVA_Pack_back) Squad/Controls/Dvorak/EVA_Pack_back
[LOG 15:04:38.836] Config(EVA_Pack_left) Squad/Controls/Dvorak/EVA_Pack_left
[LOG 15:04:38.836] Config(EVA_Pack_right) Squad/Controls/Dvorak/EVA_Pack_right
[LOG 15:04:38.836] Config(EVA_Pack_up) Squad/Controls/Dvorak/EVA_Pack_up
[LOG 15:04:38.836] Config(EVA_Pack_down) Squad/Controls/Dvorak/EVA_Pack_down
[LOG 15:04:38.836] Config(EVA_Jump) Squad/Controls/Dvorak/EVA_Jump
[LOG 15:04:38.836] Config(EVA_Run) Squad/Controls/Dvorak/EVA_Run
[LOG 15:04:38.836] Config(EVA_ToggleMovementMode) Squad/Controls/Dvorak/EVA_ToggleMovementMode
[LOG 15:04:38.836] Config(EVA_TogglePack) Squad/Controls/Dvorak/EVA_TogglePack
[LOG 15:04:38.836] Config(EVA_Use) Squad/Controls/Dvorak/EVA_Use
[LOG 15:04:38.836] Config(EVA_Board) Squad/Controls/Dvorak/EVA_Board
[LOG 15:04:38.836] Config(EVA_Orient) Squad/Controls/Dvorak/EVA_Orient
[LOG 15:04:38.836] Config(EVA_Lights) Squad/Controls/Dvorak/EVA_Lights
[LOG 15:04:38.836] Config(EVA_ChuteDeploy) Squad/Controls/Dvorak/EVA_ChuteDeploy
[LOG 15:04:38.836] Config(Editor_pitchUp) Squad/Controls/Dvorak/Editor_pitchUp
[LOG 15:04:38.836] Config(Editor_pitchDown) Squad/Controls/Dvorak/Editor_pitchDown
[LOG 15:04:38.836] Config(Editor_yawLeft) Squad/Controls/Dvorak/Editor_yawLeft
[LOG 15:04:38.836] Config(Editor_yawRight) Squad/Controls/Dvorak/Editor_yawRight
[LOG 15:04:38.836] Config(Editor_rollLeft) Squad/Controls/Dvorak/Editor_rollLeft
[LOG 15:04:38.836] Config(Editor_rollRight) Squad/Controls/Dvorak/Editor_rollRight
[LOG 15:04:38.836] Config(Editor_resetRotation) Squad/Controls/Dvorak/Editor_resetRotation
[LOG 15:04:38.836] Config(Editor_modePlace) Squad/Controls/Dvorak/Editor_modePlace
[LOG 15:04:38.836] Config(Editor_modeOffset) Squad/Controls/Dvorak/Editor_modeOffset
[LOG 15:04:38.836] Config(Editor_modeRotate) Squad/Controls/Dvorak/Editor_modeRotate
[LOG 15:04:38.836] Config(Editor_modeRoot) Squad/Controls/Dvorak/Editor_modeRoot
[LOG 15:04:38.836] Config(Editor_coordSystem) Squad/Controls/Dvorak/Editor_coordSystem
[LOG 15:04:38.837] Config(Editor_toggleSymMethod) Squad/Controls/Dvorak/Editor_toggleSymMethod
[LOG 15:04:38.837] Config(Editor_toggleSymMode) Squad/Controls/Dvorak/Editor_toggleSymMode
[LOG 15:04:38.837] Config(Editor_toggleAngleSnap) Squad/Controls/Dvorak/Editor_toggleAngleSnap
[LOG 15:04:38.837] Config(Editor_fineTweak) Squad/Controls/Dvorak/Editor_fineTweak
[LOG 15:04:38.837] Config(Editor_partSearch) Squad/Controls/Dvorak/Editor_partSearch
[LOG 15:04:38.837] Config(Editor_zoomScrollModifier) Squad/Controls/Dvorak/Editor_zoomScrollModifier
[LOG 15:04:38.837] Config(MODIFIER_KEY) Squad/Controls/Dvorak/MODIFIER_KEY
[LOG 15:04:38.837] Config(AbortActionGroup) Squad/Controls/Dvorak/AbortActionGroup
[LOG 15:04:38.837] Config(CustomActionGroup1) Squad/Controls/Dvorak/CustomActionGroup1
[LOG 15:04:38.837] Config(CustomActionGroup2) Squad/Controls/Dvorak/CustomActionGroup2
[LOG 15:04:38.837] Config(CustomActionGroup3) Squad/Controls/Dvorak/CustomActionGroup3
[LOG 15:04:38.837] Config(CustomActionGroup4) Squad/Controls/Dvorak/CustomActionGroup4
[LOG 15:04:38.837] Config(CustomActionGroup5) Squad/Controls/Dvorak/CustomActionGroup5
[LOG 15:04:38.837] Config(CustomActionGroup6) Squad/Controls/Dvorak/CustomActionGroup6
[LOG 15:04:38.837] Config(CustomActionGroup7) Squad/Controls/Dvorak/CustomActionGroup7
[LOG 15:04:38.837] Config(CustomActionGroup8) Squad/Controls/Dvorak/CustomActionGroup8
[LOG 15:04:38.837] Config(CustomActionGroup9) Squad/Controls/Dvorak/CustomActionGroup9
[LOG 15:04:38.837] Config(CustomActionGroup10) Squad/Controls/Dvorak/CustomActionGroup10
[LOG 15:04:38.837] Config(KEY_MAP) Squad/Controls/Dvorak/KEY_MAP
[LOG 15:04:38.837] Config(KEYBOARD_LAYOUT) Squad/Controls/Qwerty/#autoLOC_6001227
[LOG 15:04:38.837] Config(PITCH_DOWN) Squad/Controls/Qwerty/PITCH_DOWN
[LOG 15:04:38.837] Config(PITCH_UP) Squad/Controls/Qwerty/PITCH_UP
[LOG 15:04:38.837] Config(YAW_LEFT) Squad/Controls/Qwerty/YAW_LEFT
[LOG 15:04:38.837] Config(YAW_RIGHT) Squad/Controls/Qwerty/YAW_RIGHT
[LOG 15:04:38.837] Config(ROLL_LEFT) Squad/Controls/Qwerty/ROLL_LEFT
[LOG 15:04:38.837] Config(ROLL_RIGHT) Squad/Controls/Qwerty/ROLL_RIGHT
[LOG 15:04:38.838] Config(THROTTLE_UP) Squad/Controls/Qwerty/THROTTLE_UP
[LOG 15:04:38.838] Config(THROTTLE_DOWN) Squad/Controls/Qwerty/THROTTLE_DOWN
[LOG 15:04:38.838] Config(SAS_HOLD) Squad/Controls/Qwerty/SAS_HOLD
[LOG 15:04:38.838] Config(SAS_TOGGLE) Squad/Controls/Qwerty/SAS_TOGGLE
[LOG 15:04:38.838] Config(LAUNCH_STAGES) Squad/Controls/Qwerty/LAUNCH_STAGES
[LOG 15:04:38.838] Config(Docking_toggleRotLin) Squad/Controls/Qwerty/Docking_toggleRotLin
[LOG 15:04:38.838] Config(CAMERA_MODE) Squad/Controls/Qwerty/CAMERA_MODE
[LOG 15:04:38.838] Config(CAMERA_NEXT) Squad/Controls/Qwerty/CAMERA_NEXT
[LOG 15:04:38.838] Config(PAUSE) Squad/Controls/Qwerty/PAUSE
[LOG 15:04:38.838] Config(PRECISION_CTRL) Squad/Controls/Qwerty/PRECISION_CTRL
[LOG 15:04:38.838] Config(ZOOM_IN) Squad/Controls/Qwerty/ZOOM_IN
[LOG 15:04:38.838] Config(ZOOM_OUT) Squad/Controls/Qwerty/ZOOM_OUT
[LOG 15:04:38.838] Config(SCROLL_VIEW_UP) Squad/Controls/Qwerty/SCROLL_VIEW_UP
[LOG 15:04:38.838] Config(SCROLL_VIEW_DOWN) Squad/Controls/Qwerty/SCROLL_VIEW_DOWN
[LOG 15:04:38.838] Config(SCROLL_ICONS_UP) Squad/Controls/Qwerty/SCROLL_ICONS_UP
[LOG 15:04:38.838] Config(SCROLL_ICONS_DOWN) Squad/Controls/Qwerty/SCROLL_ICONS_DOWN
[LOG 15:04:38.838] Config(CAMERA_ORBIT_UP) Squad/Controls/Qwerty/CAMERA_ORBIT_UP
[LOG 15:04:38.838] Config(CAMERA_ORBIT_DOWN) Squad/Controls/Qwerty/CAMERA_ORBIT_DOWN
[LOG 15:04:38.838] Config(CAMERA_ORBIT_LEFT) Squad/Controls/Qwerty/CAMERA_ORBIT_LEFT
[LOG 15:04:38.838] Config(CAMERA_ORBIT_RIGHT) Squad/Controls/Qwerty/CAMERA_ORBIT_RIGHT
[LOG 15:04:38.838] Config(CAMERA_RESET) Squad/Controls/Qwerty/CAMERA_RESET
[LOG 15:04:38.838] Config(CAMERA_MOUSE_TOGGLE) Squad/Controls/Qwerty/CAMERA_MOUSE_TOGGLE
[LOG 15:04:38.838] Config(TIME_WARP_INCREASE) Squad/Controls/Qwerty/TIME_WARP_INCREASE
[LOG 15:04:38.838] Config(TIME_WARP_DECREASE) Squad/Controls/Qwerty/TIME_WARP_DECREASE
[LOG 15:04:38.838] Config(TIME_WARP_STOP) Squad/Controls/Qwerty/TIME_WARP_STOP
[LOG 15:04:38.838] Config(MAP_VIEW_TOGGLE) Squad/Controls/Qwerty/MAP_VIEW_TOGGLE
[LOG 15:04:38.838] Config(NAVBALL_TOGGLE) Squad/Controls/Qwerty/NAVBALL_TOGGLE
[LOG 15:04:38.839] Config(UIMODE_STAGING) Squad/Controls/Qwerty/UIMODE_STAGING
[LOG 15:04:38.839] Config(UIMODE_DOCKING) Squad/Controls/Qwerty/UIMODE_DOCKING
[LOG 15:04:38.839] Config(TRANSLATE_DOWN) Squad/Controls/Qwerty/TRANSLATE_DOWN
[LOG 15:04:38.839] Config(TRANSLATE_UP) Squad/Controls/Qwerty/TRANSLATE_UP
[LOG 15:04:38.839] Config(TRANSLATE_LEFT) Squad/Controls/Qwerty/TRANSLATE_LEFT
[LOG 15:04:38.839] Config(TRANSLATE_RIGHT) Squad/Controls/Qwerty/TRANSLATE_RIGHT
[LOG 15:04:38.839] Config(TRANSLATE_FWD) Squad/Controls/Qwerty/TRANSLATE_FWD
[LOG 15:04:38.839] Config(TRANSLATE_BACK) Squad/Controls/Qwerty/TRANSLATE_BACK
[LOG 15:04:38.839] Config(RCS_TOGGLE) Squad/Controls/Qwerty/RCS_TOGGLE
[LOG 15:04:38.839] Config(FOCUS_NEXT_VESSEL) Squad/Controls/Qwerty/FOCUS_NEXT_VESSEL
[LOG 15:04:38.839] Config(FOCUS_PREV_VESSEL) Squad/Controls/Qwerty/FOCUS_PREV_VESSEL
[LOG 15:04:38.839] Config(TOGGLE_UI) Squad/Controls/Qwerty/TOGGLE_UI
[LOG 15:04:38.839] Config(TOGGLE_STATUS_SCREEN) Squad/Controls/Qwerty/TOGGLE_STATUS_SCREEN
[LOG 15:04:38.839] Config(TAKE_SCREENSHOT) Squad/Controls/Qwerty/TAKE_SCREENSHOT
[LOG 15:04:38.839] Config(TOGGLE_LABELS) Squad/Controls/Qwerty/TOGGLE_LABELS
[LOG 15:04:38.839] Config(TOGGLE_TEMP_GAUGES) Squad/Controls/Qwerty/TOGGLE_TEMP_GAUGES
[LOG 15:04:38.839] Config(TOGGLE_TEMP_OVERLAY) Squad/Controls/Qwerty/TOGGLE_TEMP_OVERLAY
[LOG 15:04:38.839] Config(TOGGLE_FLIGHT_FORCES) Squad/Controls/Qwerty/TOGGLE_FLIGHT_FORCES
[LOG 15:04:38.839] Config(QUICKSAVE) Squad/Controls/Qwerty/QUICKSAVE
[LOG 15:04:38.839] Config(QUICKLOAD) Squad/Controls/Qwerty/QUICKLOAD
[LOG 15:04:38.839] Config(THROTTLE_CUTOFF) Squad/Controls/Qwerty/THROTTLE_CUTOFF
[LOG 15:04:38.839] Config(THROTTLE_FULL) Squad/Controls/Qwerty/THROTTLE_FULL
[LOG 15:04:38.839] Config(LANDING_GEAR) Squad/Controls/Qwerty/LANDING_GEAR
[LOG 15:04:38.839] Config(HEADLIGHT_TOGGLE) Squad/Controls/Qwerty/HEADLIGHT_TOGGLE
[LOG 15:04:38.839] Config(BRAKES) Squad/Controls/Qwerty/BRAKES
[LOG 15:04:38.839] Config(TOGGLE_SPACENAV_FLIGHT_CONTROL) Squad/Controls/Qwerty/TOGGLE_SPACENAV_FLIGHT_CONTROL
[LOG 15:04:38.839] Config(TOGGLE_SPACENAV_ROLL_LOCK) Squad/Controls/Qwerty/TOGGLE_SPACENAV_ROLL_LOCK
[LOG 15:04:38.839] Config(WHEEL_STEER_LEFT) Squad/Controls/Qwerty/WHEEL_STEER_LEFT
[LOG 15:04:38.839] Config(WHEEL_STEER_RIGHT) Squad/Controls/Qwerty/WHEEL_STEER_RIGHT
[LOG 15:04:38.839] Config(WHEEL_THROTTLE_DOWN) Squad/Controls/Qwerty/WHEEL_THROTTLE_DOWN
[LOG 15:04:38.839] Config(WHEEL_THROTTLE_UP) Squad/Controls/Qwerty/WHEEL_THROTTLE_UP
[LOG 15:04:38.840] Config(EVA_forward) Squad/Controls/Qwerty/EVA_forward
[LOG 15:04:38.840] Config(EVA_back) Squad/Controls/Qwerty/EVA_back
[LOG 15:04:38.840] Config(EVA_left) Squad/Controls/Qwerty/EVA_left
[LOG 15:04:38.840] Config(EVA_right) Squad/Controls/Qwerty/EVA_right
[LOG 15:04:38.840] Config(EVA_yaw_left) Squad/Controls/Qwerty/EVA_yaw_left
[LOG 15:04:38.840] Config(EVA_yaw_right) Squad/Controls/Qwerty/EVA_yaw_right
[LOG 15:04:38.840] Config(EVA_Pack_forward) Squad/Controls/Qwerty/EVA_Pack_forward
[LOG 15:04:38.840] Config(EVA_Pack_back) Squad/Controls/Qwerty/EVA_Pack_back
[LOG 15:04:38.840] Config(EVA_Pack_left) Squad/Controls/Qwerty/EVA_Pack_left
[LOG 15:04:38.840] Config(EVA_Pack_right) Squad/Controls/Qwerty/EVA_Pack_right
[LOG 15:04:38.840] Config(EVA_Pack_up) Squad/Controls/Qwerty/EVA_Pack_up
[LOG 15:04:38.840] Config(EVA_Pack_down) Squad/Controls/Qwerty/EVA_Pack_down
[LOG 15:04:38.840] Config(EVA_Jump) Squad/Controls/Qwerty/EVA_Jump
[LOG 15:04:38.840] Config(EVA_Run) Squad/Controls/Qwerty/EVA_Run
[LOG 15:04:38.840] Config(EVA_ToggleMovementMode) Squad/Controls/Qwerty/EVA_ToggleMovementMode
[LOG 15:04:38.840] Config(EVA_TogglePack) Squad/Controls/Qwerty/EVA_TogglePack
[LOG 15:04:38.840] Config(EVA_Use) Squad/Controls/Qwerty/EVA_Use
[LOG 15:04:38.840] Config(EVA_Board) Squad/Controls/Qwerty/EVA_Board
[LOG 15:04:38.840] Config(EVA_Orient) Squad/Controls/Qwerty/EVA_Orient
[LOG 15:04:38.840] Config(EVA_Lights) Squad/Controls/Qwerty/EVA_Lights
[LOG 15:04:38.840] Config(EVA_ChuteDeploy) Squad/Controls/Qwerty/EVA_ChuteDeploy
[LOG 15:04:38.840] Config(Editor_pitchUp) Squad/Controls/Qwerty/Editor_pitchUp
[LOG 15:04:38.840] Config(Editor_pitchDown) Squad/Controls/Qwerty/Editor_pitchDown
[LOG 15:04:38.840] Config(Editor_yawLeft) Squad/Controls/Qwerty/Editor_yawLeft
[LOG 15:04:38.840] Config(Editor_yawRight) Squad/Controls/Qwerty/Editor_yawRight
[LOG 15:04:38.840] Config(Editor_rollLeft) Squad/Controls/Qwerty/Editor_rollLeft
[LOG 15:04:38.840] Config(Editor_rollRight) Squad/Controls/Qwerty/Editor_rollRight
[LOG 15:04:38.841] Config(Editor_resetRotation) Squad/Controls/Qwerty/Editor_resetRotation
[LOG 15:04:38.841] Config(Editor_modePlace) Squad/Controls/Qwerty/Editor_modePlace
[LOG 15:04:38.841] Config(Editor_modeOffset) Squad/Controls/Qwerty/Editor_modeOffset
[LOG 15:04:38.841] Config(Editor_modeRotate) Squad/Controls/Qwerty/Editor_modeRotate
[LOG 15:04:38.841] Config(Editor_modeRoot) Squad/Controls/Qwerty/Editor_modeRoot
[LOG 15:04:38.841] Config(Editor_coordSystem) Squad/Controls/Qwerty/Editor_coordSystem
[LOG 15:04:38.841] Config(Editor_toggleSymMethod) Squad/Controls/Qwerty/Editor_toggleSymMethod
[LOG 15:04:38.841] Config(Editor_toggleSymMode) Squad/Controls/Qwerty/Editor_toggleSymMode
[LOG 15:04:38.841] Config(Editor_toggleAngleSnap) Squad/Controls/Qwerty/Editor_toggleAngleSnap
[LOG 15:04:38.841] Config(Editor_fineTweak) Squad/Controls/Qwerty/Editor_fineTweak
[LOG 15:04:38.841] Config(Editor_partSearch) Squad/Controls/Qwerty/Editor_partSearch
[LOG 15:04:38.841] Config(Editor_zoomScrollModifier) Squad/Controls/Qwerty/Editor_zoomScrollModifier
[LOG 15:04:38.841] Config(MODIFIER_KEY) Squad/Controls/Qwerty/MODIFIER_KEY
[LOG 15:04:38.841] Config(AbortActionGroup) Squad/Controls/Qwerty/AbortActionGroup
[LOG 15:04:38.841] Config(CustomActionGroup1) Squad/Controls/Qwerty/CustomActionGroup1
[LOG 15:04:38.841] Config(CustomActionGroup2) Squad/Controls/Qwerty/CustomActionGroup2
[LOG 15:04:38.841] Config(CustomActionGroup3) Squad/Controls/Qwerty/CustomActionGroup3
[LOG 15:04:38.841] Config(CustomActionGroup4) Squad/Controls/Qwerty/CustomActionGroup4
[LOG 15:04:38.841] Config(CustomActionGroup5) Squad/Controls/Qwerty/CustomActionGroup5
[LOG 15:04:38.841] Config(CustomActionGroup6) Squad/Controls/Qwerty/CustomActionGroup6
[LOG 15:04:38.841] Config(CustomActionGroup7) Squad/Controls/Qwerty/CustomActionGroup7
[LOG 15:04:38.841] Config(CustomActionGroup8) Squad/Controls/Qwerty/CustomActionGroup8
[LOG 15:04:38.841] Config(CustomActionGroup9) Squad/Controls/Qwerty/CustomActionGroup9
[LOG 15:04:38.841] Config(CustomActionGroup10) Squad/Controls/Qwerty/CustomActionGroup10
[LOG 15:04:38.841] Config(KEY_MAP) Squad/Controls/Qwerty/KEY_MAP
[LOG 15:04:38.841] Config(KEYBOARD_LAYOUT) Squad/Controls/Qwerty_en-GB/#autoLOC_6001228
[LOG 15:04:38.841] Config(KEY_MAP) Squad/Controls/Qwerty_en-GB/KEY_MAP
[LOG 15:04:38.841] Config(KEYBOARD_LAYOUT) Squad/Controls/Qwerty_es-LA/#autoLOC_6001229
[LOG 15:04:38.841] Config(CAMERA_MOUSE_TOGGLE) Squad/Controls/Qwerty_es-LA/CAMERA_MOUSE_TOGGLE
[LOG 15:04:38.841] Config(TIME_WARP_STOP) Squad/Controls/Qwerty_es-LA/TIME_WARP_STOP
[LOG 15:04:38.842] Config(FOCUS_NEXT_VESSEL) Squad/Controls/Qwerty_es-LA/FOCUS_NEXT_VESSEL
[LOG 15:04:38.842] Config(FOCUS_PREV_VESSEL) Squad/Controls/Qwerty_es-LA/FOCUS_PREV_VESSEL
[LOG 15:04:38.842] Config(CAMERA_RESET) Squad/Controls/Qwerty_es-LA/CAMERA_RESET
[LOG 15:04:38.842] Config(Editor_partSearch) Squad/Controls/Qwerty_es-LA/Editor_partSearch
[LOG 15:04:38.842] Config(KEY_MAP) Squad/Controls/Qwerty_es-LA/KEY_MAP
[LOG 15:04:38.842] Config(KEYBOARD_LAYOUT) Squad/Controls/Qwerty_it-IT/#autoLOC_6001230
[LOG 15:04:38.842] Config(FOCUS_NEXT_VESSEL) Squad/Controls/Qwerty_it-IT/FOCUS_NEXT_VESSEL
[LOG 15:04:38.842] Config(FOCUS_PREV_VESSEL) Squad/Controls/Qwerty_it-IT/FOCUS_PREV_VESSEL
[LOG 15:04:38.842] Config(CAMERA_MOUSE_TOGGLE) Squad/Controls/Qwerty_it-IT/CAMERA_MOUSE_TOGGLE
[LOG 15:04:38.842] Config(TIME_WARP_STOP) Squad/Controls/Qwerty_it-IT/TIME_WARP_STOP
[LOG 15:04:38.842] Config(CAMERA_RESET) Squad/Controls/Qwerty_it-IT/CAMERA_RESET
[LOG 15:04:38.842] Config(Editor_partSearch) Squad/Controls/Qwerty_it-IT/Editor_partSearch
[LOG 15:04:38.842] Config(KEY_MAP) Squad/Controls/Qwerty_it-IT/KEY_MAP
[LOG 15:04:38.842] Config(KEYBOARD_LAYOUT) Squad/Controls/Qwerty_ja-JP/#autoLOC_6001231
[LOG 15:04:38.842] Config(FOCUS_NEXT_VESSEL) Squad/Controls/Qwerty_ja-JP/FOCUS_NEXT_VESSEL
[LOG 15:04:38.842] Config(FOCUS_PREV_VESSEL) Squad/Controls/Qwerty_ja-JP/FOCUS_PREV_VESSEL
[LOG 15:04:38.842] Config(PRECISION_CTRL) Squad/Controls/Qwerty_ja-JP/PRECISION_CTRL
[LOG 15:04:38.842] Config(CAMERA_MOUSE_TOGGLE) Squad/Controls/Qwerty_ja-JP/CAMERA_MOUSE_TOGGLE
[LOG 15:04:38.842] Config(Editor_partSearch) Squad/Controls/Qwerty_ja-JP/Editor_partSearch
[LOG 15:04:38.842] Config(CAMERA_RESET) Squad/Controls/Qwerty_ja-JP/CAMERA_RESET
[LOG 15:04:38.842] Config(KEY_MAP) Squad/Controls/Qwerty_ja-JP/KEY_MAP
[LOG 15:04:38.842] Config(KEYBOARD_LAYOUT) Squad/Controls/Qwerty_pt-PT/#autoLOC_6001230
[LOG 15:04:38.842] Config(FOCUS_NEXT_VESSEL) Squad/Controls/Qwerty_pt-PT/FOCUS_NEXT_VESSEL
[LOG 15:04:38.842] Config(FOCUS_PREV_VESSEL) Squad/Controls/Qwerty_pt-PT/FOCUS_PREV_VESSEL
[LOG 15:04:38.842] Config(CAMERA_MOUSE_TOGGLE) Squad/Controls/Qwerty_pt-PT/CAMERA_MOUSE_TOGGLE
[LOG 15:04:38.842] Config(TIME_WARP_STOP) Squad/Controls/Qwerty_pt-PT/TIME_WARP_STOP
[LOG 15:04:38.842] Config(CAMERA_RESET) Squad/Controls/Qwerty_pt-PT/CAMERA_RESET
[LOG 15:04:38.842] Config(Editor_partSearch) Squad/Controls/Qwerty_pt-PT/Editor_partSearch
[LOG 15:04:38.842] Config(KEY_MAP) Squad/Controls/Qwerty_pt-PT/KEY_MAP
[LOG 15:04:38.843] Config(KEYBOARD_LAYOUT) Squad/Controls/Qwertz/#autoLOC_6001232
[LOG 15:04:38.843] Config(PITCH_DOWN) Squad/Controls/Qwertz/PITCH_DOWN
[LOG 15:04:38.843] Config(PITCH_UP) Squad/Controls/Qwertz/PITCH_UP
[LOG 15:04:38.843] Config(YAW_LEFT) Squad/Controls/Qwertz/YAW_LEFT
[LOG 15:04:38.843] Config(YAW_RIGHT) Squad/Controls/Qwertz/YAW_RIGHT
[LOG 15:04:38.843] Config(ROLL_LEFT) Squad/Controls/Qwertz/ROLL_LEFT
[LOG 15:04:38.843] Config(ROLL_RIGHT) Squad/Controls/Qwertz/ROLL_RIGHT
[LOG 15:04:38.843] Config(THROTTLE_UP) Squad/Controls/Qwertz/THROTTLE_UP
[LOG 15:04:38.843] Config(THROTTLE_DOWN) Squad/Controls/Qwertz/THROTTLE_DOWN
[LOG 15:04:38.843] Config(SAS_HOLD) Squad/Controls/Qwertz/SAS_HOLD
[LOG 15:04:38.843] Config(SAS_TOGGLE) Squad/Controls/Qwertz/SAS_TOGGLE
[LOG 15:04:38.843] Config(LAUNCH_STAGES) Squad/Controls/Qwertz/LAUNCH_STAGES
[LOG 15:04:38.843] Config(Docking_toggleRotLin) Squad/Controls/Qwertz/Docking_toggleRotLin
[LOG 15:04:38.843] Config(CAMERA_MODE) Squad/Controls/Qwertz/CAMERA_MODE
[LOG 15:04:38.843] Config(CAMERA_NEXT) Squad/Controls/Qwertz/CAMERA_NEXT
[LOG 15:04:38.843] Config(PAUSE) Squad/Controls/Qwertz/PAUSE
[LOG 15:04:38.843] Config(PRECISION_CTRL) Squad/Controls/Qwertz/PRECISION_CTRL
[LOG 15:04:38.843] Config(ZOOM_IN) Squad/Controls/Qwertz/ZOOM_IN
[LOG 15:04:38.843] Config(ZOOM_OUT) Squad/Controls/Qwertz/ZOOM_OUT
[LOG 15:04:38.843] Config(SCROLL_VIEW_UP) Squad/Controls/Qwertz/SCROLL_VIEW_UP
[LOG 15:04:38.843] Config(SCROLL_VIEW_DOWN) Squad/Controls/Qwertz/SCROLL_VIEW_DOWN
[LOG 15:04:38.843] Config(SCROLL_ICONS_UP) Squad/Controls/Qwertz/SCROLL_ICONS_UP
[LOG 15:04:38.843] Config(SCROLL_ICONS_DOWN) Squad/Controls/Qwertz/SCROLL_ICONS_DOWN
[LOG 15:04:38.843] Config(CAMERA_ORBIT_UP) Squad/Controls/Qwertz/CAMERA_ORBIT_UP
[LOG 15:04:38.843] Config(CAMERA_ORBIT_DOWN) Squad/Controls/Qwertz/CAMERA_ORBIT_DOWN
[LOG 15:04:38.843] Config(CAMERA_ORBIT_LEFT) Squad/Controls/Qwertz/CAMERA_ORBIT_LEFT
[LOG 15:04:38.843] Config(CAMERA_ORBIT_RIGHT) Squad/Controls/Qwertz/CAMERA_ORBIT_RIGHT
[LOG 15:04:38.843] Config(CAMERA_RESET) Squad/Controls/Qwertz/CAMERA_RESET
[LOG 15:04:38.843] Config(CAMERA_MOUSE_TOGGLE) Squad/Controls/Qwertz/CAMERA_MOUSE_TOGGLE
[LOG 15:04:38.843] Config(TIME_WARP_INCREASE) Squad/Controls/Qwertz/TIME_WARP_INCREASE
[LOG 15:04:38.843] Config(TIME_WARP_DECREASE) Squad/Controls/Qwertz/TIME_WARP_DECREASE
[LOG 15:04:38.844] Config(TIME_WARP_STOP) Squad/Controls/Qwertz/TIME_WARP_STOP
[LOG 15:04:38.844] Config(MAP_VIEW_TOGGLE) Squad/Controls/Qwertz/MAP_VIEW_TOGGLE
[LOG 15:04:38.844] Config(NAVBALL_TOGGLE) Squad/Controls/Qwertz/NAVBALL_TOGGLE
[LOG 15:04:38.844] Config(UIMODE_STAGING) Squad/Controls/Qwertz/UIMODE_STAGING
[LOG 15:04:38.844] Config(UIMODE_DOCKING) Squad/Controls/Qwertz/UIMODE_DOCKING
[LOG 15:04:38.844] Config(TRANSLATE_DOWN) Squad/Controls/Qwertz/TRANSLATE_DOWN
[LOG 15:04:38.844] Config(TRANSLATE_UP) Squad/Controls/Qwertz/TRANSLATE_UP
[LOG 15:04:38.844] Config(TRANSLATE_LEFT) Squad/Controls/Qwertz/TRANSLATE_LEFT
[LOG 15:04:38.844] Config(TRANSLATE_RIGHT) Squad/Controls/Qwertz/TRANSLATE_RIGHT
[LOG 15:04:38.844] Config(TRANSLATE_FWD) Squad/Controls/Qwertz/TRANSLATE_FWD
[LOG 15:04:38.844] Config(TRANSLATE_BACK) Squad/Controls/Qwertz/TRANSLATE_BACK
[LOG 15:04:38.844] Config(RCS_TOGGLE) Squad/Controls/Qwertz/RCS_TOGGLE
[LOG 15:04:38.844] Config(FOCUS_NEXT_VESSEL) Squad/Controls/Qwertz/FOCUS_NEXT_VESSEL
[LOG 15:04:38.844] Config(FOCUS_PREV_VESSEL) Squad/Controls/Qwertz/FOCUS_PREV_VESSEL
[LOG 15:04:38.844] Config(TOGGLE_UI) Squad/Controls/Qwertz/TOGGLE_UI
[LOG 15:04:38.844] Config(TOGGLE_STATUS_SCREEN) Squad/Controls/Qwertz/TOGGLE_STATUS_SCREEN
[LOG 15:04:38.844] Config(TAKE_SCREENSHOT) Squad/Controls/Qwertz/TAKE_SCREENSHOT
[LOG 15:04:38.844] Config(TOGGLE_LABELS) Squad/Controls/Qwertz/TOGGLE_LABELS
[LOG 15:04:38.844] Config(TOGGLE_TEMP_GAUGES) Squad/Controls/Qwertz/TOGGLE_TEMP_GAUGES
[LOG 15:04:38.844] Config(TOGGLE_TEMP_OVERLAY) Squad/Controls/Qwertz/TOGGLE_TEMP_OVERLAY
[LOG 15:04:38.844] Config(TOGGLE_FLIGHT_FORCES) Squad/Controls/Qwertz/TOGGLE_FLIGHT_FORCES
[LOG 15:04:38.844] Config(QUICKSAVE) Squad/Controls/Qwertz/QUICKSAVE
[LOG 15:04:38.844] Config(QUICKLOAD) Squad/Controls/Qwertz/QUICKLOAD
[LOG 15:04:38.844] Config(THROTTLE_CUTOFF) Squad/Controls/Qwertz/THROTTLE_CUTOFF
[LOG 15:04:38.844] Config(THROTTLE_FULL) Squad/Controls/Qwertz/THROTTLE_FULL
[LOG 15:04:38.844] Config(LANDING_GEAR) Squad/Controls/Qwertz/LANDING_GEAR
[LOG 15:04:38.844] Config(HEADLIGHT_TOGGLE) Squad/Controls/Qwertz/HEADLIGHT_TOGGLE
[LOG 15:04:38.844] Config(BRAKES) Squad/Controls/Qwertz/BRAKES
[LOG 15:04:38.844] Config(TOGGLE_SPACENAV_FLIGHT_CONTROL) Squad/Controls/Qwertz/TOGGLE_SPACENAV_FLIGHT_CONTROL
[LOG 15:04:38.844] Config(TOGGLE_SPACENAV_ROLL_LOCK) Squad/Controls/Qwertz/TOGGLE_SPACENAV_ROLL_LOCK
[LOG 15:04:38.844] Config(WHEEL_STEER_LEFT) Squad/Controls/Qwertz/WHEEL_STEER_LEFT
[LOG 15:04:38.844] Config(WHEEL_STEER_RIGHT) Squad/Controls/Qwertz/WHEEL_STEER_RIGHT
[LOG 15:04:38.845] Config(WHEEL_THROTTLE_DOWN) Squad/Controls/Qwertz/WHEEL_THROTTLE_DOWN
[LOG 15:04:38.845] Config(WHEEL_THROTTLE_UP) Squad/Controls/Qwertz/WHEEL_THROTTLE_UP
[LOG 15:04:38.845] Config(EVA_forward) Squad/Controls/Qwertz/EVA_forward
[LOG 15:04:38.845] Config(EVA_back) Squad/Controls/Qwertz/EVA_back
[LOG 15:04:38.845] Config(EVA_left) Squad/Controls/Qwertz/EVA_left
[LOG 15:04:38.845] Config(EVA_right) Squad/Controls/Qwertz/EVA_right
[LOG 15:04:38.845] Config(EVA_yaw_left) Squad/Controls/Qwertz/EVA_yaw_left
[LOG 15:04:38.845] Config(EVA_yaw_right) Squad/Controls/Qwertz/EVA_yaw_right
[LOG 15:04:38.845] Config(EVA_Pack_forward) Squad/Controls/Qwertz/EVA_Pack_forward
[LOG 15:04:38.845] Config(EVA_Pack_back) Squad/Controls/Qwertz/EVA_Pack_back
[LOG 15:04:38.845] Config(EVA_Pack_left) Squad/Controls/Qwertz/EVA_Pack_left
[LOG 15:04:38.845] Config(EVA_Pack_right) Squad/Controls/Qwertz/EVA_Pack_right
[LOG 15:04:38.845] Config(EVA_Pack_up) Squad/Controls/Qwertz/EVA_Pack_up
[LOG 15:04:38.845] Config(EVA_Pack_down) Squad/Controls/Qwertz/EVA_Pack_down
[LOG 15:04:38.845] Config(EVA_Jump) Squad/Controls/Qwertz/EVA_Jump
[LOG 15:04:38.845] Config(EVA_Run) Squad/Controls/Qwertz/EVA_Run
[LOG 15:04:38.845] Config(EVA_ToggleMovementMode) Squad/Controls/Qwertz/EVA_ToggleMovementMode
[LOG 15:04:38.845] Config(EVA_TogglePack) Squad/Controls/Qwertz/EVA_TogglePack
[LOG 15:04:38.845] Config(EVA_Use) Squad/Controls/Qwertz/EVA_Use
[LOG 15:04:38.845] Config(EVA_Board) Squad/Controls/Qwertz/EVA_Board
[LOG 15:04:38.845] Config(EVA_Orient) Squad/Controls/Qwertz/EVA_Orient
[LOG 15:04:38.845] Config(EVA_Lights) Squad/Controls/Qwertz/EVA_Lights
[LOG 15:04:38.845] Config(Editor_pitchUp) Squad/Controls/Qwertz/Editor_pitchUp
[LOG 15:04:38.845] Config(Editor_pitchDown) Squad/Controls/Qwertz/Editor_pitchDown
[LOG 15:04:38.845] Config(Editor_yawLeft) Squad/Controls/Qwertz/Editor_yawLeft
[LOG 15:04:38.845] Config(Editor_yawRight) Squad/Controls/Qwertz/Editor_yawRight
[LOG 15:04:38.845] Config(Editor_rollLeft) Squad/Controls/Qwertz/Editor_rollLeft
[LOG 15:04:38.845] Config(Editor_rollRight) Squad/Controls/Qwertz/Editor_rollRight
[LOG 15:04:38.845] Config(Editor_resetRotation) Squad/Controls/Qwertz/Editor_resetRotation
[LOG 15:04:38.845] Config(Editor_modePlace) Squad/Controls/Qwertz/Editor_modePlace
[LOG 15:04:38.845] Config(Editor_modeOffset) Squad/Controls/Qwertz/Editor_modeOffset
[LOG 15:04:38.846] Config(Editor_modeRotate) Squad/Controls/Qwertz/Editor_modeRotate
[LOG 15:04:38.846] Config(Editor_modeRoot) Squad/Controls/Qwertz/Editor_modeRoot
[LOG 15:04:38.846] Config(Editor_coordSystem) Squad/Controls/Qwertz/Editor_coordSystem
[LOG 15:04:38.846] Config(Editor_toggleSymMethod) Squad/Controls/Qwertz/Editor_toggleSymMethod
[LOG 15:04:38.846] Config(Editor_toggleSymMode) Squad/Controls/Qwertz/Editor_toggleSymMode
[LOG 15:04:38.846] Config(Editor_toggleAngleSnap) Squad/Controls/Qwertz/Editor_toggleAngleSnap
[LOG 15:04:38.846] Config(Editor_fineTweak) Squad/Controls/Qwertz/Editor_fineTweak
[LOG 15:04:38.846] Config(Editor_partSearch) Squad/Controls/Qwertz/Editor_partSearch
[LOG 15:04:38.846] Config(Editor_zoomScrollModifier) Squad/Controls/Qwertz/Editor_zoomScrollModifier
[LOG 15:04:38.846] Config(MODIFIER_KEY) Squad/Controls/Qwertz/MODIFIER_KEY
[LOG 15:04:38.846] Config(AbortActionGroup) Squad/Controls/Qwertz/AbortActionGroup
[LOG 15:04:38.846] Config(CustomActionGroup1) Squad/Controls/Qwertz/CustomActionGroup1
[LOG 15:04:38.846] Config(CustomActionGroup2) Squad/Controls/Qwertz/CustomActionGroup2
[LOG 15:04:38.846] Config(CustomActionGroup3) Squad/Controls/Qwertz/CustomActionGroup3
[LOG 15:04:38.846] Config(CustomActionGroup4) Squad/Controls/Qwertz/CustomActionGroup4
[LOG 15:04:38.846] Config(CustomActionGroup5) Squad/Controls/Qwertz/CustomActionGroup5
[LOG 15:04:38.846] Config(CustomActionGroup6) Squad/Controls/Qwertz/CustomActionGroup6
[LOG 15:04:38.846] Config(CustomActionGroup7) Squad/Controls/Qwertz/CustomActionGroup7
[LOG 15:04:38.846] Config(CustomActionGroup8) Squad/Controls/Qwertz/CustomActionGroup8
[LOG 15:04:38.846] Config(CustomActionGroup9) Squad/Controls/Qwertz/CustomActionGroup9
[LOG 15:04:38.846] Config(CustomActionGroup10) Squad/Controls/Qwertz/CustomActionGroup10
[LOG 15:04:38.846] Config(KEY_MAP) Squad/Controls/Qwertz/KEY_MAP
[LOG 15:04:38.846] Config(EXPERIENCE_TRAIT) Squad/Experience/Traits/Pilot
[LOG 15:04:38.846] Config(EXPERIENCE_TRAIT) Squad/Experience/Traits/Engineer
[LOG 15:04:38.846] Config(EXPERIENCE_TRAIT) Squad/Experience/Traits/Scientist
[LOG 15:04:38.846] Config(EXPERIENCE_TRAIT) Squad/Experience/Traits/Tourist
[LOG 15:04:38.846] Config(Localization) Squad/Localization/dictionary/Localization
[LOG 15:04:38.847] Config(MISSIONPACK) Squad/Missions/MissionPacks/squad_ESA
[LOG 15:04:38.847] Config(VARIANTTHEME) Squad/Parts/VariantThemes/White
[LOG 15:04:38.847] Config(VARIANTTHEME) Squad/Parts/VariantThemes/BlackAndWhite
[LOG 15:04:38.847] Config(VARIANTTHEME) Squad/Parts/VariantThemes/GrayAndOrange
[LOG 15:04:38.847] Config(VARIANTTHEME) Squad/Parts/VariantThemes/Dark
[LOG 15:04:38.847] Config(VARIANTTHEME) Squad/Parts/VariantThemes/Gray
[LOG 15:04:38.847] Config(VARIANTTHEME) Squad/Parts/VariantThemes/Orange
[LOG 15:04:38.847] Config(VARIANTTHEME) Squad/Parts/VariantThemes/Gold
[LOG 15:04:38.847] Config(VARIANTTHEME) Squad/Parts/VariantThemes/Bare
[LOG 15:04:38.847] Config(VARIANTTHEME) Squad/Parts/VariantThemes/Shroud
[LOG 15:04:38.847] Config(VARIANTTHEME) Squad/Parts/VariantThemes/GrayAndWhite
[LOG 15:04:38.847] Config(VARIANTTHEME) Squad/Parts/VariantThemes/YellowAndWhite
[LOG 15:04:38.847] Config(VARIANTTHEME) Squad/Parts/VariantThemes/Silver
[LOG 15:04:38.847] Config(VARIANTTHEME) Squad/Parts/VariantThemes/Gray with Stripes
[LOG 15:04:38.847] Config(PART) Squad/Parts/Aero/aerodynamicNoseCone/aerodynamicNoseCone/noseCone
[LOG 15:04:38.847] Config(PART) Squad/Parts/Aero/airbrake/Airbrake/airbrake1
[LOG 15:04:38.847] Config(PART) Squad/Parts/Aero/airIntakeRadialXM-G50/airIntakeRadialXM-G50/airScoop
[LOG 15:04:38.847] Config(PART) Squad/Parts/Aero/airlinerWings/ControlSurface/airlinerCtrlSrf
[LOG 15:04:38.847] Config(PART) Squad/Parts/Aero/airlinerWings/MainWing/airlinerMainWing
[LOG 15:04:38.847] Config(PART) Squad/Parts/Aero/airlinerWings/TailFin/airlinerTailFin
[LOG 15:04:38.847] Config(PART) Squad/Parts/Aero/airplaneFins/advancedCanard/AdvancedCanard
[LOG 15:04:38.847] Config(PART) Squad/Parts/Aero/airplaneFins/standardCanard/CanardController
[LOG 15:04:38.847] Config(PART) Squad/Parts/Aero/airplaneFins/sweptWing/sweptWing
[LOG 15:04:38.847] Config(PART) Squad/Parts/Aero/airplaneFins/tailfin/tailfin
[LOG 15:04:38.847] Config(PART) Squad/Parts/Aero/basicFin/basicFin/basicFin
[LOG 15:04:38.847] Config(PART) Squad/Parts/Aero/circularIntake/circularIntake/CircularIntake
[LOG 15:04:38.848] Config(PART) Squad/Parts/Aero/circularIntake/intakeShockCone/shockConeIntake
[LOG 15:04:38.848] Config(PART) Squad/Parts/Aero/cones/avionicsNoseCone/avionicsNoseCone
[LOG 15:04:38.848] Config(PART) Squad/Parts/Aero/cones/ConeA/pointyNoseConeA
[LOG 15:04:38.848] Config(PART) Squad/Parts/Aero/cones/ConeB/pointyNoseConeB
[LOG 15:04:38.848] Config(PART) Squad/Parts/Aero/cones/noseConeAdapter/noseConeAdapter
[LOG 15:04:38.848] Config(PART) Squad/Parts/Aero/cones/protectiveRocketNoseMk7_v2/rocketNoseCone_v2
[LOG 15:04:38.848] Config(PART) Squad/Parts/Aero/cones/protectiveRocketNoseMk7_v3/rocketNoseCone_v3
[LOG 15:04:38.848] Config(PART) Squad/Parts/Aero/cones/rocketNoseCone_size3/rocketNoseConeSize3
[LOG 15:04:38.848] Config(PART) Squad/Parts/Aero/cones/smallNoseCone/standardNoseCone
[LOG 15:04:38.848] Config(PART) Squad/Parts/Aero/cones/tailConnectorA/airplaneTail
[LOG 15:04:38.848] Config(PART) Squad/Parts/Aero/cones/tailConnectorB/airplaneTailB
[LOG 15:04:38.848] Config(PART) Squad/Parts/Aero/fairings/fairingSize1/fairingSize1
[LOG 15:04:38.848] Config(PART) Squad/Parts/Aero/fairings/fairingSize2/fairingSize2
[LOG 15:04:38.848] Config(PART) Squad/Parts/Aero/fairings/fairingSize3/fairingSize3
[LOG 15:04:38.848] Config(PART) Squad/Parts/Aero/HeatShield/HeatShield0/HeatShield0
[LOG 15:04:38.848] Config(PART) Squad/Parts/Aero/HeatShield/HeatShield1/HeatShield1
[LOG 15:04:38.848] Config(PART) Squad/Parts/Aero/HeatShield/HeatShield2/HeatShield2
[LOG 15:04:38.848] Config(PART) Squad/Parts/Aero/HeatShield/HeatShield3/HeatShield3
[LOG 15:04:38.848] Config(PART) Squad/Parts/Aero/InflatableHeatShield/HeatShield/InflatableHeatShield
[LOG 15:04:38.848] Config(PART) Squad/Parts/Aero/intakeRadialLong/intakeRadialLong/IntakeRadialLong
[LOG 15:04:38.848] Config(PART) Squad/Parts/Aero/miniIntake/SmallIntake/miniIntake
[LOG 15:04:38.848] Config(PART) Squad/Parts/Aero/ramAirIntake/ramAirIntake/ramAirIntake
[LOG 15:04:38.848] Config(PART) Squad/Parts/Aero/shuttleWings/delta/wingShuttleDelta
[LOG 15:04:38.849] Config(PART) Squad/Parts/Aero/shuttleWings/elevon1/wingShuttleElevon1
[LOG 15:04:38.849] Config(PART) Squad/Parts/Aero/shuttleWings/elevon2/wingShuttleElevon2
[LOG 15:04:38.849] Config(PART) Squad/Parts/Aero/shuttleWings/rudder/wingShuttleRudder
[LOG 15:04:38.849] Config(PART) Squad/Parts/Aero/shuttleWings/strake/wingShuttleStrake
[LOG 15:04:38.849] Config(PART) Squad/Parts/Aero/wingletAV-R8/wingletAV-R8/R8winglet
[LOG 15:04:38.849] Config(PART) Squad/Parts/Aero/wingletAV-T1/wingletAV-T1/winglet
[LOG 15:04:38.849] Config(PART) Squad/Parts/Aero/wingletDeltaDeluxe/wingletDeltaDeluxe/winglet3
[LOG 15:04:38.849] Config(PART) Squad/Parts/Aero/wings/connector1/wingConnector
[LOG 15:04:38.849] Config(PART) Squad/Parts/Aero/wings/connector2/wingConnector2
[LOG 15:04:38.849] Config(PART) Squad/Parts/Aero/wings/connector3/wingConnector3
[LOG 15:04:38.849] Config(PART) Squad/Parts/Aero/wings/connector4/wingConnector4
[LOG 15:04:38.849] Config(PART) Squad/Parts/Aero/wings/connector5/wingConnector5
[LOG 15:04:38.849] Config(PART) Squad/Parts/Aero/wings/delta/deltaWing
[LOG 15:04:38.849] Config(PART) Squad/Parts/Aero/wings/delta_small/delta_small
[LOG 15:04:38.849] Config(PART) Squad/Parts/Aero/wings/elevon1/StandardCtrlSrf
[LOG 15:04:38.849] Config(PART) Squad/Parts/Aero/wings/elevon2/elevon2
[LOG 15:04:38.849] Config(PART) Squad/Parts/Aero/wings/elevon3/elevon3
[LOG 15:04:38.849] Config(PART) Squad/Parts/Aero/wings/elevon4/smallCtrlSrf
[LOG 15:04:38.849] Config(PART) Squad/Parts/Aero/wings/elevon5/elevon5
[LOG 15:04:38.849] Config(PART) Squad/Parts/Aero/wings/strake/wingStrake
[LOG 15:04:38.849] Config(PART) Squad/Parts/Aero/wings/structural1/structuralWing
[LOG 15:04:38.849] Config(PART) Squad/Parts/Aero/wings/structural2/structuralWing2
[LOG 15:04:38.849] Config(PART) Squad/Parts/Aero/wings/structural3/structuralWing3
[LOG 15:04:38.849] Config(PART) Squad/Parts/Aero/wings/structural4/structuralWing4
[LOG 15:04:38.849] Config(PART) Squad/Parts/Aero/wings/swept1/sweptWing1
[LOG 15:04:38.849] Config(PART) Squad/Parts/Aero/wings/swept2/sweptWing2
[LOG 15:04:38.849] Config(PART) Squad/Parts/Cargo/CargoContainers/cargoContainer/cargoContainer
[LOG 15:04:38.850] Config(PART) Squad/Parts/Cargo/CargoContainers/smallCargoContainer/smallCargoContainer
[LOG 15:04:38.850] Config(PART) Squad/Parts/Cargo/Cylinder/Cylinder/evaCylinder
[LOG 15:04:38.850] Config(PART) Squad/Parts/Cargo/GroundAnchor/groundAnchor/groundAnchor
[LOG 15:04:38.850] Config(PART) Squad/Parts/Cargo/Jetpack/Jetpack/evaJetpack
[LOG 15:04:38.850] Config(PART) Squad/Parts/Cargo/Parachute/Parachute/evaChute
[LOG 15:04:38.850] Config(PART) Squad/Parts/Cargo/RepairKit/RepairKit/evaRepairKit
[LOG 15:04:38.850] Config(PART) Squad/Parts/Cargo/ScienceKit/evaScienceKit/evaScienceKit
[LOG 15:04:38.850] Config(PART) Squad/Parts/Cargo/StorageUnits/CargoStorageUnit/CargoStorageUnit
[LOG 15:04:38.850] Config(PART) Squad/Parts/Cargo/StorageUnits/ConformalStorageUnit/ConformalStorageUnit
[LOG 15:04:38.850] Config(PART) Squad/Parts/Command/advancedSasModuleLarge/advSasModuleLarge/asasmodule1-2
[LOG 15:04:38.850] Config(PART) Squad/Parts/Command/cupola/cupola/cupola
[LOG 15:04:38.850] Config(PART) Squad/Parts/Command/externalCommandSeat/externalCommandSeat/seatExternalCmd
[LOG 15:04:38.850] Config(PART) Squad/Parts/Command/hitchhikerStorageContainer/hitchikerStorageContainer/crewCabin
[LOG 15:04:38.850] Config(PART) Squad/Parts/Command/inlineAdvancedStabilizer/inlineAdvancedStabilizer/advSasModule
[LOG 15:04:38.850] Config(PART) Squad/Parts/Command/inlineReactionWheel/inlineReactionWheel/sasModule
[LOG 15:04:38.850] Config(PART) Squad/Parts/Command/Mk1-3Pod/mk1-3/mk1-3pod
[LOG 15:04:38.850] Config(PART) Squad/Parts/Command/mk1Cockpits/mk1Cockpit/Mark1Cockpit
[LOG 15:04:38.850] Config(PART) Squad/Parts/Command/mk1Cockpits/mk1CrewCabin/MK1CrewCabin
[LOG 15:04:38.850] Config(PART) Squad/Parts/Command/mk1Cockpits/mk1InlineCockpit/Mark2Cockpit
[LOG 15:04:38.850] Config(PART) Squad/Parts/Command/mk1LanderCan/mk1LanderCan/landerCabinSmall
[LOG 15:04:38.850] Config(PART) Squad/Parts/Command/mk1pod_v2/mk1Pod_v2/mk1pod_v2
[LOG 15:04:38.850] Config(PART) Squad/Parts/Command/mk2CockpitInline/mk2CockpitInline/mk2Cockpit_Inline
[LOG 15:04:38.850] Config(PART) Squad/Parts/Command/mk2CockpitStandard/mk2CockpitStandard/mk2Cockpit_Standard
[LOG 15:04:38.851] Config(PART) Squad/Parts/Command/mk2DroneCore/mk2Dronecore/mk2DroneCore
[LOG 15:04:38.851] Config(PART) Squad/Parts/Command/mk2LanderCan/mk2LanderCan/mk2LanderCabin
[LOG 15:04:38.851] Config(PART) Squad/Parts/Command/mk2LanderCan_v2/mk2LanderCan_v2/mk2LanderCabin_v2
[LOG 15:04:38.851] Config(PART) Squad/Parts/Command/mk3CockpitShuttle/mk3CockpitShuttle/mk3Cockpit_Shuttle
[LOG 15:04:38.851] Config(PART) Squad/Parts/Command/MpoProbe/MpoProbe/MpoProbe
[LOG 15:04:38.851] Config(PART) Squad/Parts/Command/MtmStage/MTM_Stage/MtmStage
[LOG 15:04:38.851] Config(PART) Squad/Parts/Command/probeCoreCube/probeCoreCube/probeCoreCube
[LOG 15:04:38.851] Config(PART) Squad/Parts/Command/probeCoreHex/probeCoreHex/probeCoreHex
[LOG 15:04:38.851] Config(PART) Squad/Parts/Command/probeCoreHex_v2/probeCoreHex_v2/probeCoreHex_v2
[LOG 15:04:38.851] Config(PART) Squad/Parts/Command/probeCoreOcto2_v2/probeCoreOcto2_v2/probeCoreOcto2_v2
[LOG 15:04:38.851] Config(PART) Squad/Parts/Command/probeCoreOcto_v2/probeCoreOcto_v2/probeCoreOcto_v2
[LOG 15:04:38.851] Config(PART) Squad/Parts/Command/probeRoverBody/probeRoverBody/roverBody
[LOG 15:04:38.851] Config(PART) Squad/Parts/Command/probeRoverBody_v2/probeRoverBody_v2/roverBody_v2
[LOG 15:04:38.851] Config(PART) Squad/Parts/Command/probeStackLarge/probeStackLarge/probeStackLarge
[LOG 15:04:38.851] Config(PART) Squad/Parts/Command/probeStackSmall/probeStackSmall/probeStackSmall
[LOG 15:04:38.851] Config(PART) Squad/Parts/Command/probeStackSphere_v2/probeStackSphere_v2/probeCoreSphere_v2
[LOG 15:04:38.851] Config(PART) Squad/Parts/CompoundParts/FuelLine/fuelLine/fuelLine
[LOG 15:04:38.851] Config(PART) Squad/Parts/CompoundParts/strutConnector/strutConnector/strutConnector
[LOG 15:04:38.851] Config(PART) Squad/Parts/Coupling/Decoupler_0/Decoupler_0
[LOG 15:04:38.851] Config(PART) Squad/Parts/Coupling/Decoupler_1/Decoupler_1
[LOG 15:04:38.851] Config(PART) Squad/Parts/Coupling/Decoupler_2/Decoupler_2
[LOG 15:04:38.851] Config(PART) Squad/Parts/Coupling/Decoupler_3/Decoupler_3
[LOG 15:04:38.851] Config(PART) Squad/Parts/Coupling/Separator_0/Separator_0
[LOG 15:04:38.851] Config(PART) Squad/Parts/Coupling/Separator_1/Separator_1
[LOG 15:04:38.851] Config(PART) Squad/Parts/Coupling/Separator_2/Separator_2
[LOG 15:04:38.851] Config(PART) Squad/Parts/Coupling/Separator_3/Separator_3
[LOG 15:04:38.852] Config(PART) Squad/Parts/Electrical/10CSolarPanels/OX-10C/solarPanelOX10C
[LOG 15:04:38.852] Config(PART) Squad/Parts/Electrical/10CSolarPanels/SP-10C/solarPanelSP10C
[LOG 15:04:38.852] Config(PART) Squad/Parts/Electrical/10LSolarPanels/OX-10L/solarPanelOX10L
[LOG 15:04:38.852] Config(PART) Squad/Parts/Electrical/10LSolarPanels/SP-10L/solarPanelSP10L
[LOG 15:04:38.852] Config(PART) Squad/Parts/Electrical/1x6ShroudSolarPanels/1x6ShroudSolarPanels/solarPanels2
[LOG 15:04:38.852] Config(PART) Squad/Parts/Electrical/1x6SolarPanels/1x6SolarPanels/solarPanels4
[LOG 15:04:38.852] Config(PART) Squad/Parts/Electrical/3x2ShroudSolarPanels/3x2ShroudSolarPanels/solarPanels1
[LOG 15:04:38.852] Config(PART) Squad/Parts/Electrical/3x2SolarPanels/3x2SolarPanels/solarPanels3
[LOG 15:04:38.852] Config(PART) Squad/Parts/Electrical/gigantorXlSolarArray/gigantorXlSolarArray/largeSolarPanel
[LOG 15:04:38.852] Config(PART) Squad/Parts/Electrical/radialFlatSolarPanel/radialFlatSolarPanel/solarPanels5
[LOG 15:04:38.852] Config(PART) Squad/Parts/Electrical/RTG/RTG/rtg
[LOG 15:04:38.852] Config(PART) Squad/Parts/Electrical/z-100Battery/z-100Battery/batteryPack
[LOG 15:04:38.852] Config(PART) Squad/Parts/Electrical/z-1kBattery/z-1kBattery/batteryBank
[LOG 15:04:38.852] Config(PART) Squad/Parts/Electrical/z-200Battery/z-200Battery/batteryBankMini
[LOG 15:04:38.852] Config(PART) Squad/Parts/Electrical/z-400Battery/z-400Battery/ksp_r_largeBatteryPack
[LOG 15:04:38.852] Config(PART) Squad/Parts/Electrical/z-4kBattery/z-4kBattery/batteryBankLarge
[LOG 15:04:38.852] Config(PART) Squad/Parts/Engine/ionEngine/ionEngine/ionEngine
[LOG 15:04:38.852] Config(PART) Squad/Parts/Engine/jetEngines/jetEngineAfterburning/turboJet
[LOG 15:04:38.852] Config(PART) Squad/Parts/Engine/jetEngines/jetEngineBasic/JetEngine
[LOG 15:04:38.852] Config(PART) Squad/Parts/Engine/jetEngines/jetEngineBig/turboFanSize2
[LOG 15:04:38.852] Config(PART) Squad/Parts/Engine/jetEngines/jetEngineTurbo/turboFanEngine
[LOG 15:04:38.852] Config(PART) Squad/Parts/Engine/liquidEngine24-77/liquidEngine24-77/smallRadialEngine
[LOG 15:04:38.852] Config(PART) Squad/Parts/Engine/liquidEngine24-77_v2/liquidEngine24-77_v2/smallRadialEngine_v2
[LOG 15:04:38.852] Config(PART) Squad/Parts/Engine/liquidEngine48-7S_v2/liquidEngine48-7S_v2/liquidEngineMini_v2
[LOG 15:04:38.852] Config(PART) Squad/Parts/Engine/liquidEngineAerospike/liquidEngineAerospike/toroidalAerospike
[LOG 15:04:38.852] Config(PART) Squad/Parts/Engine/liquidEngineLV-1_v2/liquidEngineLV-1R _v2/radialEngineMini_v2
[LOG 15:04:38.852] Config(PART) Squad/Parts/Engine/liquidEngineLV-1_v2/liquidEngineLV-1_v2/microEngine_v2
[LOG 15:04:38.853] Config(PART) Squad/Parts/Engine/liquidEngineLV-909_v2/liquidEngineLV-909_v2/liquidEngine3_v2
[LOG 15:04:38.853] Config(PART) Squad/Parts/Engine/liquidEngineLV-N/liquidEngineLV-N/nuclearEngine
[LOG 15:04:38.853] Config(PART) Squad/Parts/Engine/liquidEngineLV-T30/liquidEngineLV-T30/liquidEngine
[LOG 15:04:38.853] Config(PART) Squad/Parts/Engine/liquidEngineLV-T30_v2/liquidEngineLV-T30_v2/liquidEngine_v2
[LOG 15:04:38.853] Config(PART) Squad/Parts/Engine/liquidEngineLV-T45/liquidEngineLV-T45/liquidEngine2
[LOG 15:04:38.853] Config(PART) Squad/Parts/Engine/liquidEngineLV-T45_v2/liquidEngineLV-T45_v2/liquidEngine2_v2
[LOG 15:04:38.853] Config(PART) Squad/Parts/Engine/liquidEngineMainsail_v2/liquidEngineMainsail_v2/liquidEngineMainsail_v2
[LOG 15:04:38.853] Config(PART) Squad/Parts/Engine/liquidEngineMk55/liquidEngineMk55/radialLiquidEngine1-2
[LOG 15:04:38.853] Config(PART) Squad/Parts/Engine/liquidEnginePoodle_v2/liquidEnginePoodle_v2/liquidEngine2-2_v2
[LOG 15:04:38.853] Config(PART) Squad/Parts/Engine/liquidEngineSkipper_v2/skipperLiquidEngine_v2/engineLargeSkipper_v2
[LOG 15:04:38.853] Config(PART) Squad/Parts/Engine/liquidEngineSSME/SSME/SSME
[LOG 15:04:38.853] Config(PART) Squad/Parts/Engine/MassiveSRB/part/MassiveBooster
[LOG 15:04:38.853] Config(PART) Squad/Parts/Engine/miniJet/SmallJetEngine/miniJetEngine
[LOG 15:04:38.853] Config(PART) Squad/Parts/Engine/OMSEngine/omsEngine/omsEngine
[LOG 15:04:38.853] Config(PART) Squad/Parts/Engine/rapierEngine/rapierEngine/RAPIER
[LOG 15:04:38.853] Config(PART) Squad/Parts/Engine/Size1_SRBs/solidBoosterRT-10_v2/solidBooster_v2
[LOG 15:04:38.853] Config(PART) Squad/Parts/Engine/Size1_SRBs/solidBoosterRT-5_v2/solidBooster_sm_v2
[LOG 15:04:38.853] Config(PART) Squad/Parts/Engine/Size2LFB/part/Size2LFB
[LOG 15:04:38.853] Config(PART) Squad/Parts/Engine/Size2LFB_v2/part/Size2LFB_v2
[LOG 15:04:38.853] Config(PART) Squad/Parts/Engine/Size3AdvancedEngine/part/Size3AdvancedEngine
[LOG 15:04:38.853] Config(PART) Squad/Parts/Engine/Size3EngineCluster/part/Size3EngineCluster
[LOG 15:04:38.853] Config(PART) Squad/Parts/Engine/solidBoosterBACC/solidBoosterBACC/solidBooster1-1
[LOG 15:04:38.853] Config(PART) Squad/Parts/Engine/solidBoosterS2-17/solidBoosterS2-17/Thoroughbred
[LOG 15:04:38.854] Config(PART) Squad/Parts/Engine/solidBoosterS2-33/solidBoosterS2-33/Clydesdale
[LOG 15:04:38.854] Config(PART) Squad/Parts/Engine/solidBoosterSep/solidBoosterSep/sepMotor1
[LOG 15:04:38.854] Config(PART) Squad/Parts/Engine/SolidBoostersF/SolidBoosterF3S0/Shrimp
[LOG 15:04:38.854] Config(PART) Squad/Parts/Engine/SolidBoostersF/SolidBoosterFM1/Mite
[LOG 15:04:38.854] Config(PART) Squad/Parts/FuelTank/adapterTanks/Mk3-Mk2/adapterMk3-Mk2
[LOG 15:04:38.854] Config(PART) Squad/Parts/FuelTank/adapterTanks/Mk3-ShuttleAdapter/adapterEngines
[LOG 15:04:38.854] Config(PART) Squad/Parts/FuelTank/adapterTanks/Mk3-Size2/adapterMk3-Size2
[LOG 15:04:38.854] Config(PART) Squad/Parts/FuelTank/adapterTanks/Mk3-Size2Slant/adapterMk3-Size2Slant
[LOG 15:04:38.854] Config(PART) Squad/Parts/FuelTank/adapterTanks/Size2-Mk2/adapterSize2-Mk2
[LOG 15:04:38.854] Config(PART) Squad/Parts/FuelTank/adapterTanks/Size2-Size1/adapterSize2-Size1
[LOG 15:04:38.854] Config(PART) Squad/Parts/FuelTank/adapterTanks/Size2-Size1Slant/adapterSize2-Size1Slant
[LOG 15:04:38.854] Config(PART) Squad/Parts/FuelTank/adapterTanks/Size3-Mk3/adapterSize3-Mk3
[LOG 15:04:38.854] Config(PART) Squad/Parts/FuelTank/drainTankFTE-1/ReleaseValve/ReleaseValve
[LOG 15:04:38.854] Config(PART) Squad/Parts/FuelTank/FoilTanks/RadialTank_Capsule/externalTankCapsule
[LOG 15:04:38.854] Config(PART) Squad/Parts/FuelTank/FoilTanks/RadialTank_Round/externalTankRound
[LOG 15:04:38.854] Config(PART) Squad/Parts/FuelTank/FoilTanks/ToroidTank/externalTankToroid
[LOG 15:04:38.854] Config(PART) Squad/Parts/FuelTank/fuelTankOscarB/fuelTankOscarB/miniFuelTank
[LOG 15:04:38.854] Config(PART) Squad/Parts/FuelTank/miniFuselage/miniFuselage/miniFuselage
[LOG 15:04:38.854] Config(PART) Squad/Parts/FuelTank/mk2Adapters/bicoupler/mk2_1m_Bicoupler
[LOG 15:04:38.854] Config(PART) Squad/Parts/FuelTank/mk2Adapters/long/mk2_1m_AdapterLong
[LOG 15:04:38.854] Config(PART) Squad/Parts/FuelTank/mk2Adapters/standard/mk2SpacePlaneAdapter
[LOG 15:04:38.854] Config(PART) Squad/Parts/FuelTank/mk2FuselageLong/LFO_long/mk2FuselageLongLFO
[LOG 15:04:38.854] Config(PART) Squad/Parts/FuelTank/mk2FuselageLong/L_long/mk2Fuselage
[LOG 15:04:38.854] Config(PART) Squad/Parts/FuelTank/mk2FuselageShort/LFO_short/mk2FuselageShortLFO
[LOG 15:04:38.854] Config(PART) Squad/Parts/FuelTank/mk2FuselageShort/L_short/mk2FuselageShortLiquid
[LOG 15:04:38.854] Config(PART) Squad/Parts/FuelTank/mk2FuselageShort/Mono_short/mk2FuselageShortMono
[LOG 15:04:38.854] Config(PART) Squad/Parts/FuelTank/mk3Fuselage/CREW/mk3CrewCabin
[LOG 15:04:38.854] Config(PART) Squad/Parts/FuelTank/mk3Fuselage/LFO_100/mk3FuselageLFO_100
[LOG 15:04:38.854] Config(PART) Squad/Parts/FuelTank/mk3Fuselage/LFO_25/mk3FuselageLFO_25
[LOG 15:04:38.855] Config(PART) Squad/Parts/FuelTank/mk3Fuselage/LFO_50/mk3FuselageLFO_50
[LOG 15:04:38.855] Config(PART) Squad/Parts/FuelTank/mk3Fuselage/LF_100/mk3FuselageLF_100
[LOG 15:04:38.855] Config(PART) Squad/Parts/FuelTank/mk3Fuselage/LF_25/mk3FuselageLF_25
[LOG 15:04:38.855] Config(PART) Squad/Parts/FuelTank/mk3Fuselage/LF_50/mk3FuselageLF_50
[LOG 15:04:38.855] Config(PART) Squad/Parts/FuelTank/mk3Fuselage/MONO/mk3FuselageMONO
[LOG 15:04:38.855] Config(PART) Squad/Parts/FuelTank/RCSFuelTankR1/RCSFuelTankR1/RCSTank1-2
[LOG 15:04:38.855] Config(PART) Squad/Parts/FuelTank/RCSFuelTankR10/RCSFuelTankR10/rcsTankMini
[LOG 15:04:38.855] Config(PART) Squad/Parts/FuelTank/RCSFuelTankR25/RCSFuelTankR25/RCSFuelTank
[LOG 15:04:38.855] Config(PART) Squad/Parts/FuelTank/RCSTankRadial/radialRCSTank/radialRCSTank
[LOG 15:04:38.855] Config(PART) Squad/Parts/FuelTank/RCStankRadialLong/RCSTankRadialLong/rcsTankRadialLong
[LOG 15:04:38.855] Config(PART) Squad/Parts/FuelTank/RockomaxTanks/Rockomax16/Rockomax16_BW
[LOG 15:04:38.855] Config(PART) Squad/Parts/FuelTank/RockomaxTanks/Rockomax32/Rockomax32_BW
[LOG 15:04:38.855] Config(PART) Squad/Parts/FuelTank/RockomaxTanks/Rockomax64/Rockomax64_BW
[LOG 15:04:38.855] Config(PART) Squad/Parts/FuelTank/RockomaxTanks/Rockomax8/Rockomax8BW
[LOG 15:04:38.855] Config(PART) Squad/Parts/FuelTank/Size1_Tanks/fuelTankT100/fuelTankSmallFlat
[LOG 15:04:38.855] Config(PART) Squad/Parts/FuelTank/Size1_Tanks/fuelTankT200/fuelTankSmall
[LOG 15:04:38.855] Config(PART) Squad/Parts/FuelTank/Size1_Tanks/fuelTankT400/fuelTank
[LOG 15:04:38.855] Config(PART) Squad/Parts/FuelTank/Size1_Tanks/fuelTankT800/fuelTank_long
[LOG 15:04:38.855] Config(PART) Squad/Parts/FuelTank/Size3Tanks/large/Size3LargeTank
[LOG 15:04:38.855] Config(PART) Squad/Parts/FuelTank/Size3Tanks/medium/Size3MediumTank
[LOG 15:04:38.855] Config(PART) Squad/Parts/FuelTank/Size3Tanks/small/Size3SmallTank
[LOG 15:04:38.855] Config(PART) Squad/Parts/FuelTank/xenonTank/xenonTank/xenonTank
[LOG 15:04:38.855] Config(PART) Squad/Parts/FuelTank/xenonTankLarge/xenonTankLarge/xenonTankLarge
[LOG 15:04:38.855] Config(PART) Squad/Parts/FuelTank/xenonTankRadial/xenonTankRadial/xenonTankRadial
[LOG 15:04:38.855] Config(PART) Squad/Parts/Misc/AsteroidDay/CamSat/InfraredTelescope
[LOG 15:04:38.855] Config(PART) Squad/Parts/Misc/AsteroidDay/HECS2/HECS2_ProbeCore
[LOG 15:04:38.855] Config(PART) Squad/Parts/Misc/AsteroidDay/HighGainAntenna/HighGainAntenna
[LOG 15:04:38.855] Config(PART) Squad/Parts/Misc/AsteroidDay/LgRadialSolar/LgRadialSolarPanel
[LOG 15:04:38.856] Config(PART) Squad/Parts/Misc/PotatoComet/part/PotatoComet
[LOG 15:04:38.856] Config(PART) Squad/Parts/Misc/PotatoRoid/part/PotatoRoid
[LOG 15:04:38.856] Config(PART) Squad/Parts/Prebuilt/flag/flag
[LOG 15:04:38.856] Config(PART) Squad/Parts/Prebuilt/kerbalEVA/kerbalEVA
[LOG 15:04:38.856] Config(PART) Squad/Parts/Prebuilt/kerbalEVAfemale/kerbalEVAfemale
[LOG 15:04:38.856] Config(PART) Squad/Parts/Prebuilt/kerbalEVASlimSuit/kerbalEVASlimSuit
[LOG 15:04:38.856] Config(PART) Squad/Parts/Prebuilt/kerbalEVASlimSuitFemale/kerbalEVASlimSuitFemale
[LOG 15:04:38.856] Config(PART) Squad/Parts/Resources/FuelCell/FuelCell/FuelCell
[LOG 15:04:38.856] Config(PART) Squad/Parts/Resources/FuelCell/FuelCellArray/FuelCellArray
[LOG 15:04:38.856] Config(PART) Squad/Parts/Resources/ISRU/ISRU/ISRU
[LOG 15:04:38.856] Config(PART) Squad/Parts/Resources/LargeTank/LargeTank/LargeTank
[LOG 15:04:38.856] Config(PART) Squad/Parts/Resources/MiniDrill/MiniDrill/MiniDrill
[LOG 15:04:38.856] Config(PART) Squad/Parts/Resources/MiniISRU/MiniISRU/MiniISRU
[LOG 15:04:38.856] Config(PART) Squad/Parts/Resources/OrbitalScanner/OrbitalScanner/OrbitalScanner
[LOG 15:04:38.856] Config(PART) Squad/Parts/Resources/RadialDrill/RadialDrill/RadialDrill
[LOG 15:04:38.856] Config(PART) Squad/Parts/Resources/RadialTank/RadialTank/RadialOreTank
[LOG 15:04:38.856] Config(PART) Squad/Parts/Resources/SmallTank/SmallTank/SmallTank
[LOG 15:04:38.856] Config(PART) Squad/Parts/Resources/SurfaceScanner/SurfaceScanner/SurfaceScanner
[LOG 15:04:38.856] Config(PART) Squad/Parts/Resources/SurveyScanner/SurveyScanner/SurveyScanner
[LOG 15:04:38.856] Config(PART) Squad/Parts/Science/AtmosphereSensor/sensorAtmosphere/sensorAtmosphere
[LOG 15:04:38.856] Config(PART) Squad/Parts/Science/GooExperiment/gooExperiment/GooExperiment
[LOG 15:04:38.856] Config(PART) Squad/Parts/Science/LargeCrewedLab/largeCrewedLab/Large_Crewed_Lab
[LOG 15:04:38.856] Config(PART) Squad/Parts/Science/Magnetometer/Magnetometer/Magnetometer
[LOG 15:04:38.856] Config(PART) Squad/Parts/Science/MaterialBay/materialBay/science_module
[LOG 15:04:38.856] Config(PART) Squad/Parts/Science/ScienceBox/ScienceBox/ScienceBox
[LOG 15:04:38.856] Config(PART) Squad/Parts/Science/sensorAccelerometer/sensorAccelerometer/sensorAccelerometer
[LOG 15:04:38.857] Config(PART) Squad/Parts/Science/sensorBarometer/sensorBarometer/sensorBarometer
[LOG 15:04:38.857] Config(PART) Squad/Parts/Science/sensorGravimeter/sensorGravimeter/sensorGravimeter
[LOG 15:04:38.857] Config(PART) Squad/Parts/Science/sensorThermometer/sensorThermometer/sensorThermometer
[LOG 15:04:38.857] Config(PART) Squad/Parts/Structural/FLAdapters/adapterSmallMiniShort/adapterSmallMiniShort
[LOG 15:04:38.857] Config(PART) Squad/Parts/Structural/FLAdapters/adapterSmallMiniTall/adapterSmallMiniTall
[LOG 15:04:38.857] Config(PART) Squad/Parts/Structural/mk1Parts/engineBodyRadial/radialEngineBody
[LOG 15:04:38.857] Config(PART) Squad/Parts/Structural/mk1Parts/engineNacelle/nacelleBody
[LOG 15:04:38.857] Config(PART) Squad/Parts/Structural/mk1Parts/mk1Fuselage/MK1Fuselage
[LOG 15:04:38.857] Config(PART) Squad/Parts/Structural/mk1Parts/mk1FuselageIntake/MK1IntakeFuselage
[LOG 15:04:38.857] Config(PART) Squad/Parts/Structural/mk1Parts/mk1Structural/Mk1FuselageStructural
[LOG 15:04:38.857] Config(PART) Squad/Parts/Structural/Size3To2Adapter_v2/Size2to3_v2/Size3To2Adapter_v2
[LOG 15:04:38.857] Config(PART) Squad/Parts/Structural/stackAdapters/adapterLargeSmallBi/adapterLargeSmallBi
[LOG 15:04:38.857] Config(PART) Squad/Parts/Structural/stackAdapters/adapterLargeSmallQuad/adapterLargeSmallQuad
[LOG 15:04:38.857] Config(PART) Squad/Parts/Structural/stackAdapters/adapterLargeSmallTri/adapterLargeSmallTri
[LOG 15:04:38.857] Config(PART) Squad/Parts/Structural/stationHub/stationHub/stationHub
[LOG 15:04:38.857] Config(PART) Squad/Parts/Structural/structuralIBeam200/structuralIBeam200/structuralIBeam2
[LOG 15:04:38.857] Config(PART) Squad/Parts/Structural/structuralIBeam200Pocket/structuralIBeam200Pocket/structuralIBeam3
[LOG 15:04:38.857] Config(PART) Squad/Parts/Structural/structuralIBeam650/structuralIBeam650/structuralIBeam1
[LOG 15:04:38.857] Config(PART) Squad/Parts/Structural/structuralMicronode/structuralMicronode/structuralMiniNode
[LOG 15:04:38.857] Config(PART) Squad/Parts/Structural/structuralPanel1x1/structuralPanel1x1/structuralPanel1
[LOG 15:04:38.857] Config(PART) Squad/Parts/Structural/structuralPanel2x2/structuralPanel2x2/structuralPanel2
[LOG 15:04:38.857] Config(PART) Squad/Parts/Structural/structuralPylons/smallHardpoint/smallHardpoint
[LOG 15:04:38.857] Config(PART) Squad/Parts/Structural/structuralPylons/structuralPylon/structuralPylon
[LOG 15:04:38.857] Config(PART) Squad/Parts/Structural/strutCubicOcto/strutCubicOcto/strutCube
[LOG 15:04:38.857] Config(PART) Squad/Parts/Structural/strutOcto/strutOcto/strutOcto
[LOG 15:04:38.857] Config(PART) Squad/Parts/Structural/trussGirderAdapter/trussGirderAdapter/trussAdapter
[LOG 15:04:38.857] Config(PART) Squad/Parts/Structural/trussGirderL/trussGirderL/trussPiece1x
[LOG 15:04:38.857] Config(PART) Squad/Parts/Structural/trussGirderXL/trussGirderXL/trussPiece3x
[LOG 15:04:38.858] Config(PART) Squad/Parts/Thermal/FoldingRadiators/foldingRadLarge/foldingRadLarge
[LOG 15:04:38.858] Config(PART) Squad/Parts/Thermal/FoldingRadiators/foldingRadMed/foldingRadMed
[LOG 15:04:38.858] Config(PART) Squad/Parts/Thermal/FoldingRadiators/foldingRadSmall/foldingRadSmall
[LOG 15:04:38.858] Config(PART) Squad/Parts/Thermal/RadiatorPanels/radPanelEdge/radPanelEdge
[LOG 15:04:38.858] Config(PART) Squad/Parts/Thermal/RadiatorPanels/radPanelLg/radPanelLg
[LOG 15:04:38.858] Config(PART) Squad/Parts/Thermal/RadiatorPanels/radPanelSm/radPanelSm
[LOG 15:04:38.858] Config(PART) Squad/Parts/Utility/commDish88-88/commDish88-88/commDish
[LOG 15:04:38.858] Config(PART) Squad/Parts/Utility/commsAntennaDTS-M1/commsAntennaDTS-M1/mediumDishAntenna
[LOG 15:04:38.858] Config(PART) Squad/Parts/Utility/commsDish16/commsAntenna16/longAntenna
[LOG 15:04:38.858] Config(PART) Squad/Parts/Utility/decouplerRadialHDM/decouplerRadialHDM/radialDecoupler1-2
[LOG 15:04:38.858] Config(PART) Squad/Parts/Utility/decouplerRadialTT-38K/decouplerRadialTT-38K/radialDecoupler
[LOG 15:04:38.858] Config(PART) Squad/Parts/Utility/decouplerRadialTT-70/decouplerRadialTT-70/radialDecoupler2
[LOG 15:04:38.858] Config(PART) Squad/Parts/Utility/DirectAntennas/C16S/SurfAntenna
[LOG 15:04:38.858] Config(PART) Squad/Parts/Utility/DirectAntennas/HG-5/HighGainAntenna5
[LOG 15:04:38.858] Config(PART) Squad/Parts/Utility/DirectAntennas/HG-5_v2/HighGainAntenna5_v2
[LOG 15:04:38.858] Config(PART) Squad/Parts/Utility/dockingPort/dockingPort/dockingPort2
[LOG 15:04:38.858] Config(PART) Squad/Parts/Utility/dockingPortInline/dockingPortInline/dockingPortLateral
[LOG 15:04:38.858] Config(PART) Squad/Parts/Utility/dockingPortJr/dockingPortJr/dockingPort3
[LOG 15:04:38.858] Config(PART) Squad/Parts/Utility/dockingPortShielded/dockingPortShielded/dockingPort1
[LOG 15:04:38.858] Config(PART) Squad/Parts/Utility/dockingPortSr/dockingPortSr/dockingPortLarge
[LOG 15:04:38.858] Config(PART) Squad/Parts/Utility/Fireworks/fireworksLauncherBig/fireworksLauncherBig
[LOG 15:04:38.858] Config(PART) Squad/Parts/Utility/Fireworks/fireworksLauncherSmall/fireworksLauncherSmall
[LOG 15:04:38.858] Config(PART) Squad/Parts/Utility/flags/flagFlat/flagFlat/flagPartFlat
[LOG 15:04:38.858] Config(PART) Squad/Parts/Utility/flags/flagSize0/flagSize0/flagPartSize0
[LOG 15:04:38.858] Config(PART) Squad/Parts/Utility/flags/flagSize1/flagSize1/flagPartSize1
[LOG 15:04:38.859] Config(PART) Squad/Parts/Utility/flags/flagSize2/flagSize2/flagPartSize2
[LOG 15:04:38.859] Config(PART) Squad/Parts/Utility/flags/flagSize3/flagSize3/flagPartSize3
[LOG 15:04:38.859] Config(PART) Squad/Parts/Utility/GrapplingDevice/part/GrapplingDevice
[LOG 15:04:38.859] Config(PART) Squad/Parts/Utility/ladderRadial/ladderRadial/ladder1
[LOG 15:04:38.859] Config(PART) Squad/Parts/Utility/ladderTelescopic/ladderTelescopic/telescopicLadder
[LOG 15:04:38.859] Config(PART) Squad/Parts/Utility/ladderTelescopicBay/ladderTelescopicBay/telescopicLadderBay
[LOG 15:04:38.859] Config(PART) Squad/Parts/Utility/landingLegLT-1/landingLegLT-1/landingLeg1
[LOG 15:04:38.859] Config(PART) Squad/Parts/Utility/landingLegLT-2/landingLegLT-2/landingLeg1-2
[LOG 15:04:38.859] Config(PART) Squad/Parts/Utility/landingLegLT-5/landingLegLT-5/miniLandingLeg
[LOG 15:04:38.859] Config(PART) Squad/Parts/Utility/launchClamp1/launchClamp1/launchClamp1
[LOG 15:04:38.859] Config(PART) Squad/Parts/Utility/launchEscapeSystem/part/LaunchEscapeSystem
[LOG 15:04:38.859] Config(PART) Squad/Parts/Utility/Lights/domeLight1/domeLight1
[LOG 15:04:38.859] Config(PART) Squad/Parts/Utility/Lights/groundLight1/groundLight1
[LOG 15:04:38.859] Config(PART) Squad/Parts/Utility/Lights/groundLight2/groundLight2
[LOG 15:04:38.859] Config(PART) Squad/Parts/Utility/Lights/navLight1/navLight1
[LOG 15:04:38.859] Config(PART) Squad/Parts/Utility/Lights/spotLight1/spotLight3
[LOG 15:04:38.859] Config(PART) Squad/Parts/Utility/Lights/stripLight1/stripLight1
[LOG 15:04:38.859] Config(PART) Squad/Parts/Utility/linearVernorRCS/linearRCS/linearRcs
[LOG 15:04:38.859] Config(PART) Squad/Parts/Utility/linearVernorRCS/vernorEngine/vernierEngine
[LOG 15:04:38.859] Config(PART) Squad/Parts/Utility/mk2CargoBay/BayL/mk2CargoBayL
[LOG 15:04:38.859] Config(PART) Squad/Parts/Utility/mk2CargoBay/BayS/mk2CargoBayS
[LOG 15:04:38.859] Config(PART) Squad/Parts/Utility/mk2CrewCabin/mk2CrewCabin/mk2CrewCabin
[LOG 15:04:38.859] Config(PART) Squad/Parts/Utility/mk2DockingPort/mk2DockingPort/mk2DockingPort
[LOG 15:04:38.859] Config(PART) Squad/Parts/Utility/mk3CargoBay/long/mk3CargoBayL
[LOG 15:04:38.859] Config(PART) Squad/Parts/Utility/mk3CargoBay/medium/mk3CargoBayM
[LOG 15:04:38.859] Config(PART) Squad/Parts/Utility/mk3CargoBay/ramp/mk3CargoRamp
[LOG 15:04:38.859] Config(PART) Squad/Parts/Utility/mk3CargoBay/short/mk3CargoBayS
[LOG 15:04:38.860] Config(PART) Squad/Parts/Utility/parachuteMk1/parachuteMk1/parachuteSingle
[LOG 15:04:38.860] Config(PART) Squad/Parts/Utility/parachuteMk12-R/parachuteMk12-R/radialDrogue
[LOG 15:04:38.860] Config(PART) Squad/Parts/Utility/parachuteMk16-XL/parachuteMk16-XL/parachuteLarge
[LOG 15:04:38.860] Config(PART) Squad/Parts/Utility/parachuteMk2-R/parachuteMk2-R/parachuteRadial
[LOG 15:04:38.860] Config(PART) Squad/Parts/Utility/parachuteMk25/parachuteMk25/parachuteDrogue
[LOG 15:04:38.860] Config(PART) Squad/Parts/Utility/radialAttachmentPoint/radialAttachmentPoint/stackPoint1
[LOG 15:04:38.860] Config(PART) Squad/Parts/Utility/rcsBlockRV-105_v2/rcsBlockRV-105/RCSBlock_v2
[LOG 15:04:38.860] Config(PART) Squad/Parts/Utility/rcsBlockRV-105_v2/RCSblock_01_small/RCSblock_01_small
[LOG 15:04:38.860] Config(PART) Squad/Parts/Utility/rcsSmallLinear/RCSLinearSmall/RCSLinearSmall
[LOG 15:04:38.860] Config(PART) Squad/Parts/Utility/RelayAntennas/RA-100/RelayAntenna100
[LOG 15:04:38.860] Config(PART) Squad/Parts/Utility/RelayAntennas/RA-5/RelayAntenna5
[LOG 15:04:38.860] Config(PART) Squad/Parts/Utility/RelayAntennas/RA-50/RelayAntenna50
[LOG 15:04:38.860] Config(PART) Squad/Parts/Utility/rockomaxAdapters/largeAdapter/largeAdapter
[LOG 15:04:38.860] Config(PART) Squad/Parts/Utility/rockomaxAdapters/largeAdapterShort/largeAdapter2
[LOG 15:04:38.860] Config(PART) Squad/Parts/Utility/ServiceBay_v2/ServiceBay_125_v2/ServiceBay_125_v2
[LOG 15:04:38.860] Config(PART) Squad/Parts/Utility/ServiceBay_v2/ServiceBay_250_v2/ServiceBay_250_v2
[LOG 15:04:38.860] Config(PART) Squad/Parts/Utility/smallClaw/smallClaw/smallClaw
[LOG 15:04:38.860] Config(PART) Squad/Parts/Utility/spotLightMk1/spotLightMk1/spotLight1
[LOG 15:04:38.860] Config(PART) Squad/Parts/Utility/spotLightMk1_v2/spotLightMk1_v2/spotLight1_v2
[LOG 15:04:38.860] Config(PART) Squad/Parts/Utility/spotLightMk2/spotLightMk2/spotLight2
[LOG 15:04:38.860] Config(PART) Squad/Parts/Utility/spotLightMk2_v2/spotLightMk2_v2/spotLight2_v2
[LOG 15:04:38.860] Config(PART) Squad/Parts/Utility/stackCouplers/stackBiCoupler_v2/stackBiCoupler_v2
[LOG 15:04:38.860] Config(PART) Squad/Parts/Utility/stackCouplers/stackQuadCoupler/stackQuadCoupler
[LOG 15:04:38.860] Config(PART) Squad/Parts/Utility/stackCouplers/stackTriCoupler_v2/stackTriCoupler_v2
[LOG 15:04:38.860] Config(PART) Squad/Parts/Wheel/LandingGear/GearExtraLarge/GearLarge
[LOG 15:04:38.860] Config(PART) Squad/Parts/Wheel/LandingGear/GearFixed/GearFixed
[LOG 15:04:38.860] Config(PART) Squad/Parts/Wheel/LandingGear/GearFree/GearFree
[LOG 15:04:38.861] Config(PART) Squad/Parts/Wheel/LandingGear/GearLarge/GearMedium
[LOG 15:04:38.861] Config(PART) Squad/Parts/Wheel/LandingGear/GearMedium/GearSmall
[LOG 15:04:38.861] Config(PART) Squad/Parts/Wheel/LandingGear/GearSmall/SmallGearBay
[LOG 15:04:38.861] Config(PART) Squad/Parts/Wheel/roverWheelM1/roverWheelM1/roverWheel1
[LOG 15:04:38.861] Config(PART) Squad/Parts/Wheel/roverWheelS2/roverWheelS2/roverWheel2
[LOG 15:04:38.861] Config(PART) Squad/Parts/Wheel/roverWheelTR-2L/roverWheelTR-2L/wheelMed
[LOG 15:04:38.861] Config(PART) Squad/Parts/Wheel/roverWheelXL3/roverWheelXL3/roverWheel3
[LOG 15:04:38.861] Config(PROP) Squad/Props/AltimeterThreeHands/prop/AltimeterThreeHands
[LOG 15:04:38.861] Config(PROP) Squad/Props/AtmosphereDepth/prop/AtmosphereDepth
[LOG 15:04:38.861] Config(PROP) Squad/Props/AxisIndicator/pitchConfig/AxisIndicatorPitch
[LOG 15:04:38.861] Config(PROP) Squad/Props/AxisIndicator/rollConfig/AxisIndicatorRoll
[LOG 15:04:38.861] Config(PROP) Squad/Props/AxisIndicator/yawConfig/AxisIndicatorYaw
[LOG 15:04:38.861] Config(PROP) Squad/Props/buttonsGeneric/circularButton/genericCircularButton
[LOG 15:04:38.861] Config(PROP) Squad/Props/buttonsGeneric/clusterButtons/genericClusterButtons
[LOG 15:04:38.861] Config(PROP) Squad/Props/buttonsGeneric/clusterButtons2/genericClusterButtons2
[LOG 15:04:38.861] Config(PROP) Squad/Props/buttonsGeneric/clusterKnob/genericClusterKnobs
[LOG 15:04:38.861] Config(PROP) Squad/Props/buttonsGeneric/clusterKnob2/genericClusterKnobs2
[LOG 15:04:38.861] Config(PROP) Squad/Props/buttonsGeneric/clusterMixed/genericClusterMixed
[LOG 15:04:38.861] Config(PROP) Squad/Props/buttonsGeneric/clusterSwitches01/genericClusterSwitches01
[LOG 15:04:38.861] Config(PROP) Squad/Props/buttonsGeneric/clusterSwitches02/genericClusterSwitches02
[LOG 15:04:38.861] Config(PROP) Squad/Props/buttonsGeneric/clusterSwitches03/genericClusterSwitches03
[LOG 15:04:38.861] Config(PROP) Squad/Props/buttonsGeneric/clusterSwitches04/genericClusterSwitches04
[LOG 15:04:38.861] Config(PROP) Squad/Props/buttonsGeneric/clusterSwitches05/genericClusterSwitches05
[LOG 15:04:38.861] Config(PROP) Squad/Props/buttonsGeneric/clusterSwitches06/genericClusterSwitches06
[LOG 15:04:38.861] Config(PROP) Squad/Props/buttonsGeneric/clusterSwitches07/genericClusterSwitches07
[LOG 15:04:38.861] Config(PROP) Squad/Props/buttonsGeneric/directionalKnob/genericDirectionalKnob
[LOG 15:04:38.861] Config(PROP) Squad/Props/buttonsGeneric/directionalKnob2/genericDirectionalKnob2
[LOG 15:04:38.861] Config(PROP) Squad/Props/buttonsGeneric/pullSwitch/genericPullSwitch
[LOG 15:04:38.861] Config(PROP) Squad/Props/buttonsGeneric/squareButton/genericSquareButton
[LOG 15:04:38.862] Config(PROP) Squad/Props/buttonsGeneric/standingSwitch/genericStandingSwitch
[LOG 15:04:38.862] Config(PROP) Squad/Props/buttonsGeneric/switch/genericSwitch
[LOG 15:04:38.862] Config(PROP) Squad/Props/buttonsGeneric/switchWithGuards/genericSwitchWithGuards
[LOG 15:04:38.862] Config(PROP) Squad/Props/ButtonSquare/prop/ButtonSquare
[LOG 15:04:38.862] Config(PROP) Squad/Props/circularButton/prop/circularButton
[LOG 15:04:38.862] Config(PROP) Squad/Props/Compass/prop/Compass
[LOG 15:04:38.862] Config(PROP) Squad/Props/directionalKnob/prop/directionalKnob
[LOG 15:04:38.862] Config(PROP) Squad/Props/directionalKnob2/prop/directionalKnob2
[LOG 15:04:38.862] Config(PROP) Squad/Props/IndicatorPanel/prop/IndicatorPanel
[LOG 15:04:38.862] Config(PROP) Squad/Props/IVANavBall/prop/NavBall
[LOG 15:04:38.862] Config(PROP) Squad/Props/IVANavBallNoBase/prop/NavBallNoBase
[LOG 15:04:38.862] Config(PROP) Squad/Props/ledPanelSpeed/prop/ledPanelSpeed
[LOG 15:04:38.862] Config(PROP) Squad/Props/Monitor/DockingMode/MonitorDockingMode
[LOG 15:04:38.862] Config(PROP) Squad/Props/NavBall/prop/NavBall
[LOG 15:04:38.862] Config(PROP) Squad/Props/PropsGeneric/Button_DockingMode/Button_DockingMode
[LOG 15:04:38.862] Config(PROP) Squad/Props/PropsGeneric/CargoBagA/CargoBagA
[LOG 15:04:38.862] Config(PROP) Squad/Props/PropsGeneric/CargoBagB/CargoBagB
[LOG 15:04:38.862] Config(PROP) Squad/Props/PropsGeneric/CargoBagC/CargoBagC
[LOG 15:04:38.862] Config(PROP) Squad/Props/PropsGeneric/Hatch_Plane/Hatch_Plane
[LOG 15:04:38.862] Config(PROP) Squad/Props/PropsGeneric/Hatch_Plane_Curve90/Hatch_Plane_Curve90
[LOG 15:04:38.862] Config(PROP) Squad/Props/PropsGeneric/Hatch_Plane_Frame/Hatch_Plane_Frame
[LOG 15:04:38.862] Config(PROP) Squad/Props/PropsGeneric/Seat_Passenger/Seat_Passenger
[LOG 15:04:38.862] Config(PROP) Squad/Props/PropsGeneric/Seat_Pilot/Seat_Pilot
[LOG 15:04:38.862] Config(PROP) Squad/Props/PropsGeneric/Seat_Pilot_Helmet/Seat_Pilot_Helmet
[LOG 15:04:38.862] Config(PROP) Squad/Props/PropsGeneric/SideStick/SideStick
[LOG 15:04:38.862] Config(PROP) Squad/Props/pullSwitch/prop/pullSwitch
[LOG 15:04:38.862] Config(PROP) Squad/Props/radarAltitude/prop/RadarAltimeter
[LOG 15:04:38.862] Config(PROP) Squad/Props/squareButton/prop/squareButton
[LOG 15:04:38.863] Config(PROP) Squad/Props/standingSwitch/prop/standingSwitch
[LOG 15:04:38.863] Config(PROP) Squad/Props/switch/prop/switch
[LOG 15:04:38.863] Config(PROP) Squad/Props/switchGuard/prop/switchGuard
[LOG 15:04:38.863] Config(PROP) Squad/Props/switchWithGuards/prop/switchWithGuards
[LOG 15:04:38.863] Config(PROP) Squad/Props/throttle/prop/throttle
[LOG 15:04:38.863] Config(PROP) Squad/Props/VSI/prop/VSI
[LOG 15:04:38.863] Config(SPACEOBJECTS_LIMITS) Squad/Resources/CometDefs/SPACEOBJECTS_LIMITS
[LOG 15:04:38.863] Config(COMET_MANAGER) Squad/Resources/CometDefs/COMET_MANAGER
[LOG 15:04:38.863] Config(COMET_ORBIT_TYPE) Squad/Resources/CometDefs/short
[LOG 15:04:38.863] Config(COMET_ORBIT_TYPE) Squad/Resources/CometDefs/intermediate
[LOG 15:04:38.863] Config(COMET_ORBIT_TYPE) Squad/Resources/CometDefs/long
[LOG 15:04:38.863] Config(COMET_ORBIT_TYPE) Squad/Resources/CometDefs/interstellar
[LOG 15:04:38.863] Config(FIREWORKFX_DEFINITION) Squad/Resources/FireworkFXDefinitions/classicTrail
[LOG 15:04:38.863] Config(FIREWORKFX_DEFINITION) Squad/Resources/FireworkFXDefinitions/whirlyTrail
[LOG 15:04:38.863] Config(FIREWORKFX_DEFINITION) Squad/Resources/FireworkFXDefinitions/strobeTrail
[LOG 15:04:38.863] Config(FIREWORKFX_DEFINITION) Squad/Resources/FireworkFXDefinitions/bareTrail
[LOG 15:04:38.863] Config(FIREWORKFX_DEFINITION) Squad/Resources/FireworkFXDefinitions/classicBurst
[LOG 15:04:38.863] Config(FIREWORKFX_DEFINITION) Squad/Resources/FireworkFXDefinitions/chrysBurst
[LOG 15:04:38.863] Config(FIREWORKFX_DEFINITION) Squad/Resources/FireworkFXDefinitions/palmBurst
[LOG 15:04:38.863] Config(FIREWORKFX_DEFINITION) Squad/Resources/FireworkFXDefinitions/ringBurst
[LOG 15:04:38.863] Config(FIREWORKFX_DEFINITION) Squad/Resources/FireworkFXDefinitions/crosetteBurst
[LOG 15:04:38.863] Config(FIREWORKFX_DEFINITION) Squad/Resources/FireworkFXDefinitions/willowBurst
[LOG 15:04:38.863] Config(FIREWORKFX_DEFINITION) Squad/Resources/FireworkFXDefinitions/crackeBurst
[LOG 15:04:38.863] Config(FIREWORKFX_DEFINITION) Squad/Resources/FireworkFXDefinitions/palmCrackleBurst
[LOG 15:04:38.863] Config(FIREWORKFX_DEFINITION) Squad/Resources/FireworkFXDefinitions/dragonBurst
[LOG 15:04:38.863] Config(GLOBAL_RESOURCE) Squad/Resources/Ore/GLOBAL_RESOURCE
[LOG 15:04:38.863] Config(PLANETARY_RESOURCE) Squad/Resources/Ore/PLANETARY_RESOURCE
[LOG 15:04:38.863] Config(PLANETARY_RESOURCE) Squad/Resources/Ore/PLANETARY_RESOURCE
[LOG 15:04:38.863] Config(RESOURCE_OVERLAY_CONFIGURATION_SOLID) Squad/Resources/Overlay/RESOURCE_OVERLAY_CONFIGURATION_SOLID
[LOG 15:04:38.863] Config(RESOURCE_OVERLAY_CONFIGURATION_LINES) Squad/Resources/Overlay/RESOURCE_OVERLAY_CONFIGURATION_LINES
[LOG 15:04:38.864] Config(RESOURCE_OVERLAY_CONFIGURATION_DOTS) Squad/Resources/Overlay/RESOURCE_OVERLAY_CONFIGURATION_DOTS
[LOG 15:04:38.864] Config(RESOURCE_CONFIGURATION) Squad/Resources/ResourceDefaults/RESOURCE_CONFIGURATION
[LOG 15:04:38.864] Config(RESOURCE_DEFINITION) Squad/Resources/ResourcesGeneric/LiquidFuel
[LOG 15:04:38.864] Config(RESOURCE_DEFINITION) Squad/Resources/ResourcesGeneric/Oxidizer
[LOG 15:04:38.864] Config(RESOURCE_DEFINITION) Squad/Resources/ResourcesGeneric/SolidFuel
[LOG 15:04:38.864] Config(RESOURCE_DEFINITION) Squad/Resources/ResourcesGeneric/MonoPropellant
[LOG 15:04:38.864] Config(RESOURCE_DEFINITION) Squad/Resources/ResourcesGeneric/XenonGas
[LOG 15:04:38.864] Config(RESOURCE_DEFINITION) Squad/Resources/ResourcesGeneric/ElectricCharge
[LOG 15:04:38.864] Config(RESOURCE_DEFINITION) Squad/Resources/ResourcesGeneric/IntakeAir
[LOG 15:04:38.864] Config(RESOURCE_DEFINITION) Squad/Resources/ResourcesGeneric/EVA Propellant
[LOG 15:04:38.864] Config(RESOURCE_DEFINITION) Squad/Resources/ResourcesGeneric/Ore
[LOG 15:04:38.864] Config(RESOURCE_DEFINITION) Squad/Resources/ResourcesGeneric/Ablator
[LOG 15:04:38.864] Config(EXPERIMENT_DEFINITION) Squad/Resources/ScienceDefs/EXPERIMENT_DEFINITION
[LOG 15:04:38.864] Config(EXPERIMENT_DEFINITION) Squad/Resources/ScienceDefs/EXPERIMENT_DEFINITION
[LOG 15:04:38.864] Config(EXPERIMENT_DEFINITION) Squad/Resources/ScienceDefs/EXPERIMENT_DEFINITION
[LOG 15:04:38.864] Config(EXPERIMENT_DEFINITION) Squad/Resources/ScienceDefs/EXPERIMENT_DEFINITION
[LOG 15:04:38.864] Config(EXPERIMENT_DEFINITION) Squad/Resources/ScienceDefs/EXPERIMENT_DEFINITION
[LOG 15:04:38.864] Config(EXPERIMENT_DEFINITION) Squad/Resources/ScienceDefs/EXPERIMENT_DEFINITION
[LOG 15:04:38.864] Config(EXPERIMENT_DEFINITION) Squad/Resources/ScienceDefs/EXPERIMENT_DEFINITION
[LOG 15:04:38.864] Config(EXPERIMENT_DEFINITION) Squad/Resources/ScienceDefs/EXPERIMENT_DEFINITION
[LOG 15:04:38.864] Config(EXPERIMENT_DEFINITION) Squad/Resources/ScienceDefs/EXPERIMENT_DEFINITION
[LOG 15:04:38.864] Config(EXPERIMENT_DEFINITION) Squad/Resources/ScienceDefs/EXPERIMENT_DEFINITION
[LOG 15:04:38.864] Config(EXPERIMENT_DEFINITION) Squad/Resources/ScienceDefs/EXPERIMENT_DEFINITION
[LOG 15:04:38.864] Config(EXPERIMENT_DEFINITION) Squad/Resources/ScienceDefs/EXPERIMENT_DEFINITION
[LOG 15:04:38.864] Config(EXPERIMENT_DEFINITION) Squad/Resources/ScienceDefs/EXPERIMENT_DEFINITION
[LOG 15:04:38.864] Config(EXPERIMENT_DEFINITION) Squad/Resources/ScienceDefs/EXPERIMENT_DEFINITION
[LOG 15:04:38.864] Config(EXPERIMENT_DEFINITION) Squad/Resources/ScienceDefs/EXPERIMENT_DEFINITION
[LOG 15:04:38.864] Config(EXPERIMENT_DEFINITION) Squad/Resources/ScienceDefs/EXPERIMENT_DEFINITION
[LOG 15:04:38.865] Config(EXPERIMENT_DEFINITION) Squad/Resources/ScienceDefs/EXPERIMENT_DEFINITION
[LOG 15:04:38.865] Config(EXPERIMENT_DEFINITION) Squad/Resources/ScienceDefs/EXPERIMENT_DEFINITION
[LOG 15:04:38.865] Config(STORY_DEF) Squad/Resources/StoryDefs/STORY_DEF
[LOG 15:04:38.865] Config(TechTree) Squad/Resources/TechTree/TechTree
[LOG 15:04:38.865] Config(INTERNAL) Squad/Spaces/crewCabinInternals/internal/crewCabinInternals
[LOG 15:04:38.865] Config(INTERNAL) Squad/Spaces/cupolaInternal/internal/cupolaInternal
[LOG 15:04:38.865] Config(INTERNAL) Squad/Spaces/GenericSpace1/internal/GenericSpace1
[LOG 15:04:38.865] Config(INTERNAL) Squad/Spaces/GenericSpace3/internal/GenericSpace3
[LOG 15:04:38.865] Config(INTERNAL) Squad/Spaces/landerCabinInternals/internal/landerCabinInternals
[LOG 15:04:38.865] Config(INTERNAL) Squad/Spaces/landerCabinSmallInternal/internal/landerCabinSmallInternal
[LOG 15:04:38.865] Config(INTERNAL) Squad/Spaces/LargeCrewedLabInternals/internal/Mobile_Processing_Lab_Int
[LOG 15:04:38.865] Config(INTERNAL) Squad/Spaces/Mk1-3/internal/Mk1-3
[LOG 15:04:38.865] Config(INTERNAL) Squad/Spaces/mk1CabinInternal/internal/mk1CabinInternal
[LOG 15:04:38.865] Config(INTERNAL) Squad/Spaces/mk1CockpitInternal/internal/mk1CockpitInternal
[LOG 15:04:38.865] Config(INTERNAL) Squad/Spaces/mk1InlineInternal/internal/mk1InlineInternal
[LOG 15:04:38.865] Config(INTERNAL) Squad/Spaces/mk1PodCockpit/internal/mk1PodCockpit
[LOG 15:04:38.865] Config(INTERNAL) Squad/Spaces/mk1pod_IVA/mk1pod_Internal/mk1pod_IVA
[LOG 15:04:38.865] Config(INTERNAL) Squad/Spaces/mk2CockpitStandardInternal/internal/mk2CockpitStandardInternals
[LOG 15:04:38.865] Config(INTERNAL) Squad/Spaces/Mk2CrewCabinInternal/internal_MK2_CrewCab/MK2_CrewCab_Int
[LOG 15:04:38.865] Config(INTERNAL) Squad/Spaces/mk2InlineInternal/internal/mk2InlineInternal
[LOG 15:04:38.865] Config(INTERNAL) Squad/Spaces/mk2LanderCanInternal/internal/mk2LanderCanInternal
[LOG 15:04:38.865] Config(INTERNAL) Squad/Spaces/MK3CockpitInternal/internal_MK3/MK3_Cockpit_Int
[LOG 15:04:38.865] Config(INTERNAL) Squad/Spaces/MK3_CrewCab_Int/internal_MK3_CrewCab/MK3_CrewCab_Int
[LOG 15:04:38.865] Config(INTERNAL) Squad/Spaces/Placeholder/internal/Placeholder
[LOG 15:04:38.866] Config(INTERNAL) Squad/Spaces/PodCockpit/internal/PodCockpit
[LOG 15:04:38.866] Config(STRATEGY_DEPARTMENT) Squad/Strategies/Departments/Finances
[LOG 15:04:38.866] Config(STRATEGY_DEPARTMENT) Squad/Strategies/Departments/Science
[LOG 15:04:38.866] Config(STRATEGY_DEPARTMENT) Squad/Strategies/Departments/Public Relations
[LOG 15:04:38.866] Config(STRATEGY_DEPARTMENT) Squad/Strategies/Departments/Operations
[LOG 15:04:38.866] Config(STRATEGY) Squad/Strategies/Strategies/AppreciationCampaignCfg
[LOG 15:04:38.866] Config(STRATEGY) Squad/Strategies/Strategies/FundraisingCampaignCfg
[LOG 15:04:38.866] Config(STRATEGY) Squad/Strategies/Strategies/OpenSourceTechProgramCfg
[LOG 15:04:38.866] Config(STRATEGY) Squad/Strategies/Strategies/UnpaidResearchProgramCfg
[LOG 15:04:38.866] Config(STRATEGY) Squad/Strategies/Strategies/OutsourcedResearchCfg
[LOG 15:04:38.866] Config(STRATEGY) Squad/Strategies/Strategies/PatentsLicensingCfg
[LOG 15:04:38.866] Config(STRATEGY) Squad/Strategies/Strategies/AgressiveNegotiations
[LOG 15:04:38.866] Config(STRATEGY) Squad/Strategies/Strategies/RecoveryTransponders
[LOG 15:04:38.866] Config(STRATEGY) Squad/Strategies/Strategies/BailoutGrant
[LOG 15:04:38.866] Config(STRATEGY) Squad/Strategies/Strategies/researchIPsellout
[LOG 15:04:38.867] Config(STRATEGY) Squad/Strategies/Strategies/LeadershipInitiative
[LOG 15:04:38.867] Config(TUTORIAL) Squad/Tutorials/FlightSuborbital/FlightSuborbital
[LOG 15:04:38.867] Config(TUTORIAL) Squad/Tutorials/FromMun/FromMun
[LOG 15:04:38.867] Config(TUTORIAL) Squad/Tutorials/GoForOrbit/GoForOrbit
[LOG 15:04:38.867] Config(MISSIONPACK) SquadExpansion/MakingHistory/Missions/MissionPacks/squad_MakingHistory
[LOG 15:04:38.867] Config(MISSIONPACK) SquadExpansion/MakingHistory/Missions/MissionPacks/squad_MakingHistory_Other
[LOG 15:04:38.867] Config(MISSIONPACK) SquadExpansion/MakingHistory/Missions/MissionPacks/squad_MakingHistory_Tutorial
[LOG 15:04:38.867] Config(MEBASICNODE) SquadExpansion/MakingHistory/Nodes/AccuracyLogic/TestAccuracyLogic
[LOG 15:04:38.867] Config(MEBASICNODE) SquadExpansion/MakingHistory/Nodes/ActionChancePartResourceLevels/ActionPartResourceAmount
[LOG 15:04:38.867] Config(MEBASICNODE) SquadExpansion/MakingHistory/Nodes/ActionExplode/ActionVesselExplode
[LOG 15:04:38.867] Config(MEBASICNODE) SquadExpansion/MakingHistory/Nodes/ActionMissionScore/MissionScore
[LOG 15:04:38.867] Config(MEBASICNODE) SquadExpansion/MakingHistory/Nodes/ActionModifierFunds/ModifyFunds
[LOG 15:04:38.867] Config(MEBASICNODE) SquadExpansion/MakingHistory/Nodes/ActionModifierScore/MissionScore
[LOG 15:04:38.867] Config(MEBASICNODE) SquadExpansion/MakingHistory/Nodes/ActionPartExplode/ActionPartExplode
[LOG 15:04:38.867] Config(MEBASICNODE) SquadExpansion/MakingHistory/Nodes/ActionPartResourceDrain/ActionPartResourceDrain
[LOG 15:04:38.867] Config(MEBASICNODE) SquadExpansion/MakingHistory/Nodes/ActionVesselActionGroup/ActionVesselActionGroup
[LOG 15:04:38.867] Config(MEBASICNODE) SquadExpansion/MakingHistory/Nodes/ActionVesselStage/ActionVesselStage
[LOG 15:04:38.867] Config(MEBASICNODE) SquadExpansion/MakingHistory/Nodes/CreateAsteroid/CreateAsteroid
[LOG 15:04:38.867] Config(MEBASICNODE) SquadExpansion/MakingHistory/Nodes/CreateComet/CreateComet
[LOG 15:04:38.867] Config(MEBASICNODE) SquadExpansion/MakingHistory/Nodes/CreateFlag/CreateFlag
[LOG 15:04:38.867] Config(MEBASICNODE) SquadExpansion/MakingHistory/Nodes/CreateLaunchSite/CreateLaunchSite
[LOG 15:04:38.867] Config(MEBASICNODE) SquadExpansion/MakingHistory/Nodes/CreateVessel/CreateVessel
[LOG 15:04:38.868] Config(MEBASICNODE) SquadExpansion/MakingHistory/Nodes/CrewAssignment/TestCrewAssignment
[LOG 15:04:38.868] Config(MEBASICNODE) SquadExpansion/MakingHistory/Nodes/Destroyed/Crashed
[LOG 15:04:38.868] Config(MEBASICNODE) SquadExpansion/MakingHistory/Nodes/DialogMessage/DialogMessage
[LOG 15:04:38.868] Config(MEBASICNODE) SquadExpansion/MakingHistory/Nodes/Distance/Distance
[LOG 15:04:38.868] Config(MEBASICNODE) SquadExpansion/MakingHistory/Nodes/EmptyFalse/EmptyFalse
[LOG 15:04:38.868] Config(MEBASICNODE) SquadExpansion/MakingHistory/Nodes/EmptyTrue/EmptyTrue
[LOG 15:04:38.868] Config(MEBASICNODE) SquadExpansion/MakingHistory/Nodes/EscapeSOI/SOILeft
[LOG 15:04:38.868] Config(MEBASICNODE) SquadExpansion/MakingHistory/Nodes/EVA/EVA
[LOG 15:04:38.868] Config(MEBASICNODE) SquadExpansion/MakingHistory/Nodes/Flying/Flying
[LOG 15:04:38.868] Config(MEBASICNODE) SquadExpansion/MakingHistory/Nodes/FundsRecovery/FundsRecovery
[LOG 15:04:38.868] Config(MEBASICNODE) SquadExpansion/MakingHistory/Nodes/KerbalBoarded/TestKerbalBoarded
[LOG 15:04:38.868] Config(MEBASICNODE) SquadExpansion/MakingHistory/Nodes/KerbalKilled/EVA
[LOG 15:04:38.868] Config(MEBASICNODE) SquadExpansion/MakingHistory/Nodes/KerbalRecovery/KerbalRecovery
[LOG 15:04:38.868] Config(MEBASICNODE) SquadExpansion/MakingHistory/Nodes/KerbalRescue/KerbalRescue
[LOG 15:04:38.868] Config(MEBASICNODE) SquadExpansion/MakingHistory/Nodes/Landed/Landed
[LOG 15:04:38.868] Config(MEBASICNODE) SquadExpansion/MakingHistory/Nodes/Message/Message
[LOG 15:04:38.868] Config(MEBASICNODE) SquadExpansion/MakingHistory/Nodes/MissionFunds/MissionFunds
[LOG 15:04:38.868] Config(MEBASICNODE) SquadExpansion/MakingHistory/Nodes/MissionScore/MissionScore
[LOG 15:04:38.868] Config(MEBASICNODE) SquadExpansion/MakingHistory/Nodes/Orbit/Orbit
[LOG 15:04:38.868] Config(MEBASICNODE) SquadExpansion/MakingHistory/Nodes/OrbitParams/OrbitParams
[LOG 15:04:38.868] Config(MEBASICNODE) SquadExpansion/MakingHistory/Nodes/PartDocking/TestPartDocking
[LOG 15:04:38.868] Config(MEBASICNODE) SquadExpansion/MakingHistory/Nodes/PartFailure/PartFailure
[LOG 15:04:38.868] Config(MEBASICNODE) SquadExpansion/MakingHistory/Nodes/PartGrapple/TestGrapple
[LOG 15:04:38.868] Config(MEBASICNODE) SquadExpansion/MakingHistory/Nodes/PartRepair/PartRepair
[LOG 15:04:38.868] Config(MEBASICNODE) SquadExpansion/MakingHistory/Nodes/PlaceKerbal/CreateKerbal
[LOG 15:04:38.869] Config(MEBASICNODE) SquadExpansion/MakingHistory/Nodes/PlantFlag/PlantFlag
[LOG 15:04:38.869] Config(MEBASICNODE) SquadExpansion/MakingHistory/Nodes/ReachSOI/ReachSOI
[LOG 15:04:38.869] Config(MEBASICNODE) SquadExpansion/MakingHistory/Nodes/Resource/ResourceAmount
[LOG 15:04:38.869] Config(MEBASICNODE) SquadExpansion/MakingHistory/Nodes/ResourceRecovery/TestResourcesRecovery
[LOG 15:04:38.869] Config(MEBASICNODE) SquadExpansion/MakingHistory/Nodes/ScienceExperiment/ScienceExperiment
[LOG 15:04:38.869] Config(MEBASICNODE) SquadExpansion/MakingHistory/Nodes/SetCamera/SetCamera
[LOG 15:04:38.869] Config(MEBASICNODE) SquadExpansion/MakingHistory/Nodes/SplashDown/SplashDown
[LOG 15:04:38.869] Config(MEBASICNODE) SquadExpansion/MakingHistory/Nodes/StageActivated/TestVesselStageActivated
[LOG 15:04:38.869] Config(MEBASICNODE) SquadExpansion/MakingHistory/Nodes/TakeKerbal/TestTakeKerbal
[LOG 15:04:38.869] Config(MEBASICNODE) SquadExpansion/MakingHistory/Nodes/TestFlyThrough/TestFlyThrough
[LOG 15:04:38.869] Config(MEBASICNODE) SquadExpansion/MakingHistory/Nodes/TestGoTo/TestGoTo
[LOG 15:04:38.869] Config(MEBASICNODE) SquadExpansion/MakingHistory/Nodes/TimeMET/TimeMET
[LOG 15:04:38.869] Config(MEBASICNODE) SquadExpansion/MakingHistory/Nodes/TimeOfMission/TimeOfMission
[LOG 15:04:38.869] Config(MEBASICNODE) SquadExpansion/MakingHistory/Nodes/TimeSinceNode/TestTimeSinceNode
[LOG 15:04:38.869] Config(MEBASICNODE) SquadExpansion/MakingHistory/Nodes/VesselActiveCount/TestVesselActiveCount
[LOG 15:04:38.869] Config(MEBASICNODE) SquadExpansion/MakingHistory/Nodes/VesselAltitudeGoal/VesselAltitudeGoal
[LOG 15:04:38.869] Config(MEBASICNODE) SquadExpansion/MakingHistory/Nodes/VesselCrewCount/VeselCrewCount
[LOG 15:04:38.869] Config(MEBASICNODE) SquadExpansion/MakingHistory/Nodes/VesselMassLogic/VesselMass
[LOG 15:04:38.869] Config(MEBASICNODE) SquadExpansion/MakingHistory/Nodes/VesselPartCount/PartCount
[LOG 15:04:38.869] Config(MEBASICNODE) SquadExpansion/MakingHistory/Nodes/VesselRecovery/TestVesselRecovery
[LOG 15:04:38.869] Config(MEBASICNODE) SquadExpansion/MakingHistory/Nodes/VesselStage/TestVesselStage
[LOG 15:04:38.869] Config(MEBASICNODE) SquadExpansion/MakingHistory/Nodes/VesselVelocity/VesselVelocity
[LOG 15:04:38.869] Config(PART) SquadExpansion/MakingHistory/Parts/Aero/protectiveRocketNoseMk16/rocketNoseCone_size4/rocketNoseConeSize4
[LOG 15:04:38.869] Config(PART) SquadExpansion/MakingHistory/Parts/Aero/protectiveRocketNoseMk5A/Size_1_5_Cone/Size_1_5_Cone
[LOG 15:04:38.869] Config(PART) SquadExpansion/MakingHistory/Parts/Coupling/Decoupler_1p5/Decoupler_1p5
[LOG 15:04:38.869] Config(PART) SquadExpansion/MakingHistory/Parts/Coupling/Decoupler_4/Decoupler_4
[LOG 15:04:38.869] Config(PART) SquadExpansion/MakingHistory/Parts/Coupling/EnginePlate_1p5/EnginePlate1p5
[LOG 15:04:38.869] Config(PART) SquadExpansion/MakingHistory/Parts/Coupling/EnginePlate_2/EnginePlate2
[LOG 15:04:38.870] Config(PART) SquadExpansion/MakingHistory/Parts/Coupling/EnginePlate_3/EnginePlate3
[LOG 15:04:38.870] Config(PART) SquadExpansion/MakingHistory/Parts/Coupling/EnginePlate_4/EnginePlate4
[LOG 15:04:38.870] Config(PART) SquadExpansion/MakingHistory/Parts/Coupling/EnginePlate_5/EnginePlate5
[LOG 15:04:38.870] Config(PART) SquadExpansion/MakingHistory/Parts/Coupling/InflatableAirlock/InflatableAirlock
[LOG 15:04:38.870] Config(PART) SquadExpansion/MakingHistory/Parts/Coupling/Separator_1p5/Separator_1p5
[LOG 15:04:38.870] Config(PART) SquadExpansion/MakingHistory/Parts/Coupling/Separator_4/Separator_4
[LOG 15:04:38.870] Config(PART) SquadExpansion/MakingHistory/Parts/Coupling/Size1p5_Strut_Decoupler/Size1p5_Strut_Decoupler
[LOG 15:04:38.870] Config(PART) SquadExpansion/MakingHistory/Parts/Engine/LiquidEngineKE-1/LiquidEngineKE-1
[LOG 15:04:38.870] Config(PART) SquadExpansion/MakingHistory/Parts/Engine/LiquidEngineLV-T91/LiquidEngineLV-T91
[LOG 15:04:38.870] Config(PART) SquadExpansion/MakingHistory/Parts/Engine/LiquidEngineLV-TX87/LiquidEngineLV-TX87
[LOG 15:04:38.870] Config(PART) SquadExpansion/MakingHistory/Parts/Engine/LiquidEngineRE-I2/LiquidEngineRE-I2
[LOG 15:04:38.870] Config(PART) SquadExpansion/MakingHistory/Parts/Engine/LiquidEngineRE-J10/LiquidEngineRE-J10
[LOG 15:04:38.870] Config(PART) SquadExpansion/MakingHistory/Parts/Engine/LiquidEngineRK-7/LiquidEngineRK-7
[LOG 15:04:38.870] Config(PART) SquadExpansion/MakingHistory/Parts/Engine/LiquidEngineRV-1/LiquidEngineRV-1
[LOG 15:04:38.870] Config(PART) SquadExpansion/MakingHistory/Parts/Engine/solidBoosterTHK/solidBoosterTHK/Pollux
[LOG 15:04:38.870] Config(PART) SquadExpansion/MakingHistory/Parts/FuelTank/MonoPropMini/monopropMiniSphere
[LOG 15:04:38.870] Config(PART) SquadExpansion/MakingHistory/Parts/FuelTank/Size1p5_Monoprop/Size1p5_Monoprop
[LOG 15:04:38.870] Config(PART) SquadExpansion/MakingHistory/Parts/FuelTank/Size1p5_Size0_Adapter_01/Size1p5_Size0_Adapter_01
[LOG 15:04:38.870] Config(PART) SquadExpansion/MakingHistory/Parts/FuelTank/Size1p5_Size1_Adapter_01/Size1p5_Size1_Adapter_01
[LOG 15:04:38.870] Config(PART) SquadExpansion/MakingHistory/Parts/FuelTank/Size1p5_Size1_Adapter_02/Size1p5_Size1_Adapter_02
[LOG 15:04:38.870] Config(PART) SquadExpansion/MakingHistory/Parts/FuelTank/Size1p5_Size2_Adapter_01/Size1p5_Size2_Adapter_01
[LOG 15:04:38.870] Config(PART) SquadExpansion/MakingHistory/Parts/FuelTank/Size1p5_Tank_01/Size1p5_Tank_01
[LOG 15:04:38.870] Config(PART) SquadExpansion/MakingHistory/Parts/FuelTank/Size1p5_Tank_02/Size1p5_Tank_02
[LOG 15:04:38.870] Config(PART) SquadExpansion/MakingHistory/Parts/FuelTank/Size1p5_Tank_03/Size1p5_Tank_03
[LOG 15:04:38.870] Config(PART) SquadExpansion/MakingHistory/Parts/FuelTank/Size1p5_Tank_04/Size1p5_Tank_04
[LOG 15:04:38.871] Config(PART) SquadExpansion/MakingHistory/Parts/FuelTank/Size1p5_Tank_05/Size1p5_Tank_05
[LOG 15:04:38.871] Config(PART) SquadExpansion/MakingHistory/Parts/FuelTank/Size3_Size4_Adapter_01/Size3_Size4_Adapter_01
[LOG 15:04:38.871] Config(PART) SquadExpansion/MakingHistory/Parts/FuelTank/Size4_EngineAdapter_01/Size4_EngineAdapter_01
[LOG 15:04:38.871] Config(PART) SquadExpansion/MakingHistory/Parts/FuelTank/Size4_Tank_01/Size4_Tank_01
[LOG 15:04:38.871] Config(PART) SquadExpansion/MakingHistory/Parts/FuelTank/Size4_Tank_02/Size4_Tank_02
[LOG 15:04:38.871] Config(PART) SquadExpansion/MakingHistory/Parts/FuelTank/Size4_Tank_03/Size4_Tank_03
[LOG 15:04:38.871] Config(PART) SquadExpansion/MakingHistory/Parts/FuelTank/Size4_Tank_04/Size4_Tank_04
[LOG 15:04:38.871] Config(PART) SquadExpansion/MakingHistory/Parts/Ground/RoverWheel/roverWheelM1-F
[LOG 15:04:38.871] Config(PART) SquadExpansion/MakingHistory/Parts/Payload/fairingSize1p5/fairingSize1p5
[LOG 15:04:38.871] Config(PART) SquadExpansion/MakingHistory/Parts/Payload/fairingSize4/fairingSize4
[LOG 15:04:38.871] Config(PART) SquadExpansion/MakingHistory/Parts/Payload/Size1to0ServiceModule/Size1to0ServiceModule
[LOG 15:04:38.871] Config(PART) SquadExpansion/MakingHistory/Parts/Payload/SM18/ServiceModule18
[LOG 15:04:38.871] Config(PART) SquadExpansion/MakingHistory/Parts/Payload/SM25/ServiceModule25
[LOG 15:04:38.871] Config(PART) SquadExpansion/MakingHistory/Parts/Pods/KV1Pod/kv1Pod
[LOG 15:04:38.871] Config(PART) SquadExpansion/MakingHistory/Parts/Pods/KV2Pod/kv2Pod
[LOG 15:04:38.871] Config(PART) SquadExpansion/MakingHistory/Parts/Pods/KV3Pod/kv3Pod
[LOG 15:04:38.871] Config(PART) SquadExpansion/MakingHistory/Parts/Pods/Mk2Pod/Mk2Pod
[LOG 15:04:38.871] Config(PART) SquadExpansion/MakingHistory/Parts/Pods/Size1_5_Lander/MEMLander
[LOG 15:04:38.871] Config(PART) SquadExpansion/MakingHistory/Parts/Prebuilt/kerbalEVAfemaleVintage/kerbalEVAfemaleVintage
[LOG 15:04:38.871] Config(PART) SquadExpansion/MakingHistory/Parts/Prebuilt/kerbalEVAVintage/kerbalEVAVintage
[LOG 15:04:38.871] Config(PART) SquadExpansion/MakingHistory/Parts/Structural/EquiTriangle0/EquiTriangle0
[LOG 15:04:38.871] Config(PART) SquadExpansion/MakingHistory/Parts/Structural/EquiTriangle1/EquiTriangle1
[LOG 15:04:38.871] Config(PART) SquadExpansion/MakingHistory/Parts/Structural/EquiTriangle1p5/EquiTriangle1p5
[LOG 15:04:38.871] Config(PART) SquadExpansion/MakingHistory/Parts/Structural/EquiTriangle2/EquiTriangle2
[LOG 15:04:38.871] Config(PART) SquadExpansion/MakingHistory/Parts/Structural/Panel0/Panel0
[LOG 15:04:38.871] Config(PART) SquadExpansion/MakingHistory/Parts/Structural/Panel1/Panel1
[LOG 15:04:38.871] Config(PART) SquadExpansion/MakingHistory/Parts/Structural/Panel1p5/Panel1p5
[LOG 15:04:38.872] Config(PART) SquadExpansion/MakingHistory/Parts/Structural/Panel2/Panel2
[LOG 15:04:38.872] Config(PART) SquadExpansion/MakingHistory/Parts/Structural/Triangle0/Triangle0
[LOG 15:04:38.872] Config(PART) SquadExpansion/MakingHistory/Parts/Structural/Triangle1/Triangle1
[LOG 15:04:38.872] Config(PART) SquadExpansion/MakingHistory/Parts/Structural/Triangle1p5/Triangle1p5
[LOG 15:04:38.872] Config(PART) SquadExpansion/MakingHistory/Parts/Structural/Triangle2/Triangle2
[LOG 15:04:38.872] Config(PART) SquadExpansion/MakingHistory/Parts/Structural/Tube1/Tube1
[LOG 15:04:38.872] Config(PART) SquadExpansion/MakingHistory/Parts/Structural/Tube1p5/Tube1p5
[LOG 15:04:38.872] Config(PART) SquadExpansion/MakingHistory/Parts/Structural/Tube2/Tube2
[LOG 15:04:38.872] Config(PART) SquadExpansion/MakingHistory/Parts/Structural/Tube3/Tube3
[LOG 15:04:38.872] Config(PART) SquadExpansion/MakingHistory/Parts/Structural/Tube4/Tube4
[LOG 15:04:38.872] Config(PART) SquadExpansion/MakingHistory/Parts/Thermal/HeatShield1p5/HeatShield1p5
[LOG 15:04:38.872] Config(PART) SquadExpansion/MakingHistory/Parts/Utility/flags/flagSize1p5/flagSize1p5/flagPartSize1p5
[LOG 15:04:38.872] Config(PART) SquadExpansion/MakingHistory/Parts/Utility/flags/flagSize4/flagSize4/flagPartSize4
[LOG 15:04:38.872] Config(INTERNAL) SquadExpansion/MakingHistory/Spaces/KVPods/Airlock_Internal/Airlock_IVA
[LOG 15:04:38.872] Config(INTERNAL) SquadExpansion/MakingHistory/Spaces/KVPods/KV1_Internal/KV1_IVA
[LOG 15:04:38.872] Config(INTERNAL) SquadExpansion/MakingHistory/Spaces/KVPods/KV2_Internal/KV2_IVA
[LOG 15:04:38.872] Config(INTERNAL) SquadExpansion/MakingHistory/Spaces/KVPods/KV3_Internal/KV3_IVA
[LOG 15:04:38.872] Config(INTERNAL) SquadExpansion/MakingHistory/Spaces/MEM/MEM_IVA/MEM_IVA
[LOG 15:04:38.872] Config(INTERNAL) SquadExpansion/MakingHistory/Spaces/Mk2Pod/Mk2Pod_Internal/MK2POD_IVA
[LOG 15:04:38.872] Config(Contracts) SquadExpansion/Serenity/Contracts/contracts/Contracts
[LOG 15:04:38.872] Config(EXPERIENCE_TRAIT) SquadExpansion/Serenity/Experience/Traits/Engineer
[LOG 15:04:38.872] Config(EXPERIENCE_TRAIT) SquadExpansion/Serenity/Experience/Traits/Scientist
[LOG 15:04:38.873] Config(Localization) SquadExpansion/Serenity/Localization/dictionary/Localization
[LOG 15:04:38.873] Config(PART) SquadExpansion/Serenity/Parts/Aero/FanShroud_01/FanShroud_01
[LOG 15:04:38.873] Config(PART) SquadExpansion/Serenity/Parts/Aero/FanShroud_02/FanShroud_02
[LOG 15:04:38.873] Config(PART) SquadExpansion/Serenity/Parts/Aero/FanShroud_03/FanShroud_03
[LOG 15:04:38.873] Config(PART) SquadExpansion/Serenity/Parts/Aero/noseconeTiny/noseconeTiny
[LOG 15:04:38.873] Config(PART) SquadExpansion/Serenity/Parts/Aero/noseconeVS/noseconeVS
[LOG 15:04:38.873] Config(PART) SquadExpansion/Serenity/Parts/DeployedScience/centralStation/DeployedCentralStation
[LOG 15:04:38.873] Config(PART) SquadExpansion/Serenity/Parts/DeployedScience/gooObservation/DeployedGoExOb
[LOG 15:04:38.873] Config(PART) SquadExpansion/Serenity/Parts/DeployedScience/ionCollector/DeployedIONExp
[LOG 15:04:38.873] Config(PART) SquadExpansion/Serenity/Parts/DeployedScience/rtg/DeployedRTG
[LOG 15:04:38.873] Config(PART) SquadExpansion/Serenity/Parts/DeployedScience/satDish/DeployedSatDish
[LOG 15:04:38.873] Config(PART) SquadExpansion/Serenity/Parts/DeployedScience/seismicSensor/DeployedSeismicSensor
[LOG 15:04:38.873] Config(PART) SquadExpansion/Serenity/Parts/DeployedScience/solarPanel/DeployedSolarPanel
[LOG 15:04:38.873] Config(PART) SquadExpansion/Serenity/Parts/DeployedScience/weatherStation/DeployedWeatherStn
[LOG 15:04:38.873] Config(PART) SquadExpansion/Serenity/Parts/Prebuilt/kerbalEVA/kerbalEVA
[LOG 15:04:38.873] Config(PART) SquadExpansion/Serenity/Parts/Prebuilt/kerbalEVAfemale/kerbalEVAfemale
[LOG 15:04:38.873] Config(PART) SquadExpansion/Serenity/Parts/Prebuilt/kerbalEVAfemaleFuture/kerbalEVAfemaleFuture
[LOG 15:04:38.873] Config(PART) SquadExpansion/Serenity/Parts/Prebuilt/kerbalEVAfemaleVintage/kerbalEVAfemaleVintage
[LOG 15:04:38.873] Config(PART) SquadExpansion/Serenity/Parts/Prebuilt/kerbalEVAFuture/kerbalEVAFuture
[LOG 15:04:38.873] Config(PART) SquadExpansion/Serenity/Parts/Prebuilt/kerbalEVASlimSuit/kerbalEVASlimSuit
[LOG 15:04:38.873] Config(PART) SquadExpansion/Serenity/Parts/Prebuilt/kerbalEVASlimSuitFemale/kerbalEVASlimSuitFemale
[LOG 15:04:38.873] Config(PART) SquadExpansion/Serenity/Parts/Prebuilt/kerbalEVAVintage/kerbalEVAVintage
[LOG 15:04:38.873] Config(PART) SquadExpansion/Serenity/Parts/Propellers/largeFanBlade/largeFanBlade
[LOG 15:04:38.873] Config(PART) SquadExpansion/Serenity/Parts/Propellers/largeHeliBlade/largeHeliBlade
[LOG 15:04:38.874] Config(PART) SquadExpansion/Serenity/Parts/Propellers/largePropeller/largePropeller
[LOG 15:04:38.874] Config(PART) SquadExpansion/Serenity/Parts/Propellers/mediumFanBlade/mediumFanBlade
[LOG 15:04:38.874] Config(PART) SquadExpansion/Serenity/Parts/Propellers/mediumHeliBlade/mediumHeliBlade
[LOG 15:04:38.874] Config(PART) SquadExpansion/Serenity/Parts/Propellers/mediumPropeller/mediumPropeller
[LOG 15:04:38.874] Config(PART) SquadExpansion/Serenity/Parts/Propellers/smallFanBlade/smallFanBlade
[LOG 15:04:38.874] Config(PART) SquadExpansion/Serenity/Parts/Propellers/smallHeliBlade/smallHeliBlade
[LOG 15:04:38.874] Config(PART) SquadExpansion/Serenity/Parts/Propellers/smallPropeller/smallPropeller
[LOG 15:04:38.874] Config(PART) SquadExpansion/Serenity/Parts/Robotics/hinge_01/hinge_01
[LOG 15:04:38.874] Config(PART) SquadExpansion/Serenity/Parts/Robotics/hinge_01_s/hinge_01_s
[LOG 15:04:38.874] Config(PART) SquadExpansion/Serenity/Parts/Robotics/hinge_03/hinge_03
[LOG 15:04:38.874] Config(PART) SquadExpansion/Serenity/Parts/Robotics/hinge_03_s/hinge_03_s
[LOG 15:04:38.874] Config(PART) SquadExpansion/Serenity/Parts/Robotics/hinge_04/hinge_04
[LOG 15:04:38.874] Config(PART) SquadExpansion/Serenity/Parts/Robotics/piston_01/piston_01
[LOG 15:04:38.874] Config(PART) SquadExpansion/Serenity/Parts/Robotics/piston_02/piston_02
[LOG 15:04:38.874] Config(PART) SquadExpansion/Serenity/Parts/Robotics/piston_03/piston_03
[LOG 15:04:38.874] Config(PART) SquadExpansion/Serenity/Parts/Robotics/piston_04/piston_04
[LOG 15:04:38.874] Config(PART) SquadExpansion/Serenity/Parts/Robotics/RotorEngine_02/RotorEngine_02
[LOG 15:04:38.874] Config(PART) SquadExpansion/Serenity/Parts/Robotics/RotorEngine_03/RotorEngine_03
[LOG 15:04:38.874] Config(PART) SquadExpansion/Serenity/Parts/Robotics/rotor_01/rotor_01
[LOG 15:04:38.874] Config(PART) SquadExpansion/Serenity/Parts/Robotics/rotor_01s/rotor_01s
[LOG 15:04:38.874] Config(PART) SquadExpansion/Serenity/Parts/Robotics/rotor_02/rotor_02
[LOG 15:04:38.874] Config(PART) SquadExpansion/Serenity/Parts/Robotics/rotor_02s/rotor_02s
[LOG 15:04:38.874] Config(PART) SquadExpansion/Serenity/Parts/Robotics/rotor_03/rotor_03
[LOG 15:04:38.874] Config(PART) SquadExpansion/Serenity/Parts/Robotics/rotor_03s/rotor_03s
[LOG 15:04:38.874] Config(PART) SquadExpansion/Serenity/Parts/Robotics/rotoServo_00/rotoServo_00
[LOG 15:04:38.874] Config(PART) SquadExpansion/Serenity/Parts/Robotics/rotoServo_02/rotoServo_02
[LOG 15:04:38.875] Config(PART) SquadExpansion/Serenity/Parts/Robotics/rotoServo_03/rotoServo_03
[LOG 15:04:38.875] Config(PART) SquadExpansion/Serenity/Parts/Robotics/rotoServo_04/rotoServo_04
[LOG 15:04:38.875] Config(PART) SquadExpansion/Serenity/Parts/Robotics/Controllers/KAL1000/controller1000
[LOG 15:04:38.875] Config(PART) SquadExpansion/Serenity/Parts/Science/RobotArmScanner/RobotArmScanner_S1/RobotArmScanner_S1
[LOG 15:04:38.875] Config(PART) SquadExpansion/Serenity/Parts/Science/RobotArmScanner/RobotArmScanner_S2/RobotArmScanner_S2
[LOG 15:04:38.875] Config(PART) SquadExpansion/Serenity/Parts/Science/RobotArmScanner/RobotArmScanner_S3/RobotArmScanner_S3
[LOG 15:04:38.875] Config(PART) SquadExpansion/Serenity/Parts/Structural/gripPads/lGripPad/lGripPad
[LOG 15:04:38.875] Config(PART) SquadExpansion/Serenity/Parts/Structural/gripPads/lGripStrip/lGripStrip
[LOG 15:04:38.875] Config(PART) SquadExpansion/Serenity/Parts/Structural/gripPads/mGripPad/mGripPad
[LOG 15:04:38.875] Config(PART) SquadExpansion/Serenity/Parts/Structural/gripPads/sGripPad/sGripPad
[LOG 15:04:38.875] Config(PART) SquadExpansion/Serenity/Parts/Structural/gripPads/sGripStrip/sGripStrip
[LOG 15:04:38.875] Config(DEPLOYEDSCIENCE) SquadExpansion/Serenity/Resources/DeployedScience/DEPLOYEDSCIENCE
[LOG 15:04:38.875] Config(PHYSICMATERIAL_DEFINITION) SquadExpansion/Serenity/Resources/PhysicsMaterials/MediumGrip
[LOG 15:04:38.875] Config(PHYSICMATERIAL_DEFINITION) SquadExpansion/Serenity/Resources/PhysicsMaterials/HighGrip
[LOG 15:04:38.875] Config(PHYSICMATERIAL_DEFINITION) SquadExpansion/Serenity/Resources/PhysicsMaterials/ExtremeGrip
[LOG 15:04:38.875] Config(PHYSICMATERIAL_DEFINITION) SquadExpansion/Serenity/Resources/PhysicsMaterials/LowGrip
[LOG 15:04:38.875] Config(PHYSICMATERIAL_DEFINITION) SquadExpansion/Serenity/Resources/PhysicsMaterials/Default
[LOG 15:04:38.875] Config(ROC_DEFINITION) SquadExpansion/Serenity/Resources/rocsdef/ROC_DEFINITION
[LOG 15:04:38.875] Config(ROC_DEFINITION) SquadExpansion/Serenity/Resources/rocsdef/ROC_DEFINITION
[LOG 15:04:38.875] Config(ROC_DEFINITION) SquadExpansion/Serenity/Resources/rocsdef/ROC_DEFINITION
[LOG 15:04:38.875] Config(ROC_DEFINITION) SquadExpansion/Serenity/Resources/rocsdef/ROC_DEFINITION
[LOG 15:04:38.875] Config(ROC_DEFINITION) SquadExpansion/Serenity/Resources/rocsdef/ROC_DEFINITION
[LOG 15:04:38.875] Config(ROC_DEFINITION) SquadExpansion/Serenity/Resources/rocsdef/ROC_DEFINITION
[LOG 15:04:38.875] Config(ROC_DEFINITION) SquadExpansion/Serenity/Resources/rocsdef/ROC_DEFINITION
[LOG 15:04:38.875] Config(ROC_DEFINITION) SquadExpansion/Serenity/Resources/rocsdef/ROC_DEFINITION
[LOG 15:04:38.875] Config(ROC_DEFINITION) SquadExpansion/Serenity/Resources/rocsdef/ROC_DEFINITION
[LOG 15:04:38.875] Config(ROC_DEFINITION) SquadExpansion/Serenity/Resources/rocsdef/ROC_DEFINITION
[LOG 15:04:38.876] Config(ROC_DEFINITION) SquadExpansion/Serenity/Resources/rocsdef/ROC_DEFINITION
[LOG 15:04:38.876] Config(ROC_DEFINITION) SquadExpansion/Serenity/Resources/rocsdef/ROC_DEFINITION
[LOG 15:04:38.876] Config(ROC_DEFINITION) SquadExpansion/Serenity/Resources/rocsdef/ROC_DEFINITION
[LOG 15:04:38.876] Config(ROC_DEFINITION) SquadExpansion/Serenity/Resources/rocsdef/ROC_DEFINITION
[LOG 15:04:38.876] Config(ROC_DEFINITION) SquadExpansion/Serenity/Resources/rocsdef/ROC_DEFINITION
[LOG 15:04:38.876] Config(ROC_DEFINITION) SquadExpansion/Serenity/Resources/rocsdef/ROC_DEFINITION
[LOG 15:04:38.876] Config(ROC_DEFINITION) SquadExpansion/Serenity/Resources/rocsdef/ROC_DEFINITION
[LOG 15:04:38.876] Config(ROC_DEFINITION) SquadExpansion/Serenity/Resources/rocsdef/ROC_DEFINITION
[LOG 15:04:38.876] Config(ROC_DEFINITION) SquadExpansion/Serenity/Resources/rocsdef/ROC_DEFINITION
[LOG 15:04:38.876] Config(ROC_DEFINITION) SquadExpansion/Serenity/Resources/rocsdef/ROC_DEFINITION
[LOG 15:04:38.876] Config(ROC_DEFINITION) SquadExpansion/Serenity/Resources/rocsdef/ROC_DEFINITION
[LOG 15:04:38.876] Config(ROC_DEFINITION) SquadExpansion/Serenity/Resources/rocsdef/ROC_DEFINITION
[LOG 15:04:38.876] Config(ROC_DEFINITION) SquadExpansion/Serenity/Resources/rocsdef/ROC_DEFINITION
[LOG 15:04:38.876] Config(ROC_DEFINITION) SquadExpansion/Serenity/Resources/rocsdef/ROC_DEFINITION
[LOG 15:04:38.876] Config(ROC_DEFINITION) SquadExpansion/Serenity/Resources/rocsdef/ROC_DEFINITION
[LOG 15:04:38.876] Config(ROC_DEFINITION) SquadExpansion/Serenity/Resources/rocsdef/ROC_DEFINITION
[LOG 15:04:38.876] Config(ROC_DEFINITION) SquadExpansion/Serenity/Resources/rocsdef/ROC_DEFINITION
[LOG 15:04:38.876] Config(ROC_DEFINITION) SquadExpansion/Serenity/Resources/rocsdef/ROC_DEFINITION
[LOG 15:04:38.876] Config(ROC_DEFINITION) SquadExpansion/Serenity/Resources/rocsdef/ROC_DEFINITION
[LOG 15:04:38.876] Config(ROC_DEFINITION) SquadExpansion/Serenity/Resources/rocsdef/ROC_DEFINITION
[LOG 15:04:38.876] Config(ROC_DEFINITION) SquadExpansion/Serenity/Resources/rocsdef/ROC_DEFINITION
[LOG 15:04:38.876] Config(ROC_DEFINITION) SquadExpansion/Serenity/Resources/rocsdef/ROC_DEFINITION
[LOG 15:04:38.876] Config(ROC_DEFINITION) SquadExpansion/Serenity/Resources/rocsdef/ROC_DEFINITION
[LOG 15:04:38.876] Config(ROC_DEFINITION) SquadExpansion/Serenity/Resources/rocsdef/ROC_DEFINITION
[LOG 15:04:38.876] Config(EXPERIMENT_DEFINITION) SquadExpansion/Serenity/Resources/ScienceDefs/EXPERIMENT_DEFINITION
[LOG 15:04:38.876] Config(EXPERIMENT_DEFINITION) SquadExpansion/Serenity/Resources/ScienceDefs/EXPERIMENT_DEFINITION
[LOG 15:04:38.876] Config(EXPERIMENT_DEFINITION) SquadExpansion/Serenity/Resources/ScienceDefs/EXPERIMENT_DEFINITION
[LOG 15:04:38.876] Config(EXPERIMENT_DEFINITION) SquadExpansion/Serenity/Resources/ScienceDefs/EXPERIMENT_DEFINITION
[LOG 15:04:38.876] Config(EXPERIMENT_DEFINITION) SquadExpansion/Serenity/Resources/ScienceDefs/EXPERIMENT_DEFINITION
[LOG 15:04:38.876] Config(EXPERIMENT_DEFINITION) SquadExpansion/Serenity/Resources/ScienceDefs/EXPERIMENT_DEFINITION
[LOG 15:04:38.877] Config(EXPERIMENT_DEFINITION) SquadExpansion/Serenity/Resources/ScienceDefs/EXPERIMENT_DEFINITION
[LOG 15:04:38.877] Config(EXPERIMENT_DEFINITION) SquadExpansion/Serenity/Resources/ScienceDefs/EXPERIMENT_DEFINITION
[LOG 15:04:38.877] Config(EXPERIMENT_DEFINITION) SquadExpansion/Serenity/Resources/ScienceDefs/EXPERIMENT_DEFINITION
[LOG 15:04:38.877] Config(EXPERIMENT_DEFINITION) SquadExpansion/Serenity/Resources/ScienceDefs/EXPERIMENT_DEFINITION
[LOG 15:04:38.877] Config(EXPERIMENT_DEFINITION) SquadExpansion/Serenity/Resources/ScienceDefs/EXPERIMENT_DEFINITION
[LOG 15:04:38.877] Config(EXPERIMENT_DEFINITION) SquadExpansion/Serenity/Resources/ScienceDefs/EXPERIMENT_DEFINITION
[LOG 15:04:38.877] Config(EXPERIMENT_DEFINITION) SquadExpansion/Serenity/Resources/ScienceDefs/EXPERIMENT_DEFINITION
[LOG 15:04:38.877] Config(EXPERIMENT_DEFINITION) SquadExpansion/Serenity/Resources/ScienceDefs/EXPERIMENT_DEFINITION
[LOG 15:04:38.877] Config(EXPERIMENT_DEFINITION) SquadExpansion/Serenity/Resources/ScienceDefs/EXPERIMENT_DEFINITION
[LOG 15:04:38.877] Config(EXPERIMENT_DEFINITION) SquadExpansion/Serenity/Resources/ScienceDefs/EXPERIMENT_DEFINITION
[LOG 15:04:38.877] Config(EXPERIMENT_DEFINITION) SquadExpansion/Serenity/Resources/ScienceDefs/EXPERIMENT_DEFINITION
[LOG 15:04:38.877] Config(EXPERIMENT_DEFINITION) SquadExpansion/Serenity/Resources/ScienceDefs/EXPERIMENT_DEFINITION
[LOG 15:04:38.877] Config(EXPERIMENT_DEFINITION) SquadExpansion/Serenity/Resources/ScienceDefs/EXPERIMENT_DEFINITION
[LOG 15:04:38.877] Config(EXPERIMENT_DEFINITION) SquadExpansion/Serenity/Resources/ScienceDefs/EXPERIMENT_DEFINITION
[LOG 15:04:38.877] Config(EXPERIMENT_DEFINITION) SquadExpansion/Serenity/Resources/ScienceDefs/EXPERIMENT_DEFINITION
[LOG 15:04:38.877] Config(EXPERIMENT_DEFINITION) SquadExpansion/Serenity/Resources/ScienceDefs/EXPERIMENT_DEFINITION
[LOG 15:04:38.877] Config(EXPERIMENT_DEFINITION) SquadExpansion/Serenity/Resources/ScienceDefs/EXPERIMENT_DEFINITION
[LOG 15:04:38.877] Config(EXPERIMENT_DEFINITION) SquadExpansion/Serenity/Resources/ScienceDefs/EXPERIMENT_DEFINITION
[LOG 15:04:38.877] Config(EXPERIMENT_DEFINITION) SquadExpansion/Serenity/Resources/ScienceDefs/EXPERIMENT_DEFINITION
[LOG 15:04:38.877] Config(EXPERIMENT_DEFINITION) SquadExpansion/Serenity/Resources/ScienceDefs/EXPERIMENT_DEFINITION
[LOG 15:04:38.877] Config(EXPERIMENT_DEFINITION) SquadExpansion/Serenity/Resources/ScienceDefs/EXPERIMENT_DEFINITION
[LOG 15:04:38.877] Config(EXPERIMENT_DEFINITION) SquadExpansion/Serenity/Resources/ScienceDefs/EXPERIMENT_DEFINITION
[LOG 15:04:38.877] Config(EXPERIMENT_DEFINITION) SquadExpansion/Serenity/Resources/ScienceDefs/EXPERIMENT_DEFINITION
[LOG 15:04:38.877] Config(EXPERIMENT_DEFINITION) SquadExpansion/Serenity/Resources/ScienceDefs/EXPERIMENT_DEFINITION
[LOG 15:04:38.877] Config(EXPERIMENT_DEFINITION) SquadExpansion/Serenity/Resources/ScienceDefs/EXPERIMENT_DEFINITION
[LOG 15:04:38.878] Config(EXPERIMENT_DEFINITION) SquadExpansion/Serenity/Resources/ScienceDefs/EXPERIMENT_DEFINITION
[LOG 15:04:38.878] Config(EXPERIMENT_DEFINITION) SquadExpansion/Serenity/Resources/ScienceDefs/EXPERIMENT_DEFINITION
[LOG 15:04:38.878] Config(EXPERIMENT_DEFINITION) SquadExpansion/Serenity/Resources/ScienceDefs/EXPERIMENT_DEFINITION
[LOG 15:04:38.878] Config(EXPERIMENT_DEFINITION) SquadExpansion/Serenity/Resources/ScienceDefs/EXPERIMENT_DEFINITION
[LOG 15:04:38.878] Config(EXPERIMENT_DEFINITION) SquadExpansion/Serenity/Resources/ScienceDefs/EXPERIMENT_DEFINITION
[LOG 15:04:38.878] Config(EXPERIMENT_DEFINITION) SquadExpansion/Serenity/Resources/ScienceDefs/EXPERIMENT_DEFINITION
[LOG 15:04:38.878] Config(EXPERIMENT_DEFINITION) SquadExpansion/Serenity/Resources/ScienceDefs/EXPERIMENT_DEFINITION
[LOG 15:04:38.878] Config(STORY_DEF) SquadExpansion/Serenity/Resources/StoryDefs/STORY_DEF
[LOG 15:04:38.878] Compiling Configs Completed.
[LOG 15:04:38.881] Resource LiquidFuel added to database
[LOG 15:04:38.881] Resource Oxidizer added to database
[LOG 15:04:38.881] Resource SolidFuel added to database
[LOG 15:04:38.881] Resource MonoPropellant added to database
[LOG 15:04:38.881] Resource XenonGas added to database
[LOG 15:04:38.881] Resource ElectricCharge added to database
[LOG 15:04:38.881] Resource IntakeAir added to database
[LOG 15:04:38.881] Resource EVA Propellant added to database
[LOG 15:04:38.882] Resource Ore added to database
[LOG 15:04:38.882] Resource Ablator added to database
[LOG 15:04:38.883] Resource MediumGrip added to database
[LOG 15:04:38.883] Resource HighGrip added to database
[LOG 15:04:38.883] Resource ExtremeGrip added to database
[LOG 15:04:38.883] Resource LowGrip added to database
[LOG 15:04:38.883] Resource Default added to database
[LOG 15:04:38.883] CodeAssetLoader: Compiling all code assets
[LOG 15:04:38.888] ExperienceSystemConfig: Added Effect 'DeployedSciencePowerSkill' to Trait 'Ingénieur'
[LOG 15:04:38.888] ExperienceSystemConfig: Added Effect 'DeployedScienceExpSkill' to Trait 'Scientifique'
[LOG 15:04:38.892] ConfigNode[]
[LOG 15:04:38.893] GameDatabase: Assets loaded in 7.067s
[LOG 15:04:38.894] [ModuleManager] Waited 0.000s for patching to finish
[LOG 15:04:38.894] [ModuleManager] Applying patched game database
[LOG 15:04:38.896] [ModuleManager] Dumping ModuleManager log to main log
[LOG 15:04:38.897] [ModuleManager] 
#### BEGIN MODULEMANAGER LOG ####


[LOG 15:04:32.984] Log started at 2026-09-21 15:04:32.984
[LOG 15:04:35.042] Checking Cache
[LOG 15:04:35.385] SHA generated in 0.340s
[LOG 15:04:35.385]       SHA = 75-F2-C3-3A-2F-B0-96-A0-93-0A-B9-3A-F3-A6-88-2E-D0-0F-FA-1F-29-F6-EF-63-52-A4-32-FE-DB-11-12-D0
[LOG 15:04:35.408] Cache SHA = 1F-41-7E-51-6D-FB-84-62-D4-7D-14-6D-FC-FA-28-B2-94-27-81-8B-91-5E-B8-D0-67-E8-8A-1A-F1-87-BE-51
[LOG 15:04:35.408] useCache = False
[LOG 15:04:35.409] Pre patch init
[LOG 15:04:35.633] compiling list of loaded mods...
Mod DLLs found:
  Name                                    Assembly Version         Assembly File Version    KSPAssembly Version      SHA256

  Assembly-CSharp                         0.0.0.0                  0.0.0.0                  1.12                     d9e42483f25ee80a9c11d6c1c0a0d29b4ec78c1e08d76c971b71580c9cce51e4
  ModuleManager                           4.2.3.0                  4.2.3.0                  2.5                      95847827ab293b9e82a19b7efb97ffea3e98cc03b181862536ac8eb572e30d7d
  0Harmony                                2.2.1.0                  2.2.1.0                                           19ce60ac3280f72ec1751d36a40cb7e2fece2934df8345969dc7feb83bd633e4
  HarmonyInstallChecker                   2.2.1.0                  2.2.1.0                  1.0                      f11e659e91a52c21c5bda78e52b82a7bdc246bcab6a999733af3c69a11a9dc0e
  0_MultipleModuleInPartAPI               1.0.0.0                  1.0.0.0                  1.0                      df4a22fb0535de7fa154ca234b50dd7c2fc6be879e4a877d9bad1f87bafafcbf
  KSPCommunityFixes                       1.41.0.0                 1.41.1.0                 1.41                     e08ebbec7ab34f4f7ff56d6e900051bb0d259a4bc092881d7db3ca2f9f2e9a11
  PQSBenchMod                             0.1.0.0                  0.1.0.0                                           e15b315b4eff294d5afcde177526559165cbbd3f87ff79b44e96d2af400f137a
Non-DLL mods added (:FOR[xxx]):
Mods by directory (sub directories of GameData):
  000_Harmony
  Squad
  SquadExpansion
Mods added by assemblies:

[LOG 15:04:35.634] Loading Physics.cfg
[LOG 15:04:35.639] Extracting patches
[LOG 15:04:35.652] Deleting root node in file KSPCommunityFixes/MMPatches/ModSupport/FixDockingNodes node: @PART[*]:HAS[@MODULE[ModuleDockingNodeFixed]]:NEEDS[FixDockingNodes]:FINAL as it can't satisfy its NEEDS
[LOG 15:04:35.655] Deleting root node in file KSPCommunityFixes/MMPatches/ModSupport/KSPRecall node: @KSP_COMMUNITY_FIXES:NEEDS[AttachedOnEditor] as it can't satisfy its NEEDS
[LOG 15:04:35.655] Deleting root node in file KSPCommunityFixes/MMPatches/ModSupport/UniversalStorage node: @KSP_COMMUNITY_FIXES:NEEDS[UniversalStorage2] as it can't satisfy its NEEDS
[LOG 15:04:35.793] Applying patches
[LOG 15:04:35.796] :INSERT (initial) pass
[LOG 15:04:35.900] :FIRST pass
[LOG 15:04:35.904] Applying update KSPCommunityFixes/MMPatches/StockTweaks/LadderToggleableLight/@PART[telescopicLadderBay]:FIRST to Squad/Parts/Utility/ladderTelescopicBay/ladderTelescopicBay.cfg/PART[telescopicLadderBay]
[LOG 15:04:35.919] Applying update KSPCommunityFixes/MMPatches/StockTweaks/LadderToggleableLight/@PART[telescopicLadderBay]:HAS[#LadderToggleableLight[?rue]]:FIRST to Squad/Parts/Utility/ladderTelescopicBay/ladderTelescopicBay.cfg/PART[telescopicLadderBay]
[LOG 15:04:35.921] Applying update KSPCommunityFixes/MMPatches/StockTweaks/LadderToggleableLight/@PART[telescopicLadderBay]:HAS[#LadderToggleableLight]:FIRST to Squad/Parts/Utility/ladderTelescopicBay/ladderTelescopicBay.cfg/PART[telescopicLadderBay]
[LOG 15:04:35.922] Applying update KSPCommunityFixes/MMPatches/StockTweaks/LandingGearLights/@PART[GearSmall]:FIRST to Squad/Parts/Wheel/LandingGear/GearMedium.cfg/PART[GearSmall]
[LOG 15:04:35.926] Applying update KSPCommunityFixes/MMPatches/StockTweaks/LandingGearLights/@PART[SmallGearBay]:FIRST to Squad/Parts/Wheel/LandingGear/GearSmall.cfg/PART[SmallGearBay]
[LOG 15:04:35.927] :LEGACY (default) pass
[LOG 15:04:35.937] :BEFORE[0_MULTIPLEMODULEINPARTAPI] pass
[LOG 15:04:35.937] :FOR[0_MULTIPLEMODULEINPARTAPI] pass
[LOG 15:04:35.937] :AFTER[0_MULTIPLEMODULEINPARTAPI] pass
[LOG 15:04:35.937] :BEFORE[000_HARMONY] pass
[LOG 15:04:35.937] :FOR[000_HARMONY] pass
[LOG 15:04:35.937] :AFTER[000_HARMONY] pass
[LOG 15:04:35.937] :BEFORE[0HARMONY] pass
[LOG 15:04:35.937] :FOR[0HARMONY] pass
[LOG 15:04:35.937] :AFTER[0HARMONY] pass
[LOG 15:04:35.937] :BEFORE[ASSEMBLY-CSHARP] pass
[LOG 15:04:35.937] :FOR[ASSEMBLY-CSHARP] pass
[LOG 15:04:35.937] :AFTER[ASSEMBLY-CSHARP] pass
[LOG 15:04:35.937] :BEFORE[HARMONYINSTALLCHECKER] pass
[LOG 15:04:35.937] :FOR[HARMONYINSTALLCHECKER] pass
[LOG 15:04:35.937] :AFTER[HARMONYINSTALLCHECKER] pass
[LOG 15:04:35.937] :BEFORE[KSPCOMMUNITYFIXES] pass
[LOG 15:04:35.937] :FOR[KSPCOMMUNITYFIXES] pass
[LOG 15:04:35.937] Applying update KSPCommunityFixes/MMPatches/StockTweaks/ManufacturerFixes/@PART[sasModule]:FOR[KSPCommunityFixes] to Squad/Parts/Command/inlineReactionWheel/inlineReactionWheel.cfg/PART[sasModule]
[LOG 15:04:35.940] Applying update KSPCommunityFixes/MMPatches/StockTweaks/ManufacturerFixes/@PART[xenonTankRadial]:FOR[KSPCommunityFixes] to Squad/Parts/FuelTank/xenonTankRadial/xenonTankRadial.cfg/PART[xenonTankRadial]
[LOG 15:04:35.942] Applying update KSPCommunityFixes/MMPatches/StockTweaks/ManufacturerFixes/@PART[winglet|fireworksLauncherSmall|fireworksLauncherBig]:FOR[KSPCommunityFixes] to Squad/Parts/Aero/wingletAV-T1/wingletAV-T1.cfg/PART[winglet]
[LOG 15:04:35.944] Applying update KSPCommunityFixes/MMPatches/StockTweaks/ManufacturerFixes/@PART[winglet|fireworksLauncherSmall|fireworksLauncherBig]:FOR[KSPCommunityFixes] to Squad/Parts/Utility/Fireworks/fireworksLauncherBig.cfg/PART[fireworksLauncherBig]
[LOG 15:04:35.944] Applying update KSPCommunityFixes/MMPatches/StockTweaks/ManufacturerFixes/@PART[winglet|fireworksLauncherSmall|fireworksLauncherBig]:FOR[KSPCommunityFixes] to Squad/Parts/Utility/Fireworks/fireworksLauncherSmall.cfg/PART[fireworksLauncherSmall]
[LOG 15:04:35.947] Applying update KSPCommunityFixes/MMPatches/StockTweaks/ManufacturerFixes/@PART[solidBooster_sm_v2|solidBooster_v2]:FOR[KSPCommunityFixes] to Squad/Parts/Engine/Size1_SRBs/solidBoosterRT-10_v2.cfg/PART[solidBooster_v2]
[LOG 15:04:35.947] Applying update KSPCommunityFixes/MMPatches/StockTweaks/ManufacturerFixes/@PART[solidBooster_sm_v2|solidBooster_v2]:FOR[KSPCommunityFixes] to Squad/Parts/Engine/Size1_SRBs/solidBoosterRT-5_v2.cfg/PART[solidBooster_sm_v2]
[LOG 15:04:35.952] Applying update KSPCommunityFixes/MMPatches/StockTweaks/ManufacturerFixes/@PART[ServiceBay_125_v2|ServiceBay_250_v2]:FOR[KSPCommunityFixes] to Squad/Parts/Utility/ServiceBay_v2/ServiceBay_125_v2.cfg/PART[ServiceBay_125_v2]
[LOG 15:04:35.952] Applying update KSPCommunityFixes/MMPatches/StockTweaks/ManufacturerFixes/@PART[ServiceBay_125_v2|ServiceBay_250_v2]:FOR[KSPCommunityFixes] to Squad/Parts/Utility/ServiceBay_v2/ServiceBay_250_v2.cfg/PART[ServiceBay_250_v2]
[LOG 15:04:35.953] Applying update KSPCommunityFixes/MMPatches/StockTweaks/ManufacturerFixes/@PART[externalTankCapsule]:FOR[KSPCommunityFixes] to Squad/Parts/FuelTank/FoilTanks/RadialTank_Capsule.cfg/PART[externalTankCapsule]
[LOG 15:04:35.955] Applying update KSPCommunityFixes/MMPatches/StockTweaks/ManufacturerFixes/@PART[RCSFuelTank|rcsTankMini|RCSTank1-2]:FOR[KSPCommunityFixes] to Squad/Parts/FuelTank/RCSFuelTankR1/RCSFuelTankR1.cfg/PART[RCSTank1-2]
[LOG 15:04:35.955] Applying update KSPCommunityFixes/MMPatches/StockTweaks/ManufacturerFixes/@PART[RCSFuelTank|rcsTankMini|RCSTank1-2]:FOR[KSPCommunityFixes] to Squad/Parts/FuelTank/RCSFuelTankR10/RCSFuelTankR10.cfg/PART[rcsTankMini]
[LOG 15:04:35.955] Applying update KSPCommunityFixes/MMPatches/StockTweaks/ManufacturerFixes/@PART[RCSFuelTank|rcsTankMini|RCSTank1-2]:FOR[KSPCommunityFixes] to Squad/Parts/FuelTank/RCSFuelTankR25/RCSFuelTankR25.cfg/PART[RCSFuelTank]
[LOG 15:04:35.965] Applying update KSPCommunityFixes/MMPatches/StockTweaks/ManufacturerFixes/@PART[landerCabinSmall]:FOR[KSPCommunityFixes] to Squad/Parts/Command/mk1LanderCan/mk1LanderCan.cfg/PART[landerCabinSmall]
[LOG 15:04:35.969] Applying update KSPCommunityFixes/MMPatches/StockTweaks/ManufacturerFixes/@PART[dockingPortLateral]:FOR[KSPCommunityFixes] to Squad/Parts/Utility/dockingPortInline/dockingPortInline.cfg/PART[dockingPortLateral]
[LOG 15:04:35.974] Applying update KSPCommunityFixes/MMPatches/StockTweaks/ManufacturerFixes/@PART[EnginePlate4]:FOR[KSPCommunityFixes]:NEEDS[SquadExpansion/MakingHistory] to SquadExpansion/MakingHistory/Parts/Coupling/EnginePlate_4.cfg/PART[EnginePlate4]
[LOG 15:04:35.976] Applying update KSPCommunityFixes/MMPatches/StockTweaks/ManufacturerFixes/@PART[Mk2Pod]:FOR[KSPCommunityFixes]:NEEDS[SquadExpansion/MakingHistory] to SquadExpansion/MakingHistory/Parts/Pods/Mk2Pod.cfg/PART[Mk2Pod]
[LOG 15:04:35.978] Applying update KSPCommunityFixes/MMPatches/StockTweaks/ManufacturerFixes/@PART[evaChute|parachuteSingle|parachuteRadial|radialDrogue|parachuteLarge|parachuteDrogue]:FOR[KSPCommunityFixes] to Squad/Parts/Cargo/Parachute/Parachute.cfg/PART[evaChute]
[LOG 15:04:35.983] Applying update KSPCommunityFixes/MMPatches/StockTweaks/ManufacturerFixes/@PART[evaChute|parachuteSingle|parachuteRadial|radialDrogue|parachuteLarge|parachuteDrogue]:FOR[KSPCommunityFixes] to Squad/Parts/Utility/parachuteMk1/parachuteMk1.cfg/PART[parachuteSingle]
[LOG 15:04:35.984] Applying update KSPCommunityFixes/MMPatches/StockTweaks/ManufacturerFixes/@PART[evaChute|parachuteSingle|parachuteRadial|radialDrogue|parachuteLarge|parachuteDrogue]:FOR[KSPCommunityFixes] to Squad/Parts/Utility/parachuteMk12-R/parachuteMk12-R.cfg/PART[radialDrogue]
[LOG 15:04:35.984] Applying update KSPCommunityFixes/MMPatches/StockTweaks/ManufacturerFixes/@PART[evaChute|parachuteSingle|parachuteRadial|radialDrogue|parachuteLarge|parachuteDrogue]:FOR[KSPCommunityFixes] to Squad/Parts/Utility/parachuteMk16-XL/parachuteMk16-XL.cfg/PART[parachuteLarge]
[LOG 15:04:35.984] Applying update KSPCommunityFixes/MMPatches/StockTweaks/ManufacturerFixes/@PART[evaChute|parachuteSingle|parachuteRadial|radialDrogue|parachuteLarge|parachuteDrogue]:FOR[KSPCommunityFixes] to Squad/Parts/Utility/parachuteMk2-R/parachuteMk2-R.cfg/PART[parachuteRadial]
[LOG 15:04:35.985] Applying update KSPCommunityFixes/MMPatches/StockTweaks/ManufacturerFixes/@PART[evaChute|parachuteSingle|parachuteRadial|radialDrogue|parachuteLarge|parachuteDrogue]:FOR[KSPCommunityFixes] to Squad/Parts/Utility/parachuteMk25/parachuteMk25.cfg/PART[parachuteDrogue]
[LOG 15:04:35.993] Applying update KSPCommunityFixes/MMPatches/StockTweaks/ManufacturerFixes/@PART[stackPoint1|dockingPort1|dockingPort2|dockingPort3|dockingPortLarge]:FOR[KSPCommunityFixes] to Squad/Parts/Utility/dockingPort/dockingPort.cfg/PART[dockingPort2]
[LOG 15:04:35.993] Applying update KSPCommunityFixes/MMPatches/StockTweaks/ManufacturerFixes/@PART[stackPoint1|dockingPort1|dockingPort2|dockingPort3|dockingPortLarge]:FOR[KSPCommunityFixes] to Squad/Parts/Utility/dockingPortJr/dockingPortJr.cfg/PART[dockingPort3]
[LOG 15:04:35.993] Applying update KSPCommunityFixes/MMPatches/StockTweaks/ManufacturerFixes/@PART[stackPoint1|dockingPort1|dockingPort2|dockingPort3|dockingPortLarge]:FOR[KSPCommunityFixes] to Squad/Parts/Utility/dockingPortShielded/dockingPortShielded.cfg/PART[dockingPort1]
[LOG 15:04:35.994] Applying update KSPCommunityFixes/MMPatches/StockTweaks/ManufacturerFixes/@PART[stackPoint1|dockingPort1|dockingPort2|dockingPort3|dockingPortLarge]:FOR[KSPCommunityFixes] to Squad/Parts/Utility/dockingPortSr/dockingPortSr.cfg/PART[dockingPortLarge]
[LOG 15:04:35.994] Applying update KSPCommunityFixes/MMPatches/StockTweaks/ManufacturerFixes/@PART[stackPoint1|dockingPort1|dockingPort2|dockingPort3|dockingPortLarge]:FOR[KSPCommunityFixes] to Squad/Parts/Utility/radialAttachmentPoint/radialAttachmentPoint.cfg/PART[stackPoint1]
[LOG 15:04:35.996] :AFTER[KSPCOMMUNITYFIXES] pass
[LOG 15:04:35.996] :BEFORE[MODULEMANAGER] pass
[LOG 15:04:35.996] :FOR[MODULEMANAGER] pass
[LOG 15:04:35.996] :AFTER[MODULEMANAGER] pass
[LOG 15:04:35.996] :BEFORE[PQSBENCHMOD] pass
[LOG 15:04:35.996] :FOR[PQSBENCHMOD] pass
[LOG 15:04:35.996] :AFTER[PQSBENCHMOD] pass
[LOG 15:04:35.996] :BEFORE[SQUAD] pass
[LOG 15:04:35.996] :FOR[SQUAD] pass
[LOG 15:04:35.996] :AFTER[SQUAD] pass
[LOG 15:04:35.996] :BEFORE[SQUADEXPANSION] pass
[LOG 15:04:35.996] :FOR[SQUADEXPANSION] pass
[LOG 15:04:35.996] :AFTER[SQUADEXPANSION] pass
[LOG 15:04:35.997] :LAST[999_KSP-RECALL] pass
[LOG 15:04:36.029] :FINAL pass
[LOG 15:04:36.029] Done patching
[LOG 15:04:36.029] Saving Cache
[LOG 15:04:36.109] Saving cache
[LOG 15:04:36.814] ModuleManager: 33 patches applied

[LOG 15:04:36.814] Ran in 1.771s
[LOG 15:04:36.884] Done!



#### END MODULEMANAGER LOG ####
[LOG 15:04:38.898] [ModuleManager] Running tests...
[LOG 15:04:38.899] [ModuleManager] tests complete.
[LOG 15:04:38.900] [ModuleManager] Reloading resources definitions
[LOG 15:04:38.900] Resource LiquidFuel added to database
[LOG 15:04:38.900] Resource Oxidizer added to database
[LOG 15:04:38.900] Resource SolidFuel added to database
[LOG 15:04:38.900] Resource MonoPropellant added to database
[LOG 15:04:38.900] Resource XenonGas added to database
[LOG 15:04:38.901] Resource ElectricCharge added to database
[LOG 15:04:38.901] Resource IntakeAir added to database
[LOG 15:04:38.901] Resource EVA Propellant added to database
[LOG 15:04:38.901] Resource Ore added to database
[LOG 15:04:38.901] Resource Ablator added to database
[LOG 15:04:38.901] [ModuleManager] Reloading Trait configs
[LOG 15:04:38.901] ExperienceSystemConfig: Added Effect 'DeployedSciencePowerSkill' to Trait 'Ingénieur'
[LOG 15:04:38.901] ExperienceSystemConfig: Added Effect 'DeployedScienceExpSkill' to Trait 'Scientifique'
[LOG 15:04:38.901] [ModuleManager] Reloading Part Upgrades
[LOG 15:04:38.902] [ModuleManager] Setting modded physics as the active one
[LOG 15:04:38.906] PhysicsGlobals: Loading database
[LOG 15:04:38.907] [ModuleManager] Running post patch callbacks
[LOG 15:04:38.926] [KSPCommunityFixes] Patch AutoStrutDrift applied.
[LOG 15:04:38.931] [KSPCommunityFixes] Patch EditorAnimatedPartsShipModified applied.
[LOG 15:04:38.937] [KSPCommunityFixes] Patch DragCubeLoadException applied.
[LOG 15:04:38.942] [KSPCommunityFixes] Patch DoubleCurvePreserveTangents applied.
[LOG 15:04:38.989] [KSPCommunityFixes] Patch DockingPortRotationDriftAndFixes applied.
[LOG 15:04:39.036] [KSPCommunityFixes] Patch DockingPortConserveMomentum applied.
[LOG 15:04:39.041] [KSPCommunityFixes] Patch DebugConsoleDontStealInput applied.
[LOG 15:04:39.047] [KSPCommunityFixes] Patch CorrectDragForFlags applied.
[LOG 15:04:39.048] [KSPCommunityFixes] Patch CometMiningNotRemovingMass applied.
[LOG 15:04:39.054] [KSPCommunityFixes] Patch ChutePhantomSymmetry applied.
[LOG 15:04:39.056] [KSPCommunityFixes] Patch CometSpawnerUniqueFlightId applied.
[LOG 15:04:39.058] [KSPCommunityFixes] Patch AsteroidSpawnerUniqueFlightId applied.
[LOG 15:04:39.059] [KSPCommunityFixes] Patch AsteroidInfiniteMining applied.
[LOG 15:04:39.086] [KSPCommunityFixes] Patch PersistentIConfigNode applied.
[LOG 15:04:39.086] [KSPCommunityFixes] Patch OnSymmetryFieldChanged not applied (not enabled in Settings.cfg)
[LOG 15:04:39.086] [KSPCommunityFixes] Patch ModUpgradePipeline not applied (not enabled in Settings.cfg)
[LOG 15:04:39.087] [KSPCommunityFixes] Patch KSPFieldEnumDesc not applied (not enabled in Settings.cfg)
[LOG 15:04:39.088] [KSPCommunityFixes] Patch EventProfilerMarkers not applied (not enabled in Settings.cfg)
[LOG 15:04:39.088] [KSPCommunityFixes] Patch DockingPortLockedEvents not applied (not enabled in Settings.cfg)
[LOG 15:04:39.090] [KSPCommunityFixes] Patch DepartmentHeadImage applied.
[LOG 15:04:39.102] [KSPCommunityFixes] Patch BaseFieldListUseFieldHost applied.
[LOG 15:04:39.131] [KSPCommunityFixes] Patch ResourceConverterPerf applied.
[LOG 15:04:39.140] [KSPCommunityFixes] Patch ProgressTrackingSpeedBoost applied.
[LOG 15:04:39.143] [KSPCommunityFixes] Patch PQSUpdateNoMemoryAlloc applied.
[LOG 15:04:39.143] [KSPCommunityFixes] Patch PQSOnlyStartOnce not applied (not enabled in Settings.cfg)
[LOG 15:04:39.154] [KSPCommunityFixes] Patch PQSCoroutineLeak applied.
[LOG 15:04:39.193] [KSPCommunityFixes] Patch PartSystemsFastUpdate applied.
[LOG 15:04:39.220] [KSPCommunityFixes] Patch PartParsingPerf applied.
[LOG 15:04:39.226] [KSPCommunityFixes] Patch EnginePlateAirstreamShieldedTopPart applied.
[LOG 15:04:39.238] [KSPCommunityFixes] Patch EVAConstructionMass applied.
[LOG 15:04:39.249] [KSPCommunityFixes] Patch EVAConstructionUninitializedInventory applied.
[LOG 15:04:39.257] [KSPCommunityFixes] Patch EVAKerbalRecovery applied.
[LOG 15:04:39.269] [KSPCommunityFixes] Patch TimeWarpOrbitShift applied.
[LOG 15:04:39.271] [KSPCommunityFixes] Patch TimeWarpBodyCollision applied.
[LOG 15:04:39.289] [KSPCommunityFixes] Patch ThumbnailSpotlight applied.
[LOG 15:04:39.294] [KSPCommunityFixes] Patch SymmetryReferenceOnDelete applied.
[LOG 15:04:39.295] [KSPCommunityFixes] Patch StrategyDuration not applied (not enabled in Settings.cfg)
[LOG 15:04:39.297] [KSPCommunityFixes] Patch StockAlarmDescPreserveLineBreak applied.
[LOG 15:04:39.325] [KSPCommunityFixes] Patch StickySplashedFixer applied.
[LOG 15:04:39.333] [KSPCommunityFixes] Patch ScatterDistribution applied.
[LOG 15:04:39.363] [KSPCommunityFixes] Patch RoboticsDrift applied.
[LOG 15:04:39.365] [KSPCommunityFixes] Patch RestoreMaxPhysicsDT applied.
[LOG 15:04:39.384] [KSPCommunityFixes] Patch RespawnDeadKerbals applied.
[LOG 15:04:39.388] [KSPCommunityFixes] Patch RescaledRoboticParts applied.
[LOG 15:04:39.392] [KSPCommunityFixes] Patch ReRootPreserveSurfaceAttach applied.
[LOG 15:04:39.412] [KSPCommunityFixes] Patch OptimizedModuleRaycasts applied.
[LOG 15:04:39.420] GetSubclassesOfParentClass: Found 1 types with ModuleInventoryPart parent in 7 assemblies.
[LOG 15:04:39.426] [KSPCommunityFixes] Patch RefundingOnRecovery applied.
[LOG 15:04:39.426] [KSPCommunityFixes] Patch PatchedConicEncounterFlickering applied.
[LOG 15:04:39.438] [KSPCommunityFixes] Patch PartListTooltipIconSpin applied.
[LOG 15:04:39.443] [KSPCommunityFixes] Patch PackedPartsRotation applied.
[LOG 15:04:39.456] [KSPCommunityFixes] Patch ModulePartVariantsNodePersistence applied.
[LOG 15:04:39.459] [KSPCommunityFixes] Patch ModuleAnimateGenericCrewModSpawnIVA applied.
[LOG 15:04:39.461] [KSPCommunityFixes] Patch ModuleActiveRadiatorNoParentException applied.
[LOG 15:04:39.464] [KSPCommunityFixes] Patch MapTargetBodyWithEncounter applied.
[LOG 15:04:39.467] [KSPCommunityFixes] Patch LostSoundAfterSceneSwitch applied.
[LOG 15:04:39.476] [KSPCommunityFixes] Patch LadderToggleableLight applied.
[LOG 15:04:39.491] [KSPCommunityFixes] Patch InventoryPartMass applied.
[LOG 15:04:39.498] [KSPCommunityFixes] Patch HarvesterECConsumption applied.
[LOG 15:04:39.499] [KSPCommunityFixes] Patch FixGetUnivseralTime applied.
[LOG 15:04:39.513] [KSPCommunityFixes] Patch ExtendedDeployableParts applied.
[LOG 15:04:39.515] [KSPCommunityFixes] Patch PropellantFlowDescription applied.
[LOG 15:04:39.552] [KSPCommunityFixes] Patch OptimisedVectorLines applied.
[LOG 15:04:39.560] [KSPCommunityFixes] Patch ModuleDockingNodeFindOtherNodesFaster applied.
[LOG 15:04:39.565] [KSPCommunityFixes] Patch ModuleColorChangerOptimization applied.
[LOG 15:04:39.572] [KSPCommunityFixes] Patch AutoSavedCraftNameAtLaunch applied.
[LOG 15:04:39.596] [KSPCommunityFixes] Patch PAWCollapsedInventories applied.
[LOG 15:04:39.600] [KSPCommunityFixes] Patch UIFloatEditNumericInput applied.
[LOG 15:04:39.628] [KSPCommunityFixes] Patch PAWStockGroups applied.
[LOG 15:04:39.639] [KSPCommunityFixes] Patch AltimeterHorizontalPosition applied.
[LOG 15:04:39.648] [KSPCommunityFixes] Patch SceneLoadSpeedBoost applied.
[LOG 15:04:39.691] [KSPCommunityFixes] Patch OnDemandPartBuoyancy applied.
[LOG 15:04:39.692] [KSPCommunityFixes] Patch ForceSyncSceneSwitch applied.
[LOG 15:04:39.692] [KSPCommunityFixes] Patch FewerSaves not applied (not enabled in Settings.cfg)
[LOG 15:04:39.693] [KSPCommunityFixes] Patch WheelInertiaLimit applied.
[LOG 15:04:39.694] [KSPCommunityFixes] Patch StockAlarmCustomFormatterDate isn't applicable to this KSP version.
[LOG 15:04:39.701] [KSPCommunityFixes] Patch ROCValidationOOR applied.
[LOG 15:04:39.705] [KSPCommunityFixes] Patch ZeroCostTechNodes applied.
[LOG 15:04:39.707] [KSPCommunityFixes] Patch ReactionWheelsPotentialTorque applied.
[LOG 15:04:39.712] [KSPCommunityFixes] Patch PAWGroupMemory applied.
[LOG 15:04:39.757] [KSPCommunityFixes] Patch PartStartStability applied.
[LOG 15:04:39.764] [KSPCommunityFixes] Patch PartBoundsIgnoreDisabledTransforms applied.
[LOG 15:04:39.829] [KSPCommunityFixes] Patch ModuleIndexingMismatch applied.
[LOG 15:04:39.835] [KSPCommunityFixes] Patch MapSOCorrectWrapping applied.
[LOG 15:04:39.835] [KSPCommunityFixes] Patch KerbalTooltipMaxSustainedG applied.
[LOG 15:04:39.839] [KSPCommunityFixes] Patch KerbalInventoryPersistence applied.
[LOG 15:04:39.839] [KSPCommunityFixes] Patch FlightSceneLoadKraken not applied (not enabled in Settings.cfg)
[LOG 15:04:39.842] [KSPCommunityFixes] Patch FIUpdateRadiation applied.
[LOG 15:04:39.845] [KSPCommunityFixes] Patch FastAndFixedEnumExtensions applied.
[LOG 15:04:39.889] [KSPCommunityFixes] Patch DeltaVHideWhenDisabled applied.
[LOG 15:04:39.895] [KSPCommunityFixes] Patch BlockMapViewPartClick applied.
[LOG 15:04:39.899] [KSPCommunityFixes] Patch PAWItemsOrder applied.
[LOG 15:04:39.961] [KSPCommunityFixes] Patch BetterEditorUndoRedo applied.
[LOG 15:04:39.974] [KSPCommunityFixes] Patch AutostrutActions applied.
[LOG 15:04:39.974] [KSPCommunityFixes] Patch DisableNewGameIntro not applied (not enabled in Settings.cfg)
[LOG 15:04:40.010] [KSPCommunityFixes] Patch MinorPerfTweaks applied.
[LOG 15:04:40.113] [KSPCommunityFixes] Patch MemoryLeaks applied.
[LOG 15:04:40.121] [KSPCommunityFixes] Patch LowerMinPhysicsDTPerFrame applied.
[LOG 15:04:40.125] [KSPCommunityFixes] Patch LocalizerPerf applied.
[LOG 15:04:40.127] [KSPCommunityFixes] Patch IMGUIOptimization applied.
[LOG 15:04:40.146] [KSPCommunityFixes] Patch FloatingOriginPerf applied.
[LOG 15:04:40.210] [KSPCommunityFixes] Patch FlightIntegratorPerf applied.
[LOG 15:04:40.215] [KSPCommunityFixes] Patch FasterPartFindTransform applied.
[LOG 15:04:40.229] [KSPCommunityFixes] Patch FasterEditorPartList applied.
[LOG 15:04:40.231] [KSPCommunityFixes] Patch ExpansionBundlePreload applied.
[LOG 15:04:40.244] [KSPCommunityFixes] Patch DragCubeGeneration applied.
[LOG 15:04:40.248] [KSPCommunityFixes] Patch DisableMapUpdateInFlight applied.
[LOG 15:04:40.249] [KSPCommunityFixes] Patch DisableHiddenPortraits applied.
[LOG 15:04:40.251] [KSPCommunityFixes] Patch DisableManeuverTool applied.
[LOG 15:04:40.274] [KSPCommunityFixes] Patch CraftBrowserOptimisations applied.
[LOG 15:04:40.277] [KSPCommunityFixes] Patch CommNetThrottling applied.
[LOG 15:04:40.282] [KSPCommunityFixes] Patch FairingMouseOverPersistence applied.
[LOG 15:04:40.301] [KSPCommunityFixes] Patch OptionalMakingHistoryDLCFeatures applied.
[LOG 15:04:40.304] [KSPCommunityFixes] Patch ResourceLockActions applied.
[LOG 15:04:40.312] [KSPCommunityFixes] Patch ShowContractFinishDates applied.
[LOG 15:04:40.322] [KSPCommunityFixes] Patch TargetParentBody applied.
[LOG 15:04:40.347] [KSPCommunityFixes] Patch ToolbarShowHide applied.
[LOG 15:04:40.350] [KSPCommunityFixes] Patch ContractProgressEnumCache applied.
[LOG 15:04:40.374] [KSPCommunityFixes] Patch ActiveRadiatorPerf applied.
[LOG 15:04:40.380] [KSPCommunityFixes] Patch CargoBayPerf applied.
[LOG 15:04:40.390] [KSPCommunityFixes] Patch CollisionEnhancerFastUpdate applied.
[LOG 15:04:40.395] [KSPCommunityFixes] Patch CollisionManagerFastUpdate applied.
[LOG 15:04:40.400] [KSPCommunityFixes] Patch AsteroidAndCometDrillCache applied.
[LOG 15:04:40.414] [KSPCommunityFixes] Patch TweakableWheelsAutostrut applied.
[LOG 15:04:40.446] [KSPCommunityFixes] Patch PatchSettings applied.
[LOG 15:04:40.495] [KSPCommunityFixes] Patch UpgradeBugs applied.
[LOG 15:04:40.495] [KSPCommunityFixes] Patch PartTooltipUpgradesApplyToSubstituteParts not applied (not enabled in Settings.cfg)
[LOG 15:04:40.573] [ModuleManager] Calling ConfigNodePerf.ModuleManagerPostLoad()
[LOG 15:04:40.574] [ModuleManager] Post patch ran in 1.680s
[LOG 15:04:40.598] PartLoader: Creating part database
[LOG 15:04:40.599] PartLoader: Compiling Part 'Squad/Parts/Aero/aerodynamicNoseCone/aerodynamicNoseCone/noseCone'
[LOG 15:04:40.621] EffectList: Created 15 effect types
[LOG 15:04:40.726] PartLoader: Part 'Squad/Parts/Aero/aerodynamicNoseCone/aerodynamicNoseCone/noseCone' has no database record. Creating.
[LOG 15:04:40.726] [DragCubeSystem]: Drag cubes not found or cannot be read for part Part. Generating New drag cubes.
[LOG 15:04:40.727] [KSPCF/DragCubeGeneration] Creating drag cubes for part 'noseCone'
[LOG 15:04:40.770] PartLoader: Compiling Part 'Squad/Parts/Aero/airbrake/Airbrake/airbrake1'
[LOG 15:04:40.800] PartLoader: Part 'Squad/Parts/Aero/airbrake/Airbrake/airbrake1' has no database record. Creating.
[LOG 15:04:40.800] [DragCubeSystem]: Drag cubes not found or cannot be read for part Part. Generating New drag cubes.
[LOG 15:04:40.800] [KSPCF/DragCubeGeneration] Creating drag cubes for part 'airbrake1'
[LOG 15:04:40.847] PartLoader: Compiling Part 'Squad/Parts/Aero/airIntakeRadialXM-G50/airIntakeRadialXM-G50/airScoop'
[LOG 15:04:40.864] PartLoader: Part 'Squad/Parts/Aero/airIntakeRadialXM-G50/airIntakeRadialXM-G50/airScoop' has no database record. Creating.
[LOG 15:04:40.864] [DragCubeSystem]: Drag cubes not found or cannot be read for part Part. Generating New drag cubes.
[LOG 15:04:40.869] [KSPCF/DragCubeGeneration] Creating drag cubes for part 'airScoop'
[LOG 15:04:40.881] PartLoader: Compiling Part 'Squad/Parts/Aero/airlinerWings/ControlSurface/airlinerCtrlSrf'
[LOG 15:04:40.906] PartLoader: Part 'Squad/Parts/Aero/airlinerWings/ControlSurface/airlinerCtrlSrf' has no database record. Creating.
[LOG 15:04:40.906] [DragCubeSystem]: Drag cubes not found or cannot be read for part Part. Generating New drag cubes.
[LOG 15:04:40.907] [KSPCF/DragCubeGeneration] Creating drag cubes for part 'airlinerCtrlSrf'
[LOG 15:04:40.936] PartLoader: Compiling Part 'Squad/Parts/Aero/airlinerWings/MainWing/airlinerMainWing'
[LOG 15:04:40.946] PartLoader: Part 'Squad/Parts/Aero/airlinerWings/MainWing/airlinerMainWing' has no database record. Creating.
[LOG 15:04:40.946] [DragCubeSystem]: Drag cubes not found or cannot be read for part Part. Generating New drag cubes.
[LOG 15:04:40.946] [KSPCF/DragCubeGeneration] Creating drag cubes for part 'airlinerMainWing'
[LOG 15:04:40.951] PartLoader: Compiling Part 'Squad/Parts/Aero/airlinerWings/TailFin/airlinerTailFin'
[LOG 15:04:40.966] PartLoader: Part 'Squad/Parts/Aero/airlinerWings/TailFin/airlinerTailFin' has no database record. Creating.
[LOG 15:04:40.966] [DragCubeSystem]: Drag cubes not found or cannot be read for part Part. Generating New drag cubes.
[LOG 15:04:40.966] [KSPCF/DragCubeGeneration] Creating drag cubes for part 'airlinerTailFin'
[LOG 15:04:40.996] PartLoader: Compiling Part 'Squad/Parts/Aero/airplaneFins/advancedCanard/AdvancedCanard'
[LOG 15:04:41.002] PartLoader: Part 'Squad/Parts/Aero/airplaneFins/advancedCanard/AdvancedCanard' has no database record. Creating.
[LOG 15:04:41.002] [DragCubeSystem]: Drag cubes not found or cannot be read for part Part. Generating New drag cubes.
[LOG 15:04:41.002] [KSPCF/DragCubeGeneration] Creating drag cubes for part 'AdvancedCanard'
[LOG 15:04:41.039] PartLoader: Compiling Part 'Squad/Parts/Aero/airplaneFins/standardCanard/CanardController'
[LOG 15:04:41.045] PartLoader: Part 'Squad/Parts/Aero/airplaneFins/standardCanard/CanardController' has no database record. Creating.
[LOG 15:04:41.045] [DragCubeSystem]: Drag cubes not found or cannot be read for part Part. Generating New drag cubes.
[LOG 15:04:41.045] [KSPCF/DragCubeGeneration] Creating drag cubes for part 'CanardController'
[LOG 15:04:41.064] PartLoader: Compiling Part 'Squad/Parts/Aero/airplaneFins/sweptWing/sweptWing'
[LOG 15:04:41.068] PartLoader: Part 'Squad/Parts/Aero/airplaneFins/sweptWing/sweptWing' has no database record. Creating.
[LOG 15:04:41.068] [DragCubeSystem]: Drag cubes not found or cannot be read for part Part. Generating New drag cubes.
[LOG 15:04:41.069] [KSPCF/DragCubeGeneration] Creating drag cubes for part 'sweptWing'
[LOG 15:04:41.073] PartLoader: Compiling Part 'Squad/Parts/Aero/airplaneFins/tailfin/tailfin'
[LOG 15:04:41.077] PartLoader: Part 'Squad/Parts/Aero/airplaneFins/tailfin/tailfin' has no database record. Creating.
[LOG 15:04:41.077] [DragCubeSystem]: Drag cubes not found or cannot be read for part Part. Generating New drag cubes.
[LOG 15:04:41.077] [KSPCF/DragCubeGeneration] Creating drag cubes for part 'tailfin'
[LOG 15:04:41.095] PartLoader: Compiling Part 'Squad/Parts/Aero/basicFin/basicFin/basicFin'
[LOG 15:04:41.100] PartLoader: Part 'Squad/Parts/Aero/basicFin/basicFin/basicFin' has no database record. Creating.
[LOG 15:04:41.100] [DragCubeSystem]: Drag cubes not found or cannot be read for part Part. Generating New drag cubes.
[LOG 15:04:41.100] [KSPCF/DragCubeGeneration] Creating drag cubes for part 'basicFin'
[LOG 15:04:41.105] PartLoader: Compiling Part 'Squad/Parts/Aero/circularIntake/circularIntake/CircularIntake'
[LOG 15:04:41.116] PartLoader: Part 'Squad/Parts/Aero/circularIntake/circularIntake/CircularIntake' has no database record. Creating.
[LOG 15:04:41.117] PartLoader: Compiling Part 'Squad/Parts/Aero/circularIntake/intakeShockCone/shockConeIntake'
[LOG 15:04:41.121] PartLoader: Part 'Squad/Parts/Aero/circularIntake/intakeShockCone/shockConeIntake' has no database record. Creating.
[LOG 15:04:41.123] PartLoader: Compiling Part 'Squad/Parts/Aero/cones/avionicsNoseCone/avionicsNoseCone'
[LOG 15:04:41.142] PartLoader: Part 'Squad/Parts/Aero/cones/avionicsNoseCone/avionicsNoseCone' has no database record. Creating.
[LOG 15:04:41.142] [DragCubeSystem]: Drag cubes not found or cannot be read for part Part. Generating New drag cubes.
[LOG 15:04:41.142] [KSPCF/DragCubeGeneration] Creating drag cubes for part 'avionicsNoseCone'
[LOG 15:04:41.151] PartLoader: Compiling Part 'Squad/Parts/Aero/cones/ConeA/pointyNoseConeA'
[LOG 15:04:41.156] PartLoader: Part 'Squad/Parts/Aero/cones/ConeA/pointyNoseConeA' has no database record. Creating.
[LOG 15:04:41.156] [DragCubeSystem]: Drag cubes not found or cannot be read for part Part. Generating New drag cubes.
[LOG 15:04:41.156] [KSPCF/DragCubeGeneration] Creating drag cubes for part 'pointyNoseConeA'
[LOG 15:04:41.161] PartLoader: Compiling Part 'Squad/Parts/Aero/cones/ConeB/pointyNoseConeB'
[LOG 15:04:41.166] PartLoader: Part 'Squad/Parts/Aero/cones/ConeB/pointyNoseConeB' has no database record. Creating.
[LOG 15:04:41.166] [DragCubeSystem]: Drag cubes not found or cannot be read for part Part. Generating New drag cubes.
[LOG 15:04:41.167] [KSPCF/DragCubeGeneration] Creating drag cubes for part 'pointyNoseConeB'
[LOG 15:04:41.172] PartLoader: Compiling Part 'Squad/Parts/Aero/cones/noseConeAdapter/noseConeAdapter'
[LOG 15:04:41.177] PartLoader: Part 'Squad/Parts/Aero/cones/noseConeAdapter/noseConeAdapter' has no database record. Creating.
[LOG 15:04:41.177] [DragCubeSystem]: Drag cubes not found or cannot be read for part Part. Generating New drag cubes.
[LOG 15:04:41.177] [KSPCF/DragCubeGeneration] Creating drag cubes for part 'noseConeAdapter'
[LOG 15:04:41.182] PartLoader: Compiling Part 'Squad/Parts/Aero/cones/protectiveRocketNoseMk7_v2/rocketNoseCone_v2'
[LOG 15:04:41.187] PartLoader: Part 'Squad/Parts/Aero/cones/protectiveRocketNoseMk7_v2/rocketNoseCone_v2' has no database record. Creating.
[LOG 15:04:41.187] [DragCubeSystem]: Drag cubes not found or cannot be read for part Part. Generating New drag cubes.
[LOG 15:04:41.187] [KSPCF/DragCubeGeneration] Creating drag cubes for part 'rocketNoseCone.v2'
[LOG 15:04:41.193] PartLoader: Compiling Part 'Squad/Parts/Aero/cones/protectiveRocketNoseMk7_v3/rocketNoseCone_v3'
[LOG 15:04:41.196] PartLoader: Part 'Squad/Parts/Aero/cones/protectiveRocketNoseMk7_v3/rocketNoseCone_v3' has no database record. Creating.
[LOG 15:04:41.196] [DragCubeSystem]: Drag cubes not found or cannot be read for part Part. Generating New drag cubes.
[LOG 15:04:41.196] [KSPCF/DragCubeGeneration] Creating drag cubes for part 'rocketNoseCone.v3'
[LOG 15:04:41.201] PartLoader: Compiling Part 'Squad/Parts/Aero/cones/rocketNoseCone_size3/rocketNoseConeSize3'
[LOG 15:04:41.206] PartLoader: Part 'Squad/Parts/Aero/cones/rocketNoseCone_size3/rocketNoseConeSize3' has no database record. Creating.
[LOG 15:04:41.206] [DragCubeSystem]: Drag cubes not found or cannot be read for part Part. Generating New drag cubes.
[LOG 15:04:41.206] [KSPCF/DragCubeGeneration] Creating drag cubes for part 'rocketNoseConeSize3'
[LOG 15:04:41.213] PartLoader: Compiling Part 'Squad/Parts/Aero/cones/smallNoseCone/standardNoseCone'
[LOG 15:04:41.217] PartLoader: Part 'Squad/Parts/Aero/cones/smallNoseCone/standardNoseCone' has no database record. Creating.
[LOG 15:04:41.217] [DragCubeSystem]: Drag cubes not found or cannot be read for part Part. Generating New drag cubes.
[LOG 15:04:41.218] [KSPCF/DragCubeGeneration] Creating drag cubes for part 'standardNoseCone'
[LOG 15:04:41.223] PartLoader: Compiling Part 'Squad/Parts/Aero/cones/tailConnectorA/airplaneTail'
[LOG 15:04:41.227] PartLoader: Part 'Squad/Parts/Aero/cones/tailConnectorA/airplaneTail' has no database record. Creating.
[LOG 15:04:41.227] [DragCubeSystem]: Drag cubes not found or cannot be read for part Part. Generating New drag cubes.
[LOG 15:04:41.227] [KSPCF/DragCubeGeneration] Creating drag cubes for part 'airplaneTail'
[LOG 15:04:41.232] PartLoader: Compiling Part 'Squad/Parts/Aero/cones/tailConnectorB/airplaneTailB'
[LOG 15:04:41.235] PartLoader: Part 'Squad/Parts/Aero/cones/tailConnectorB/airplaneTailB' has no database record. Creating.
[LOG 15:04:41.235] [DragCubeSystem]: Drag cubes not found or cannot be read for part Part. Generating New drag cubes.
[LOG 15:04:41.235] [KSPCF/DragCubeGeneration] Creating drag cubes for part 'airplaneTailB'
[LOG 15:04:41.240] PartLoader: Compiling Part 'Squad/Parts/Aero/fairings/fairingSize1/fairingSize1'
[LOG 15:04:41.287] PartLoader: Part 'Squad/Parts/Aero/fairings/fairingSize1/fairingSize1' has no database record. Creating.
[LOG 15:04:41.287] [DragCubeSystem]: Drag cubes not found or cannot be read for part Part. Generating New drag cubes.
[LOG 15:04:41.287] [KSPCF/DragCubeGeneration] Creating drag cubes for part 'fairingSize1'
[LOG 15:04:41.293] PartLoader: Compiling Part 'Squad/Parts/Aero/fairings/fairingSize2/fairingSize2'
[LOG 15:04:41.307] PartLoader: Part 'Squad/Parts/Aero/fairings/fairingSize2/fairingSize2' has no database record. Creating.
[LOG 15:04:41.307] [DragCubeSystem]: Drag cubes not found or cannot be read for part Part. Generating New drag cubes.
[LOG 15:04:41.307] [KSPCF/DragCubeGeneration] Creating drag cubes for part 'fairingSize2'
[LOG 15:04:41.312] PartLoader: Compiling Part 'Squad/Parts/Aero/fairings/fairingSize3/fairingSize3'
[LOG 15:04:41.328] PartLoader: Part 'Squad/Parts/Aero/fairings/fairingSize3/fairingSize3' has no database record. Creating.
[LOG 15:04:41.328] [DragCubeSystem]: Drag cubes not found or cannot be read for part Part. Generating New drag cubes.
[LOG 15:04:41.328] [KSPCF/DragCubeGeneration] Creating drag cubes for part 'fairingSize3'
[LOG 15:04:41.332] PartLoader: Compiling Part 'Squad/Parts/Aero/HeatShield/HeatShield0/HeatShield0'
[LOG 15:04:41.355] PartLoader: Part 'Squad/Parts/Aero/HeatShield/HeatShield0/HeatShield0' has no database record. Creating.
[LOG 15:04:41.355] [DragCubeSystem]: Drag cubes not found or cannot be read for part Part. Generating New drag cubes.
[LOG 15:04:41.355] [KSPCF/DragCubeGeneration] Creating drag cubes for part 'HeatShield0'
[LOG 15:04:41.362] PartLoader: Compiling Part 'Squad/Parts/Aero/HeatShield/HeatShield1/HeatShield1'
[LOG 15:04:41.376] PartLoader: Part 'Squad/Parts/Aero/HeatShield/HeatShield1/HeatShield1' has no database record. Creating.
[LOG 15:04:41.376] [DragCubeSystem]: Drag cubes not found or cannot be read for part Part. Generating New drag cubes.
[LOG 15:04:41.376] [KSPCF/DragCubeGeneration] Creating drag cubes for part 'HeatShield1'
[LOG 15:04:41.389] PartLoader: Compiling Part 'Squad/Parts/Aero/HeatShield/HeatShield2/HeatShield2'
[LOG 15:04:41.394] PartLoader: Part 'Squad/Parts/Aero/HeatShield/HeatShield2/HeatShield2' has no database record. Creating.
[LOG 15:04:41.395] [DragCubeSystem]: Drag cubes not found or cannot be read for part Part. Generating New drag cubes.
[LOG 15:04:41.395] [KSPCF/DragCubeGeneration] Creating drag cubes for part 'HeatShield2'
[LOG 15:04:41.407] PartLoader: Compiling Part 'Squad/Parts/Aero/HeatShield/HeatShield3/HeatShield3'
[LOG 15:04:41.416] PartLoader: Part 'Squad/Parts/Aero/HeatShield/HeatShield3/HeatShield3' has no database record. Creating.
[LOG 15:04:41.416] [DragCubeSystem]: Drag cubes not found or cannot be read for part Part. Generating New drag cubes.
[LOG 15:04:41.416] [KSPCF/DragCubeGeneration] Creating drag cubes for part 'HeatShield3'
[LOG 15:04:41.431] PartLoader: Compiling Part 'Squad/Parts/Aero/InflatableHeatShield/HeatShield/InflatableHeatShield'
[LOG 15:04:41.444] PartLoader: Part 'Squad/Parts/Aero/InflatableHeatShield/HeatShield/InflatableHeatShield' has no database record. Creating.
[LOG 15:04:41.444] [DragCubeSystem]: Drag cubes not found or cannot be read for part Part. Generating New drag cubes.
[LOG 15:04:41.445] [KSPCF/DragCubeGeneration] Creating drag cubes for part 'InflatableHeatShield'
[LOG 15:04:41.459] PartLoader: Compiling Part 'Squad/Parts/Aero/intakeRadialLong/intakeRadialLong/IntakeRadialLong'
[LOG 15:04:41.464] PartLoader: Part 'Squad/Parts/Aero/intakeRadialLong/intakeRadialLong/IntakeRadialLong' has no database record. Creating.
[LOG 15:04:41.464] [DragCubeSystem]: Drag cubes not found or cannot be read for part Part. Generating New drag cubes.
[LOG 15:04:41.464] [KSPCF/DragCubeGeneration] Creating drag cubes for part 'IntakeRadialLong'
[LOG 15:04:41.469] PartLoader: Compiling Part 'Squad/Parts/Aero/miniIntake/SmallIntake/miniIntake'
[LOG 15:04:41.473] PartLoader: Part 'Squad/Parts/Aero/miniIntake/SmallIntake/miniIntake' has no database record. Creating.
[LOG 15:04:41.474] PartLoader: Compiling Part 'Squad/Parts/Aero/ramAirIntake/ramAirIntake/ramAirIntake'
[LOG 15:04:41.478] PartLoader: Part 'Squad/Parts/Aero/ramAirIntake/ramAirIntake/ramAirIntake' has no database record. Creating.
[LOG 15:04:41.479] PartLoader: Compiling Part 'Squad/Parts/Aero/shuttleWings/delta/wingShuttleDelta'
[LOG 15:04:41.482] PartLoader: Part 'Squad/Parts/Aero/shuttleWings/delta/wingShuttleDelta' has no database record. Creating.
[LOG 15:04:41.482] [DragCubeSystem]: Drag cubes not found or cannot be read for part Part. Generating New drag cubes.
[LOG 15:04:41.482] [KSPCF/DragCubeGeneration] Creating drag cubes for part 'wingShuttleDelta'
[LOG 15:04:41.487] PartLoader: Compiling Part 'Squad/Parts/Aero/shuttleWings/elevon1/wingShuttleElevon1'
[LOG 15:04:41.493] PartLoader: Part 'Squad/Parts/Aero/shuttleWings/elevon1/wingShuttleElevon1' has no database record. Creating.
[LOG 15:04:41.494] [DragCubeSystem]: Drag cubes not found or cannot be read for part Part. Generating New drag cubes.
[LOG 15:04:41.494] [KSPCF/DragCubeGeneration] Creating drag cubes for part 'wingShuttleElevon1'
[LOG 15:04:41.509] PartLoader: Compiling Part 'Squad/Parts/Aero/shuttleWings/elevon2/wingShuttleElevon2'
[LOG 15:04:41.513] PartLoader: Part 'Squad/Parts/Aero/shuttleWings/elevon2/wingShuttleElevon2' has no database record. Creating.
[LOG 15:04:41.514] [DragCubeSystem]: Drag cubes not found or cannot be read for part Part. Generating New drag cubes.
[LOG 15:04:41.514] [KSPCF/DragCubeGeneration] Creating drag cubes for part 'wingShuttleElevon2'
[LOG 15:04:41.528] PartLoader: Compiling Part 'Squad/Parts/Aero/shuttleWings/rudder/wingShuttleRudder'
[LOG 15:04:41.534] PartLoader: Part 'Squad/Parts/Aero/shuttleWings/rudder/wingShuttleRudder' has no database record. Creating.
[LOG 15:04:41.534] [DragCubeSystem]: Drag cubes not found or cannot be read for part Part. Generating New drag cubes.
[LOG 15:04:41.534] [KSPCF/DragCubeGeneration] Creating drag cubes for part 'wingShuttleRudder'
[LOG 15:04:41.549] PartLoader: Compiling Part 'Squad/Parts/Aero/shuttleWings/strake/wingShuttleStrake'
[LOG 15:04:41.554] PartLoader: Part 'Squad/Parts/Aero/shuttleWings/strake/wingShuttleStrake' has no database record. Creating.
[LOG 15:04:41.554] [DragCubeSystem]: Drag cubes not found or cannot be read for part Part. Generating New drag cubes.
[LOG 15:04:41.554] [KSPCF/DragCubeGeneration] Creating drag cubes for part 'wingShuttleStrake'
[LOG 15:04:41.558] PartLoader: Compiling Part 'Squad/Parts/Aero/wingletAV-R8/wingletAV-R8/R8winglet'
[LOG 15:04:41.564] PartLoader: Part 'Squad/Parts/Aero/wingletAV-R8/wingletAV-R8/R8winglet' has no database record. Creating.
[LOG 15:04:41.564] [DragCubeSystem]: Drag cubes not found or cannot be read for part Part. Generating New drag cubes.
[LOG 15:04:41.564] [KSPCF/DragCubeGeneration] Creating drag cubes for part 'R8winglet'
[LOG 15:04:41.581] PartLoader: Compiling Part 'Squad/Parts/Aero/wingletAV-T1/wingletAV-T1/winglet'
[LOG 15:04:41.585] PartLoader: Part 'Squad/Parts/Aero/wingletAV-T1/wingletAV-T1/winglet' has no database record. Creating.
[LOG 15:04:41.585] [DragCubeSystem]: Drag cubes not found or cannot be read for part Part. Generating New drag cubes.
[LOG 15:04:41.585] [KSPCF/DragCubeGeneration] Creating drag cubes for part 'winglet'
[LOG 15:04:41.589] PartLoader: Compiling Part 'Squad/Parts/Aero/wingletDeltaDeluxe/wingletDeltaDeluxe/winglet3'
[LOG 15:04:41.593] PartLoader: Part 'Squad/Parts/Aero/wingletDeltaDeluxe/wingletDeltaDeluxe/winglet3' has no database record. Creating.
[LOG 15:04:41.593] [DragCubeSystem]: Drag cubes not found or cannot be read for part Part. Generating New drag cubes.
[LOG 15:04:41.593] [KSPCF/DragCubeGeneration] Creating drag cubes for part 'winglet3'
[LOG 15:04:41.608] PartLoader: Compiling Part 'Squad/Parts/Aero/wings/connector1/wingConnector'
[LOG 15:04:41.612] PartLoader: Part 'Squad/Parts/Aero/wings/connector1/wingConnector' has no database record. Creating.
[LOG 15:04:41.612] [DragCubeSystem]: Drag cubes not found or cannot be read for part Part. Generating New drag cubes.
[LOG 15:04:41.612] [KSPCF/DragCubeGeneration] Creating drag cubes for part 'wingConnector'
[LOG 15:04:41.616] PartLoader: Compiling Part 'Squad/Parts/Aero/wings/connector2/wingConnector2'
[LOG 15:04:41.620] PartLoader: Part 'Squad/Parts/Aero/wings/connector2/wingConnector2' has no database record. Creating.
[LOG 15:04:41.620] [DragCubeSystem]: Drag cubes not found or cannot be read for part Part. Generating New drag cubes.
[LOG 15:04:41.620] [KSPCF/DragCubeGeneration] Creating drag cubes for part 'wingConnector2'
[LOG 15:04:41.624] PartLoader: Compiling Part 'Squad/Parts/Aero/wings/connector3/wingConnector3'
[LOG 15:04:41.628] PartLoader: Part 'Squad/Parts/Aero/wings/connector3/wingConnector3' has no database record. Creating.
[LOG 15:04:41.628] [DragCubeSystem]: Drag cubes not found or cannot be read for part Part. Generating New drag cubes.
[LOG 15:04:41.628] [KSPCF/DragCubeGeneration] Creating drag cubes for part 'wingConnector3'
[LOG 15:04:41.632] PartLoader: Compiling Part 'Squad/Parts/Aero/wings/connector4/wingConnector4'
[LOG 15:04:41.635] PartLoader: Part 'Squad/Parts/Aero/wings/connector4/wingConnector4' has no database record. Creating.
[LOG 15:04:41.635] [DragCubeSystem]: Drag cubes not found or cannot be read for part Part. Generating New drag cubes.
[LOG 15:04:41.635] [KSPCF/DragCubeGeneration] Creating drag cubes for part 'wingConnector4'
[LOG 15:04:41.640] PartLoader: Compiling Part 'Squad/Parts/Aero/wings/connector5/wingConnector5'
[LOG 15:04:41.644] PartLoader: Part 'Squad/Parts/Aero/wings/connector5/wingConnector5' has no database record. Creating.
[LOG 15:04:41.644] [DragCubeSystem]: Drag cubes not found or cannot be read for part Part. Generating New drag cubes.
[LOG 15:04:41.644] [KSPCF/DragCubeGeneration] Creating drag cubes for part 'wingConnector5'
[LOG 15:04:41.648] PartLoader: Compiling Part 'Squad/Parts/Aero/wings/delta/deltaWing'
[LOG 15:04:41.651] PartLoader: Part 'Squad/Parts/Aero/wings/delta/deltaWing' has no database record. Creating.
[LOG 15:04:41.651] [DragCubeSystem]: Drag cubes not found or cannot be read for part Part. Generating New drag cubes.
[LOG 15:04:41.651] [KSPCF/DragCubeGeneration] Creating drag cubes for part 'deltaWing'
[LOG 15:04:41.655] PartLoader: Compiling Part 'Squad/Parts/Aero/wings/delta_small/delta_small'
[LOG 15:04:41.658] PartLoader: Part 'Squad/Parts/Aero/wings/delta_small/delta_small' has no database record. Creating.
[LOG 15:04:41.658] [DragCubeSystem]: Drag cubes not found or cannot be read for part Part. Generating New drag cubes.
[LOG 15:04:41.659] [KSPCF/DragCubeGeneration] Creating drag cubes for part 'delta.small'
[LOG 15:04:41.662] PartLoader: Compiling Part 'Squad/Parts/Aero/wings/elevon1/StandardCtrlSrf'
[LOG 15:04:41.666] PartLoader: Part 'Squad/Parts/Aero/wings/elevon1/StandardCtrlSrf' has no database record. Creating.
[LOG 15:04:41.666] [DragCubeSystem]: Drag cubes not found or cannot be read for part Part. Generating New drag cubes.
[LOG 15:04:41.666] [KSPCF/DragCubeGeneration] Creating drag cubes for part 'StandardCtrlSrf'
[LOG 15:04:41.681] PartLoader: Compiling Part 'Squad/Parts/Aero/wings/elevon2/elevon2'
[LOG 15:04:41.685] PartLoader: Part 'Squad/Parts/Aero/wings/elevon2/elevon2' has no database record. Creating.
[LOG 15:04:41.685] [DragCubeSystem]: Drag cubes not found or cannot be read for part Part. Generating New drag cubes.
[LOG 15:04:41.686] [KSPCF/DragCubeGeneration] Creating drag cubes for part 'elevon2'
[LOG 15:04:41.700] PartLoader: Compiling Part 'Squad/Parts/Aero/wings/elevon3/elevon3'
[LOG 15:04:41.704] PartLoader: Part 'Squad/Parts/Aero/wings/elevon3/elevon3' has no database record. Creating.
[LOG 15:04:41.704] [DragCubeSystem]: Drag cubes not found or cannot be read for part Part. Generating New drag cubes.
[LOG 15:04:41.704] [KSPCF/DragCubeGeneration] Creating drag cubes for part 'elevon3'
[LOG 15:04:41.719] PartLoader: Compiling Part 'Squad/Parts/Aero/wings/elevon4/smallCtrlSrf'
[LOG 15:04:41.725] PartLoader: Part 'Squad/Parts/Aero/wings/elevon4/smallCtrlSrf' has no database record. Creating.
[LOG 15:04:41.725] [DragCubeSystem]: Drag cubes not found or cannot be read for part Part. Generating New drag cubes.
[LOG 15:04:41.725] [KSPCF/DragCubeGeneration] Creating drag cubes for part 'smallCtrlSrf'
[LOG 15:04:41.741] PartLoader: Compiling Part 'Squad/Parts/Aero/wings/elevon5/elevon5'
[LOG 15:04:41.747] PartLoader: Part 'Squad/Parts/Aero/wings/elevon5/elevon5' has no database record. Creating.
[LOG 15:04:41.747] [DragCubeSystem]: Drag cubes not found or cannot be read for part Part. Generating New drag cubes.
[LOG 15:04:41.747] [KSPCF/DragCubeGeneration] Creating drag cubes for part 'elevon5'
[LOG 15:04:41.763] PartLoader: Compiling Part 'Squad/Parts/Aero/wings/strake/wingStrake'
[LOG 15:04:41.767] PartLoader: Part 'Squad/Parts/Aero/wings/strake/wingStrake' has no database record. Creating.
[LOG 15:04:41.767] [DragCubeSystem]: Drag cubes not found or cannot be read for part Part. Generating New drag cubes.
[LOG 15:04:41.767] [KSPCF/DragCubeGeneration] Creating drag cubes for part 'wingStrake'
[LOG 15:04:41.771] PartLoader: Compiling Part 'Squad/Parts/Aero/wings/structural1/structuralWing'
[LOG 15:04:41.775] PartLoader: Part 'Squad/Parts/Aero/wings/structural1/structuralWing' has no database record. Creating.
[LOG 15:04:41.775] [DragCubeSystem]: Drag cubes not found or cannot be read for part Part. Generating New drag cubes.
[LOG 15:04:41.775] [KSPCF/DragCubeGeneration] Creating drag cubes for part 'structuralWing'
[LOG 15:04:41.779] PartLoader: Compiling Part 'Squad/Parts/Aero/wings/structural2/structuralWing2'
[LOG 15:04:41.783] PartLoader: Part 'Squad/Parts/Aero/wings/structural2/structuralWing2' has no database record. Creating.
[LOG 15:04:41.783] [DragCubeSystem]: Drag cubes not found or cannot be read for part Part. Generating New drag cubes.
[LOG 15:04:41.784] [KSPCF/DragCubeGeneration] Creating drag cubes for part 'structuralWing2'
[LOG 15:04:41.787] PartLoader: Compiling Part 'Squad/Parts/Aero/wings/structural3/structuralWing3'
[LOG 15:04:41.792] PartLoader: Part 'Squad/Parts/Aero/wings/structural3/structuralWing3' has no database record. Creating.
[LOG 15:04:41.792] [DragCubeSystem]: Drag cubes not found or cannot be read for part Part. Generating New drag cubes.
[LOG 15:04:41.793] [KSPCF/DragCubeGeneration] Creating drag cubes for part 'structuralWing3'
[LOG 15:04:41.796] PartLoader: Compiling Part 'Squad/Parts/Aero/wings/structural4/structuralWing4'
[LOG 15:04:41.799] PartLoader: Part 'Squad/Parts/Aero/wings/structural4/structuralWing4' has no database record. Creating.
[LOG 15:04:41.799] [DragCubeSystem]: Drag cubes not found or cannot be read for part Part. Generating New drag cubes.
[LOG 15:04:41.799] [KSPCF/DragCubeGeneration] Creating drag cubes for part 'structuralWing4'
[LOG 15:04:41.804] PartLoader: Compiling Part 'Squad/Parts/Aero/wings/swept1/sweptWing1'
[LOG 15:04:41.808] PartLoader: Part 'Squad/Parts/Aero/wings/swept1/sweptWing1' has no database record. Creating.
[LOG 15:04:41.808] [DragCubeSystem]: Drag cubes not found or cannot be read for part Part. Generating New drag cubes.
[LOG 15:04:41.808] [KSPCF/DragCubeGeneration] Creating drag cubes for part 'sweptWing1'
[LOG 15:04:41.811] PartLoader: Compiling Part 'Squad/Parts/Aero/wings/swept2/sweptWing2'
[LOG 15:04:41.814] PartLoader: Part 'Squad/Parts/Aero/wings/swept2/sweptWing2' has no database record. Creating.
[LOG 15:04:41.814] [DragCubeSystem]: Drag cubes not found or cannot be read for part Part. Generating New drag cubes.
[LOG 15:04:41.814] [KSPCF/DragCubeGeneration] Creating drag cubes for part 'sweptWing2'
[LOG 15:04:41.818] PartLoader: Compiling Part 'Squad/Parts/Cargo/CargoContainers/cargoContainer/cargoContainer'
[WRN 15:04:41.821] [Part]: Cannot have ModuleCargoPart and ModuleInventoryPart on same Part [cargoContainer'. Removed ModuleCargoPart
[LOG 15:04:41.833] PartLoader: Part 'Squad/Parts/Cargo/CargoContainers/cargoContainer/cargoContainer' has no database record. Creating.
[LOG 15:04:41.833] [DragCubeSystem]: Drag cubes not found or cannot be read for part Part. Generating New drag cubes.
[LOG 15:04:41.833] [KSPCF/DragCubeGeneration] Creating drag cubes for part 'cargoContainer'
[LOG 15:04:41.838] PartLoader: Compiling Part 'Squad/Parts/Cargo/CargoContainers/smallCargoContainer/smallCargoContainer'
[WRN 15:04:41.839] [Part]: Cannot have ModuleCargoPart and ModuleInventoryPart on same Part [smallCargoContainer'. Removed ModuleCargoPart
[LOG 15:04:41.841] PartLoader: Part 'Squad/Parts/Cargo/CargoContainers/smallCargoContainer/smallCargoContainer' has no database record. Creating.
[LOG 15:04:41.841] [DragCubeSystem]: Drag cubes not found or cannot be read for part Part. Generating New drag cubes.
[LOG 15:04:41.841] [KSPCF/DragCubeGeneration] Creating drag cubes for part 'smallCargoContainer'
[LOG 15:04:41.847] PartLoader: Compiling Part 'Squad/Parts/Cargo/Cylinder/Cylinder/evaCylinder'
[LOG 15:04:41.850] PartLoader: Part 'Squad/Parts/Cargo/Cylinder/Cylinder/evaCylinder' has no database record. Creating.
[LOG 15:04:41.851] [DragCubeSystem]: Drag cubes not found or cannot be read for part Part. Generating New drag cubes.
[LOG 15:04:41.851] [KSPCF/DragCubeGeneration] Creating drag cubes for part 'evaCylinder'
[LOG 15:04:41.856] PartLoader: Compiling Part 'Squad/Parts/Cargo/GroundAnchor/groundAnchor/groundAnchor'
[LOG 15:04:41.873] PartLoader: Part 'Squad/Parts/Cargo/GroundAnchor/groundAnchor/groundAnchor' has no database record. Creating.
[LOG 15:04:41.873] [DragCubeSystem]: Drag cubes not found or cannot be read for part Part. Generating New drag cubes.
[LOG 15:04:41.873] [KSPCF/DragCubeGeneration] Creating drag cubes for part 'groundAnchor'
[LOG 15:04:41.887] PartLoader: Compiling Part 'Squad/Parts/Cargo/Jetpack/Jetpack/evaJetpack'
[LOG 15:04:41.891] PartLoader: Part 'Squad/Parts/Cargo/Jetpack/Jetpack/evaJetpack' has no database record. Creating.
[LOG 15:04:41.891] [DragCubeSystem]: Drag cubes not found or cannot be read for part Part. Generating New drag cubes.
[LOG 15:04:41.891] [KSPCF/DragCubeGeneration] Creating drag cubes for part 'evaJetpack'
[LOG 15:04:41.896] PartLoader: Compiling Part 'Squad/Parts/Cargo/Parachute/Parachute/evaChute'
[LOG 15:04:41.900] PartLoader: Part 'Squad/Parts/Cargo/Parachute/Parachute/evaChute' has no database record. Creating.
[LOG 15:04:41.900] [DragCubeSystem]: Drag cubes not found or cannot be read for part Part. Generating New drag cubes.
[LOG 15:04:41.900] [KSPCF/DragCubeGeneration] Creating drag cubes for part 'evaChute'
[LOG 15:04:41.904] PartLoader: Compiling Part 'Squad/Parts/Cargo/RepairKit/RepairKit/evaRepairKit'
[LOG 15:04:41.908] PartLoader: Part 'Squad/Parts/Cargo/RepairKit/RepairKit/evaRepairKit' has no database record. Creating.
[LOG 15:04:41.909] [DragCubeSystem]: Drag cubes not found or cannot be read for part Part. Generating New drag cubes.
[LOG 15:04:41.909] [KSPCF/DragCubeGeneration] Creating drag cubes for part 'evaRepairKit'
[LOG 15:04:41.914] PartLoader: Compiling Part 'Squad/Parts/Cargo/ScienceKit/evaScienceKit/evaScienceKit'
[LOG 15:04:41.918] PartLoader: Part 'Squad/Parts/Cargo/ScienceKit/evaScienceKit/evaScienceKit' has no database record. Creating.
[LOG 15:04:41.919] [DragCubeSystem]: Drag cubes not found or cannot be read for part Part. Generating New drag cubes.
[LOG 15:04:41.919] [KSPCF/DragCubeGeneration] Creating drag cubes for part 'evaScienceKit'
[LOG 15:04:41.923] PartLoader: Compiling Part 'Squad/Parts/Cargo/StorageUnits/CargoStorageUnit/CargoStorageUnit'
[WRN 15:04:41.926] [Part]: Cannot have ModuleCargoPart and ModuleInventoryPart on same Part [CargoStorageUnit'. Removed ModuleCargoPart
[LOG 15:04:41.928] PartLoader: Part 'Squad/Parts/Cargo/StorageUnits/CargoStorageUnit/CargoStorageUnit' has no database record. Creating.
[LOG 15:04:41.928] [DragCubeSystem]: Drag cubes not found or cannot be read for part Part. Generating New drag cubes.
[LOG 15:04:41.928] [KSPCF/DragCubeGeneration] Creating drag cubes for part 'CargoStorageUnit'
[LOG 15:04:41.934] PartLoader: Compiling Part 'Squad/Parts/Cargo/StorageUnits/ConformalStorageUnit/ConformalStorageUnit'
[WRN 15:04:41.939] [Part]: Cannot have ModuleCargoPart and ModuleInventoryPart on same Part [ConformalStorageUnit'. Removed ModuleCargoPart
[LOG 15:04:41.941] PartLoader: Part 'Squad/Parts/Cargo/StorageUnits/ConformalStorageUnit/ConformalStorageUnit' has no database record. Creating.
[LOG 15:04:41.941] [DragCubeSystem]: Drag cubes not found or cannot be read for part Part. Generating New drag cubes.
[LOG 15:04:41.941] [KSPCF/DragCubeGeneration] Creating drag cubes for part 'ConformalStorageUnit'
[LOG 15:04:41.946] PartLoader: Compiling Part 'Squad/Parts/Command/advancedSasModuleLarge/advSasModuleLarge/asasmodule1-2'
[LOG 15:04:41.956] PartLoader: Part 'Squad/Parts/Command/advancedSasModuleLarge/advSasModuleLarge/asasmodule1-2' has no database record. Creating.
[LOG 15:04:41.958] PartLoader: Compiling Part 'Squad/Parts/Command/cupola/cupola/cupola'
[LOG 15:04:41.988] PartLoader: Part 'Squad/Parts/Command/cupola/cupola/cupola' has no database record. Creating.
[LOG 15:04:41.988] [DragCubeSystem]: Drag cubes not found or cannot be read for part Part. Generating New drag cubes.
[LOG 15:04:41.988] [KSPCF/DragCubeGeneration] Creating drag cubes for part 'cupola'
[LOG 15:04:41.999] PartLoader: Compiling Part 'Squad/Parts/Command/externalCommandSeat/externalCommandSeat/seatExternalCmd'
[LOG 15:04:42.007] PartLoader: Part 'Squad/Parts/Command/externalCommandSeat/externalCommandSeat/seatExternalCmd' has no database record. Creating.
[LOG 15:04:42.007] [DragCubeSystem]: Drag cubes not found or cannot be read for part Part. Generating New drag cubes.
[LOG 15:04:42.007] [KSPCF/DragCubeGeneration] Creating drag cubes for part 'seatExternalCmd'
[LOG 15:04:42.012] PartLoader: Compiling Part 'Squad/Parts/Command/hitchhikerStorageContainer/hitchikerStorageContainer/crewCabin'
[LOG 15:04:42.019] PartLoader: Part 'Squad/Parts/Command/hitchhikerStorageContainer/hitchikerStorageContainer/crewCabin' has no database record. Creating.
[LOG 15:04:42.019] [DragCubeSystem]: Drag cubes not found or cannot be read for part Part. Generating New drag cubes.
[LOG 15:04:42.019] [KSPCF/DragCubeGeneration] Creating drag cubes for part 'crewCabin'
[LOG 15:04:42.026] PartLoader: Compiling Part 'Squad/Parts/Command/inlineAdvancedStabilizer/inlineAdvancedStabilizer/advSasModule'
[LOG 15:04:42.028] PartLoader: Part 'Squad/Parts/Command/inlineAdvancedStabilizer/inlineAdvancedStabilizer/advSasModule' has no database record. Creating.
[LOG 15:04:42.028] [DragCubeSystem]: Drag cubes not found or cannot be read for part Part. Generating New drag cubes.
[LOG 15:04:42.028] [KSPCF/DragCubeGeneration] Creating drag cubes for part 'advSasModule'
[LOG 15:04:42.034] PartLoader: Compiling Part 'Squad/Parts/Command/inlineReactionWheel/inlineReactionWheel/sasModule'
[LOG 15:04:42.036] PartLoader: Part 'Squad/Parts/Command/inlineReactionWheel/inlineReactionWheel/sasModule' has no database record. Creating.
[LOG 15:04:42.036] [DragCubeSystem]: Drag cubes not found or cannot be read for part Part. Generating New drag cubes.
[LOG 15:04:42.036] [KSPCF/DragCubeGeneration] Creating drag cubes for part 'sasModule'
[LOG 15:04:42.042] PartLoader: Compiling Part 'Squad/Parts/Command/Mk1-3Pod/mk1-3/mk1-3pod'
[LOG 15:04:42.065] PartLoader: Part 'Squad/Parts/Command/Mk1-3Pod/mk1-3/mk1-3pod' has no database record. Creating.
[LOG 15:04:42.065] [DragCubeSystem]: Drag cubes not found or cannot be read for part Part. Generating New drag cubes.
[LOG 15:04:42.067] [KSPCF/DragCubeGeneration] Creating drag cubes for part 'mk1-3pod'
[LOG 15:04:42.076] PartLoader: Compiling Part 'Squad/Parts/Command/mk1Cockpits/mk1Cockpit/Mark1Cockpit'
[WRN 15:04:42.079] [Part]: Cannot have ModuleCargoPart and ModuleInventoryPart on same Part [Mark1Cockpit'. Removed ModuleCargoPart
[LOG 15:04:42.082] PartLoader: Part 'Squad/Parts/Command/mk1Cockpits/mk1Cockpit/Mark1Cockpit' has no database record. Creating.
[LOG 15:04:42.082] [DragCubeSystem]: Drag cubes not found or cannot be read for part Part. Generating New drag cubes.
[LOG 15:04:42.082] [KSPCF/DragCubeGeneration] Creating drag cubes for part 'Mark1Cockpit'
[LOG 15:04:42.088] PartLoader: Compiling Part 'Squad/Parts/Command/mk1Cockpits/mk1CrewCabin/MK1CrewCabin'
[WRN 15:04:42.090] [Part]: Cannot have ModuleCargoPart and ModuleInventoryPart on same Part [MK1CrewCabin'. Removed ModuleCargoPart
[LOG 15:04:42.093] PartLoader: Part 'Squad/Parts/Command/mk1Cockpits/mk1CrewCabin/MK1CrewCabin' has no database record. Creating.
[LOG 15:04:42.093] [DragCubeSystem]: Drag cubes not found or cannot be read for part Part. Generating New drag cubes.
[LOG 15:04:42.093] [KSPCF/DragCubeGeneration] Creating drag cubes for part 'MK1CrewCabin'
[LOG 15:04:42.100] PartLoader: Compiling Part 'Squad/Parts/Command/mk1Cockpits/mk1InlineCockpit/Mark2Cockpit'
[WRN 15:04:42.105] [Part]: Cannot have ModuleCargoPart and ModuleInventoryPart on same Part [Mark2Cockpit'. Removed ModuleCargoPart
[LOG 15:04:42.110] PartLoader: Part 'Squad/Parts/Command/mk1Cockpits/mk1InlineCockpit/Mark2Cockpit' has no database record. Creating.
[LOG 15:04:42.110] [DragCubeSystem]: Drag cubes not found or cannot be read for part Part. Generating New drag cubes.
[LOG 15:04:42.110] [KSPCF/DragCubeGeneration] Creating drag cubes for part 'Mark2Cockpit'
[LOG 15:04:42.115] PartLoader: Compiling Part 'Squad/Parts/Command/mk1LanderCan/mk1LanderCan/landerCabinSmall'
[WRN 15:04:42.119] [Part]: Cannot have ModuleCargoPart and ModuleInventoryPart on same Part [landerCabinSmall'. Removed ModuleCargoPart
[LOG 15:04:42.122] PartLoader: Part 'Squad/Parts/Command/mk1LanderCan/mk1LanderCan/landerCabinSmall' has no database record. Creating.
[LOG 15:04:42.122] [DragCubeSystem]: Drag cubes not found or cannot be read for part Part. Generating New drag cubes.
[LOG 15:04:42.122] [KSPCF/DragCubeGeneration] Creating drag cubes for part 'landerCabinSmall'
[LOG 15:04:42.129] PartLoader: Compiling Part 'Squad/Parts/Command/mk1pod_v2/mk1Pod_v2/mk1pod_v2'
[WRN 15:04:42.135] [Part]: Cannot have ModuleCargoPart and ModuleInventoryPart on same Part [mk1pod.v2'. Removed ModuleCargoPart
[LOG 15:04:42.141] PartLoader: Part 'Squad/Parts/Command/mk1pod_v2/mk1Pod_v2/mk1pod_v2' has no database record. Creating.
[LOG 15:04:42.141] [DragCubeSystem]: Drag cubes not found or cannot be read for part Part. Generating New drag cubes.
[LOG 15:04:42.141] [KSPCF/DragCubeGeneration] Creating drag cubes for part 'mk1pod.v2'
[LOG 15:04:42.147] PartLoader: Compiling Part 'Squad/Parts/Command/mk2CockpitInline/mk2CockpitInline/mk2Cockpit_Inline'
[WRN 15:04:42.154] [Part]: Cannot have ModuleCargoPart and ModuleInventoryPart on same Part [mk2Cockpit.Inline'. Removed ModuleCargoPart
[LOG 15:04:42.158] PartLoader: Part 'Squad/Parts/Command/mk2CockpitInline/mk2CockpitInline/mk2Cockpit_Inline' has no database record. Creating.
[LOG 15:04:42.158] [DragCubeSystem]: Drag cubes not found or cannot be read for part Part. Generating New drag cubes.
[LOG 15:04:42.158] [KSPCF/DragCubeGeneration] Creating drag cubes for part 'mk2Cockpit.Inline'
[LOG 15:04:42.164] PartLoader: Compiling Part 'Squad/Parts/Command/mk2CockpitStandard/mk2CockpitStandard/mk2Cockpit_Standard'
[WRN 15:04:42.167] [Part]: Cannot have ModuleCargoPart and ModuleInventoryPart on same Part [mk2Cockpit.Standard'. Removed ModuleCargoPart
[LOG 15:04:42.170] PartLoader: Part 'Squad/Parts/Command/mk2CockpitStandard/mk2CockpitStandard/mk2Cockpit_Standard' has no database record. Creating.
[LOG 15:04:42.170] [DragCubeSystem]: Drag cubes not found or cannot be read for part Part. Generating New drag cubes.
[LOG 15:04:42.170] [KSPCF/DragCubeGeneration] Creating drag cubes for part 'mk2Cockpit.Standard'
[LOG 15:04:42.175] PartLoader: Compiling Part 'Squad/Parts/Command/mk2DroneCore/mk2Dronecore/mk2DroneCore'
[LOG 15:04:42.182] PartLoader: Part 'Squad/Parts/Command/mk2DroneCore/mk2Dronecore/mk2DroneCore' has no database record. Creating.
[LOG 15:04:42.183] PartLoader: Compiling Part 'Squad/Parts/Command/mk2LanderCan/mk2LanderCan/mk2LanderCabin'
[WRN 15:04:42.188] [Part]: Cannot have ModuleCargoPart and ModuleInventoryPart on same Part [mk2LanderCabin'. Removed ModuleCargoPart
[LOG 15:04:42.191] PartLoader: Part 'Squad/Parts/Command/mk2LanderCan/mk2LanderCan/mk2LanderCabin' has no database record. Creating.
[LOG 15:04:42.192] [DragCubeSystem]: Drag cubes not found or cannot be read for part Part. Generating New drag cubes.
[LOG 15:04:42.192] [KSPCF/DragCubeGeneration] Creating drag cubes for part 'mk2LanderCabin'
[LOG 15:04:42.199] PartLoader: Compiling Part 'Squad/Parts/Command/mk2LanderCan_v2/mk2LanderCan_v2/mk2LanderCabin_v2'
[WRN 15:04:42.204] [Part]: Cannot have ModuleCargoPart and ModuleInventoryPart on same Part [mk2LanderCabin.v2'. Removed ModuleCargoPart
[LOG 15:04:42.211] PartLoader: Part 'Squad/Parts/Command/mk2LanderCan_v2/mk2LanderCan_v2/mk2LanderCabin_v2' has no database record. Creating.
[LOG 15:04:42.211] [DragCubeSystem]: Drag cubes not found or cannot be read for part Part. Generating New drag cubes.
[LOG 15:04:42.211] [KSPCF/DragCubeGeneration] Creating drag cubes for part 'mk2LanderCabin.v2'
[LOG 15:04:42.217] PartLoader: Compiling Part 'Squad/Parts/Command/mk3CockpitShuttle/mk3CockpitShuttle/mk3Cockpit_Shuttle'
[LOG 15:04:42.230] PartLoader: Part 'Squad/Parts/Command/mk3CockpitShuttle/mk3CockpitShuttle/mk3Cockpit_Shuttle' has no database record. Creating.
[LOG 15:04:42.230] [DragCubeSystem]: Drag cubes not found or cannot be read for part Part. Generating New drag cubes.
[LOG 15:04:42.230] [KSPCF/DragCubeGeneration] Creating drag cubes for part 'mk3Cockpit.Shuttle'
[LOG 15:04:42.237] PartLoader: Compiling Part 'Squad/Parts/Command/MpoProbe/MpoProbe/MpoProbe'
[LOG 15:04:42.247] PartLoader: Part 'Squad/Parts/Command/MpoProbe/MpoProbe/MpoProbe' has no database record. Creating.
[LOG 15:04:42.248] [DragCubeSystem]: Drag cubes not found or cannot be read for part Part. Generating New drag cubes.
[LOG 15:04:42.248] [KSPCF/DragCubeGeneration] Creating drag cubes for part 'MpoProbe'
[LOG 15:04:42.260] PartLoader: Compiling Part 'Squad/Parts/Command/MtmStage/MTM_Stage/MtmStage'
[LOG 15:04:42.267] PartLoader: Part 'Squad/Parts/Command/MtmStage/MTM_Stage/MtmStage' has no database record. Creating.
[LOG 15:04:42.267] [DragCubeSystem]: Drag cubes not found or cannot be read for part Part. Generating New drag cubes.
[LOG 15:04:42.267] [KSPCF/DragCubeGeneration] Creating drag cubes for part 'MtmStage'
[LOG 15:04:42.273] PartLoader: Compiling Part 'Squad/Parts/Command/probeCoreCube/probeCoreCube/probeCoreCube'
[LOG 15:04:42.280] PartLoader: Part 'Squad/Parts/Command/probeCoreCube/probeCoreCube/probeCoreCube' has no database record. Creating.
[LOG 15:04:42.281] PartLoader: Compiling Part 'Squad/Parts/Command/probeCoreHex/probeCoreHex/probeCoreHex'
[LOG 15:04:42.286] PartLoader: Part 'Squad/Parts/Command/probeCoreHex/probeCoreHex/probeCoreHex' has no database record. Creating.
[LOG 15:04:42.286] [DragCubeSystem]: Drag cubes not found or cannot be read for part Part. Generating New drag cubes.
[LOG 15:04:42.286] [KSPCF/DragCubeGeneration] Creating drag cubes for part 'probeCoreHex'
[LOG 15:04:42.290] PartLoader: Compiling Part 'Squad/Parts/Command/probeCoreHex_v2/probeCoreHex_v2/probeCoreHex_v2'
[LOG 15:04:42.296] PartLoader: Part 'Squad/Parts/Command/probeCoreHex_v2/probeCoreHex_v2/probeCoreHex_v2' has no database record. Creating.
[LOG 15:04:42.296] [DragCubeSystem]: Drag cubes not found or cannot be read for part Part. Generating New drag cubes.
[LOG 15:04:42.296] [KSPCF/DragCubeGeneration] Creating drag cubes for part 'probeCoreHex.v2'
[LOG 15:04:42.302] PartLoader: Compiling Part 'Squad/Parts/Command/probeCoreOcto2_v2/probeCoreOcto2_v2/probeCoreOcto2_v2'
[LOG 15:04:42.310] PartLoader: Part 'Squad/Parts/Command/probeCoreOcto2_v2/probeCoreOcto2_v2/probeCoreOcto2_v2' has no database record. Creating.
[LOG 15:04:42.310] [DragCubeSystem]: Drag cubes not found or cannot be read for part Part. Generating New drag cubes.
[LOG 15:04:42.310] [KSPCF/DragCubeGeneration] Creating drag cubes for part 'probeCoreOcto2.v2'
[LOG 15:04:42.316] PartLoader: Compiling Part 'Squad/Parts/Command/probeCoreOcto_v2/probeCoreOcto_v2/probeCoreOcto_v2'
[LOG 15:04:42.323] PartLoader: Part 'Squad/Parts/Command/probeCoreOcto_v2/probeCoreOcto_v2/probeCoreOcto_v2' has no database record. Creating.
[LOG 15:04:42.324] [DragCubeSystem]: Drag cubes not found or cannot be read for part Part. Generating New drag cubes.
[LOG 15:04:42.324] [KSPCF/DragCubeGeneration] Creating drag cubes for part 'probeCoreOcto.v2'
[LOG 15:04:42.329] PartLoader: Compiling Part 'Squad/Parts/Command/probeRoverBody/probeRoverBody/roverBody'
[LOG 15:04:42.335] PartLoader: Part 'Squad/Parts/Command/probeRoverBody/probeRoverBody/roverBody' has no database record. Creating.
[LOG 15:04:42.335] [DragCubeSystem]: Drag cubes not found or cannot be read for part Part. Generating New drag cubes.
[LOG 15:04:42.335] [KSPCF/DragCubeGeneration] Creating drag cubes for part 'roverBody'
[LOG 15:04:42.338] PartLoader: Compiling Part 'Squad/Parts/Command/probeRoverBody_v2/probeRoverBody_v2/roverBody_v2'
[LOG 15:04:42.347] PartLoader: Part 'Squad/Parts/Command/probeRoverBody_v2/probeRoverBody_v2/roverBody_v2' has no database record. Creating.
[LOG 15:04:42.347] [DragCubeSystem]: Drag cubes not found or cannot be read for part Part. Generating New drag cubes.
[LOG 15:04:42.348] [KSPCF/DragCubeGeneration] Creating drag cubes for part 'roverBody.v2'
[LOG 15:04:42.368] PartLoader: Compiling Part 'Squad/Parts/Command/probeStackLarge/probeStackLarge/probeStackLarge'
[LOG 15:04:42.376] PartLoader: Part 'Squad/Parts/Command/probeStackLarge/probeStackLarge/probeStackLarge' has no database record. Creating.
[LOG 15:04:42.376] [DragCubeSystem]: Drag cubes not found or cannot be read for part Part. Generating New drag cubes.
[LOG 15:04:42.376] [KSPCF/DragCubeGeneration] Creating drag cubes for part 'probeStackLarge'
[LOG 15:04:42.380] PartLoader: Compiling Part 'Squad/Parts/Command/probeStackSmall/probeStackSmall/probeStackSmall'
[LOG 15:04:42.386] PartLoader: Part 'Squad/Parts/Command/probeStackSmall/probeStackSmall/probeStackSmall' has no database record. Creating.
[LOG 15:04:42.386] [DragCubeSystem]: Drag cubes not found or cannot be read for part Part. Generating New drag cubes.
[LOG 15:04:42.386] [KSPCF/DragCubeGeneration] Creating drag cubes for part 'probeStackSmall'
[LOG 15:04:42.393] PartLoader: Compiling Part 'Squad/Parts/Command/probeStackSphere_v2/probeStackSphere_v2/probeCoreSphere_v2'
[LOG 15:04:42.400] PartLoader: Part 'Squad/Parts/Command/probeStackSphere_v2/probeStackSphere_v2/probeCoreSphere_v2' has no database record. Creating.
[LOG 15:04:42.401] PartLoader: Compiling Part 'Squad/Parts/CompoundParts/FuelLine/fuelLine/fuelLine'
[LOG 15:04:42.428] PartLoader: Part 'Squad/Parts/CompoundParts/FuelLine/fuelLine/fuelLine' has no database record. Creating.
[LOG 15:04:42.428] [DragCubeSystem]: Drag cubes not found or cannot be read for part CompoundPart. Generating New drag cubes.
[LOG 15:04:42.429] [KSPCF/DragCubeGeneration] Creating drag cubes for part 'fuelLine'
[LOG 15:04:42.432] PartLoader: Compiling Part 'Squad/Parts/CompoundParts/strutConnector/strutConnector/strutConnector'
[LOG 15:04:42.439] PartLoader: Part 'Squad/Parts/CompoundParts/strutConnector/strutConnector/strutConnector' has no database record. Creating.
[LOG 15:04:42.439] [DragCubeSystem]: Drag cubes not found or cannot be read for part CompoundPart. Generating New drag cubes.
[LOG 15:04:42.439] [KSPCF/DragCubeGeneration] Creating drag cubes for part 'strutConnector'
[LOG 15:04:42.444] PartLoader: Compiling Part 'Squad/Parts/Coupling/Decoupler_0/Decoupler_0'
[LOG 15:04:42.450] PartLoader: Part 'Squad/Parts/Coupling/Decoupler_0/Decoupler_0' has no database record. Creating.
[LOG 15:04:42.452] PartLoader: Compiling Part 'Squad/Parts/Coupling/Decoupler_1/Decoupler_1'
[LOG 15:04:42.456] PartLoader: Part 'Squad/Parts/Coupling/Decoupler_1/Decoupler_1' has no database record. Creating.
[LOG 15:04:42.457] PartLoader: Compiling Part 'Squad/Parts/Coupling/Decoupler_2/Decoupler_2'
[LOG 15:04:42.461] PartLoader: Part 'Squad/Parts/Coupling/Decoupler_2/Decoupler_2' has no database record. Creating.
[LOG 15:04:42.462] PartLoader: Compiling Part 'Squad/Parts/Coupling/Decoupler_3/Decoupler_3'
[LOG 15:04:42.466] PartLoader: Part 'Squad/Parts/Coupling/Decoupler_3/Decoupler_3' has no database record. Creating.
[LOG 15:04:42.467] PartLoader: Compiling Part 'Squad/Parts/Coupling/Separator_0/Separator_0'
[LOG 15:04:42.473] PartLoader: Part 'Squad/Parts/Coupling/Separator_0/Separator_0' has no database record. Creating.
[LOG 15:04:42.474] PartLoader: Compiling Part 'Squad/Parts/Coupling/Separator_1/Separator_1'
[LOG 15:04:42.480] PartLoader: Part 'Squad/Parts/Coupling/Separator_1/Separator_1' has no database record. Creating.
[LOG 15:04:42.480] PartLoader: Compiling Part 'Squad/Parts/Coupling/Separator_2/Separator_2'
[LOG 15:04:42.484] PartLoader: Part 'Squad/Parts/Coupling/Separator_2/Separator_2' has no database record. Creating.
[LOG 15:04:42.484] PartLoader: Compiling Part 'Squad/Parts/Coupling/Separator_3/Separator_3'
[LOG 15:04:42.489] PartLoader: Part 'Squad/Parts/Coupling/Separator_3/Separator_3' has no database record. Creating.
[LOG 15:04:42.490] PartLoader: Compiling Part 'Squad/Parts/Electrical/10CSolarPanels/OX-10C/solarPanelOX10C'
[LOG 15:04:42.500] PartLoader: Part 'Squad/Parts/Electrical/10CSolarPanels/OX-10C/solarPanelOX10C' has no database record. Creating.
[LOG 15:04:42.500] [DragCubeSystem]: Drag cubes not found or cannot be read for part Part. Generating New drag cubes.
[LOG 15:04:42.500] [KSPCF/DragCubeGeneration] Creating drag cubes for part 'solarPanelOX10C'
[LOG 15:04:42.518] PartLoader: Compiling Part 'Squad/Parts/Electrical/10CSolarPanels/SP-10C/solarPanelSP10C'
[LOG 15:04:42.525] PartLoader: Part 'Squad/Parts/Electrical/10CSolarPanels/SP-10C/solarPanelSP10C' has no database record. Creating.
[LOG 15:04:42.525] [DragCubeSystem]: Drag cubes not found or cannot be read for part Part. Generating New drag cubes.
[LOG 15:04:42.525] [KSPCF/DragCubeGeneration] Creating drag cubes for part 'solarPanelSP10C'
[LOG 15:04:42.543] PartLoader: Compiling Part 'Squad/Parts/Electrical/10LSolarPanels/OX-10L/solarPanelOX10L'
[LOG 15:04:42.549] PartLoader: Part 'Squad/Parts/Electrical/10LSolarPanels/OX-10L/solarPanelOX10L' has no database record. Creating.
[LOG 15:04:42.549] [DragCubeSystem]: Drag cubes not found or cannot be read for part Part. Generating New drag cubes.
[LOG 15:04:42.549] [KSPCF/DragCubeGeneration] Creating drag cubes for part 'solarPanelOX10L'
[LOG 15:04:42.565] PartLoader: Compiling Part 'Squad/Parts/Electrical/10LSolarPanels/SP-10L/solarPanelSP10L'
[LOG 15:04:42.569] PartLoader: Part 'Squad/Parts/Electrical/10LSolarPanels/SP-10L/solarPanelSP10L' has no database record. Creating.
[LOG 15:04:42.570] [DragCubeSystem]: Drag cubes not found or cannot be read for part Part. Generating New drag cubes.
[LOG 15:04:42.570] [KSPCF/DragCubeGeneration] Creating drag cubes for part 'solarPanelSP10L'
[LOG 15:04:42.585] PartLoader: Compiling Part 'Squad/Parts/Electrical/1x6ShroudSolarPanels/1x6ShroudSolarPanels/solarPanels2'
[LOG 15:04:42.588] PartLoader: Part 'Squad/Parts/Electrical/1x6ShroudSolarPanels/1x6ShroudSolarPanels/solarPanels2' has no database record. Creating.
[LOG 15:04:42.589] [DragCubeSystem]: Drag cubes not found or cannot be read for part Part. Generating New drag cubes.
[LOG 15:04:42.589] [KSPCF/DragCubeGeneration] Creating drag cubes for part 'solarPanels2'
[LOG 15:04:42.603] PartLoader: Compiling Part 'Squad/Parts/Electrical/1x6SolarPanels/1x6SolarPanels/solarPanels4'
[LOG 15:04:42.606] PartLoader: Part 'Squad/Parts/Electrical/1x6SolarPanels/1x6SolarPanels/solarPanels4' has no database record. Creating.
[LOG 15:04:42.606] [DragCubeSystem]: Drag cubes not found or cannot be read for part Part. Generating New drag cubes.
[LOG 15:04:42.606] [KSPCF/DragCubeGeneration] Creating drag cubes for part 'solarPanels4'
[LOG 15:04:42.621] PartLoader: Compiling Part 'Squad/Parts/Electrical/3x2ShroudSolarPanels/3x2ShroudSolarPanels/solarPanels1'
[LOG 15:04:42.624] PartLoader: Part 'Squad/Parts/Electrical/3x2ShroudSolarPanels/3x2ShroudSolarPanels/solarPanels1' has no database record. Creating.
[LOG 15:04:42.624] [DragCubeSystem]: Drag cubes not found or cannot be read for part Part. Generating New drag cubes.
[LOG 15:04:42.624] [KSPCF/DragCubeGeneration] Creating drag cubes for part 'solarPanels1'
[LOG 15:04:42.640] PartLoader: Compiling Part 'Squad/Parts/Electrical/3x2SolarPanels/3x2SolarPanels/solarPanels3'
[LOG 15:04:42.644] PartLoader: Part 'Squad/Parts/Electrical/3x2SolarPanels/3x2SolarPanels/solarPanels3' has no database record. Creating.
[LOG 15:04:42.644] [DragCubeSystem]: Drag cubes not found or cannot be read for part Part. Generating New drag cubes.
[LOG 15:04:42.644] [KSPCF/DragCubeGeneration] Creating drag cubes for part 'solarPanels3'
[LOG 15:04:42.660] PartLoader: Compiling Part 'Squad/Parts/Electrical/gigantorXlSolarArray/gigantorXlSolarArray/largeSolarPanel'
[LOG 15:04:42.663] PartLoader: Part 'Squad/Parts/Electrical/gigantorXlSolarArray/gigantorXlSolarArray/largeSolarPanel' has no database record. Creating.
[LOG 15:04:42.664] [DragCubeSystem]: Drag cubes not found or cannot be read for part Part. Generating New drag cubes.
[LOG 15:04:42.664] [KSPCF/DragCubeGeneration] Creating drag cubes for part 'largeSolarPanel'
[LOG 15:04:42.677] PartLoader: Compiling Part 'Squad/Parts/Electrical/radialFlatSolarPanel/radialFlatSolarPanel/solarPanels5'
[LOG 15:04:42.680] PartLoader: Part 'Squad/Parts/Electrical/radialFlatSolarPanel/radialFlatSolarPanel/solarPanels5' has no database record. Creating.
[LOG 15:04:42.680] [DragCubeSystem]: Drag cubes not found or cannot be read for part Part. Generating New drag cubes.
[LOG 15:04:42.680] [KSPCF/DragCubeGeneration] Creating drag cubes for part 'solarPanels5'
[LOG 15:04:42.686] PartLoader: Compiling Part 'Squad/Parts/Electrical/RTG/RTG/rtg'
[LOG 15:04:42.702] PartLoader: Part 'Squad/Parts/Electrical/RTG/RTG/rtg' has no database record. Creating.
[LOG 15:04:42.702] [DragCubeSystem]: Drag cubes not found or cannot be read for part Part. Generating New drag cubes.
[LOG 15:04:42.702] [KSPCF/DragCubeGeneration] Creating drag cubes for part 'rtg'
[LOG 15:04:42.708] PartLoader: Compiling Part 'Squad/Parts/Electrical/z-100Battery/z-100Battery/batteryPack'
[LOG 15:04:42.711] PartLoader: Part 'Squad/Parts/Electrical/z-100Battery/z-100Battery/batteryPack' has no database record. Creating.
[LOG 15:04:42.711] [DragCubeSystem]: Drag cubes not found or cannot be read for part Part. Generating New drag cubes.
[LOG 15:04:42.711] [KSPCF/DragCubeGeneration] Creating drag cubes for part 'batteryPack'
[LOG 15:04:42.715] PartLoader: Compiling Part 'Squad/Parts/Electrical/z-1kBattery/z-1kBattery/batteryBank'
[LOG 15:04:42.718] PartLoader: Part 'Squad/Parts/Electrical/z-1kBattery/z-1kBattery/batteryBank' has no database record. Creating.
[LOG 15:04:42.718] [DragCubeSystem]: Drag cubes not found or cannot be read for part Part. Generating New drag cubes.
[LOG 15:04:42.718] [KSPCF/DragCubeGeneration] Creating drag cubes for part 'batteryBank'
[LOG 15:04:42.722] PartLoader: Compiling Part 'Squad/Parts/Electrical/z-200Battery/z-200Battery/batteryBankMini'
[LOG 15:04:42.725] PartLoader: Part 'Squad/Parts/Electrical/z-200Battery/z-200Battery/batteryBankMini' has no database record. Creating.
[LOG 15:04:42.725] [DragCubeSystem]: Drag cubes not found or cannot be read for part Part. Generating New drag cubes.
[LOG 15:04:42.725] [KSPCF/DragCubeGeneration] Creating drag cubes for part 'batteryBankMini'
[LOG 15:04:42.730] PartLoader: Compiling Part 'Squad/Parts/Electrical/z-400Battery/z-400Battery/ksp_r_largeBatteryPack'
[LOG 15:04:42.734] PartLoader: Part 'Squad/Parts/Electrical/z-400Battery/z-400Battery/ksp_r_largeBatteryPack' has no database record. Creating.
[LOG 15:04:42.734] [DragCubeSystem]: Drag cubes not found or cannot be read for part Part. Generating New drag cubes.
[LOG 15:04:42.734] [KSPCF/DragCubeGeneration] Creating drag cubes for part 'ksp.r.largeBatteryPack'
[LOG 15:04:42.739] PartLoader: Compiling Part 'Squad/Parts/Electrical/z-4kBattery/z-4kBattery/batteryBankLarge'
[LOG 15:04:42.741] PartLoader: Part 'Squad/Parts/Electrical/z-4kBattery/z-4kBattery/batteryBankLarge' has no database record. Creating.
[LOG 15:04:42.741] [DragCubeSystem]: Drag cubes not found or cannot be read for part Part. Generating New drag cubes.
[LOG 15:04:42.741] [KSPCF/DragCubeGeneration] Creating drag cubes for part 'batteryBankLarge'
[LOG 15:04:42.745] PartLoader: Compiling Part 'Squad/Parts/Engine/ionEngine/ionEngine/ionEngine'
[LOG 15:04:42.762] PartLoader: Part 'Squad/Parts/Engine/ionEngine/ionEngine/ionEngine' has no database record. Creating.
[LOG 15:04:42.763] [DragCubeSystem]: Drag cubes not found or cannot be read for part Part. Generating New drag cubes.
[LOG 15:04:42.763] [KSPCF/DragCubeGeneration] Creating drag cubes for part 'ionEngine'
[LOG 15:04:42.770] PartLoader: Compiling Part 'Squad/Parts/Engine/jetEngines/jetEngineAfterburning/turboJet'
[LOG 15:04:42.799] PartLoader: Part 'Squad/Parts/Engine/jetEngines/jetEngineAfterburning/turboJet' has no database record. Creating.
[LOG 15:04:42.799] [DragCubeSystem]: Drag cubes not found or cannot be read for part Part. Generating New drag cubes.
[LOG 15:04:42.799] [KSPCF/DragCubeGeneration] Creating drag cubes for part 'turboJet'
[LOG 15:04:42.807] PartLoader: Compiling Part 'Squad/Parts/Engine/jetEngines/jetEngineBasic/JetEngine'
[LOG 15:04:42.815] PartLoader: Part 'Squad/Parts/Engine/jetEngines/jetEngineBasic/JetEngine' has no database record. Creating.
[LOG 15:04:42.815] [DragCubeSystem]: Drag cubes not found or cannot be read for part Part. Generating New drag cubes.
[LOG 15:04:42.815] [KSPCF/DragCubeGeneration] Creating drag cubes for part 'JetEngine'
[LOG 15:04:42.829] PartLoader: Compiling Part 'Squad/Parts/Engine/jetEngines/jetEngineBig/turboFanSize2'
[LOG 15:04:42.841] PartLoader: Part 'Squad/Parts/Engine/jetEngines/jetEngineBig/turboFanSize2' has no database record. Creating.
[LOG 15:04:42.841] [DragCubeSystem]: Drag cubes not found or cannot be read for part Part. Generating New drag cubes.
[LOG 15:04:42.841] [KSPCF/DragCubeGeneration] Creating drag cubes for part 'turboFanSize2'
[LOG 15:04:42.856] PartLoader: Compiling Part 'Squad/Parts/Engine/jetEngines/jetEngineTurbo/turboFanEngine'
[LOG 15:04:42.866] PartLoader: Part 'Squad/Parts/Engine/jetEngines/jetEngineTurbo/turboFanEngine' has no database record. Creating.
[LOG 15:04:42.866] [DragCubeSystem]: Drag cubes not found or cannot be read for part Part. Generating New drag cubes.
[LOG 15:04:42.866] [KSPCF/DragCubeGeneration] Creating drag cubes for part 'turboFanEngine'
[LOG 15:04:42.872] PartLoader: Compiling Part 'Squad/Parts/Engine/liquidEngine24-77/liquidEngine24-77/smallRadialEngine'
[LOG 15:04:42.878] PartLoader: Part 'Squad/Parts/Engine/liquidEngine24-77/liquidEngine24-77/smallRadialEngine' has no database record. Creating.
[LOG 15:04:42.878] [DragCubeSystem]: Drag cubes not found or cannot be read for part Part. Generating New drag cubes.
[LOG 15:04:42.878] [KSPCF/DragCubeGeneration] Creating drag cubes for part 'smallRadialEngine'
[LOG 15:04:42.884] PartLoader: Compiling Part 'Squad/Parts/Engine/liquidEngine24-77_v2/liquidEngine24-77_v2/smallRadialEngine_v2'
[LOG 15:04:42.892] PartLoader: Part 'Squad/Parts/Engine/liquidEngine24-77_v2/liquidEngine24-77_v2/smallRadialEngine_v2' has no database record. Creating.
[LOG 15:04:42.892] [DragCubeSystem]: Drag cubes not found or cannot be read for part Part. Generating New drag cubes.
[LOG 15:04:42.892] [KSPCF/DragCubeGeneration] Creating drag cubes for part 'smallRadialEngine.v2'
[LOG 15:04:42.898] PartLoader: Compiling Part 'Squad/Parts/Engine/liquidEngine48-7S_v2/liquidEngine48-7S_v2/liquidEngineMini_v2'
[LOG 15:04:42.905] PartLoader: Part 'Squad/Parts/Engine/liquidEngine48-7S_v2/liquidEngine48-7S_v2/liquidEngineMini_v2' has no database record. Creating.
[LOG 15:04:42.905] [DragCubeSystem]: Drag cubes not found or cannot be read for part Part. Generating New drag cubes.
[LOG 15:04:42.906] [KSPCF/DragCubeGeneration] Creating drag cubes for part 'liquidEngineMini.v2'
[LOG 15:04:42.931] PartLoader: Compiling Part 'Squad/Parts/Engine/liquidEngineAerospike/liquidEngineAerospike/toroidalAerospike'
[LOG 15:04:42.945] PartLoader: Part 'Squad/Parts/Engine/liquidEngineAerospike/liquidEngineAerospike/toroidalAerospike' has no database record. Creating.
[LOG 15:04:42.945] [DragCubeSystem]: Drag cubes not found or cannot be read for part Part. Generating New drag cubes.
[LOG 15:04:42.945] [KSPCF/DragCubeGeneration] Creating drag cubes for part 'toroidalAerospike'
[LOG 15:04:42.959] PartLoader: Compiling Part 'Squad/Parts/Engine/liquidEngineLV-1_v2/liquidEngineLV-1R _v2/radialEngineMini_v2'
[LOG 15:04:42.966] PartLoader: Part 'Squad/Parts/Engine/liquidEngineLV-1_v2/liquidEngineLV-1R _v2/radialEngineMini_v2' has no database record. Creating.
[LOG 15:04:42.966] [DragCubeSystem]: Drag cubes not found or cannot be read for part Part. Generating New drag cubes.
[LOG 15:04:42.966] [KSPCF/DragCubeGeneration] Creating drag cubes for part 'radialEngineMini.v2'
[LOG 15:04:42.980] PartLoader: Compiling Part 'Squad/Parts/Engine/liquidEngineLV-1_v2/liquidEngineLV-1_v2/microEngine_v2'
[LOG 15:04:42.987] PartLoader: Part 'Squad/Parts/Engine/liquidEngineLV-1_v2/liquidEngineLV-1_v2/microEngine_v2' has no database record. Creating.
[LOG 15:04:42.987] [DragCubeSystem]: Drag cubes not found or cannot be read for part Part. Generating New drag cubes.
[LOG 15:04:42.987] [KSPCF/DragCubeGeneration] Creating drag cubes for part 'microEngine.v2'
[LOG 15:04:43.000] PartLoader: Compiling Part 'Squad/Parts/Engine/liquidEngineLV-909_v2/liquidEngineLV-909_v2/liquidEngine3_v2'
[LOG 15:04:43.009] PartLoader: Part 'Squad/Parts/Engine/liquidEngineLV-909_v2/liquidEngineLV-909_v2/liquidEngine3_v2' has no database record. Creating.
[LOG 15:04:43.009] [DragCubeSystem]: Drag cubes not found or cannot be read for part Part. Generating New drag cubes.
[LOG 15:04:43.009] [KSPCF/DragCubeGeneration] Creating drag cubes for part 'liquidEngine3.v2'
[LOG 15:04:43.035] PartLoader: Compiling Part 'Squad/Parts/Engine/liquidEngineLV-N/liquidEngineLV-N/nuclearEngine'
[LOG 15:04:43.042] PartLoader: Part 'Squad/Parts/Engine/liquidEngineLV-N/liquidEngineLV-N/nuclearEngine' has no database record. Creating.
[LOG 15:04:43.042] [DragCubeSystem]: Drag cubes not found or cannot be read for part Part. Generating New drag cubes.
[LOG 15:04:43.042] [KSPCF/DragCubeGeneration] Part 'nuclearEngine' has defined a procedural drag cube setup
[LOG 15:04:43.043] PartLoader: Compiling Part 'Squad/Parts/Engine/liquidEngineLV-T30/liquidEngineLV-T30/liquidEngine'
[LOG 15:04:43.049] PartLoader: Part 'Squad/Parts/Engine/liquidEngineLV-T30/liquidEngineLV-T30/liquidEngine' has no database record. Creating.
[LOG 15:04:43.049] [DragCubeSystem]: Drag cubes not found or cannot be read for part Part. Generating New drag cubes.
[LOG 15:04:43.049] [KSPCF/DragCubeGeneration] Creating drag cubes for part 'liquidEngine'
[LOG 15:04:43.062] PartLoader: Compiling Part 'Squad/Parts/Engine/liquidEngineLV-T30_v2/liquidEngineLV-T30_v2/liquidEngine_v2'
[LOG 15:04:43.069] PartLoader: Part 'Squad/Parts/Engine/liquidEngineLV-T30_v2/liquidEngineLV-T30_v2/liquidEngine_v2' has no database record. Creating.
[LOG 15:04:43.071] PartLoader: Compiling Part 'Squad/Parts/Engine/liquidEngineLV-T45/liquidEngineLV-T45/liquidEngine2'
[LOG 15:04:43.078] PartLoader: Part 'Squad/Parts/Engine/liquidEngineLV-T45/liquidEngineLV-T45/liquidEngine2' has no database record. Creating.
[LOG 15:04:43.078] [DragCubeSystem]: Drag cubes not found or cannot be read for part Part. Generating New drag cubes.
[LOG 15:04:43.078] [KSPCF/DragCubeGeneration] Creating drag cubes for part 'liquidEngine2'
[LOG 15:04:43.092] PartLoader: Compiling Part 'Squad/Parts/Engine/liquidEngineLV-T45_v2/liquidEngineLV-T45_v2/liquidEngine2_v2'
[LOG 15:04:43.101] PartLoader: Part 'Squad/Parts/Engine/liquidEngineLV-T45_v2/liquidEngineLV-T45_v2/liquidEngine2_v2' has no database record. Creating.
[LOG 15:04:43.102] PartLoader: Compiling Part 'Squad/Parts/Engine/liquidEngineMainsail_v2/liquidEngineMainsail_v2/liquidEngineMainsail_v2'
[LOG 15:04:43.112] PartLoader: Part 'Squad/Parts/Engine/liquidEngineMainsail_v2/liquidEngineMainsail_v2/liquidEngineMainsail_v2' has no database record. Creating.
[LOG 15:04:43.112] [DragCubeSystem]: Drag cubes not found or cannot be read for part Part. Generating New drag cubes.
[LOG 15:04:43.112] [KSPCF/DragCubeGeneration] Creating drag cubes for part 'liquidEngineMainsail.v2'
[LOG 15:04:43.141] PartLoader: Compiling Part 'Squad/Parts/Engine/liquidEngineMk55/liquidEngineMk55/radialLiquidEngine1-2'
[LOG 15:04:43.147] PartLoader: Part 'Squad/Parts/Engine/liquidEngineMk55/liquidEngineMk55/radialLiquidEngine1-2' has no database record. Creating.
[LOG 15:04:43.147] [DragCubeSystem]: Drag cubes not found or cannot be read for part Part. Generating New drag cubes.
[LOG 15:04:43.147] [KSPCF/DragCubeGeneration] Creating drag cubes for part 'radialLiquidEngine1-2'
[LOG 15:04:43.152] PartLoader: Compiling Part 'Squad/Parts/Engine/liquidEnginePoodle_v2/liquidEnginePoodle_v2/liquidEngine2-2_v2'
[LOG 15:04:43.161] PartLoader: Part 'Squad/Parts/Engine/liquidEnginePoodle_v2/liquidEnginePoodle_v2/liquidEngine2-2_v2' has no database record. Creating.
[LOG 15:04:43.162] PartLoader: Compiling Part 'Squad/Parts/Engine/liquidEngineSkipper_v2/skipperLiquidEngine_v2/engineLargeSkipper_v2'
[LOG 15:04:43.171] PartLoader: Part 'Squad/Parts/Engine/liquidEngineSkipper_v2/skipperLiquidEngine_v2/engineLargeSkipper_v2' has no database record. Creating.
[LOG 15:04:43.171] [DragCubeSystem]: Drag cubes not found or cannot be read for part Part. Generating New drag cubes.
[LOG 15:04:43.171] [KSPCF/DragCubeGeneration] Creating drag cubes for part 'engineLargeSkipper.v2'
[LOG 15:04:43.222] PartLoader: Compiling Part 'Squad/Parts/Engine/liquidEngineSSME/SSME/SSME'
[LOG 15:04:43.230] PartLoader: Part 'Squad/Parts/Engine/liquidEngineSSME/SSME/SSME' has no database record. Creating.
[LOG 15:04:43.230] [DragCubeSystem]: Drag cubes not found or cannot be read for part Part. Generating New drag cubes.
[LOG 15:04:43.230] [KSPCF/DragCubeGeneration] Creating drag cubes for part 'SSME'
[LOG 15:04:43.243] PartLoader: Compiling Part 'Squad/Parts/Engine/MassiveSRB/part/MassiveBooster'
[LOG 15:04:43.251] PartLoader: Part 'Squad/Parts/Engine/MassiveSRB/part/MassiveBooster' has no database record. Creating.
[LOG 15:04:43.251] [DragCubeSystem]: Drag cubes not found or cannot be read for part Part. Generating New drag cubes.
[LOG 15:04:43.251] [KSPCF/DragCubeGeneration] Creating drag cubes for part 'MassiveBooster'
[LOG 15:04:43.256] PartLoader: Compiling Part 'Squad/Parts/Engine/miniJet/SmallJetEngine/miniJetEngine'
[LOG 15:04:43.262] PartLoader: Part 'Squad/Parts/Engine/miniJet/SmallJetEngine/miniJetEngine' has no database record. Creating.
[LOG 15:04:43.263] [DragCubeSystem]: Drag cubes not found or cannot be read for part Part. Generating New drag cubes.
[LOG 15:04:43.263] [KSPCF/DragCubeGeneration] Creating drag cubes for part 'miniJetEngine'
[LOG 15:04:43.268] PartLoader: Compiling Part 'Squad/Parts/Engine/OMSEngine/omsEngine/omsEngine'
[LOG 15:04:43.275] PartLoader: Part 'Squad/Parts/Engine/OMSEngine/omsEngine/omsEngine' has no database record. Creating.
[LOG 15:04:43.275] [DragCubeSystem]: Drag cubes not found or cannot be read for part Part. Generating New drag cubes.
[LOG 15:04:43.275] [KSPCF/DragCubeGeneration] Creating drag cubes for part 'omsEngine'
[LOG 15:04:43.280] PartLoader: Compiling Part 'Squad/Parts/Engine/rapierEngine/rapierEngine/RAPIER'
[LOG 15:04:43.290] PartLoader: Part 'Squad/Parts/Engine/rapierEngine/rapierEngine/RAPIER' has no database record. Creating.
[LOG 15:04:43.290] [DragCubeSystem]: Drag cubes not found or cannot be read for part Part. Generating New drag cubes.
[LOG 15:04:43.290] [KSPCF/DragCubeGeneration] Creating drag cubes for part 'RAPIER'
[LOG 15:04:43.297] PartLoader: Compiling Part 'Squad/Parts/Engine/Size1_SRBs/solidBoosterRT-10_v2/solidBooster_v2'
[LOG 15:04:43.303] PartLoader: Part 'Squad/Parts/Engine/Size1_SRBs/solidBoosterRT-10_v2/solidBooster_v2' has no database record. Creating.
[LOG 15:04:43.304] [DragCubeSystem]: Drag cubes not found or cannot be read for part Part. Generating New drag cubes.
[LOG 15:04:43.304] [KSPCF/DragCubeGeneration] Creating drag cubes for part 'solidBooster.v2'
[LOG 15:04:43.318] PartLoader: Compiling Part 'Squad/Parts/Engine/Size1_SRBs/solidBoosterRT-5_v2/solidBooster_sm_v2'
[LOG 15:04:43.327] PartLoader: Part 'Squad/Parts/Engine/Size1_SRBs/solidBoosterRT-5_v2/solidBooster_sm_v2' has no database record. Creating.
[LOG 15:04:43.327] [DragCubeSystem]: Drag cubes not found or cannot be read for part Part. Generating New drag cubes.
[LOG 15:04:43.327] [KSPCF/DragCubeGeneration] Creating drag cubes for part 'solidBooster.sm.v2'
[LOG 15:04:43.344] PartLoader: Compiling Part 'Squad/Parts/Engine/Size2LFB/part/Size2LFB'
[LOG 15:04:43.351] PartLoader: Part 'Squad/Parts/Engine/Size2LFB/part/Size2LFB' has no database record. Creating.
[LOG 15:04:43.351] [DragCubeSystem]: Drag cubes not found or cannot be read for part Part. Generating New drag cubes.
[LOG 15:04:43.351] [KSPCF/DragCubeGeneration] Creating drag cubes for part 'Size2LFB'
[LOG 15:04:43.357] PartLoader: Compiling Part 'Squad/Parts/Engine/Size2LFB_v2/part/Size2LFB_v2'
[LOG 15:04:43.364] PartLoader: Part 'Squad/Parts/Engine/Size2LFB_v2/part/Size2LFB_v2' has no database record. Creating.
[LOG 15:04:43.364] [DragCubeSystem]: Drag cubes not found or cannot be read for part Part. Generating New drag cubes.
[LOG 15:04:43.364] [KSPCF/DragCubeGeneration] Creating drag cubes for part 'Size2LFB.v2'
[LOG 15:04:43.370] PartLoader: Compiling Part 'Squad/Parts/Engine/Size3AdvancedEngine/part/Size3AdvancedEngine'
[LOG 15:04:43.379] PartLoader: Part 'Squad/Parts/Engine/Size3AdvancedEngine/part/Size3AdvancedEngine' has no database record. Creating.
[LOG 15:04:43.379] [DragCubeSystem]: Drag cubes not found or cannot be read for part Part. Generating New drag cubes.
[LOG 15:04:43.379] [KSPCF/DragCubeGeneration] Creating drag cubes for part 'Size3AdvancedEngine'
[LOG 15:04:43.393] PartLoader: Compiling Part 'Squad/Parts/Engine/Size3EngineCluster/part/Size3EngineCluster'
[LOG 15:04:43.401] PartLoader: Part 'Squad/Parts/Engine/Size3EngineCluster/part/Size3EngineCluster' has no database record. Creating.
[LOG 15:04:43.401] [DragCubeSystem]: Drag cubes not found or cannot be read for part Part. Generating New drag cubes.
[LOG 15:04:43.401] [KSPCF/DragCubeGeneration] Creating drag cubes for part 'Size3EngineCluster'
[LOG 15:04:43.407] PartLoader: Compiling Part 'Squad/Parts/Engine/solidBoosterBACC/solidBoosterBACC/solidBooster1-1'
[LOG 15:04:43.412] PartLoader: Part 'Squad/Parts/Engine/solidBoosterBACC/solidBoosterBACC/solidBooster1-1' has no database record. Creating.
[LOG 15:04:43.412] [DragCubeSystem]: Drag cubes not found or cannot be read for part Part. Generating New drag cubes.
[LOG 15:04:43.413] [KSPCF/DragCubeGeneration] Creating drag cubes for part 'solidBooster1-1'
[LOG 15:04:43.418] PartLoader: Compiling Part 'Squad/Parts/Engine/solidBoosterS2-17/solidBoosterS2-17/Thoroughbred'
[LOG 15:04:43.426] PartLoader: Part 'Squad/Parts/Engine/solidBoosterS2-17/solidBoosterS2-17/Thoroughbred' has no database record. Creating.
[LOG 15:04:43.426] [DragCubeSystem]: Drag cubes not found or cannot be read for part Part. Generating New drag cubes.
[LOG 15:04:43.426] [KSPCF/DragCubeGeneration] Creating drag cubes for part 'Thoroughbred'
[LOG 15:04:43.431] PartLoader: Compiling Part 'Squad/Parts/Engine/solidBoosterS2-33/solidBoosterS2-33/Clydesdale'
[LOG 15:04:43.437] PartLoader: Part 'Squad/Parts/Engine/solidBoosterS2-33/solidBoosterS2-33/Clydesdale' has no database record. Creating.
[LOG 15:04:43.437] [DragCubeSystem]: Drag cubes not found or cannot be read for part Part. Generating New drag cubes.
[LOG 15:04:43.437] [KSPCF/DragCubeGeneration] Creating drag cubes for part 'Clydesdale'
[LOG 15:04:43.443] PartLoader: Compiling Part 'Squad/Parts/Engine/solidBoosterSep/solidBoosterSep/sepMotor1'
[LOG 15:04:43.446] [ModuleCargoPart]: Setting stackableQuantity to 1 as sepMotor1 contains resources
[LOG 15:04:43.447] PartLoader: Part 'Squad/Parts/Engine/solidBoosterSep/solidBoosterSep/sepMotor1' has no database record. Creating.
[LOG 15:04:43.448] [DragCubeSystem]: Drag cubes not found or cannot be read for part Part. Generating New drag cubes.
[LOG 15:04:43.448] [KSPCF/DragCubeGeneration] Creating drag cubes for part 'sepMotor1'
[LOG 15:04:43.453] PartLoader: Compiling Part 'Squad/Parts/Engine/SolidBoostersF/SolidBoosterF3S0/Shrimp'
[LOG 15:04:43.460] PartLoader: Part 'Squad/Parts/Engine/SolidBoostersF/SolidBoosterF3S0/Shrimp' has no database record. Creating.
[LOG 15:04:43.460] [DragCubeSystem]: Drag cubes not found or cannot be read for part Part. Generating New drag cubes.
[LOG 15:04:43.460] [KSPCF/DragCubeGeneration] Creating drag cubes for part 'Shrimp'
[LOG 15:04:43.465] PartLoader: Compiling Part 'Squad/Parts/Engine/SolidBoostersF/SolidBoosterFM1/Mite'
[LOG 15:04:43.471] PartLoader: Part 'Squad/Parts/Engine/SolidBoostersF/SolidBoosterFM1/Mite' has no database record. Creating.
[LOG 15:04:43.471] [DragCubeSystem]: Drag cubes not found or cannot be read for part Part. Generating New drag cubes.
[LOG 15:04:43.471] [KSPCF/DragCubeGeneration] Creating drag cubes for part 'Mite'
[LOG 15:04:43.477] PartLoader: Compiling Part 'Squad/Parts/FuelTank/adapterTanks/Mk3-Mk2/adapterMk3-Mk2'
[LOG 15:04:43.479] PartLoader: Part 'Squad/Parts/FuelTank/adapterTanks/Mk3-Mk2/adapterMk3-Mk2' has no database record. Creating.
[LOG 15:04:43.479] [DragCubeSystem]: Drag cubes not found or cannot be read for part Part. Generating New drag cubes.
[LOG 15:04:43.479] [KSPCF/DragCubeGeneration] Creating drag cubes for part 'adapterMk3-Mk2'
[LOG 15:04:43.484] PartLoader: Compiling Part 'Squad/Parts/FuelTank/adapterTanks/Mk3-ShuttleAdapter/adapterEngines'
[LOG 15:04:43.486] PartLoader: Part 'Squad/Parts/FuelTank/adapterTanks/Mk3-ShuttleAdapter/adapterEngines' has no database record. Creating.
[LOG 15:04:43.486] [DragCubeSystem]: Drag cubes not found or cannot be read for part Part. Generating New drag cubes.
[LOG 15:04:43.486] [KSPCF/DragCubeGeneration] Creating drag cubes for part 'adapterEngines'
[LOG 15:04:43.490] PartLoader: Compiling Part 'Squad/Parts/FuelTank/adapterTanks/Mk3-Size2/adapterMk3-Size2'
[LOG 15:04:43.492] PartLoader: Part 'Squad/Parts/FuelTank/adapterTanks/Mk3-Size2/adapterMk3-Size2' has no database record. Creating.
[LOG 15:04:43.492] [DragCubeSystem]: Drag cubes not found or cannot be read for part Part. Generating New drag cubes.
[LOG 15:04:43.493] [KSPCF/DragCubeGeneration] Creating drag cubes for part 'adapterMk3-Size2'
[LOG 15:04:43.497] PartLoader: Compiling Part 'Squad/Parts/FuelTank/adapterTanks/Mk3-Size2Slant/adapterMk3-Size2Slant'
[LOG 15:04:43.500] PartLoader: Part 'Squad/Parts/FuelTank/adapterTanks/Mk3-Size2Slant/adapterMk3-Size2Slant' has no database record. Creating.
[LOG 15:04:43.500] [DragCubeSystem]: Drag cubes not found or cannot be read for part Part. Generating New drag cubes.
[LOG 15:04:43.500] [KSPCF/DragCubeGeneration] Creating drag cubes for part 'adapterMk3-Size2Slant'
[LOG 15:04:43.504] PartLoader: Compiling Part 'Squad/Parts/FuelTank/adapterTanks/Size2-Mk2/adapterSize2-Mk2'
[LOG 15:04:43.506] PartLoader: Part 'Squad/Parts/FuelTank/adapterTanks/Size2-Mk2/adapterSize2-Mk2' has no database record. Creating.
[LOG 15:04:43.506] [DragCubeSystem]: Drag cubes not found or cannot be read for part Part. Generating New drag cubes.
[LOG 15:04:43.507] [KSPCF/DragCubeGeneration] Creating drag cubes for part 'adapterSize2-Mk2'
[LOG 15:04:43.511] PartLoader: Compiling Part 'Squad/Parts/FuelTank/adapterTanks/Size2-Size1/adapterSize2-Size1'
[LOG 15:04:43.513] PartLoader: Part 'Squad/Parts/FuelTank/adapterTanks/Size2-Size1/adapterSize2-Size1' has no database record. Creating.
[LOG 15:04:43.513] [DragCubeSystem]: Drag cubes not found or cannot be read for part Part. Generating New drag cubes.
[LOG 15:04:43.513] [KSPCF/DragCubeGeneration] Creating drag cubes for part 'adapterSize2-Size1'
[LOG 15:04:43.517] PartLoader: Compiling Part 'Squad/Parts/FuelTank/adapterTanks/Size2-Size1Slant/adapterSize2-Size1Slant'
[LOG 15:04:43.519] PartLoader: Part 'Squad/Parts/FuelTank/adapterTanks/Size2-Size1Slant/adapterSize2-Size1Slant' has no database record. Creating.
[LOG 15:04:43.520] [DragCubeSystem]: Drag cubes not found or cannot be read for part Part. Generating New drag cubes.
[LOG 15:04:43.520] [KSPCF/DragCubeGeneration] Creating drag cubes for part 'adapterSize2-Size1Slant'
[LOG 15:04:43.524] PartLoader: Compiling Part 'Squad/Parts/FuelTank/adapterTanks/Size3-Mk3/adapterSize3-Mk3'
[LOG 15:04:43.527] PartLoader: Part 'Squad/Parts/FuelTank/adapterTanks/Size3-Mk3/adapterSize3-Mk3' has no database record. Creating.
[LOG 15:04:43.527] [DragCubeSystem]: Drag cubes not found or cannot be read for part Part. Generating New drag cubes.
[LOG 15:04:43.528] [KSPCF/DragCubeGeneration] Creating drag cubes for part 'adapterSize3-Mk3'
[LOG 15:04:43.533] PartLoader: Compiling Part 'Squad/Parts/FuelTank/drainTankFTE-1/ReleaseValve/ReleaseValve'
[LOG 15:04:43.543] PartLoader: Part 'Squad/Parts/FuelTank/drainTankFTE-1/ReleaseValve/ReleaseValve' has no database record. Creating.
[LOG 15:04:43.543] [DragCubeSystem]: Drag cubes not found or cannot be read for part Part. Generating New drag cubes.
[LOG 15:04:43.543] [KSPCF/DragCubeGeneration] Creating drag cubes for part 'ReleaseValve'
[LOG 15:04:43.547] PartLoader: Compiling Part 'Squad/Parts/FuelTank/FoilTanks/RadialTank_Capsule/externalTankCapsule'
[LOG 15:04:43.550] PartLoader: Part 'Squad/Parts/FuelTank/FoilTanks/RadialTank_Capsule/externalTankCapsule' has no database record. Creating.
[LOG 15:04:43.550] [DragCubeSystem]: Drag cubes not found or cannot be read for part Part. Generating New drag cubes.
[LOG 15:04:43.550] [KSPCF/DragCubeGeneration] Creating drag cubes for part 'externalTankCapsule'
[LOG 15:04:43.555] PartLoader: Compiling Part 'Squad/Parts/FuelTank/FoilTanks/RadialTank_Round/externalTankRound'
[LOG 15:04:43.558] PartLoader: Part 'Squad/Parts/FuelTank/FoilTanks/RadialTank_Round/externalTankRound' has no database record. Creating.
[LOG 15:04:43.558] [DragCubeSystem]: Drag cubes not found or cannot be read for part Part. Generating New drag cubes.
[LOG 15:04:43.558] [KSPCF/DragCubeGeneration] Creating drag cubes for part 'externalTankRound'
[LOG 15:04:43.564] PartLoader: Compiling Part 'Squad/Parts/FuelTank/FoilTanks/ToroidTank/externalTankToroid'
[LOG 15:04:43.569] PartLoader: Part 'Squad/Parts/FuelTank/FoilTanks/ToroidTank/externalTankToroid' has no database record. Creating.
[LOG 15:04:43.569] [DragCubeSystem]: Drag cubes not found or cannot be read for part Part. Generating New drag cubes.
[LOG 15:04:43.569] [KSPCF/DragCubeGeneration] Creating drag cubes for part 'externalTankToroid'
[LOG 15:04:43.574] PartLoader: Compiling Part 'Squad/Parts/FuelTank/fuelTankOscarB/fuelTankOscarB/miniFuelTank'
[LOG 15:04:43.577] PartLoader: Part 'Squad/Parts/FuelTank/fuelTankOscarB/fuelTankOscarB/miniFuelTank' has no database record. Creating.
[LOG 15:04:43.577] [DragCubeSystem]: Drag cubes not found or cannot be read for part Part. Generating New drag cubes.
[LOG 15:04:43.577] [KSPCF/DragCubeGeneration] Creating drag cubes for part 'miniFuelTank'
[LOG 15:04:43.582] PartLoader: Compiling Part 'Squad/Parts/FuelTank/miniFuselage/miniFuselage/miniFuselage'
[LOG 15:04:43.584] PartLoader: Part 'Squad/Parts/FuelTank/miniFuselage/miniFuselage/miniFuselage' has no database record. Creating.
[LOG 15:04:43.584] [DragCubeSystem]: Drag cubes not found or cannot be read for part Part. Generating New drag cubes.
[LOG 15:04:43.584] [KSPCF/DragCubeGeneration] Creating drag cubes for part 'miniFuselage'
[LOG 15:04:43.590] PartLoader: Compiling Part 'Squad/Parts/FuelTank/mk2Adapters/bicoupler/mk2_1m_Bicoupler'
[LOG 15:04:43.594] PartLoader: Part 'Squad/Parts/FuelTank/mk2Adapters/bicoupler/mk2_1m_Bicoupler' has no database record. Creating.
[LOG 15:04:43.594] [DragCubeSystem]: Drag cubes not found or cannot be read for part Part. Generating New drag cubes.
[LOG 15:04:43.594] [KSPCF/DragCubeGeneration] Creating drag cubes for part 'mk2.1m.Bicoupler'
[LOG 15:04:43.601] PartLoader: Compiling Part 'Squad/Parts/FuelTank/mk2Adapters/long/mk2_1m_AdapterLong'
[LOG 15:04:43.605] PartLoader: Part 'Squad/Parts/FuelTank/mk2Adapters/long/mk2_1m_AdapterLong' has no database record. Creating.
[LOG 15:04:43.605] [DragCubeSystem]: Drag cubes not found or cannot be read for part Part. Generating New drag cubes.
[LOG 15:04:43.605] [KSPCF/DragCubeGeneration] Creating drag cubes for part 'mk2.1m.AdapterLong'
[LOG 15:04:43.610] PartLoader: Compiling Part 'Squad/Parts/FuelTank/mk2Adapters/standard/mk2SpacePlaneAdapter'
[LOG 15:04:43.612] PartLoader: Part 'Squad/Parts/FuelTank/mk2Adapters/standard/mk2SpacePlaneAdapter' has no database record. Creating.
[LOG 15:04:43.613] [DragCubeSystem]: Drag cubes not found or cannot be read for part Part. Generating New drag cubes.
[LOG 15:04:43.613] [KSPCF/DragCubeGeneration] Creating drag cubes for part 'mk2SpacePlaneAdapter'
[LOG 15:04:43.617] PartLoader: Compiling Part 'Squad/Parts/FuelTank/mk2FuselageLong/LFO_long/mk2FuselageLongLFO'
[LOG 15:04:43.620] PartLoader: Part 'Squad/Parts/FuelTank/mk2FuselageLong/LFO_long/mk2FuselageLongLFO' has no database record. Creating.
[LOG 15:04:43.620] [DragCubeSystem]: Drag cubes not found or cannot be read for part Part. Generating New drag cubes.
[LOG 15:04:43.620] [KSPCF/DragCubeGeneration] Creating drag cubes for part 'mk2FuselageLongLFO'
[LOG 15:04:43.624] PartLoader: Compiling Part 'Squad/Parts/FuelTank/mk2FuselageLong/L_long/mk2Fuselage'
[LOG 15:04:43.627] PartLoader: Part 'Squad/Parts/FuelTank/mk2FuselageLong/L_long/mk2Fuselage' has no database record. Creating.
[LOG 15:04:43.627] [DragCubeSystem]: Drag cubes not found or cannot be read for part Part. Generating New drag cubes.
[LOG 15:04:43.627] [KSPCF/DragCubeGeneration] Creating drag cubes for part 'mk2Fuselage'
[LOG 15:04:43.631] PartLoader: Compiling Part 'Squad/Parts/FuelTank/mk2FuselageShort/LFO_short/mk2FuselageShortLFO'
[LOG 15:04:43.635] PartLoader: Part 'Squad/Parts/FuelTank/mk2FuselageShort/LFO_short/mk2FuselageShortLFO' has no database record. Creating.
[LOG 15:04:43.635] [DragCubeSystem]: Drag cubes not found or cannot be read for part Part. Generating New drag cubes.
[LOG 15:04:43.635] [KSPCF/DragCubeGeneration] Creating drag cubes for part 'mk2FuselageShortLFO'
[LOG 15:04:43.640] PartLoader: Compiling Part 'Squad/Parts/FuelTank/mk2FuselageShort/L_short/mk2FuselageShortLiquid'
[LOG 15:04:43.643] PartLoader: Part 'Squad/Parts/FuelTank/mk2FuselageShort/L_short/mk2FuselageShortLiquid' has no database record. Creating.
[LOG 15:04:43.644] [DragCubeSystem]: Drag cubes not found or cannot be read for part Part. Generating New drag cubes.
[LOG 15:04:43.644] [KSPCF/DragCubeGeneration] Creating drag cubes for part 'mk2FuselageShortLiquid'
[LOG 15:04:43.648] PartLoader: Compiling Part 'Squad/Parts/FuelTank/mk2FuselageShort/Mono_short/mk2FuselageShortMono'
[LOG 15:04:43.651] PartLoader: Part 'Squad/Parts/FuelTank/mk2FuselageShort/Mono_short/mk2FuselageShortMono' has no database record. Creating.
[LOG 15:04:43.651] [DragCubeSystem]: Drag cubes not found or cannot be read for part Part. Generating New drag cubes.
[LOG 15:04:43.651] [KSPCF/DragCubeGeneration] Creating drag cubes for part 'mk2FuselageShortMono'
[LOG 15:04:43.656] PartLoader: Compiling Part 'Squad/Parts/FuelTank/mk3Fuselage/CREW/mk3CrewCabin'
[LOG 15:04:43.660] PartLoader: Part 'Squad/Parts/FuelTank/mk3Fuselage/CREW/mk3CrewCabin' has no database record. Creating.
[LOG 15:04:43.660] [DragCubeSystem]: Drag cubes not found or cannot be read for part Part. Generating New drag cubes.
[LOG 15:04:43.660] [KSPCF/DragCubeGeneration] Creating drag cubes for part 'mk3CrewCabin'
[LOG 15:04:43.665] PartLoader: Compiling Part 'Squad/Parts/FuelTank/mk3Fuselage/LFO_100/mk3FuselageLFO_100'
[LOG 15:04:43.667] PartLoader: Part 'Squad/Parts/FuelTank/mk3Fuselage/LFO_100/mk3FuselageLFO_100' has no database record. Creating.
[LOG 15:04:43.667] [DragCubeSystem]: Drag cubes not found or cannot be read for part Part. Generating New drag cubes.
[LOG 15:04:43.668] [KSPCF/DragCubeGeneration] Creating drag cubes for part 'mk3FuselageLFO.100'
[LOG 15:04:43.673] PartLoader: Compiling Part 'Squad/Parts/FuelTank/mk3Fuselage/LFO_25/mk3FuselageLFO_25'
[LOG 15:04:43.675] PartLoader: Part 'Squad/Parts/FuelTank/mk3Fuselage/LFO_25/mk3FuselageLFO_25' has no database record. Creating.
[LOG 15:04:43.676] [DragCubeSystem]: Drag cubes not found or cannot be read for part Part. Generating New drag cubes.
[LOG 15:04:43.676] [KSPCF/DragCubeGeneration] Creating drag cubes for part 'mk3FuselageLFO.25'
[LOG 15:04:43.680] PartLoader: Compiling Part 'Squad/Parts/FuelTank/mk3Fuselage/LFO_50/mk3FuselageLFO_50'
[LOG 15:04:43.682] PartLoader: Part 'Squad/Parts/FuelTank/mk3Fuselage/LFO_50/mk3FuselageLFO_50' has no database record. Creating.
[LOG 15:04:43.682] [DragCubeSystem]: Drag cubes not found or cannot be read for part Part. Generating New drag cubes.
[LOG 15:04:43.683] [KSPCF/DragCubeGeneration] Creating drag cubes for part 'mk3FuselageLFO.50'
[LOG 15:04:43.687] PartLoader: Compiling Part 'Squad/Parts/FuelTank/mk3Fuselage/LF_100/mk3FuselageLF_100'
[LOG 15:04:43.690] PartLoader: Part 'Squad/Parts/FuelTank/mk3Fuselage/LF_100/mk3FuselageLF_100' has no database record. Creating.
[LOG 15:04:43.690] [DragCubeSystem]: Drag cubes not found or cannot be read for part Part. Generating New drag cubes.
[LOG 15:04:43.690] [KSPCF/DragCubeGeneration] Creating drag cubes for part 'mk3FuselageLF.100'
[LOG 15:04:43.694] PartLoader: Compiling Part 'Squad/Parts/FuelTank/mk3Fuselage/LF_25/mk3FuselageLF_25'
[LOG 15:04:43.696] PartLoader: Part 'Squad/Parts/FuelTank/mk3Fuselage/LF_25/mk3FuselageLF_25' has no database record. Creating.
[LOG 15:04:43.697] [DragCubeSystem]: Drag cubes not found or cannot be read for part Part. Generating New drag cubes.
[LOG 15:04:43.697] [KSPCF/DragCubeGeneration] Creating drag cubes for part 'mk3FuselageLF.25'
[LOG 15:04:43.701] PartLoader: Compiling Part 'Squad/Parts/FuelTank/mk3Fuselage/LF_50/mk3FuselageLF_50'
[LOG 15:04:43.703] PartLoader: Part 'Squad/Parts/FuelTank/mk3Fuselage/LF_50/mk3FuselageLF_50' has no database record. Creating.
[LOG 15:04:43.703] [DragCubeSystem]: Drag cubes not found or cannot be read for part Part. Generating New drag cubes.
[LOG 15:04:43.704] [KSPCF/DragCubeGeneration] Creating drag cubes for part 'mk3FuselageLF.50'
[LOG 15:04:43.709] PartLoader: Compiling Part 'Squad/Parts/FuelTank/mk3Fuselage/MONO/mk3FuselageMONO'
[LOG 15:04:43.712] PartLoader: Part 'Squad/Parts/FuelTank/mk3Fuselage/MONO/mk3FuselageMONO' has no database record. Creating.
[LOG 15:04:43.712] [DragCubeSystem]: Drag cubes not found or cannot be read for part Part. Generating New drag cubes.
[LOG 15:04:43.712] [KSPCF/DragCubeGeneration] Creating drag cubes for part 'mk3FuselageMONO'
[LOG 15:04:43.717] PartLoader: Compiling Part 'Squad/Parts/FuelTank/RCSFuelTankR1/RCSFuelTankR1/RCSTank1-2'
[LOG 15:04:43.720] PartLoader: Part 'Squad/Parts/FuelTank/RCSFuelTankR1/RCSFuelTankR1/RCSTank1-2' has no database record. Creating.
[LOG 15:04:43.720] [DragCubeSystem]: Drag cubes not found or cannot be read for part Part. Generating New drag cubes.
[LOG 15:04:43.720] [KSPCF/DragCubeGeneration] Creating drag cubes for part 'RCSTank1-2'
[LOG 15:04:43.724] PartLoader: Compiling Part 'Squad/Parts/FuelTank/RCSFuelTankR10/RCSFuelTankR10/rcsTankMini'
[LOG 15:04:43.727] PartLoader: Part 'Squad/Parts/FuelTank/RCSFuelTankR10/RCSFuelTankR10/rcsTankMini' has no database record. Creating.
[LOG 15:04:43.727] [DragCubeSystem]: Drag cubes not found or cannot be read for part Part. Generating New drag cubes.
[LOG 15:04:43.727] [KSPCF/DragCubeGeneration] Creating drag cubes for part 'rcsTankMini'
[LOG 15:04:43.732] PartLoader: Compiling Part 'Squad/Parts/FuelTank/RCSFuelTankR25/RCSFuelTankR25/RCSFuelTank'
[LOG 15:04:43.734] PartLoader: Part 'Squad/Parts/FuelTank/RCSFuelTankR25/RCSFuelTankR25/RCSFuelTank' has no database record. Creating.
[LOG 15:04:43.734] [DragCubeSystem]: Drag cubes not found or cannot be read for part Part. Generating New drag cubes.
[LOG 15:04:43.734] [KSPCF/DragCubeGeneration] Creating drag cubes for part 'RCSFuelTank'
[LOG 15:04:43.739] PartLoader: Compiling Part 'Squad/Parts/FuelTank/RCSTankRadial/radialRCSTank/radialRCSTank'
[LOG 15:04:43.743] PartLoader: Part 'Squad/Parts/FuelTank/RCSTankRadial/radialRCSTank/radialRCSTank' has no database record. Creating.
[LOG 15:04:43.743] [DragCubeSystem]: Drag cubes not found or cannot be read for part Part. Generating New drag cubes.
[LOG 15:04:43.743] [KSPCF/DragCubeGeneration] Creating drag cubes for part 'radialRCSTank'
[LOG 15:04:43.747] PartLoader: Compiling Part 'Squad/Parts/FuelTank/RCStankRadialLong/RCSTankRadialLong/rcsTankRadialLong'
[LOG 15:04:43.749] PartLoader: Part 'Squad/Parts/FuelTank/RCStankRadialLong/RCSTankRadialLong/rcsTankRadialLong' has no database record. Creating.
[LOG 15:04:43.750] [DragCubeSystem]: Drag cubes not found or cannot be read for part Part. Generating New drag cubes.
[LOG 15:04:43.750] [KSPCF/DragCubeGeneration] Creating drag cubes for part 'rcsTankRadialLong'
[LOG 15:04:43.754] PartLoader: Compiling Part 'Squad/Parts/FuelTank/RockomaxTanks/Rockomax16/Rockomax16_BW'
[LOG 15:04:43.756] PartLoader: Part 'Squad/Parts/FuelTank/RockomaxTanks/Rockomax16/Rockomax16_BW' has no database record. Creating.
[LOG 15:04:43.756] [DragCubeSystem]: Drag cubes not found or cannot be read for part Part. Generating New drag cubes.
[LOG 15:04:43.756] [KSPCF/DragCubeGeneration] Creating drag cubes for part 'Rockomax16.BW'
[LOG 15:04:43.760] PartLoader: Compiling Part 'Squad/Parts/FuelTank/RockomaxTanks/Rockomax32/Rockomax32_BW'
[LOG 15:04:43.763] PartLoader: Part 'Squad/Parts/FuelTank/RockomaxTanks/Rockomax32/Rockomax32_BW' has no database record. Creating.
[LOG 15:04:43.763] [DragCubeSystem]: Drag cubes not found or cannot be read for part Part. Generating New drag cubes.
[LOG 15:04:43.763] [KSPCF/DragCubeGeneration] Creating drag cubes for part 'Rockomax32.BW'
[LOG 15:04:43.779] PartLoader: Compiling Part 'Squad/Parts/FuelTank/RockomaxTanks/Rockomax64/Rockomax64_BW'
[LOG 15:04:43.782] PartLoader: Part 'Squad/Parts/FuelTank/RockomaxTanks/Rockomax64/Rockomax64_BW' has no database record. Creating.
[LOG 15:04:43.782] [DragCubeSystem]: Drag cubes not found or cannot be read for part Part. Generating New drag cubes.
[LOG 15:04:43.782] [KSPCF/DragCubeGeneration] Creating drag cubes for part 'Rockomax64.BW'
[LOG 15:04:43.793] PartLoader: Compiling Part 'Squad/Parts/FuelTank/RockomaxTanks/Rockomax8/Rockomax8BW'
[LOG 15:04:43.795] PartLoader: Part 'Squad/Parts/FuelTank/RockomaxTanks/Rockomax8/Rockomax8BW' has no database record. Creating.
[LOG 15:04:43.795] [DragCubeSystem]: Drag cubes not found or cannot be read for part Part. Generating New drag cubes.
[LOG 15:04:43.795] [KSPCF/DragCubeGeneration] Creating drag cubes for part 'Rockomax8BW'
[LOG 15:04:43.806] PartLoader: Compiling Part 'Squad/Parts/FuelTank/Size1_Tanks/fuelTankT100/fuelTankSmallFlat'
[LOG 15:04:43.809] PartLoader: Part 'Squad/Parts/FuelTank/Size1_Tanks/fuelTankT100/fuelTankSmallFlat' has no database record. Creating.
[LOG 15:04:43.810] [DragCubeSystem]: Drag cubes not found or cannot be read for part Part. Generating New drag cubes.
[LOG 15:04:43.810] [KSPCF/DragCubeGeneration] Creating drag cubes for part 'fuelTankSmallFlat'
[LOG 15:04:43.815] PartLoader: Compiling Part 'Squad/Parts/FuelTank/Size1_Tanks/fuelTankT200/fuelTankSmall'
[LOG 15:04:43.820] PartLoader: Part 'Squad/Parts/FuelTank/Size1_Tanks/fuelTankT200/fuelTankSmall' has no database record. Creating.
[LOG 15:04:43.820] [DragCubeSystem]: Drag cubes not found or cannot be read for part Part. Generating New drag cubes.
[LOG 15:04:43.820] [KSPCF/DragCubeGeneration] Creating drag cubes for part 'fuelTankSmall'
[LOG 15:04:43.825] PartLoader: Compiling Part 'Squad/Parts/FuelTank/Size1_Tanks/fuelTankT400/fuelTank'
[LOG 15:04:43.828] PartLoader: Part 'Squad/Parts/FuelTank/Size1_Tanks/fuelTankT400/fuelTank' has no database record. Creating.
[LOG 15:04:43.828] [DragCubeSystem]: Drag cubes not found or cannot be read for part Part. Generating New drag cubes.
[LOG 15:04:43.828] [KSPCF/DragCubeGeneration] Creating drag cubes for part 'fuelTank'
[LOG 15:04:43.833] PartLoader: Compiling Part 'Squad/Parts/FuelTank/Size1_Tanks/fuelTankT800/fuelTank_long'
[LOG 15:04:43.836] PartLoader: Part 'Squad/Parts/FuelTank/Size1_Tanks/fuelTankT800/fuelTank_long' has no database record. Creating.
[LOG 15:04:43.836] [DragCubeSystem]: Drag cubes not found or cannot be read for part Part. Generating New drag cubes.
[LOG 15:04:43.836] [KSPCF/DragCubeGeneration] Creating drag cubes for part 'fuelTank.long'
[LOG 15:04:43.841] PartLoader: Compiling Part 'Squad/Parts/FuelTank/Size3Tanks/large/Size3LargeTank'
[LOG 15:04:43.844] PartLoader: Part 'Squad/Parts/FuelTank/Size3Tanks/large/Size3LargeTank' has no database record. Creating.
[LOG 15:04:43.844] [DragCubeSystem]: Drag cubes not found or cannot be read for part Part. Generating New drag cubes.
[LOG 15:04:43.844] [KSPCF/DragCubeGeneration] Creating drag cubes for part 'Size3LargeTank'
[LOG 15:04:43.848] PartLoader: Compiling Part 'Squad/Parts/FuelTank/Size3Tanks/medium/Size3MediumTank'
[LOG 15:04:43.851] PartLoader: Part 'Squad/Parts/FuelTank/Size3Tanks/medium/Size3MediumTank' has no database record. Creating.
[LOG 15:04:43.851] [DragCubeSystem]: Drag cubes not found or cannot be read for part Part. Generating New drag cubes.
[LOG 15:04:43.851] [KSPCF/DragCubeGeneration] Creating drag cubes for part 'Size3MediumTank'
[LOG 15:04:43.856] PartLoader: Compiling Part 'Squad/Parts/FuelTank/Size3Tanks/small/Size3SmallTank'
[LOG 15:04:43.858] PartLoader: Part 'Squad/Parts/FuelTank/Size3Tanks/small/Size3SmallTank' has no database record. Creating.
[LOG 15:04:43.858] [DragCubeSystem]: Drag cubes not found or cannot be read for part Part. Generating New drag cubes.
[LOG 15:04:43.859] [KSPCF/DragCubeGeneration] Creating drag cubes for part 'Size3SmallTank'
[LOG 15:04:43.863] PartLoader: Compiling Part 'Squad/Parts/FuelTank/xenonTank/xenonTank/xenonTank'
[LOG 15:04:43.866] PartLoader: Part 'Squad/Parts/FuelTank/xenonTank/xenonTank/xenonTank' has no database record. Creating.
[LOG 15:04:43.866] [DragCubeSystem]: Drag cubes not found or cannot be read for part Part. Generating New drag cubes.
[LOG 15:04:43.866] [KSPCF/DragCubeGeneration] Creating drag cubes for part 'xenonTank'
[LOG 15:04:43.871] PartLoader: Compiling Part 'Squad/Parts/FuelTank/xenonTankLarge/xenonTankLarge/xenonTankLarge'
[LOG 15:04:43.873] PartLoader: Part 'Squad/Parts/FuelTank/xenonTankLarge/xenonTankLarge/xenonTankLarge' has no database record. Creating.
[LOG 15:04:43.873] [DragCubeSystem]: Drag cubes not found or cannot be read for part Part. Generating New drag cubes.
[LOG 15:04:43.873] [KSPCF/DragCubeGeneration] Creating drag cubes for part 'xenonTankLarge'
[LOG 15:04:43.878] PartLoader: Compiling Part 'Squad/Parts/FuelTank/xenonTankRadial/xenonTankRadial/xenonTankRadial'
[LOG 15:04:43.880] PartLoader: Part 'Squad/Parts/FuelTank/xenonTankRadial/xenonTankRadial/xenonTankRadial' has no database record. Creating.
[LOG 15:04:43.880] [DragCubeSystem]: Drag cubes not found or cannot be read for part Part. Generating New drag cubes.
[LOG 15:04:43.881] [KSPCF/DragCubeGeneration] Creating drag cubes for part 'xenonTankRadial'
[LOG 15:04:43.885] PartLoader: Compiling Part 'Squad/Parts/Misc/AsteroidDay/CamSat/InfraredTelescope'
[LOG 15:04:43.891] PartLoader: Part 'Squad/Parts/Misc/AsteroidDay/CamSat/InfraredTelescope' has no database record. Creating.
[LOG 15:04:43.891] [DragCubeSystem]: Drag cubes not found or cannot be read for part Part. Generating New drag cubes.
[LOG 15:04:43.891] [KSPCF/DragCubeGeneration] Creating drag cubes for part 'InfraredTelescope'
[LOG 15:04:43.896] PartLoader: Compiling Part 'Squad/Parts/Misc/AsteroidDay/HECS2/HECS2_ProbeCore'
[LOG 15:04:43.902] PartLoader: Part 'Squad/Parts/Misc/AsteroidDay/HECS2/HECS2_ProbeCore' has no database record. Creating.
[LOG 15:04:43.902] [DragCubeSystem]: Drag cubes not found or cannot be read for part Part. Generating New drag cubes.
[LOG 15:04:43.902] [KSPCF/DragCubeGeneration] Creating drag cubes for part 'HECS2.ProbeCore'
[LOG 15:04:43.908] PartLoader: Compiling Part 'Squad/Parts/Misc/AsteroidDay/HighGainAntenna/HighGainAntenna'
[LOG 15:04:43.915] PartLoader: Part 'Squad/Parts/Misc/AsteroidDay/HighGainAntenna/HighGainAntenna' has no database record. Creating.
[LOG 15:04:43.915] [DragCubeSystem]: Drag cubes not found or cannot be read for part Part. Generating New drag cubes.
[LOG 15:04:43.915] [KSPCF/DragCubeGeneration] Creating drag cubes for part 'HighGainAntenna'
[LOG 15:04:43.929] PartLoader: Compiling Part 'Squad/Parts/Misc/AsteroidDay/LgRadialSolar/LgRadialSolarPanel'
[LOG 15:04:43.934] PartLoader: Part 'Squad/Parts/Misc/AsteroidDay/LgRadialSolar/LgRadialSolarPanel' has no database record. Creating.
[LOG 15:04:43.934] [DragCubeSystem]: Drag cubes not found or cannot be read for part Part. Generating New drag cubes.
[LOG 15:04:43.934] [KSPCF/DragCubeGeneration] Creating drag cubes for part 'LgRadialSolarPanel'
[LOG 15:04:43.940] PartLoader: Compiling Part 'Squad/Parts/Misc/PotatoComet/part/PotatoComet'
[LOG 15:04:43.952] PartLoader: Part 'Squad/Parts/Misc/PotatoComet/part/PotatoComet' has no database record. Creating.
[LOG 15:04:43.952] PartLoader: Compiling Part 'Squad/Parts/Misc/PotatoRoid/part/PotatoRoid'
[LOG 15:04:43.961] PartLoader: Part 'Squad/Parts/Misc/PotatoRoid/part/PotatoRoid' has no database record. Creating.
[LOG 15:04:43.961] PartLoader: Compiling Part 'Squad/Parts/Prebuilt/flag/flag'
[LOG 15:04:43.964] PartLoader: Compiling Part 'Squad/Parts/Prebuilt/kerbalEVA/kerbalEVA'
[LOG 15:04:43.981] PartLoader: Compiling Part 'Squad/Parts/Prebuilt/kerbalEVAfemale/kerbalEVAfemale'
[LOG 15:04:43.987] PartLoader: Compiling Part 'Squad/Parts/Prebuilt/kerbalEVASlimSuit/kerbalEVASlimSuit'
[LOG 15:04:43.992] PartLoader: Compiling Part 'Squad/Parts/Prebuilt/kerbalEVASlimSuitFemale/kerbalEVASlimSuitFemale'
[LOG 15:04:43.998] PartLoader: Compiling Part 'Squad/Parts/Resources/FuelCell/FuelCell/FuelCell'
[LOG 15:04:44.006] PartLoader: Part 'Squad/Parts/Resources/FuelCell/FuelCell/FuelCell' has no database record. Creating.
[LOG 15:04:44.006] [DragCubeSystem]: Drag cubes not found or cannot be read for part Part. Generating New drag cubes.
[LOG 15:04:44.006] [KSPCF/DragCubeGeneration] Creating drag cubes for part 'FuelCell'
[LOG 15:04:44.012] PartLoader: Compiling Part 'Squad/Parts/Resources/FuelCell/FuelCellArray/FuelCellArray'
[LOG 15:04:44.015] PartLoader: Part 'Squad/Parts/Resources/FuelCell/FuelCellArray/FuelCellArray' has no database record. Creating.
[LOG 15:04:44.016] [DragCubeSystem]: Drag cubes not found or cannot be read for part Part. Generating New drag cubes.
[LOG 15:04:44.016] [KSPCF/DragCubeGeneration] Creating drag cubes for part 'FuelCellArray'
[LOG 15:04:44.020] PartLoader: Compiling Part 'Squad/Parts/Resources/ISRU/ISRU/ISRU'
[LOG 15:04:44.029] PartLoader: Part 'Squad/Parts/Resources/ISRU/ISRU/ISRU' has no database record. Creating.
[LOG 15:04:44.029] [DragCubeSystem]: Drag cubes not found or cannot be read for part Part. Generating New drag cubes.
[LOG 15:04:44.029] [KSPCF/DragCubeGeneration] Creating drag cubes for part 'ISRU'
[LOG 15:04:44.042] PartLoader: Compiling Part 'Squad/Parts/Resources/LargeTank/LargeTank/LargeTank'
[LOG 15:04:44.046] PartLoader: Part 'Squad/Parts/Resources/LargeTank/LargeTank/LargeTank' has no database record. Creating.
[LOG 15:04:44.046] [DragCubeSystem]: Drag cubes not found or cannot be read for part Part. Generating New drag cubes.
[LOG 15:04:44.046] [KSPCF/DragCubeGeneration] Creating drag cubes for part 'LargeTank'
[LOG 15:04:44.051] PartLoader: Compiling Part 'Squad/Parts/Resources/MiniDrill/MiniDrill/MiniDrill'
[LOG 15:04:44.067] PartLoader: Part 'Squad/Parts/Resources/MiniDrill/MiniDrill/MiniDrill' has no database record. Creating.
[LOG 15:04:44.068] [DragCubeSystem]: Drag cubes not found or cannot be read for part Part. Generating New drag cubes.
[LOG 15:04:44.068] [KSPCF/DragCubeGeneration] Creating drag cubes for part 'MiniDrill'
[LOG 15:04:44.090] PartLoader: Compiling Part 'Squad/Parts/Resources/MiniISRU/MiniISRU/MiniISRU'
[LOG 15:04:44.095] PartLoader: Part 'Squad/Parts/Resources/MiniISRU/MiniISRU/MiniISRU' has no database record. Creating.
[LOG 15:04:44.095] [DragCubeSystem]: Drag cubes not found or cannot be read for part Part. Generating New drag cubes.
[LOG 15:04:44.095] [KSPCF/DragCubeGeneration] Creating drag cubes for part 'MiniISRU'
[LOG 15:04:44.101] PartLoader: Compiling Part 'Squad/Parts/Resources/OrbitalScanner/OrbitalScanner/OrbitalScanner'
[LOG 15:04:44.109] PartLoader: Part 'Squad/Parts/Resources/OrbitalScanner/OrbitalScanner/OrbitalScanner' has no database record. Creating.
[LOG 15:04:44.109] [DragCubeSystem]: Drag cubes not found or cannot be read for part Part. Generating New drag cubes.
[LOG 15:04:44.110] [KSPCF/DragCubeGeneration] Creating drag cubes for part 'OrbitalScanner'
[LOG 15:04:44.121] PartLoader: Compiling Part 'Squad/Parts/Resources/RadialDrill/RadialDrill/RadialDrill'
[LOG 15:04:44.127] PartLoader: Part 'Squad/Parts/Resources/RadialDrill/RadialDrill/RadialDrill' has no database record. Creating.
[LOG 15:04:44.128] [DragCubeSystem]: Drag cubes not found or cannot be read for part Part. Generating New drag cubes.
[LOG 15:04:44.128] [KSPCF/DragCubeGeneration] Creating drag cubes for part 'RadialDrill'
[LOG 15:04:44.152] PartLoader: Compiling Part 'Squad/Parts/Resources/RadialTank/RadialTank/RadialOreTank'
[LOG 15:04:44.155] PartLoader: Part 'Squad/Parts/Resources/RadialTank/RadialTank/RadialOreTank' has no database record. Creating.
[LOG 15:04:44.155] [DragCubeSystem]: Drag cubes not found or cannot be read for part Part. Generating New drag cubes.
[LOG 15:04:44.155] [KSPCF/DragCubeGeneration] Creating drag cubes for part 'RadialOreTank'
[LOG 15:04:44.159] PartLoader: Compiling Part 'Squad/Parts/Resources/SmallTank/SmallTank/SmallTank'
[LOG 15:04:44.161] PartLoader: Part 'Squad/Parts/Resources/SmallTank/SmallTank/SmallTank' has no database record. Creating.
[LOG 15:04:44.161] [DragCubeSystem]: Drag cubes not found or cannot be read for part Part. Generating New drag cubes.
[LOG 15:04:44.161] [KSPCF/DragCubeGeneration] Creating drag cubes for part 'SmallTank'
[LOG 15:04:44.165] PartLoader: Compiling Part 'Squad/Parts/Resources/SurfaceScanner/SurfaceScanner/SurfaceScanner'
[LOG 15:04:44.178] PartLoader: Part 'Squad/Parts/Resources/SurfaceScanner/SurfaceScanner/SurfaceScanner' has no database record. Creating.
[LOG 15:04:44.178] [DragCubeSystem]: Drag cubes not found or cannot be read for part Part. Generating New drag cubes.
[LOG 15:04:44.178] [KSPCF/DragCubeGeneration] Creating drag cubes for part 'SurfaceScanner'
[LOG 15:04:44.184] PartLoader: Compiling Part 'Squad/Parts/Resources/SurveyScanner/SurveyScanner/SurveyScanner'
[LOG 15:04:44.198] PartLoader: Part 'Squad/Parts/Resources/SurveyScanner/SurveyScanner/SurveyScanner' has no database record. Creating.
[LOG 15:04:44.198] [DragCubeSystem]: Drag cubes not found or cannot be read for part Part. Generating New drag cubes.
[LOG 15:04:44.198] [KSPCF/DragCubeGeneration] Creating drag cubes for part 'SurveyScanner'
[LOG 15:04:44.209] PartLoader: Compiling Part 'Squad/Parts/Science/AtmosphereSensor/sensorAtmosphere/sensorAtmosphere'
[LOG 15:04:44.212] PartLoader: Part 'Squad/Parts/Science/AtmosphereSensor/sensorAtmosphere/sensorAtmosphere' has no database record. Creating.
[LOG 15:04:44.212] [DragCubeSystem]: Drag cubes not found or cannot be read for part Part. Generating New drag cubes.
[LOG 15:04:44.212] [KSPCF/DragCubeGeneration] Creating drag cubes for part 'sensorAtmosphere'
[LOG 15:04:44.216] PartLoader: Compiling Part 'Squad/Parts/Science/GooExperiment/gooExperiment/GooExperiment'
[LOG 15:04:44.222] PartLoader: Part 'Squad/Parts/Science/GooExperiment/gooExperiment/GooExperiment' has no database record. Creating.
[LOG 15:04:44.222] [DragCubeSystem]: Drag cubes not found or cannot be read for part Part. Generating New drag cubes.
[LOG 15:04:44.222] [KSPCF/DragCubeGeneration] Creating drag cubes for part 'GooExperiment'
[LOG 15:04:44.234] PartLoader: Compiling Part 'Squad/Parts/Science/LargeCrewedLab/largeCrewedLab/Large_Crewed_Lab'
[LOG 15:04:44.252] PartLoader: Part 'Squad/Parts/Science/LargeCrewedLab/largeCrewedLab/Large_Crewed_Lab' has no database record. Creating.
[LOG 15:04:44.252] [DragCubeSystem]: Drag cubes not found or cannot be read for part Part. Generating New drag cubes.
[LOG 15:04:44.252] [KSPCF/DragCubeGeneration] Creating drag cubes for part 'Large.Crewed.Lab'
[LOG 15:04:44.258] PartLoader: Compiling Part 'Squad/Parts/Science/Magnetometer/Magnetometer/Magnetometer'
[LOG 15:04:44.267] PartLoader: Part 'Squad/Parts/Science/Magnetometer/Magnetometer/Magnetometer' has no database record. Creating.
[LOG 15:04:44.267] [DragCubeSystem]: Drag cubes not found or cannot be read for part Part. Generating New drag cubes.
[LOG 15:04:44.267] [KSPCF/DragCubeGeneration] Creating drag cubes for part 'Magnetometer'
[LOG 15:04:44.288] PartLoader: Compiling Part 'Squad/Parts/Science/MaterialBay/materialBay/science_module'
[LOG 15:04:44.293] PartLoader: Part 'Squad/Parts/Science/MaterialBay/materialBay/science_module' has no database record. Creating.
[LOG 15:04:44.293] [DragCubeSystem]: Drag cubes not found or cannot be read for part Part. Generating New drag cubes.
[LOG 15:04:44.293] [KSPCF/DragCubeGeneration] Creating drag cubes for part 'science.module'
[LOG 15:04:44.311] PartLoader: Compiling Part 'Squad/Parts/Science/ScienceBox/ScienceBox/ScienceBox'
[LOG 15:04:44.315] PartLoader: Part 'Squad/Parts/Science/ScienceBox/ScienceBox/ScienceBox' has no database record. Creating.
[LOG 15:04:44.315] [DragCubeSystem]: Drag cubes not found or cannot be read for part Part. Generating New drag cubes.
[LOG 15:04:44.316] [KSPCF/DragCubeGeneration] Creating drag cubes for part 'ScienceBox'
[LOG 15:04:44.320] PartLoader: Compiling Part 'Squad/Parts/Science/sensorAccelerometer/sensorAccelerometer/sensorAccelerometer'
[LOG 15:04:44.334] PartLoader: Part 'Squad/Parts/Science/sensorAccelerometer/sensorAccelerometer/sensorAccelerometer' has no database record. Creating.
[LOG 15:04:44.334] [DragCubeSystem]: Drag cubes not found or cannot be read for part Part. Generating New drag cubes.
[LOG 15:04:44.334] [KSPCF/DragCubeGeneration] Creating drag cubes for part 'sensorAccelerometer'
[LOG 15:04:44.339] PartLoader: Compiling Part 'Squad/Parts/Science/sensorBarometer/sensorBarometer/sensorBarometer'
[LOG 15:04:44.343] PartLoader: Part 'Squad/Parts/Science/sensorBarometer/sensorBarometer/sensorBarometer' has no database record. Creating.
[LOG 15:04:44.343] [DragCubeSystem]: Drag cubes not found or cannot be read for part Part. Generating New drag cubes.
[LOG 15:04:44.343] [KSPCF/DragCubeGeneration] Creating drag cubes for part 'sensorBarometer'
[LOG 15:04:44.348] PartLoader: Compiling Part 'Squad/Parts/Science/sensorGravimeter/sensorGravimeter/sensorGravimeter'
[LOG 15:04:44.351] PartLoader: Part 'Squad/Parts/Science/sensorGravimeter/sensorGravimeter/sensorGravimeter' has no database record. Creating.
[LOG 15:04:44.351] [DragCubeSystem]: Drag cubes not found or cannot be read for part Part. Generating New drag cubes.
[LOG 15:04:44.351] [KSPCF/DragCubeGeneration] Creating drag cubes for part 'sensorGravimeter'
[LOG 15:04:44.355] PartLoader: Compiling Part 'Squad/Parts/Science/sensorThermometer/sensorThermometer/sensorThermometer'
[LOG 15:04:44.359] PartLoader: Part 'Squad/Parts/Science/sensorThermometer/sensorThermometer/sensorThermometer' has no database record. Creating.
[LOG 15:04:44.359] [DragCubeSystem]: Drag cubes not found or cannot be read for part Part. Generating New drag cubes.
[LOG 15:04:44.359] [KSPCF/DragCubeGeneration] Creating drag cubes for part 'sensorThermometer'
[LOG 15:04:44.363] PartLoader: Compiling Part 'Squad/Parts/Structural/FLAdapters/adapterSmallMiniShort/adapterSmallMiniShort'
[LOG 15:04:44.365] PartLoader: Part 'Squad/Parts/Structural/FLAdapters/adapterSmallMiniShort/adapterSmallMiniShort' has no database record. Creating.
[LOG 15:04:44.365] [DragCubeSystem]: Drag cubes not found or cannot be read for part Part. Generating New drag cubes.
[LOG 15:04:44.366] [KSPCF/DragCubeGeneration] Creating drag cubes for part 'adapterSmallMiniShort'
[LOG 15:04:44.369] PartLoader: Compiling Part 'Squad/Parts/Structural/FLAdapters/adapterSmallMiniTall/adapterSmallMiniTall'
[LOG 15:04:44.373] PartLoader: Part 'Squad/Parts/Structural/FLAdapters/adapterSmallMiniTall/adapterSmallMiniTall' has no database record. Creating.
[LOG 15:04:44.373] [DragCubeSystem]: Drag cubes not found or cannot be read for part Part. Generating New drag cubes.
[LOG 15:04:44.374] [KSPCF/DragCubeGeneration] Creating drag cubes for part 'adapterSmallMiniTall'
[LOG 15:04:44.377] PartLoader: Compiling Part 'Squad/Parts/Structural/mk1Parts/engineBodyRadial/radialEngineBody'
[LOG 15:04:44.380] PartLoader: Part 'Squad/Parts/Structural/mk1Parts/engineBodyRadial/radialEngineBody' has no database record. Creating.
[LOG 15:04:44.381] [DragCubeSystem]: Drag cubes not found or cannot be read for part Part. Generating New drag cubes.
[LOG 15:04:44.381] [KSPCF/DragCubeGeneration] Creating drag cubes for part 'radialEngineBody'
[LOG 15:04:44.385] PartLoader: Compiling Part 'Squad/Parts/Structural/mk1Parts/engineNacelle/nacelleBody'
[LOG 15:04:44.388] PartLoader: Part 'Squad/Parts/Structural/mk1Parts/engineNacelle/nacelleBody' has no database record. Creating.
[LOG 15:04:44.388] [DragCubeSystem]: Drag cubes not found or cannot be read for part Part. Generating New drag cubes.
[LOG 15:04:44.388] [KSPCF/DragCubeGeneration] Creating drag cubes for part 'nacelleBody'
[LOG 15:04:44.392] PartLoader: Compiling Part 'Squad/Parts/Structural/mk1Parts/mk1Fuselage/MK1Fuselage'
[LOG 15:04:44.395] PartLoader: Part 'Squad/Parts/Structural/mk1Parts/mk1Fuselage/MK1Fuselage' has no database record. Creating.
[LOG 15:04:44.395] [DragCubeSystem]: Drag cubes not found or cannot be read for part Part. Generating New drag cubes.
[LOG 15:04:44.395] [KSPCF/DragCubeGeneration] Creating drag cubes for part 'MK1Fuselage'
[LOG 15:04:44.399] PartLoader: Compiling Part 'Squad/Parts/Structural/mk1Parts/mk1FuselageIntake/MK1IntakeFuselage'
[LOG 15:04:44.402] PartLoader: Part 'Squad/Parts/Structural/mk1Parts/mk1FuselageIntake/MK1IntakeFuselage' has no database record. Creating.
[LOG 15:04:44.402] [DragCubeSystem]: Drag cubes not found or cannot be read for part Part. Generating New drag cubes.
[LOG 15:04:44.402] [KSPCF/DragCubeGeneration] Creating drag cubes for part 'MK1IntakeFuselage'
[LOG 15:04:44.406] PartLoader: Compiling Part 'Squad/Parts/Structural/mk1Parts/mk1Structural/Mk1FuselageStructural'
[LOG 15:04:44.409] PartLoader: Part 'Squad/Parts/Structural/mk1Parts/mk1Structural/Mk1FuselageStructural' has no database record. Creating.
[LOG 15:04:44.409] PartLoader: Compiling Part 'Squad/Parts/Structural/Size3To2Adapter_v2/Size2to3_v2/Size3To2Adapter_v2'
[LOG 15:04:44.411] PartLoader: Part 'Squad/Parts/Structural/Size3To2Adapter_v2/Size2to3_v2/Size3To2Adapter_v2' has no database record. Creating.
[LOG 15:04:44.412] PartLoader: Compiling Part 'Squad/Parts/Structural/stackAdapters/adapterLargeSmallBi/adapterLargeSmallBi'
[LOG 15:04:44.415] PartLoader: Part 'Squad/Parts/Structural/stackAdapters/adapterLargeSmallBi/adapterLargeSmallBi' has no database record. Creating.
[LOG 15:04:44.415] [DragCubeSystem]: Drag cubes not found or cannot be read for part Part. Generating New drag cubes.
[LOG 15:04:44.415] [KSPCF/DragCubeGeneration] Creating drag cubes for part 'adapterLargeSmallBi'
[LOG 15:04:44.419] PartLoader: Compiling Part 'Squad/Parts/Structural/stackAdapters/adapterLargeSmallQuad/adapterLargeSmallQuad'
[LOG 15:04:44.422] PartLoader: Part 'Squad/Parts/Structural/stackAdapters/adapterLargeSmallQuad/adapterLargeSmallQuad' has no database record. Creating.
[LOG 15:04:44.422] [DragCubeSystem]: Drag cubes not found or cannot be read for part Part. Generating New drag cubes.
[LOG 15:04:44.422] [KSPCF/DragCubeGeneration] Creating drag cubes for part 'adapterLargeSmallQuad'
[LOG 15:04:44.427] PartLoader: Compiling Part 'Squad/Parts/Structural/stackAdapters/adapterLargeSmallTri/adapterLargeSmallTri'
[LOG 15:04:44.430] PartLoader: Part 'Squad/Parts/Structural/stackAdapters/adapterLargeSmallTri/adapterLargeSmallTri' has no database record. Creating.
[LOG 15:04:44.430] [DragCubeSystem]: Drag cubes not found or cannot be read for part Part. Generating New drag cubes.
[LOG 15:04:44.430] [KSPCF/DragCubeGeneration] Creating drag cubes for part 'adapterLargeSmallTri'
[LOG 15:04:44.434] PartLoader: Compiling Part 'Squad/Parts/Structural/stationHub/stationHub/stationHub'
[LOG 15:04:44.436] PartLoader: Part 'Squad/Parts/Structural/stationHub/stationHub/stationHub' has no database record. Creating.
[LOG 15:04:44.436] [DragCubeSystem]: Drag cubes not found or cannot be read for part Part. Generating New drag cubes.
[LOG 15:04:44.437] [KSPCF/DragCubeGeneration] Creating drag cubes for part 'stationHub'
[LOG 15:04:44.441] PartLoader: Compiling Part 'Squad/Parts/Structural/structuralIBeam200/structuralIBeam200/structuralIBeam2'
[LOG 15:04:44.443] PartLoader: Part 'Squad/Parts/Structural/structuralIBeam200/structuralIBeam200/structuralIBeam2' has no database record. Creating.
[LOG 15:04:44.443] [DragCubeSystem]: Drag cubes not found or cannot be read for part Part. Generating New drag cubes.
[LOG 15:04:44.443] [KSPCF/DragCubeGeneration] Creating drag cubes for part 'structuralIBeam2'
[LOG 15:04:44.447] PartLoader: Compiling Part 'Squad/Parts/Structural/structuralIBeam200Pocket/structuralIBeam200Pocket/structuralIBeam3'
[LOG 15:04:44.450] PartLoader: Part 'Squad/Parts/Structural/structuralIBeam200Pocket/structuralIBeam200Pocket/structuralIBeam3' has no database record. Creating.
[LOG 15:04:44.450] [DragCubeSystem]: Drag cubes not found or cannot be read for part Part. Generating New drag cubes.
[LOG 15:04:44.450] [KSPCF/DragCubeGeneration] Creating drag cubes for part 'structuralIBeam3'
[LOG 15:04:44.453] PartLoader: Compiling Part 'Squad/Parts/Structural/structuralIBeam650/structuralIBeam650/structuralIBeam1'
[LOG 15:04:44.456] PartLoader: Part 'Squad/Parts/Structural/structuralIBeam650/structuralIBeam650/structuralIBeam1' has no database record. Creating.
[LOG 15:04:44.456] [DragCubeSystem]: Drag cubes not found or cannot be read for part Part. Generating New drag cubes.
[LOG 15:04:44.456] [KSPCF/DragCubeGeneration] Creating drag cubes for part 'structuralIBeam1'
[LOG 15:04:44.460] PartLoader: Compiling Part 'Squad/Parts/Structural/structuralMicronode/structuralMicronode/structuralMiniNode'
[LOG 15:04:44.463] PartLoader: Part 'Squad/Parts/Structural/structuralMicronode/structuralMicronode/structuralMiniNode' has no database record. Creating.
[LOG 15:04:44.463] [DragCubeSystem]: Drag cubes not found or cannot be read for part Part. Generating New drag cubes.
[LOG 15:04:44.463] [KSPCF/DragCubeGeneration] Creating drag cubes for part 'structuralMiniNode'
[LOG 15:04:44.467] PartLoader: Compiling Part 'Squad/Parts/Structural/structuralPanel1x1/structuralPanel1x1/structuralPanel1'
[LOG 15:04:44.469] PartLoader: Part 'Squad/Parts/Structural/structuralPanel1x1/structuralPanel1x1/structuralPanel1' has no database record. Creating.
[LOG 15:04:44.469] [DragCubeSystem]: Drag cubes not found or cannot be read for part Part. Generating New drag cubes.
[LOG 15:04:44.469] [KSPCF/DragCubeGeneration] Creating drag cubes for part 'structuralPanel1'
[LOG 15:04:44.473] PartLoader: Compiling Part 'Squad/Parts/Structural/structuralPanel2x2/structuralPanel2x2/structuralPanel2'
[LOG 15:04:44.475] PartLoader: Part 'Squad/Parts/Structural/structuralPanel2x2/structuralPanel2x2/structuralPanel2' has no database record. Creating.
[LOG 15:04:44.475] [DragCubeSystem]: Drag cubes not found or cannot be read for part Part. Generating New drag cubes.
[LOG 15:04:44.475] [KSPCF/DragCubeGeneration] Creating drag cubes for part 'structuralPanel2'
[LOG 15:04:44.479] PartLoader: Compiling Part 'Squad/Parts/Structural/structuralPylons/smallHardpoint/smallHardpoint'
[LOG 15:04:44.484] PartLoader: Part 'Squad/Parts/Structural/structuralPylons/smallHardpoint/smallHardpoint' has no database record. Creating.
[LOG 15:04:44.484] [DragCubeSystem]: Drag cubes not found or cannot be read for part Part. Generating New drag cubes.
[LOG 15:04:44.484] [KSPCF/DragCubeGeneration] Creating drag cubes for part 'smallHardpoint'
[LOG 15:04:44.488] PartLoader: Compiling Part 'Squad/Parts/Structural/structuralPylons/structuralPylon/structuralPylon'
[LOG 15:04:44.492] PartLoader: Part 'Squad/Parts/Structural/structuralPylons/structuralPylon/structuralPylon' has no database record. Creating.
[LOG 15:04:44.493] [DragCubeSystem]: Drag cubes not found or cannot be read for part Part. Generating New drag cubes.
[LOG 15:04:44.493] [KSPCF/DragCubeGeneration] Creating drag cubes for part 'structuralPylon'
[LOG 15:04:44.496] PartLoader: Compiling Part 'Squad/Parts/Structural/strutCubicOcto/strutCubicOcto/strutCube'
[LOG 15:04:44.499] PartLoader: Part 'Squad/Parts/Structural/strutCubicOcto/strutCubicOcto/strutCube' has no database record. Creating.
[LOG 15:04:44.499] [DragCubeSystem]: Drag cubes not found or cannot be read for part Part. Generating New drag cubes.
[LOG 15:04:44.499] [KSPCF/DragCubeGeneration] Creating drag cubes for part 'strutCube'
[LOG 15:04:44.503] PartLoader: Compiling Part 'Squad/Parts/Structural/strutOcto/strutOcto/strutOcto'
[LOG 15:04:44.505] PartLoader: Part 'Squad/Parts/Structural/strutOcto/strutOcto/strutOcto' has no database record. Creating.
[LOG 15:04:44.505] [DragCubeSystem]: Drag cubes not found or cannot be read for part Part. Generating New drag cubes.
[LOG 15:04:44.505] [KSPCF/DragCubeGeneration] Creating drag cubes for part 'strutOcto'
[LOG 15:04:44.509] PartLoader: Compiling Part 'Squad/Parts/Structural/trussGirderAdapter/trussGirderAdapter/trussAdapter'
[LOG 15:04:44.512] PartLoader: Part 'Squad/Parts/Structural/trussGirderAdapter/trussGirderAdapter/trussAdapter' has no database record. Creating.
[LOG 15:04:44.512] [DragCubeSystem]: Drag cubes not found or cannot be read for part Part. Generating New drag cubes.
[LOG 15:04:44.512] [KSPCF/DragCubeGeneration] Creating drag cubes for part 'trussAdapter'
[LOG 15:04:44.516] PartLoader: Compiling Part 'Squad/Parts/Structural/trussGirderL/trussGirderL/trussPiece1x'
[LOG 15:04:44.519] PartLoader: Part 'Squad/Parts/Structural/trussGirderL/trussGirderL/trussPiece1x' has no database record. Creating.
[LOG 15:04:44.519] [DragCubeSystem]: Drag cubes not found or cannot be read for part Part. Generating New drag cubes.
[LOG 15:04:44.519] [KSPCF/DragCubeGeneration] Creating drag cubes for part 'trussPiece1x'
[LOG 15:04:44.523] PartLoader: Compiling Part 'Squad/Parts/Structural/trussGirderXL/trussGirderXL/trussPiece3x'
[LOG 15:04:44.526] PartLoader: Part 'Squad/Parts/Structural/trussGirderXL/trussGirderXL/trussPiece3x' has no database record. Creating.
[LOG 15:04:44.526] [DragCubeSystem]: Drag cubes not found or cannot be read for part Part. Generating New drag cubes.
[LOG 15:04:44.526] [KSPCF/DragCubeGeneration] Creating drag cubes for part 'trussPiece3x'
[LOG 15:04:44.530] PartLoader: Compiling Part 'Squad/Parts/Thermal/FoldingRadiators/foldingRadLarge/foldingRadLarge'
[LOG 15:04:44.548] PartLoader: Part 'Squad/Parts/Thermal/FoldingRadiators/foldingRadLarge/foldingRadLarge' has no database record. Creating.
[LOG 15:04:44.550] PartLoader: Compiling Part 'Squad/Parts/Thermal/FoldingRadiators/foldingRadMed/foldingRadMed'
[LOG 15:04:44.555] PartLoader: Part 'Squad/Parts/Thermal/FoldingRadiators/foldingRadMed/foldingRadMed' has no database record. Creating.
[LOG 15:04:44.555] PartLoader: Compiling Part 'Squad/Parts/Thermal/FoldingRadiators/foldingRadSmall/foldingRadSmall'
[LOG 15:04:44.560] PartLoader: Part 'Squad/Parts/Thermal/FoldingRadiators/foldingRadSmall/foldingRadSmall' has no database record. Creating.
[LOG 15:04:44.561] PartLoader: Compiling Part 'Squad/Parts/Thermal/RadiatorPanels/radPanelEdge/radPanelEdge'
[LOG 15:04:44.565] PartLoader: Part 'Squad/Parts/Thermal/RadiatorPanels/radPanelEdge/radPanelEdge' has no database record. Creating.
[LOG 15:04:44.565] [DragCubeSystem]: Drag cubes not found or cannot be read for part Part. Generating New drag cubes.
[LOG 15:04:44.565] [KSPCF/DragCubeGeneration] Creating drag cubes for part 'radPanelEdge'
[LOG 15:04:44.569] PartLoader: Compiling Part 'Squad/Parts/Thermal/RadiatorPanels/radPanelLg/radPanelLg'
[LOG 15:04:44.572] PartLoader: Part 'Squad/Parts/Thermal/RadiatorPanels/radPanelLg/radPanelLg' has no database record. Creating.
[LOG 15:04:44.572] [DragCubeSystem]: Drag cubes not found or cannot be read for part Part. Generating New drag cubes.
[LOG 15:04:44.572] [KSPCF/DragCubeGeneration] Creating drag cubes for part 'radPanelLg'
[LOG 15:04:44.576] PartLoader: Compiling Part 'Squad/Parts/Thermal/RadiatorPanels/radPanelSm/radPanelSm'
[LOG 15:04:44.580] PartLoader: Part 'Squad/Parts/Thermal/RadiatorPanels/radPanelSm/radPanelSm' has no database record. Creating.
[LOG 15:04:44.580] [DragCubeSystem]: Drag cubes not found or cannot be read for part Part. Generating New drag cubes.
[LOG 15:04:44.580] [KSPCF/DragCubeGeneration] Creating drag cubes for part 'radPanelSm'
[LOG 15:04:44.584] PartLoader: Compiling Part 'Squad/Parts/Utility/commDish88-88/commDish88-88/commDish'
[LOG 15:04:44.589] PartLoader: Part 'Squad/Parts/Utility/commDish88-88/commDish88-88/commDish' has no database record. Creating.
[LOG 15:04:44.589] [DragCubeSystem]: Drag cubes not found or cannot be read for part Part. Generating New drag cubes.
[LOG 15:04:44.589] [KSPCF/DragCubeGeneration] Creating drag cubes for part 'commDish'
[LOG 15:04:44.605] PartLoader: Compiling Part 'Squad/Parts/Utility/commsAntennaDTS-M1/commsAntennaDTS-M1/mediumDishAntenna'
[LOG 15:04:44.610] PartLoader: Part 'Squad/Parts/Utility/commsAntennaDTS-M1/commsAntennaDTS-M1/mediumDishAntenna' has no database record. Creating.
[LOG 15:04:44.610] [DragCubeSystem]: Drag cubes not found or cannot be read for part Part. Generating New drag cubes.
[LOG 15:04:44.610] [KSPCF/DragCubeGeneration] Creating drag cubes for part 'mediumDishAntenna'
[LOG 15:04:44.623] PartLoader: Compiling Part 'Squad/Parts/Utility/commsDish16/commsAntenna16/longAntenna'
[LOG 15:04:44.627] PartLoader: Part 'Squad/Parts/Utility/commsDish16/commsAntenna16/longAntenna' has no database record. Creating.
[LOG 15:04:44.627] [DragCubeSystem]: Drag cubes not found or cannot be read for part Part. Generating New drag cubes.
[LOG 15:04:44.627] [KSPCF/DragCubeGeneration] Creating drag cubes for part 'longAntenna'
[LOG 15:04:44.637] PartLoader: Compiling Part 'Squad/Parts/Utility/decouplerRadialHDM/decouplerRadialHDM/radialDecoupler1-2'
[LOG 15:04:44.644] PartLoader: Part 'Squad/Parts/Utility/decouplerRadialHDM/decouplerRadialHDM/radialDecoupler1-2' has no database record. Creating.
[LOG 15:04:44.644] [DragCubeSystem]: Drag cubes not found or cannot be read for part Part. Generating New drag cubes.
[LOG 15:04:44.644] [KSPCF/DragCubeGeneration] Creating drag cubes for part 'radialDecoupler1-2'
[LOG 15:04:44.649] PartLoader: Compiling Part 'Squad/Parts/Utility/decouplerRadialTT-38K/decouplerRadialTT-38K/radialDecoupler'
[LOG 15:04:44.653] PartLoader: Part 'Squad/Parts/Utility/decouplerRadialTT-38K/decouplerRadialTT-38K/radialDecoupler' has no database record. Creating.
[LOG 15:04:44.653] [DragCubeSystem]: Drag cubes not found or cannot be read for part Part. Generating New drag cubes.
[LOG 15:04:44.653] [KSPCF/DragCubeGeneration] Creating drag cubes for part 'radialDecoupler'
[LOG 15:04:44.657] PartLoader: Compiling Part 'Squad/Parts/Utility/decouplerRadialTT-70/decouplerRadialTT-70/radialDecoupler2'
[LOG 15:04:44.661] PartLoader: Part 'Squad/Parts/Utility/decouplerRadialTT-70/decouplerRadialTT-70/radialDecoupler2' has no database record. Creating.
[LOG 15:04:44.661] [DragCubeSystem]: Drag cubes not found or cannot be read for part Part. Generating New drag cubes.
[LOG 15:04:44.661] [KSPCF/DragCubeGeneration] Creating drag cubes for part 'radialDecoupler2'
[LOG 15:04:44.665] PartLoader: Compiling Part 'Squad/Parts/Utility/DirectAntennas/C16S/SurfAntenna'
[LOG 15:04:44.669] PartLoader: Part 'Squad/Parts/Utility/DirectAntennas/C16S/SurfAntenna' has no database record. Creating.
[LOG 15:04:44.669] [DragCubeSystem]: Drag cubes not found or cannot be read for part Part. Generating New drag cubes.
[LOG 15:04:44.669] [KSPCF/DragCubeGeneration] Creating drag cubes for part 'SurfAntenna'
[LOG 15:04:44.673] PartLoader: Compiling Part 'Squad/Parts/Utility/DirectAntennas/HG-5/HighGainAntenna5'
[LOG 15:04:44.677] PartLoader: Part 'Squad/Parts/Utility/DirectAntennas/HG-5/HighGainAntenna5' has no database record. Creating.
[LOG 15:04:44.677] [DragCubeSystem]: Drag cubes not found or cannot be read for part Part. Generating New drag cubes.
[LOG 15:04:44.677] [KSPCF/DragCubeGeneration] Creating drag cubes for part 'HighGainAntenna5'
[LOG 15:04:44.689] PartLoader: Compiling Part 'Squad/Parts/Utility/DirectAntennas/HG-5_v2/HighGainAntenna5_v2'
[LOG 15:04:44.693] PartLoader: Part 'Squad/Parts/Utility/DirectAntennas/HG-5_v2/HighGainAntenna5_v2' has no database record. Creating.
[LOG 15:04:44.693] [DragCubeSystem]: Drag cubes not found or cannot be read for part Part. Generating New drag cubes.
[LOG 15:04:44.693] [KSPCF/DragCubeGeneration] Creating drag cubes for part 'HighGainAntenna5.v2'
[LOG 15:04:44.705] PartLoader: Compiling Part 'Squad/Parts/Utility/dockingPort/dockingPort/dockingPort2'
[LOG 15:04:44.714] PartLoader: Part 'Squad/Parts/Utility/dockingPort/dockingPort/dockingPort2' has no database record. Creating.
[LOG 15:04:44.714] [DragCubeSystem]: Drag cubes not found or cannot be read for part Part. Generating New drag cubes.
[LOG 15:04:44.715] [KSPCF/DragCubeGeneration] Creating drag cubes for part 'dockingPort2'
[LOG 15:04:44.720] PartLoader: Compiling Part 'Squad/Parts/Utility/dockingPortInline/dockingPortInline/dockingPortLateral'
[LOG 15:04:44.725] PartLoader: Part 'Squad/Parts/Utility/dockingPortInline/dockingPortInline/dockingPortLateral' has no database record. Creating.
[LOG 15:04:44.725] [DragCubeSystem]: Drag cubes not found or cannot be read for part Part. Generating New drag cubes.
[LOG 15:04:44.725] [KSPCF/DragCubeGeneration] Creating drag cubes for part 'dockingPortLateral'
[LOG 15:04:44.738] PartLoader: Compiling Part 'Squad/Parts/Utility/dockingPortJr/dockingPortJr/dockingPort3'
[LOG 15:04:44.742] PartLoader: Part 'Squad/Parts/Utility/dockingPortJr/dockingPortJr/dockingPort3' has no database record. Creating.
[LOG 15:04:44.742] [DragCubeSystem]: Drag cubes not found or cannot be read for part Part. Generating New drag cubes.
[LOG 15:04:44.742] [KSPCF/DragCubeGeneration] Creating drag cubes for part 'dockingPort3'
[LOG 15:04:44.746] PartLoader: Compiling Part 'Squad/Parts/Utility/dockingPortShielded/dockingPortShielded/dockingPort1'
[LOG 15:04:44.752] PartLoader: Part 'Squad/Parts/Utility/dockingPortShielded/dockingPortShielded/dockingPort1' has no database record. Creating.
[LOG 15:04:44.752] [DragCubeSystem]: Drag cubes not found or cannot be read for part Part. Generating New drag cubes.
[LOG 15:04:44.752] [KSPCF/DragCubeGeneration] Creating drag cubes for part 'dockingPort1'
[LOG 15:04:44.763] PartLoader: Compiling Part 'Squad/Parts/Utility/dockingPortSr/dockingPortSr/dockingPortLarge'
[LOG 15:04:44.768] PartLoader: Part 'Squad/Parts/Utility/dockingPortSr/dockingPortSr/dockingPortLarge' has no database record. Creating.
[LOG 15:04:44.768] [DragCubeSystem]: Drag cubes not found or cannot be read for part Part. Generating New drag cubes.
[LOG 15:04:44.768] [KSPCF/DragCubeGeneration] Creating drag cubes for part 'dockingPortLarge'
[LOG 15:04:44.772] PartLoader: Compiling Part 'Squad/Parts/Utility/Fireworks/fireworksLauncherBig/fireworksLauncherBig'
[LOG 15:04:44.784] PartLoader: Part 'Squad/Parts/Utility/Fireworks/fireworksLauncherBig/fireworksLauncherBig' has no database record. Creating.
[LOG 15:04:44.784] [DragCubeSystem]: Drag cubes not found or cannot be read for part Part. Generating New drag cubes.
[LOG 15:04:44.785] [KSPCF/DragCubeGeneration] Creating drag cubes for part 'fireworksLauncherBig'
[LOG 15:04:44.789] PartLoader: Compiling Part 'Squad/Parts/Utility/Fireworks/fireworksLauncherSmall/fireworksLauncherSmall'
[LOG 15:04:44.797] PartLoader: Part 'Squad/Parts/Utility/Fireworks/fireworksLauncherSmall/fireworksLauncherSmall' has no database record. Creating.
[LOG 15:04:44.797] [DragCubeSystem]: Drag cubes not found or cannot be read for part Part. Generating New drag cubes.
[LOG 15:04:44.797] [KSPCF/DragCubeGeneration] Creating drag cubes for part 'fireworksLauncherSmall'
[LOG 15:04:44.802] PartLoader: Compiling Part 'Squad/Parts/Utility/flags/flagFlat/flagFlat/flagPartFlat'
[LOG 15:04:44.810] PartLoader: Part 'Squad/Parts/Utility/flags/flagFlat/flagFlat/flagPartFlat' has no database record. Creating.
[LOG 15:04:44.810] [DragCubeSystem]: Drag cubes not found or cannot be read for part Part. Generating New drag cubes.
[LOG 15:04:44.810] [KSPCF/DragCubeGeneration] Creating drag cubes for part 'flagPartFlat'
[LOG 15:04:44.814] PartLoader: Compiling Part 'Squad/Parts/Utility/flags/flagSize0/flagSize0/flagPartSize0'
[LOG 15:04:44.819] PartLoader: Part 'Squad/Parts/Utility/flags/flagSize0/flagSize0/flagPartSize0' has no database record. Creating.
[LOG 15:04:44.819] [DragCubeSystem]: Drag cubes not found or cannot be read for part Part. Generating New drag cubes.
[LOG 15:04:44.819] [KSPCF/DragCubeGeneration] Creating drag cubes for part 'flagPartSize0'
[LOG 15:04:44.823] PartLoader: Compiling Part 'Squad/Parts/Utility/flags/flagSize1/flagSize1/flagPartSize1'
[LOG 15:04:44.828] PartLoader: Part 'Squad/Parts/Utility/flags/flagSize1/flagSize1/flagPartSize1' has no database record. Creating.
[LOG 15:04:44.828] [DragCubeSystem]: Drag cubes not found or cannot be read for part Part. Generating New drag cubes.
[LOG 15:04:44.828] [KSPCF/DragCubeGeneration] Creating drag cubes for part 'flagPartSize1'
[LOG 15:04:44.834] PartLoader: Compiling Part 'Squad/Parts/Utility/flags/flagSize2/flagSize2/flagPartSize2'
[LOG 15:04:44.839] PartLoader: Part 'Squad/Parts/Utility/flags/flagSize2/flagSize2/flagPartSize2' has no database record. Creating.
[LOG 15:04:44.839] [DragCubeSystem]: Drag cubes not found or cannot be read for part Part. Generating New drag cubes.
[LOG 15:04:44.839] [KSPCF/DragCubeGeneration] Creating drag cubes for part 'flagPartSize2'
[LOG 15:04:44.843] PartLoader: Compiling Part 'Squad/Parts/Utility/flags/flagSize3/flagSize3/flagPartSize3'
[LOG 15:04:44.848] PartLoader: Part 'Squad/Parts/Utility/flags/flagSize3/flagSize3/flagPartSize3' has no database record. Creating.
[LOG 15:04:44.848] [DragCubeSystem]: Drag cubes not found or cannot be read for part Part. Generating New drag cubes.
[LOG 15:04:44.848] [KSPCF/DragCubeGeneration] Creating drag cubes for part 'flagPartSize3'
[LOG 15:04:44.852] PartLoader: Compiling Part 'Squad/Parts/Utility/GrapplingDevice/part/GrapplingDevice'
[LOG 15:04:44.864] PartLoader: Part 'Squad/Parts/Utility/GrapplingDevice/part/GrapplingDevice' has no database record. Creating.
[LOG 15:04:44.864] [DragCubeSystem]: Drag cubes not found or cannot be read for part Part. Generating New drag cubes.
[LOG 15:04:44.864] [KSPCF/DragCubeGeneration] Creating drag cubes for part 'GrapplingDevice'
[LOG 15:04:44.882] PartLoader: Compiling Part 'Squad/Parts/Utility/ladderRadial/ladderRadial/ladder1'
[LOG 15:04:44.885] PartLoader: Part 'Squad/Parts/Utility/ladderRadial/ladderRadial/ladder1' has no database record. Creating.
[LOG 15:04:44.885] [DragCubeSystem]: Drag cubes not found or cannot be read for part Part. Generating New drag cubes.
[LOG 15:04:44.885] [KSPCF/DragCubeGeneration] Creating drag cubes for part 'ladder1'
[LOG 15:04:44.889] PartLoader: Compiling Part 'Squad/Parts/Utility/ladderTelescopic/ladderTelescopic/telescopicLadder'
[LOG 15:04:44.895] PartLoader: Part 'Squad/Parts/Utility/ladderTelescopic/ladderTelescopic/telescopicLadder' has no database record. Creating.
[LOG 15:04:44.895] [DragCubeSystem]: Drag cubes not found or cannot be read for part Part. Generating New drag cubes.
[LOG 15:04:44.895] [KSPCF/DragCubeGeneration] Creating drag cubes for part 'telescopicLadder'
[LOG 15:04:44.906] PartLoader: Compiling Part 'Squad/Parts/Utility/ladderTelescopicBay/ladderTelescopicBay/telescopicLadderBay'
[LOG 15:04:44.919] PartLoader: Part 'Squad/Parts/Utility/ladderTelescopicBay/ladderTelescopicBay/telescopicLadderBay' has no database record. Creating.
[LOG 15:04:44.919] [DragCubeSystem]: Drag cubes not found or cannot be read for part Part. Generating New drag cubes.
[LOG 15:04:44.919] [KSPCF/DragCubeGeneration] Creating drag cubes for part 'telescopicLadderBay'
[LOG 15:04:44.933] PartLoader: Compiling Part 'Squad/Parts/Utility/landingLegLT-1/landingLegLT-1/landingLeg1'
[LOG 15:04:44.963] PartLoader: Part 'Squad/Parts/Utility/landingLegLT-1/landingLegLT-1/landingLeg1' has no database record. Creating.
[LOG 15:04:44.963] [DragCubeSystem]: Drag cubes not found or cannot be read for part Part. Generating New drag cubes.
[LOG 15:04:44.964] [KSPCF/DragCubeGeneration] Creating drag cubes for part 'landingLeg1'
[LOG 15:04:44.978] PartLoader: Compiling Part 'Squad/Parts/Utility/landingLegLT-2/landingLegLT-2/landingLeg1-2'
[LOG 15:04:44.985] PartLoader: Part 'Squad/Parts/Utility/landingLegLT-2/landingLegLT-2/landingLeg1-2' has no database record. Creating.
[LOG 15:04:44.985] [DragCubeSystem]: Drag cubes not found or cannot be read for part Part. Generating New drag cubes.
[LOG 15:04:44.985] [KSPCF/DragCubeGeneration] Creating drag cubes for part 'landingLeg1-2'
[LOG 15:04:44.996] PartLoader: Compiling Part 'Squad/Parts/Utility/landingLegLT-5/landingLegLT-5/miniLandingLeg'
[LOG 15:04:45.003] PartLoader: Part 'Squad/Parts/Utility/landingLegLT-5/landingLegLT-5/miniLandingLeg' has no database record. Creating.
[LOG 15:04:45.003] [DragCubeSystem]: Drag cubes not found or cannot be read for part Part. Generating New drag cubes.
[LOG 15:04:45.003] [KSPCF/DragCubeGeneration] Creating drag cubes for part 'miniLandingLeg'
[LOG 15:04:45.014] PartLoader: Compiling Part 'Squad/Parts/Utility/launchClamp1/launchClamp1/launchClamp1'
[LOG 15:04:45.021] PartLoader: Part 'Squad/Parts/Utility/launchClamp1/launchClamp1/launchClamp1' has no database record. Creating.
[LOG 15:04:45.021] [DragCubeSystem]: Drag cubes not found or cannot be read for part Part. Generating New drag cubes.
[LOG 15:04:45.022] [KSPCF/DragCubeGeneration] Creating drag cubes for part 'launchClamp1'
[LOG 15:04:45.026] PartLoader: Compiling Part 'Squad/Parts/Utility/launchEscapeSystem/part/LaunchEscapeSystem'
[LOG 15:04:45.031] PartLoader: Part 'Squad/Parts/Utility/launchEscapeSystem/part/LaunchEscapeSystem' has no database record. Creating.
[LOG 15:04:45.031] [DragCubeSystem]: Drag cubes not found or cannot be read for part Part. Generating New drag cubes.
[LOG 15:04:45.031] [KSPCF/DragCubeGeneration] Creating drag cubes for part 'LaunchEscapeSystem'
[LOG 15:04:45.036] PartLoader: Compiling Part 'Squad/Parts/Utility/Lights/domeLight1/domeLight1'
[LOG 15:04:45.040] PartLoader: Part 'Squad/Parts/Utility/Lights/domeLight1/domeLight1' has no database record. Creating.
[LOG 15:04:45.041] [DragCubeSystem]: Drag cubes not found or cannot be read for part Part. Generating New drag cubes.
[LOG 15:04:45.041] [KSPCF/DragCubeGeneration] Creating drag cubes for part 'domeLight1'
[LOG 15:04:45.046] PartLoader: Compiling Part 'Squad/Parts/Utility/Lights/groundLight1/groundLight1'
[LOG 15:04:45.050] PartLoader: Part 'Squad/Parts/Utility/Lights/groundLight1/groundLight1' has no database record. Creating.
[LOG 15:04:45.050] [DragCubeSystem]: Drag cubes not found or cannot be read for part Part. Generating New drag cubes.
[LOG 15:04:45.050] [KSPCF/DragCubeGeneration] Creating drag cubes for part 'groundLight1'
[LOG 15:04:45.054] PartLoader: Compiling Part 'Squad/Parts/Utility/Lights/groundLight2/groundLight2'
[LOG 15:04:45.059] PartLoader: Part 'Squad/Parts/Utility/Lights/groundLight2/groundLight2' has no database record. Creating.
[LOG 15:04:45.059] [DragCubeSystem]: Drag cubes not found or cannot be read for part Part. Generating New drag cubes.
[LOG 15:04:45.059] [KSPCF/DragCubeGeneration] Creating drag cubes for part 'groundLight2'
[LOG 15:04:45.063] PartLoader: Compiling Part 'Squad/Parts/Utility/Lights/navLight1/navLight1'
[LOG 15:04:45.067] PartLoader: Part 'Squad/Parts/Utility/Lights/navLight1/navLight1' has no database record. Creating.
[LOG 15:04:45.067] [DragCubeSystem]: Drag cubes not found or cannot be read for part Part. Generating New drag cubes.
[LOG 15:04:45.067] [KSPCF/DragCubeGeneration] Creating drag cubes for part 'navLight1'
[LOG 15:04:45.071] PartLoader: Compiling Part 'Squad/Parts/Utility/Lights/spotLight1/spotLight3'
[LOG 15:04:45.075] PartLoader: Part 'Squad/Parts/Utility/Lights/spotLight1/spotLight3' has no database record. Creating.
[LOG 15:04:45.076] [DragCubeSystem]: Drag cubes not found or cannot be read for part Part. Generating New drag cubes.
[LOG 15:04:45.076] [KSPCF/DragCubeGeneration] Creating drag cubes for part 'spotLight3'
[LOG 15:04:45.081] PartLoader: Compiling Part 'Squad/Parts/Utility/Lights/stripLight1/stripLight1'
[LOG 15:04:45.088] PartLoader: Part 'Squad/Parts/Utility/Lights/stripLight1/stripLight1' has no database record. Creating.
[LOG 15:04:45.088] [DragCubeSystem]: Drag cubes not found or cannot be read for part Part. Generating New drag cubes.
[LOG 15:04:45.088] [KSPCF/DragCubeGeneration] Creating drag cubes for part 'stripLight1'
[LOG 15:04:45.093] PartLoader: Compiling Part 'Squad/Parts/Utility/linearVernorRCS/linearRCS/linearRcs'
[LOG 15:04:45.100] PartLoader: Part 'Squad/Parts/Utility/linearVernorRCS/linearRCS/linearRcs' has no database record. Creating.
[LOG 15:04:45.100] [DragCubeSystem]: Drag cubes not found or cannot be read for part Part. Generating New drag cubes.
[LOG 15:04:45.100] [KSPCF/DragCubeGeneration] Creating drag cubes for part 'linearRcs'
[LOG 15:04:45.104] PartLoader: Compiling Part 'Squad/Parts/Utility/linearVernorRCS/vernorEngine/vernierEngine'
[LOG 15:04:45.109] PartLoader: Part 'Squad/Parts/Utility/linearVernorRCS/vernorEngine/vernierEngine' has no database record. Creating.
[LOG 15:04:45.109] [DragCubeSystem]: Drag cubes not found or cannot be read for part Part. Generating New drag cubes.
[LOG 15:04:45.109] [KSPCF/DragCubeGeneration] Creating drag cubes for part 'vernierEngine'
[LOG 15:04:45.113] PartLoader: Compiling Part 'Squad/Parts/Utility/mk2CargoBay/BayL/mk2CargoBayL'
[LOG 15:04:45.117] PartLoader: Part 'Squad/Parts/Utility/mk2CargoBay/BayL/mk2CargoBayL' has no database record. Creating.
[LOG 15:04:45.117] PartLoader: Compiling Part 'Squad/Parts/Utility/mk2CargoBay/BayS/mk2CargoBayS'
[LOG 15:04:45.121] PartLoader: Part 'Squad/Parts/Utility/mk2CargoBay/BayS/mk2CargoBayS' has no database record. Creating.
[LOG 15:04:45.121] PartLoader: Compiling Part 'Squad/Parts/Utility/mk2CrewCabin/mk2CrewCabin/mk2CrewCabin'
[WRN 15:04:45.123] [Part]: Cannot have ModuleCargoPart and ModuleInventoryPart on same Part [mk2CrewCabin'. Removed ModuleCargoPart
[LOG 15:04:45.127] PartLoader: Part 'Squad/Parts/Utility/mk2CrewCabin/mk2CrewCabin/mk2CrewCabin' has no database record. Creating.
[LOG 15:04:45.127] [DragCubeSystem]: Drag cubes not found or cannot be read for part Part. Generating New drag cubes.
[LOG 15:04:45.127] [KSPCF/DragCubeGeneration] Creating drag cubes for part 'mk2CrewCabin'
[LOG 15:04:45.132] PartLoader: Compiling Part 'Squad/Parts/Utility/mk2DockingPort/mk2DockingPort/mk2DockingPort'
[LOG 15:04:45.137] PartLoader: Part 'Squad/Parts/Utility/mk2DockingPort/mk2DockingPort/mk2DockingPort' has no database record. Creating.
[LOG 15:04:45.138] PartLoader: Compiling Part 'Squad/Parts/Utility/mk3CargoBay/long/mk3CargoBayL'
[LOG 15:04:45.141] PartLoader: Part 'Squad/Parts/Utility/mk3CargoBay/long/mk3CargoBayL' has no database record. Creating.
[LOG 15:04:45.142] PartLoader: Compiling Part 'Squad/Parts/Utility/mk3CargoBay/medium/mk3CargoBayM'
[LOG 15:04:45.145] PartLoader: Part 'Squad/Parts/Utility/mk3CargoBay/medium/mk3CargoBayM' has no database record. Creating.
[LOG 15:04:45.145] PartLoader: Compiling Part 'Squad/Parts/Utility/mk3CargoBay/ramp/mk3CargoRamp'
[LOG 15:04:45.148] PartLoader: Part 'Squad/Parts/Utility/mk3CargoBay/ramp/mk3CargoRamp' has no database record. Creating.
[LOG 15:04:45.148] PartLoader: Compiling Part 'Squad/Parts/Utility/mk3CargoBay/short/mk3CargoBayS'
[LOG 15:04:45.151] PartLoader: Part 'Squad/Parts/Utility/mk3CargoBay/short/mk3CargoBayS' has no database record. Creating.
[LOG 15:04:45.151] PartLoader: Compiling Part 'Squad/Parts/Utility/parachuteMk1/parachuteMk1/parachuteSingle'
[LOG 15:04:45.161] PartLoader: Part 'Squad/Parts/Utility/parachuteMk1/parachuteMk1/parachuteSingle' has no database record. Creating.
[LOG 15:04:45.161] [DragCubeSystem]: Drag cubes not found or cannot be read for part Part. Generating New drag cubes.
[LOG 15:04:45.162] [KSPCF/DragCubeGeneration] Creating drag cubes for part 'parachuteSingle'
[LOG 15:04:45.179] PartLoader: Compiling Part 'Squad/Parts/Utility/parachuteMk12-R/parachuteMk12-R/radialDrogue'
[LOG 15:04:45.183] PartLoader: Part 'Squad/Parts/Utility/parachuteMk12-R/parachuteMk12-R/radialDrogue' has no database record. Creating.
[LOG 15:04:45.183] [DragCubeSystem]: Drag cubes not found or cannot be read for part Part. Generating New drag cubes.
[LOG 15:04:45.183] [KSPCF/DragCubeGeneration] Creating drag cubes for part 'radialDrogue'
[LOG 15:04:45.197] PartLoader: Compiling Part 'Squad/Parts/Utility/parachuteMk16-XL/parachuteMk16-XL/parachuteLarge'
[LOG 15:04:45.201] PartLoader: Part 'Squad/Parts/Utility/parachuteMk16-XL/parachuteMk16-XL/parachuteLarge' has no database record. Creating.
[LOG 15:04:45.201] [DragCubeSystem]: Drag cubes not found or cannot be read for part Part. Generating New drag cubes.
[LOG 15:04:45.201] [KSPCF/DragCubeGeneration] Creating drag cubes for part 'parachuteLarge'
[LOG 15:04:45.215] PartLoader: Compiling Part 'Squad/Parts/Utility/parachuteMk2-R/parachuteMk2-R/parachuteRadial'
[LOG 15:04:45.219] PartLoader: Part 'Squad/Parts/Utility/parachuteMk2-R/parachuteMk2-R/parachuteRadial' has no database record. Creating.
[LOG 15:04:45.220] [DragCubeSystem]: Drag cubes not found or cannot be read for part Part. Generating New drag cubes.
[LOG 15:04:45.220] [KSPCF/DragCubeGeneration] Creating drag cubes for part 'parachuteRadial'
[LOG 15:04:45.234] PartLoader: Compiling Part 'Squad/Parts/Utility/parachuteMk25/parachuteMk25/parachuteDrogue'
[LOG 15:04:45.238] PartLoader: Part 'Squad/Parts/Utility/parachuteMk25/parachuteMk25/parachuteDrogue' has no database record. Creating.
[LOG 15:04:45.238] [DragCubeSystem]: Drag cubes not found or cannot be read for part Part. Generating New drag cubes.
[LOG 15:04:45.238] [KSPCF/DragCubeGeneration] Creating drag cubes for part 'parachuteDrogue'
[LOG 15:04:45.252] PartLoader: Compiling Part 'Squad/Parts/Utility/radialAttachmentPoint/radialAttachmentPoint/stackPoint1'
[LOG 15:04:45.254] PartLoader: Part 'Squad/Parts/Utility/radialAttachmentPoint/radialAttachmentPoint/stackPoint1' has no database record. Creating.
[LOG 15:04:45.254] [DragCubeSystem]: Drag cubes not found or cannot be read for part Part. Generating New drag cubes.
[LOG 15:04:45.254] [KSPCF/DragCubeGeneration] Creating drag cubes for part 'stackPoint1'
[LOG 15:04:45.259] PartLoader: Compiling Part 'Squad/Parts/Utility/rcsBlockRV-105_v2/rcsBlockRV-105/RCSBlock_v2'
[LOG 15:04:45.267] PartLoader: Part 'Squad/Parts/Utility/rcsBlockRV-105_v2/rcsBlockRV-105/RCSBlock_v2' has no database record. Creating.
[LOG 15:04:45.267] [DragCubeSystem]: Drag cubes not found or cannot be read for part Part. Generating New drag cubes.
[LOG 15:04:45.267] [KSPCF/DragCubeGeneration] Creating drag cubes for part 'RCSBlock.v2'
[LOG 15:04:45.291] PartLoader: Compiling Part 'Squad/Parts/Utility/rcsBlockRV-105_v2/RCSblock_01_small/RCSblock_01_small'
[LOG 15:04:45.297] PartLoader: Part 'Squad/Parts/Utility/rcsBlockRV-105_v2/RCSblock_01_small/RCSblock_01_small' has no database record. Creating.
[LOG 15:04:45.297] [DragCubeSystem]: Drag cubes not found or cannot be read for part Part. Generating New drag cubes.
[LOG 15:04:45.297] [KSPCF/DragCubeGeneration] Creating drag cubes for part 'RCSblock.01.small'
[LOG 15:04:45.323] PartLoader: Compiling Part 'Squad/Parts/Utility/rcsSmallLinear/RCSLinearSmall/RCSLinearSmall'
[LOG 15:04:45.328] PartLoader: Part 'Squad/Parts/Utility/rcsSmallLinear/RCSLinearSmall/RCSLinearSmall' has no database record. Creating.
[LOG 15:04:45.328] [DragCubeSystem]: Drag cubes not found or cannot be read for part Part. Generating New drag cubes.
[LOG 15:04:45.328] [KSPCF/DragCubeGeneration] Creating drag cubes for part 'RCSLinearSmall'
[LOG 15:04:45.340] PartLoader: Compiling Part 'Squad/Parts/Utility/RelayAntennas/RA-100/RelayAntenna100'
[LOG 15:04:45.344] PartLoader: Part 'Squad/Parts/Utility/RelayAntennas/RA-100/RelayAntenna100' has no database record. Creating.
[LOG 15:04:45.344] [DragCubeSystem]: Drag cubes not found or cannot be read for part Part. Generating New drag cubes.
[LOG 15:04:45.344] [KSPCF/DragCubeGeneration] Creating drag cubes for part 'RelayAntenna100'
[LOG 15:04:45.348] PartLoader: Compiling Part 'Squad/Parts/Utility/RelayAntennas/RA-5/RelayAntenna5'
[LOG 15:04:45.351] PartLoader: Part 'Squad/Parts/Utility/RelayAntennas/RA-5/RelayAntenna5' has no database record. Creating.
[LOG 15:04:45.351] [DragCubeSystem]: Drag cubes not found or cannot be read for part Part. Generating New drag cubes.
[LOG 15:04:45.352] [KSPCF/DragCubeGeneration] Creating drag cubes for part 'RelayAntenna5'
[LOG 15:04:45.356] PartLoader: Compiling Part 'Squad/Parts/Utility/RelayAntennas/RA-50/RelayAntenna50'
[LOG 15:04:45.360] PartLoader: Part 'Squad/Parts/Utility/RelayAntennas/RA-50/RelayAntenna50' has no database record. Creating.
[LOG 15:04:45.360] [DragCubeSystem]: Drag cubes not found or cannot be read for part Part. Generating New drag cubes.
[LOG 15:04:45.360] [KSPCF/DragCubeGeneration] Creating drag cubes for part 'RelayAntenna50'
[LOG 15:04:45.364] PartLoader: Compiling Part 'Squad/Parts/Utility/rockomaxAdapters/largeAdapter/largeAdapter'
[LOG 15:04:45.367] PartLoader: Part 'Squad/Parts/Utility/rockomaxAdapters/largeAdapter/largeAdapter' has no database record. Creating.
[LOG 15:04:45.367] [DragCubeSystem]: Drag cubes not found or cannot be read for part Part. Generating New drag cubes.
[LOG 15:04:45.367] [KSPCF/DragCubeGeneration] Creating drag cubes for part 'largeAdapter'
[LOG 15:04:45.372] PartLoader: Compiling Part 'Squad/Parts/Utility/rockomaxAdapters/largeAdapterShort/largeAdapter2'
[LOG 15:04:45.375] PartLoader: Part 'Squad/Parts/Utility/rockomaxAdapters/largeAdapterShort/largeAdapter2' has no database record. Creating.
[LOG 15:04:45.375] [DragCubeSystem]: Drag cubes not found or cannot be read for part Part. Generating New drag cubes.
[LOG 15:04:45.375] [KSPCF/DragCubeGeneration] Creating drag cubes for part 'largeAdapter2'
[LOG 15:04:45.379] PartLoader: Compiling Part 'Squad/Parts/Utility/ServiceBay_v2/ServiceBay_125_v2/ServiceBay_125_v2'
[LOG 15:04:45.384] PartLoader: Part 'Squad/Parts/Utility/ServiceBay_v2/ServiceBay_125_v2/ServiceBay_125_v2' has no database record. Creating.
[LOG 15:04:45.384] [DragCubeSystem]: Drag cubes not found or cannot be read for part Part. Generating New drag cubes.
[LOG 15:04:45.384] [KSPCF/DragCubeGeneration] Creating drag cubes for part 'ServiceBay.125.v2'
[LOG 15:04:45.395] PartLoader: Compiling Part 'Squad/Parts/Utility/ServiceBay_v2/ServiceBay_250_v2/ServiceBay_250_v2'
[LOG 15:04:45.400] PartLoader: Part 'Squad/Parts/Utility/ServiceBay_v2/ServiceBay_250_v2/ServiceBay_250_v2' has no database record. Creating.
[LOG 15:04:45.400] [DragCubeSystem]: Drag cubes not found or cannot be read for part Part. Generating New drag cubes.
[LOG 15:04:45.400] [KSPCF/DragCubeGeneration] Creating drag cubes for part 'ServiceBay.250.v2'
[LOG 15:04:45.411] PartLoader: Compiling Part 'Squad/Parts/Utility/smallClaw/smallClaw/smallClaw'
[LOG 15:04:45.419] PartLoader: Part 'Squad/Parts/Utility/smallClaw/smallClaw/smallClaw' has no database record. Creating.
[LOG 15:04:45.419] [DragCubeSystem]: Drag cubes not found or cannot be read for part Part. Generating New drag cubes.
[LOG 15:04:45.419] [KSPCF/DragCubeGeneration] Creating drag cubes for part 'smallClaw'
[LOG 15:04:45.436] PartLoader: Compiling Part 'Squad/Parts/Utility/spotLightMk1/spotLightMk1/spotLight1'
[LOG 15:04:45.440] PartLoader: Part 'Squad/Parts/Utility/spotLightMk1/spotLightMk1/spotLight1' has no database record. Creating.
[LOG 15:04:45.440] [DragCubeSystem]: Drag cubes not found or cannot be read for part Part. Generating New drag cubes.
[LOG 15:04:45.440] [KSPCF/DragCubeGeneration] Creating drag cubes for part 'spotLight1'
[LOG 15:04:45.443] PartLoader: Compiling Part 'Squad/Parts/Utility/spotLightMk1_v2/spotLightMk1_v2/spotLight1_v2'
[LOG 15:04:45.448] PartLoader: Part 'Squad/Parts/Utility/spotLightMk1_v2/spotLightMk1_v2/spotLight1_v2' has no database record. Creating.
[LOG 15:04:45.448] [DragCubeSystem]: Drag cubes not found or cannot be read for part Part. Generating New drag cubes.
[LOG 15:04:45.448] [KSPCF/DragCubeGeneration] Creating drag cubes for part 'spotLight1.v2'
[LOG 15:04:45.452] PartLoader: Compiling Part 'Squad/Parts/Utility/spotLightMk2/spotLightMk2/spotLight2'
[LOG 15:04:45.456] PartLoader: Part 'Squad/Parts/Utility/spotLightMk2/spotLightMk2/spotLight2' has no database record. Creating.
[LOG 15:04:45.456] [DragCubeSystem]: Drag cubes not found or cannot be read for part Part. Generating New drag cubes.
[LOG 15:04:45.456] [KSPCF/DragCubeGeneration] Creating drag cubes for part 'spotLight2'
[LOG 15:04:45.459] PartLoader: Compiling Part 'Squad/Parts/Utility/spotLightMk2_v2/spotLightMk2_v2/spotLight2_v2'
[LOG 15:04:45.464] PartLoader: Part 'Squad/Parts/Utility/spotLightMk2_v2/spotLightMk2_v2/spotLight2_v2' has no database record. Creating.
[LOG 15:04:45.464] [DragCubeSystem]: Drag cubes not found or cannot be read for part Part. Generating New drag cubes.
[LOG 15:04:45.464] [KSPCF/DragCubeGeneration] Creating drag cubes for part 'spotLight2.v2'
[LOG 15:04:45.469] PartLoader: Compiling Part 'Squad/Parts/Utility/stackCouplers/stackBiCoupler_v2/stackBiCoupler_v2'
[LOG 15:04:45.473] PartLoader: Part 'Squad/Parts/Utility/stackCouplers/stackBiCoupler_v2/stackBiCoupler_v2' has no database record. Creating.
[LOG 15:04:45.473] [DragCubeSystem]: Drag cubes not found or cannot be read for part Part. Generating New drag cubes.
[LOG 15:04:45.473] [KSPCF/DragCubeGeneration] Creating drag cubes for part 'stackBiCoupler.v2'
[LOG 15:04:45.477] PartLoader: Compiling Part 'Squad/Parts/Utility/stackCouplers/stackQuadCoupler/stackQuadCoupler'
[LOG 15:04:45.480] PartLoader: Part 'Squad/Parts/Utility/stackCouplers/stackQuadCoupler/stackQuadCoupler' has no database record. Creating.
[LOG 15:04:45.481] [DragCubeSystem]: Drag cubes not found or cannot be read for part Part. Generating New drag cubes.
[LOG 15:04:45.481] [KSPCF/DragCubeGeneration] Creating drag cubes for part 'stackQuadCoupler'
[LOG 15:04:45.484] PartLoader: Compiling Part 'Squad/Parts/Utility/stackCouplers/stackTriCoupler_v2/stackTriCoupler_v2'
[LOG 15:04:45.487] PartLoader: Part 'Squad/Parts/Utility/stackCouplers/stackTriCoupler_v2/stackTriCoupler_v2' has no database record. Creating.
[LOG 15:04:45.487] [DragCubeSystem]: Drag cubes not found or cannot be read for part Part. Generating New drag cubes.
[LOG 15:04:45.487] [KSPCF/DragCubeGeneration] Creating drag cubes for part 'stackTriCoupler.v2'
[LOG 15:04:45.491] PartLoader: Compiling Part 'Squad/Parts/Wheel/LandingGear/GearExtraLarge/GearLarge'
[LOG 15:04:45.510] PartLoader: Part 'Squad/Parts/Wheel/LandingGear/GearExtraLarge/GearLarge' has no database record. Creating.
[LOG 15:04:45.510] [DragCubeSystem]: Drag cubes not found or cannot be read for part Part. Generating New drag cubes.
[LOG 15:04:45.510] [KSPCF/DragCubeGeneration] Creating drag cubes for part 'GearLarge'
[LOG 15:04:45.530] PartLoader: Compiling Part 'Squad/Parts/Wheel/LandingGear/GearFixed/GearFixed'
[LOG 15:04:45.535] PartLoader: Part 'Squad/Parts/Wheel/LandingGear/GearFixed/GearFixed' has no database record. Creating.
[LOG 15:04:45.535] [DragCubeSystem]: Drag cubes not found or cannot be read for part Part. Generating New drag cubes.
[LOG 15:04:45.535] [KSPCF/DragCubeGeneration] Creating drag cubes for part 'GearFixed'
[LOG 15:04:45.540] PartLoader: Compiling Part 'Squad/Parts/Wheel/LandingGear/GearFree/GearFree'
[LOG 15:04:45.561] PartLoader: Part 'Squad/Parts/Wheel/LandingGear/GearFree/GearFree' has no database record. Creating.
[LOG 15:04:45.561] [DragCubeSystem]: Drag cubes not found or cannot be read for part Part. Generating New drag cubes.
[LOG 15:04:45.561] [KSPCF/DragCubeGeneration] Creating drag cubes for part 'GearFree'
[LOG 15:04:45.565] PartLoader: Compiling Part 'Squad/Parts/Wheel/LandingGear/GearLarge/GearMedium'
[LOG 15:04:45.578] PartLoader: Part 'Squad/Parts/Wheel/LandingGear/GearLarge/GearMedium' has no database record. Creating.
[LOG 15:04:45.578] [DragCubeSystem]: Drag cubes not found or cannot be read for part Part. Generating New drag cubes.
[LOG 15:04:45.578] [KSPCF/DragCubeGeneration] Creating drag cubes for part 'GearMedium'
[LOG 15:04:45.602] PartLoader: Compiling Part 'Squad/Parts/Wheel/LandingGear/GearMedium/GearSmall'
[LOG 15:04:45.613] PartLoader: Part 'Squad/Parts/Wheel/LandingGear/GearMedium/GearSmall' has no database record. Creating.
[LOG 15:04:45.613] [DragCubeSystem]: Drag cubes not found or cannot be read for part Part. Generating New drag cubes.
[LOG 15:04:45.613] [KSPCF/DragCubeGeneration] Creating drag cubes for part 'GearSmall'
[LOG 15:04:45.629] PartLoader: Compiling Part 'Squad/Parts/Wheel/LandingGear/GearSmall/SmallGearBay'
[LOG 15:04:45.639] PartLoader: Part 'Squad/Parts/Wheel/LandingGear/GearSmall/SmallGearBay' has no database record. Creating.
[LOG 15:04:45.640] [DragCubeSystem]: Drag cubes not found or cannot be read for part Part. Generating New drag cubes.
[LOG 15:04:45.640] [KSPCF/DragCubeGeneration] Creating drag cubes for part 'SmallGearBay'
[LOG 15:04:45.654] PartLoader: Compiling Part 'Squad/Parts/Wheel/roverWheelM1/roverWheelM1/roverWheel1'
[LOG 15:04:45.665] PartLoader: Part 'Squad/Parts/Wheel/roverWheelM1/roverWheelM1/roverWheel1' has no database record. Creating.
[LOG 15:04:45.665] [DragCubeSystem]: Drag cubes not found or cannot be read for part Part. Generating New drag cubes.
[LOG 15:04:45.665] [KSPCF/DragCubeGeneration] Creating drag cubes for part 'roverWheel1'
[LOG 15:04:45.671] PartLoader: Compiling Part 'Squad/Parts/Wheel/roverWheelS2/roverWheelS2/roverWheel2'
[LOG 15:04:45.678] PartLoader: Part 'Squad/Parts/Wheel/roverWheelS2/roverWheelS2/roverWheel2' has no database record. Creating.
[LOG 15:04:45.678] [DragCubeSystem]: Drag cubes not found or cannot be read for part Part. Generating New drag cubes.
[LOG 15:04:45.678] [KSPCF/DragCubeGeneration] Creating drag cubes for part 'roverWheel2'
[LOG 15:04:45.685] PartLoader: Compiling Part 'Squad/Parts/Wheel/roverWheelTR-2L/roverWheelTR-2L/wheelMed'
[LOG 15:04:45.691] PartLoader: Part 'Squad/Parts/Wheel/roverWheelTR-2L/roverWheelTR-2L/wheelMed' has no database record. Creating.
[LOG 15:04:45.691] [DragCubeSystem]: Drag cubes not found or cannot be read for part Part. Generating New drag cubes.
[LOG 15:04:45.691] [KSPCF/DragCubeGeneration] Creating drag cubes for part 'wheelMed'
[LOG 15:04:45.697] PartLoader: Compiling Part 'Squad/Parts/Wheel/roverWheelXL3/roverWheelXL3/roverWheel3'
[LOG 15:04:45.705] PartLoader: Part 'Squad/Parts/Wheel/roverWheelXL3/roverWheelXL3/roverWheel3' has no database record. Creating.
[LOG 15:04:45.705] [DragCubeSystem]: Drag cubes not found or cannot be read for part Part. Generating New drag cubes.
[LOG 15:04:45.705] [KSPCF/DragCubeGeneration] Creating drag cubes for part 'roverWheel3'
[LOG 15:04:45.711] PartLoader: Compiling Part 'SquadExpansion/MakingHistory/Parts/Aero/protectiveRocketNoseMk16/rocketNoseCone_size4/rocketNoseConeSize4'
[LOG 15:04:45.713] PartLoader: Part 'SquadExpansion/MakingHistory/Parts/Aero/protectiveRocketNoseMk16/rocketNoseCone_size4/rocketNoseConeSize4' has no database record. Creating.
[LOG 15:04:45.713] [DragCubeSystem]: Drag cubes not found or cannot be read for part Part. Generating New drag cubes.
[LOG 15:04:45.713] [KSPCF/DragCubeGeneration] Creating drag cubes for part 'rocketNoseConeSize4'
[LOG 15:04:45.718] PartLoader: Compiling Part 'SquadExpansion/MakingHistory/Parts/Aero/protectiveRocketNoseMk5A/Size_1_5_Cone/Size_1_5_Cone'
[LOG 15:04:45.721] PartLoader: Part 'SquadExpansion/MakingHistory/Parts/Aero/protectiveRocketNoseMk5A/Size_1_5_Cone/Size_1_5_Cone' has no database record. Creating.
[LOG 15:04:45.721] [DragCubeSystem]: Drag cubes not found or cannot be read for part Part. Generating New drag cubes.
[LOG 15:04:45.721] [KSPCF/DragCubeGeneration] Creating drag cubes for part 'Size.1.5.Cone'
[LOG 15:04:45.726] PartLoader: Compiling Part 'SquadExpansion/MakingHistory/Parts/Coupling/Decoupler_1p5/Decoupler_1p5'
[LOG 15:04:45.730] PartLoader: Part 'SquadExpansion/MakingHistory/Parts/Coupling/Decoupler_1p5/Decoupler_1p5' has no database record. Creating.
[LOG 15:04:45.731] PartLoader: Compiling Part 'SquadExpansion/MakingHistory/Parts/Coupling/Decoupler_4/Decoupler_4'
[LOG 15:04:45.735] PartLoader: Part 'SquadExpansion/MakingHistory/Parts/Coupling/Decoupler_4/Decoupler_4' has no database record. Creating.
[LOG 15:04:45.735] PartLoader: Compiling Part 'SquadExpansion/MakingHistory/Parts/Coupling/EnginePlate_1p5/EnginePlate1p5'
[LOG 15:04:45.745] PartLoader: Part 'SquadExpansion/MakingHistory/Parts/Coupling/EnginePlate_1p5/EnginePlate1p5' has no database record. Creating.
[LOG 15:04:45.745] [DragCubeSystem]: Drag cubes not found or cannot be read for part Part. Generating New drag cubes.
[LOG 15:04:45.745] [KSPCF/DragCubeGeneration] Part 'EnginePlate1p5' has defined a procedural drag cube setup
[LOG 15:04:45.745] PartLoader: Compiling Part 'SquadExpansion/MakingHistory/Parts/Coupling/EnginePlate_2/EnginePlate2'
[LOG 15:04:45.752] PartLoader: Part 'SquadExpansion/MakingHistory/Parts/Coupling/EnginePlate_2/EnginePlate2' has no database record. Creating.
[LOG 15:04:45.752] [DragCubeSystem]: Drag cubes not found or cannot be read for part Part. Generating New drag cubes.
[LOG 15:04:45.752] [KSPCF/DragCubeGeneration] Part 'EnginePlate2' has defined a procedural drag cube setup
[LOG 15:04:45.753] PartLoader: Compiling Part 'SquadExpansion/MakingHistory/Parts/Coupling/EnginePlate_3/EnginePlate3'
[LOG 15:04:45.761] PartLoader: Part 'SquadExpansion/MakingHistory/Parts/Coupling/EnginePlate_3/EnginePlate3' has no database record. Creating.
[LOG 15:04:45.761] [DragCubeSystem]: Drag cubes not found or cannot be read for part Part. Generating New drag cubes.
[LOG 15:04:45.761] [KSPCF/DragCubeGeneration] Part 'EnginePlate3' has defined a procedural drag cube setup
[LOG 15:04:45.762] PartLoader: Compiling Part 'SquadExpansion/MakingHistory/Parts/Coupling/EnginePlate_4/EnginePlate4'
[LOG 15:04:45.768] PartLoader: Part 'SquadExpansion/MakingHistory/Parts/Coupling/EnginePlate_4/EnginePlate4' has no database record. Creating.
[LOG 15:04:45.768] [DragCubeSystem]: Drag cubes not found or cannot be read for part Part. Generating New drag cubes.
[LOG 15:04:45.768] [KSPCF/DragCubeGeneration] Part 'EnginePlate4' has defined a procedural drag cube setup
[LOG 15:04:45.768] PartLoader: Compiling Part 'SquadExpansion/MakingHistory/Parts/Coupling/EnginePlate_5/EnginePlate5'
[LOG 15:04:45.774] PartLoader: Part 'SquadExpansion/MakingHistory/Parts/Coupling/EnginePlate_5/EnginePlate5' has no database record. Creating.
[LOG 15:04:45.774] [DragCubeSystem]: Drag cubes not found or cannot be read for part Part. Generating New drag cubes.
[LOG 15:04:45.774] [KSPCF/DragCubeGeneration] Part 'EnginePlate5' has defined a procedural drag cube setup
[LOG 15:04:45.774] PartLoader: Compiling Part 'SquadExpansion/MakingHistory/Parts/Coupling/InflatableAirlock/InflatableAirlock'
[LOG 15:04:45.779] PartLoader: Part 'SquadExpansion/MakingHistory/Parts/Coupling/InflatableAirlock/InflatableAirlock' has no database record. Creating.
[LOG 15:04:45.779] [DragCubeSystem]: Drag cubes not found or cannot be read for part Part. Generating New drag cubes.
[LOG 15:04:45.779] [KSPCF/DragCubeGeneration] Creating drag cubes for part 'InflatableAirlock'
[LOG 15:04:45.790] PartLoader: Compiling Part 'SquadExpansion/MakingHistory/Parts/Coupling/Separator_1p5/Separator_1p5'
[LOG 15:04:45.795] PartLoader: Part 'SquadExpansion/MakingHistory/Parts/Coupling/Separator_1p5/Separator_1p5' has no database record. Creating.
[LOG 15:04:45.796] PartLoader: Compiling Part 'SquadExpansion/MakingHistory/Parts/Coupling/Separator_4/Separator_4'
[LOG 15:04:45.800] PartLoader: Part 'SquadExpansion/MakingHistory/Parts/Coupling/Separator_4/Separator_4' has no database record. Creating.
[LOG 15:04:45.800] PartLoader: Compiling Part 'SquadExpansion/MakingHistory/Parts/Coupling/Size1p5_Strut_Decoupler/Size1p5_Strut_Decoupler'
[LOG 15:04:45.804] PartLoader: Part 'SquadExpansion/MakingHistory/Parts/Coupling/Size1p5_Strut_Decoupler/Size1p5_Strut_Decoupler' has no database record. Creating.
[LOG 15:04:45.805] PartLoader: Compiling Part 'SquadExpansion/MakingHistory/Parts/Engine/LiquidEngineKE-1/LiquidEngineKE-1'
[LOG 15:04:45.814] PartLoader: Part 'SquadExpansion/MakingHistory/Parts/Engine/LiquidEngineKE-1/LiquidEngineKE-1' has no database record. Creating.
[LOG 15:04:45.814] [DragCubeSystem]: Drag cubes not found or cannot be read for part Part. Generating New drag cubes.
[LOG 15:04:45.814] [KSPCF/DragCubeGeneration] Creating drag cubes for part 'LiquidEngineKE-1'
[LOG 15:04:45.843] PartLoader: Compiling Part 'SquadExpansion/MakingHistory/Parts/Engine/LiquidEngineLV-T91/LiquidEngineLV-T91'
[LOG 15:04:45.851] PartLoader: Part 'SquadExpansion/MakingHistory/Parts/Engine/LiquidEngineLV-T91/LiquidEngineLV-T91' has no database record. Creating.
[LOG 15:04:45.851] [DragCubeSystem]: Drag cubes not found or cannot be read for part Part. Generating New drag cubes.
[LOG 15:04:45.851] [KSPCF/DragCubeGeneration] Creating drag cubes for part 'LiquidEngineLV-T91'
[LOG 15:04:45.873] PartLoader: Compiling Part 'SquadExpansion/MakingHistory/Parts/Engine/LiquidEngineLV-TX87/LiquidEngineLV-TX87'
[LOG 15:04:45.882] PartLoader: Part 'SquadExpansion/MakingHistory/Parts/Engine/LiquidEngineLV-TX87/LiquidEngineLV-TX87' has no database record. Creating.
[LOG 15:04:45.882] [DragCubeSystem]: Drag cubes not found or cannot be read for part Part. Generating New drag cubes.
[LOG 15:04:45.882] [KSPCF/DragCubeGeneration] Creating drag cubes for part 'LiquidEngineLV-TX87'
[LOG 15:04:45.905] PartLoader: Compiling Part 'SquadExpansion/MakingHistory/Parts/Engine/LiquidEngineRE-I2/LiquidEngineRE-I2'
[LOG 15:04:45.914] PartLoader: Part 'SquadExpansion/MakingHistory/Parts/Engine/LiquidEngineRE-I2/LiquidEngineRE-I2' has no database record. Creating.
[LOG 15:04:45.914] [DragCubeSystem]: Drag cubes not found or cannot be read for part Part. Generating New drag cubes.
[LOG 15:04:45.914] [KSPCF/DragCubeGeneration] Creating drag cubes for part 'LiquidEngineRE-I2'
[LOG 15:04:45.936] PartLoader: Compiling Part 'SquadExpansion/MakingHistory/Parts/Engine/LiquidEngineRE-J10/LiquidEngineRE-J10'
[LOG 15:04:45.944] PartLoader: Part 'SquadExpansion/MakingHistory/Parts/Engine/LiquidEngineRE-J10/LiquidEngineRE-J10' has no database record. Creating.
[LOG 15:04:45.944] [DragCubeSystem]: Drag cubes not found or cannot be read for part Part. Generating New drag cubes.
[LOG 15:04:45.944] [KSPCF/DragCubeGeneration] Creating drag cubes for part 'LiquidEngineRE-J10'
[LOG 15:04:45.966] PartLoader: Compiling Part 'SquadExpansion/MakingHistory/Parts/Engine/LiquidEngineRK-7/LiquidEngineRK-7'
[LOG 15:04:45.973] PartLoader: Part 'SquadExpansion/MakingHistory/Parts/Engine/LiquidEngineRK-7/LiquidEngineRK-7' has no database record. Creating.
[LOG 15:04:45.973] [DragCubeSystem]: Drag cubes not found or cannot be read for part Part. Generating New drag cubes.
[LOG 15:04:45.973] [KSPCF/DragCubeGeneration] Creating drag cubes for part 'LiquidEngineRK-7'
[LOG 15:04:46.001] PartLoader: Compiling Part 'SquadExpansion/MakingHistory/Parts/Engine/LiquidEngineRV-1/LiquidEngineRV-1'
[LOG 15:04:46.007] PartLoader: Part 'SquadExpansion/MakingHistory/Parts/Engine/LiquidEngineRV-1/LiquidEngineRV-1' has no database record. Creating.
[LOG 15:04:46.007] [DragCubeSystem]: Drag cubes not found or cannot be read for part Part. Generating New drag cubes.
[LOG 15:04:46.007] [KSPCF/DragCubeGeneration] Creating drag cubes for part 'LiquidEngineRV-1'
[LOG 15:04:46.012] PartLoader: Compiling Part 'SquadExpansion/MakingHistory/Parts/Engine/solidBoosterTHK/solidBoosterTHK/Pollux'
[LOG 15:04:46.017] PartLoader: Part 'SquadExpansion/MakingHistory/Parts/Engine/solidBoosterTHK/solidBoosterTHK/Pollux' has no database record. Creating.
[LOG 15:04:46.018] [DragCubeSystem]: Drag cubes not found or cannot be read for part Part. Generating New drag cubes.
[LOG 15:04:46.018] [KSPCF/DragCubeGeneration] Creating drag cubes for part 'Pollux'
[LOG 15:04:46.022] PartLoader: Compiling Part 'SquadExpansion/MakingHistory/Parts/FuelTank/MonoPropMini/monopropMiniSphere'
[LOG 15:04:46.024] PartLoader: Part 'SquadExpansion/MakingHistory/Parts/FuelTank/MonoPropMini/monopropMiniSphere' has no database record. Creating.
[LOG 15:04:46.024] [DragCubeSystem]: Drag cubes not found or cannot be read for part Part. Generating New drag cubes.
[LOG 15:04:46.024] [KSPCF/DragCubeGeneration] Creating drag cubes for part 'monopropMiniSphere'
[LOG 15:04:46.031] PartLoader: Compiling Part 'SquadExpansion/MakingHistory/Parts/FuelTank/Size1p5_Monoprop/Size1p5_Monoprop'
[LOG 15:04:46.036] PartLoader: Part 'SquadExpansion/MakingHistory/Parts/FuelTank/Size1p5_Monoprop/Size1p5_Monoprop' has no database record. Creating.
[LOG 15:04:46.036] [DragCubeSystem]: Drag cubes not found or cannot be read for part Part. Generating New drag cubes.
[LOG 15:04:46.036] [KSPCF/DragCubeGeneration] Creating drag cubes for part 'Size1p5.Monoprop'
[LOG 15:04:46.041] PartLoader: Compiling Part 'SquadExpansion/MakingHistory/Parts/FuelTank/Size1p5_Size0_Adapter_01/Size1p5_Size0_Adapter_01'
[LOG 15:04:46.043] PartLoader: Part 'SquadExpansion/MakingHistory/Parts/FuelTank/Size1p5_Size0_Adapter_01/Size1p5_Size0_Adapter_01' has no database record. Creating.
[LOG 15:04:46.043] [DragCubeSystem]: Drag cubes not found or cannot be read for part Part. Generating New drag cubes.
[LOG 15:04:46.043] [KSPCF/DragCubeGeneration] Creating drag cubes for part 'Size1p5.Size0.Adapter.01'
[LOG 15:04:46.048] PartLoader: Compiling Part 'SquadExpansion/MakingHistory/Parts/FuelTank/Size1p5_Size1_Adapter_01/Size1p5_Size1_Adapter_01'
[LOG 15:04:46.051] PartLoader: Part 'SquadExpansion/MakingHistory/Parts/FuelTank/Size1p5_Size1_Adapter_01/Size1p5_Size1_Adapter_01' has no database record. Creating.
[LOG 15:04:46.051] [DragCubeSystem]: Drag cubes not found or cannot be read for part Part. Generating New drag cubes.
[LOG 15:04:46.051] [KSPCF/DragCubeGeneration] Creating drag cubes for part 'Size1p5.Size1.Adapter.01'
[LOG 15:04:46.055] PartLoader: Compiling Part 'SquadExpansion/MakingHistory/Parts/FuelTank/Size1p5_Size1_Adapter_02/Size1p5_Size1_Adapter_02'
[LOG 15:04:46.058] PartLoader: Part 'SquadExpansion/MakingHistory/Parts/FuelTank/Size1p5_Size1_Adapter_02/Size1p5_Size1_Adapter_02' has no database record. Creating.
[LOG 15:04:46.058] [DragCubeSystem]: Drag cubes not found or cannot be read for part Part. Generating New drag cubes.
[LOG 15:04:46.058] [KSPCF/DragCubeGeneration] Creating drag cubes for part 'Size1p5.Size1.Adapter.02'
[LOG 15:04:46.063] PartLoader: Compiling Part 'SquadExpansion/MakingHistory/Parts/FuelTank/Size1p5_Size2_Adapter_01/Size1p5_Size2_Adapter_01'
[LOG 15:04:46.067] PartLoader: Part 'SquadExpansion/MakingHistory/Parts/FuelTank/Size1p5_Size2_Adapter_01/Size1p5_Size2_Adapter_01' has no database record. Creating.
[LOG 15:04:46.067] [DragCubeSystem]: Drag cubes not found or cannot be read for part Part. Generating New drag cubes.
[LOG 15:04:46.067] [KSPCF/DragCubeGeneration] Creating drag cubes for part 'Size1p5.Size2.Adapter.01'
[LOG 15:04:46.072] PartLoader: Compiling Part 'SquadExpansion/MakingHistory/Parts/FuelTank/Size1p5_Tank_01/Size1p5_Tank_01'
[LOG 15:04:46.075] PartLoader: Part 'SquadExpansion/MakingHistory/Parts/FuelTank/Size1p5_Tank_01/Size1p5_Tank_01' has no database record. Creating.
[LOG 15:04:46.075] [DragCubeSystem]: Drag cubes not found or cannot be read for part Part. Generating New drag cubes.
[LOG 15:04:46.075] [KSPCF/DragCubeGeneration] Creating drag cubes for part 'Size1p5.Tank.01'
[LOG 15:04:46.080] PartLoader: Compiling Part 'SquadExpansion/MakingHistory/Parts/FuelTank/Size1p5_Tank_02/Size1p5_Tank_02'
[LOG 15:04:46.083] PartLoader: Part 'SquadExpansion/MakingHistory/Parts/FuelTank/Size1p5_Tank_02/Size1p5_Tank_02' has no database record. Creating.
[LOG 15:04:46.083] [DragCubeSystem]: Drag cubes not found or cannot be read for part Part. Generating New drag cubes.
[LOG 15:04:46.084] [KSPCF/DragCubeGeneration] Creating drag cubes for part 'Size1p5.Tank.02'
[LOG 15:04:46.088] PartLoader: Compiling Part 'SquadExpansion/MakingHistory/Parts/FuelTank/Size1p5_Tank_03/Size1p5_Tank_03'
[LOG 15:04:46.091] PartLoader: Part 'SquadExpansion/MakingHistory/Parts/FuelTank/Size1p5_Tank_03/Size1p5_Tank_03' has no database record. Creating.
[LOG 15:04:46.091] [DragCubeSystem]: Drag cubes not found or cannot be read for part Part. Generating New drag cubes.
[LOG 15:04:46.091] [KSPCF/DragCubeGeneration] Creating drag cubes for part 'Size1p5.Tank.03'
[LOG 15:04:46.096] PartLoader: Compiling Part 'SquadExpansion/MakingHistory/Parts/FuelTank/Size1p5_Tank_04/Size1p5_Tank_04'
[LOG 15:04:46.101] PartLoader: Part 'SquadExpansion/MakingHistory/Parts/FuelTank/Size1p5_Tank_04/Size1p5_Tank_04' has no database record. Creating.
[LOG 15:04:46.101] [DragCubeSystem]: Drag cubes not found or cannot be read for part Part. Generating New drag cubes.
[LOG 15:04:46.101] [KSPCF/DragCubeGeneration] Creating drag cubes for part 'Size1p5.Tank.04'
[LOG 15:04:46.105] PartLoader: Compiling Part 'SquadExpansion/MakingHistory/Parts/FuelTank/Size1p5_Tank_05/Size1p5_Tank_05'
[LOG 15:04:46.110] PartLoader: Part 'SquadExpansion/MakingHistory/Parts/FuelTank/Size1p5_Tank_05/Size1p5_Tank_05' has no database record. Creating.
[LOG 15:04:46.110] [DragCubeSystem]: Drag cubes not found or cannot be read for part Part. Generating New drag cubes.
[LOG 15:04:46.111] [KSPCF/DragCubeGeneration] Creating drag cubes for part 'Size1p5.Tank.05'
[LOG 15:04:46.117] PartLoader: Compiling Part 'SquadExpansion/MakingHistory/Parts/FuelTank/Size3_Size4_Adapter_01/Size3_Size4_Adapter_01'
[LOG 15:04:46.119] PartLoader: Part 'SquadExpansion/MakingHistory/Parts/FuelTank/Size3_Size4_Adapter_01/Size3_Size4_Adapter_01' has no database record. Creating.
[LOG 15:04:46.119] [DragCubeSystem]: Drag cubes not found or cannot be read for part Part. Generating New drag cubes.
[LOG 15:04:46.119] [KSPCF/DragCubeGeneration] Creating drag cubes for part 'Size3.Size4.Adapter.01'
[LOG 15:04:46.124] PartLoader: Compiling Part 'SquadExpansion/MakingHistory/Parts/FuelTank/Size4_EngineAdapter_01/Size4_EngineAdapter_01'
[LOG 15:04:46.127] PartLoader: Part 'SquadExpansion/MakingHistory/Parts/FuelTank/Size4_EngineAdapter_01/Size4_EngineAdapter_01' has no database record. Creating.
[LOG 15:04:46.127] [DragCubeSystem]: Drag cubes not found or cannot be read for part Part. Generating New drag cubes.
[LOG 15:04:46.127] [KSPCF/DragCubeGeneration] Creating drag cubes for part 'Size4.EngineAdapter.01'
[LOG 15:04:46.132] PartLoader: Compiling Part 'SquadExpansion/MakingHistory/Parts/FuelTank/Size4_Tank_01/Size4_Tank_01'
[LOG 15:04:46.136] PartLoader: Part 'SquadExpansion/MakingHistory/Parts/FuelTank/Size4_Tank_01/Size4_Tank_01' has no database record. Creating.
[LOG 15:04:46.136] [DragCubeSystem]: Drag cubes not found or cannot be read for part Part. Generating New drag cubes.
[LOG 15:04:46.136] [KSPCF/DragCubeGeneration] Creating drag cubes for part 'Size4.Tank.01'
[LOG 15:04:46.141] PartLoader: Compiling Part 'SquadExpansion/MakingHistory/Parts/FuelTank/Size4_Tank_02/Size4_Tank_02'
[LOG 15:04:46.143] PartLoader: Part 'SquadExpansion/MakingHistory/Parts/FuelTank/Size4_Tank_02/Size4_Tank_02' has no database record. Creating.
[LOG 15:04:46.143] [DragCubeSystem]: Drag cubes not found or cannot be read for part Part. Generating New drag cubes.
[LOG 15:04:46.143] [KSPCF/DragCubeGeneration] Creating drag cubes for part 'Size4.Tank.02'
[LOG 15:04:46.148] PartLoader: Compiling Part 'SquadExpansion/MakingHistory/Parts/FuelTank/Size4_Tank_03/Size4_Tank_03'
[LOG 15:04:46.151] PartLoader: Part 'SquadExpansion/MakingHistory/Parts/FuelTank/Size4_Tank_03/Size4_Tank_03' has no database record. Creating.
[LOG 15:04:46.151] [DragCubeSystem]: Drag cubes not found or cannot be read for part Part. Generating New drag cubes.
[LOG 15:04:46.151] [KSPCF/DragCubeGeneration] Creating drag cubes for part 'Size4.Tank.03'
[LOG 15:04:46.155] PartLoader: Compiling Part 'SquadExpansion/MakingHistory/Parts/FuelTank/Size4_Tank_04/Size4_Tank_04'
[LOG 15:04:46.158] PartLoader: Part 'SquadExpansion/MakingHistory/Parts/FuelTank/Size4_Tank_04/Size4_Tank_04' has no database record. Creating.
[LOG 15:04:46.158] [DragCubeSystem]: Drag cubes not found or cannot be read for part Part. Generating New drag cubes.
[LOG 15:04:46.158] [KSPCF/DragCubeGeneration] Creating drag cubes for part 'Size4.Tank.04'
[LOG 15:04:46.163] PartLoader: Compiling Part 'SquadExpansion/MakingHistory/Parts/Ground/RoverWheel/roverWheelM1-F'
[LOG 15:04:46.172] PartLoader: Part 'SquadExpansion/MakingHistory/Parts/Ground/RoverWheel/roverWheelM1-F' has no database record. Creating.
[LOG 15:04:46.172] [DragCubeSystem]: Drag cubes not found or cannot be read for part Part. Generating New drag cubes.
[LOG 15:04:46.172] [KSPCF/DragCubeGeneration] Creating drag cubes for part 'roverWheelM1-F'
[LOG 15:04:46.186] PartLoader: Compiling Part 'SquadExpansion/MakingHistory/Parts/Payload/fairingSize1p5/fairingSize1p5'
[LOG 15:04:46.196] PartLoader: Part 'SquadExpansion/MakingHistory/Parts/Payload/fairingSize1p5/fairingSize1p5' has no database record. Creating.
[LOG 15:04:46.196] [DragCubeSystem]: Drag cubes not found or cannot be read for part Part. Generating New drag cubes.
[LOG 15:04:46.196] [KSPCF/DragCubeGeneration] Creating drag cubes for part 'fairingSize1p5'
[LOG 15:04:46.201] PartLoader: Compiling Part 'SquadExpansion/MakingHistory/Parts/Payload/fairingSize4/fairingSize4'
[LOG 15:04:46.210] PartLoader: Part 'SquadExpansion/MakingHistory/Parts/Payload/fairingSize4/fairingSize4' has no database record. Creating.
[LOG 15:04:46.210] [DragCubeSystem]: Drag cubes not found or cannot be read for part Part. Generating New drag cubes.
[LOG 15:04:46.210] [KSPCF/DragCubeGeneration] Creating drag cubes for part 'fairingSize4'
[LOG 15:04:46.215] PartLoader: Compiling Part 'SquadExpansion/MakingHistory/Parts/Payload/Size1to0ServiceModule/Size1to0ServiceModule'
[LOG 15:04:46.223] PartLoader: Part 'SquadExpansion/MakingHistory/Parts/Payload/Size1to0ServiceModule/Size1to0ServiceModule' has no database record. Creating.
[LOG 15:04:46.223] [DragCubeSystem]: Drag cubes not found or cannot be read for part Part. Generating New drag cubes.
[LOG 15:04:46.223] [KSPCF/DragCubeGeneration] Part 'Size1to0ServiceModule' has defined a procedural drag cube setup
[LOG 15:04:46.224] PartLoader: Compiling Part 'SquadExpansion/MakingHistory/Parts/Payload/SM18/ServiceModule18'
[LOG 15:04:46.229] PartLoader: Part 'SquadExpansion/MakingHistory/Parts/Payload/SM18/ServiceModule18' has no database record. Creating.
[LOG 15:04:46.229] [DragCubeSystem]: Drag cubes not found or cannot be read for part Part. Generating New drag cubes.
[LOG 15:04:46.229] [KSPCF/DragCubeGeneration] Part 'ServiceModule18' has defined a procedural drag cube setup
[LOG 15:04:46.229] PartLoader: Compiling Part 'SquadExpansion/MakingHistory/Parts/Payload/SM25/ServiceModule25'
[LOG 15:04:46.234] PartLoader: Part 'SquadExpansion/MakingHistory/Parts/Payload/SM25/ServiceModule25' has no database record. Creating.
[LOG 15:04:46.234] [DragCubeSystem]: Drag cubes not found or cannot be read for part Part. Generating New drag cubes.
[LOG 15:04:46.234] [KSPCF/DragCubeGeneration] Part 'ServiceModule25' has defined a procedural drag cube setup
[LOG 15:04:46.235] PartLoader: Compiling Part 'SquadExpansion/MakingHistory/Parts/Pods/KV1Pod/kv1Pod'
[WRN 15:04:46.238] [Part]: Cannot have ModuleCargoPart and ModuleInventoryPart on same Part [kv1Pod'. Removed ModuleCargoPart
[LOG 15:04:46.242] PartLoader: Part 'SquadExpansion/MakingHistory/Parts/Pods/KV1Pod/kv1Pod' has no database record. Creating.
[LOG 15:04:46.243] PartLoader: Compiling Part 'SquadExpansion/MakingHistory/Parts/Pods/KV2Pod/kv2Pod'
[WRN 15:04:46.247] [Part]: Cannot have ModuleCargoPart and ModuleInventoryPart on same Part [kv2Pod'. Removed ModuleCargoPart
[LOG 15:04:46.250] PartLoader: Part 'SquadExpansion/MakingHistory/Parts/Pods/KV2Pod/kv2Pod' has no database record. Creating.
[LOG 15:04:46.252] PartLoader: Compiling Part 'SquadExpansion/MakingHistory/Parts/Pods/KV3Pod/kv3Pod'
[WRN 15:04:46.256] [Part]: Cannot have ModuleCargoPart and ModuleInventoryPart on same Part [kv3Pod'. Removed ModuleCargoPart
[LOG 15:04:46.259] PartLoader: Part 'SquadExpansion/MakingHistory/Parts/Pods/KV3Pod/kv3Pod' has no database record. Creating.
[LOG 15:04:46.261] PartLoader: Compiling Part 'SquadExpansion/MakingHistory/Parts/Pods/Mk2Pod/Mk2Pod'
[WRN 15:04:46.264] [Part]: Cannot have ModuleCargoPart and ModuleInventoryPart on same Part [Mk2Pod'. Removed ModuleCargoPart
[LOG 15:04:46.268] PartLoader: Part 'SquadExpansion/MakingHistory/Parts/Pods/Mk2Pod/Mk2Pod' has no database record. Creating.
[LOG 15:04:46.268] [DragCubeSystem]: Drag cubes not found or cannot be read for part Part. Generating New drag cubes.
[LOG 15:04:46.268] [KSPCF/DragCubeGeneration] Creating drag cubes for part 'Mk2Pod'
[LOG 15:04:46.274] PartLoader: Compiling Part 'SquadExpansion/MakingHistory/Parts/Pods/Size1_5_Lander/MEMLander'
[WRN 15:04:46.280] [Part]: Cannot add ModuleCargoPart as this Part 'MEMLander' already has a ModuleInventoryPart PartModule and they are mutually exclusive.
[LOG 15:04:46.287] PartLoader: Part 'SquadExpansion/MakingHistory/Parts/Pods/Size1_5_Lander/MEMLander' has no database record. Creating.
[LOG 15:04:46.287] [DragCubeSystem]: Drag cubes not found or cannot be read for part Part. Generating New drag cubes.
[LOG 15:04:46.287] [KSPCF/DragCubeGeneration] Creating drag cubes for part 'MEMLander'
[LOG 15:04:46.293] PartLoader: Compiling Part 'SquadExpansion/MakingHistory/Parts/Prebuilt/kerbalEVAfemaleVintage/kerbalEVAfemaleVintage'
[LOG 15:04:46.299] PartLoader: Compiling Part 'SquadExpansion/MakingHistory/Parts/Prebuilt/kerbalEVAVintage/kerbalEVAVintage'
[LOG 15:04:46.305] PartLoader: Compiling Part 'SquadExpansion/MakingHistory/Parts/Structural/EquiTriangle0/EquiTriangle0'
[LOG 15:04:46.311] PartLoader: Part 'SquadExpansion/MakingHistory/Parts/Structural/EquiTriangle0/EquiTriangle0' has no database record. Creating.
[LOG 15:04:46.311] [DragCubeSystem]: Drag cubes not found or cannot be read for part Part. Generating New drag cubes.
[LOG 15:04:46.311] [KSPCF/DragCubeGeneration] Creating drag cubes for part 'EquiTriangle0'
[LOG 15:04:46.315] PartLoader: Compiling Part 'SquadExpansion/MakingHistory/Parts/Structural/EquiTriangle1/EquiTriangle1'
[LOG 15:04:46.318] PartLoader: Part 'SquadExpansion/MakingHistory/Parts/Structural/EquiTriangle1/EquiTriangle1' has no database record. Creating.
[LOG 15:04:46.319] [DragCubeSystem]: Drag cubes not found or cannot be read for part Part. Generating New drag cubes.
[LOG 15:04:46.319] [KSPCF/DragCubeGeneration] Creating drag cubes for part 'EquiTriangle1'
[LOG 15:04:46.322] PartLoader: Compiling Part 'SquadExpansion/MakingHistory/Parts/Structural/EquiTriangle1p5/EquiTriangle1p5'
[LOG 15:04:46.326] PartLoader: Part 'SquadExpansion/MakingHistory/Parts/Structural/EquiTriangle1p5/EquiTriangle1p5' has no database record. Creating.
[LOG 15:04:46.326] [DragCubeSystem]: Drag cubes not found or cannot be read for part Part. Generating New drag cubes.
[LOG 15:04:46.326] [KSPCF/DragCubeGeneration] Creating drag cubes for part 'EquiTriangle1p5'
[LOG 15:04:46.330] PartLoader: Compiling Part 'SquadExpansion/MakingHistory/Parts/Structural/EquiTriangle2/EquiTriangle2'
[LOG 15:04:46.333] PartLoader: Part 'SquadExpansion/MakingHistory/Parts/Structural/EquiTriangle2/EquiTriangle2' has no database record. Creating.
[LOG 15:04:46.334] [DragCubeSystem]: Drag cubes not found or cannot be read for part Part. Generating New drag cubes.
[LOG 15:04:46.334] [KSPCF/DragCubeGeneration] Creating drag cubes for part 'EquiTriangle2'
[LOG 15:04:46.337] PartLoader: Compiling Part 'SquadExpansion/MakingHistory/Parts/Structural/Panel0/Panel0'
[LOG 15:04:46.340] PartLoader: Part 'SquadExpansion/MakingHistory/Parts/Structural/Panel0/Panel0' has no database record. Creating.
[LOG 15:04:46.340] [DragCubeSystem]: Drag cubes not found or cannot be read for part Part. Generating New drag cubes.
[LOG 15:04:46.341] [KSPCF/DragCubeGeneration] Creating drag cubes for part 'Panel0'
[LOG 15:04:46.345] PartLoader: Compiling Part 'SquadExpansion/MakingHistory/Parts/Structural/Panel1/Panel1'
[LOG 15:04:46.349] PartLoader: Part 'SquadExpansion/MakingHistory/Parts/Structural/Panel1/Panel1' has no database record. Creating.
[LOG 15:04:46.349] [DragCubeSystem]: Drag cubes not found or cannot be read for part Part. Generating New drag cubes.
[LOG 15:04:46.349] [KSPCF/DragCubeGeneration] Creating drag cubes for part 'Panel1'
[LOG 15:04:46.353] PartLoader: Compiling Part 'SquadExpansion/MakingHistory/Parts/Structural/Panel1p5/Panel1p5'
[LOG 15:04:46.356] PartLoader: Part 'SquadExpansion/MakingHistory/Parts/Structural/Panel1p5/Panel1p5' has no database record. Creating.
[LOG 15:04:46.356] [DragCubeSystem]: Drag cubes not found or cannot be read for part Part. Generating New drag cubes.
[LOG 15:04:46.356] [KSPCF/DragCubeGeneration] Creating drag cubes for part 'Panel1p5'
[LOG 15:04:46.360] PartLoader: Compiling Part 'SquadExpansion/MakingHistory/Parts/Structural/Panel2/Panel2'
[LOG 15:04:46.364] PartLoader: Part 'SquadExpansion/MakingHistory/Parts/Structural/Panel2/Panel2' has no database record. Creating.
[LOG 15:04:46.364] [DragCubeSystem]: Drag cubes not found or cannot be read for part Part. Generating New drag cubes.
[LOG 15:04:46.364] [KSPCF/DragCubeGeneration] Creating drag cubes for part 'Panel2'
[LOG 15:04:46.368] PartLoader: Compiling Part 'SquadExpansion/MakingHistory/Parts/Structural/Triangle0/Triangle0'
[LOG 15:04:46.371] PartLoader: Part 'SquadExpansion/MakingHistory/Parts/Structural/Triangle0/Triangle0' has no database record. Creating.
[LOG 15:04:46.371] [DragCubeSystem]: Drag cubes not found or cannot be read for part Part. Generating New drag cubes.
[LOG 15:04:46.371] [KSPCF/DragCubeGeneration] Creating drag cubes for part 'Triangle0'
[LOG 15:04:46.375] PartLoader: Compiling Part 'SquadExpansion/MakingHistory/Parts/Structural/Triangle1/Triangle1'
[LOG 15:04:46.379] PartLoader: Part 'SquadExpansion/MakingHistory/Parts/Structural/Triangle1/Triangle1' has no database record. Creating.
[LOG 15:04:46.379] [DragCubeSystem]: Drag cubes not found or cannot be read for part Part. Generating New drag cubes.
[LOG 15:04:46.379] [KSPCF/DragCubeGeneration] Creating drag cubes for part 'Triangle1'
[LOG 15:04:46.383] PartLoader: Compiling Part 'SquadExpansion/MakingHistory/Parts/Structural/Triangle1p5/Triangle1p5'
[LOG 15:04:46.386] PartLoader: Part 'SquadExpansion/MakingHistory/Parts/Structural/Triangle1p5/Triangle1p5' has no database record. Creating.
[LOG 15:04:46.386] [DragCubeSystem]: Drag cubes not found or cannot be read for part Part. Generating New drag cubes.
[LOG 15:04:46.386] [KSPCF/DragCubeGeneration] Creating drag cubes for part 'Triangle1p5'
[LOG 15:04:46.390] PartLoader: Compiling Part 'SquadExpansion/MakingHistory/Parts/Structural/Triangle2/Triangle2'
[LOG 15:04:46.394] PartLoader: Part 'SquadExpansion/MakingHistory/Parts/Structural/Triangle2/Triangle2' has no database record. Creating.
[LOG 15:04:46.394] [DragCubeSystem]: Drag cubes not found or cannot be read for part Part. Generating New drag cubes.
[LOG 15:04:46.394] [KSPCF/DragCubeGeneration] Creating drag cubes for part 'Triangle2'
[LOG 15:04:46.398] PartLoader: Compiling Part 'SquadExpansion/MakingHistory/Parts/Structural/Tube1/Tube1'
[LOG 15:04:46.402] PartLoader: Part 'SquadExpansion/MakingHistory/Parts/Structural/Tube1/Tube1' has no database record. Creating.
[LOG 15:04:46.402] PartLoader: Compiling Part 'SquadExpansion/MakingHistory/Parts/Structural/Tube1p5/Tube1p5'
[LOG 15:04:46.406] PartLoader: Part 'SquadExpansion/MakingHistory/Parts/Structural/Tube1p5/Tube1p5' has no database record. Creating.
[LOG 15:04:46.406] PartLoader: Compiling Part 'SquadExpansion/MakingHistory/Parts/Structural/Tube2/Tube2'
[LOG 15:04:46.410] PartLoader: Part 'SquadExpansion/MakingHistory/Parts/Structural/Tube2/Tube2' has no database record. Creating.
[LOG 15:04:46.410] PartLoader: Compiling Part 'SquadExpansion/MakingHistory/Parts/Structural/Tube3/Tube3'
[LOG 15:04:46.413] PartLoader: Part 'SquadExpansion/MakingHistory/Parts/Structural/Tube3/Tube3' has no database record. Creating.
[LOG 15:04:46.413] PartLoader: Compiling Part 'SquadExpansion/MakingHistory/Parts/Structural/Tube4/Tube4'
[LOG 15:04:46.416] PartLoader: Part 'SquadExpansion/MakingHistory/Parts/Structural/Tube4/Tube4' has no database record. Creating.
[LOG 15:04:46.417] PartLoader: Compiling Part 'SquadExpansion/MakingHistory/Parts/Thermal/HeatShield1p5/HeatShield1p5'
[LOG 15:04:46.423] PartLoader: Part 'SquadExpansion/MakingHistory/Parts/Thermal/HeatShield1p5/HeatShield1p5' has no database record. Creating.
[LOG 15:04:46.423] [DragCubeSystem]: Drag cubes not found or cannot be read for part Part. Generating New drag cubes.
[LOG 15:04:46.423] [KSPCF/DragCubeGeneration] Creating drag cubes for part 'HeatShield1p5'
[LOG 15:04:46.436] PartLoader: Compiling Part 'SquadExpansion/MakingHistory/Parts/Utility/flags/flagSize1p5/flagSize1p5/flagPartSize1p5'
[LOG 15:04:46.440] PartLoader: Part 'SquadExpansion/MakingHistory/Parts/Utility/flags/flagSize1p5/flagSize1p5/flagPartSize1p5' has no database record. Creating.
[LOG 15:04:46.441] [DragCubeSystem]: Drag cubes not found or cannot be read for part Part. Generating New drag cubes.
[LOG 15:04:46.441] [KSPCF/DragCubeGeneration] Creating drag cubes for part 'flagPartSize1p5'
[LOG 15:04:46.445] PartLoader: Compiling Part 'SquadExpansion/MakingHistory/Parts/Utility/flags/flagSize4/flagSize4/flagPartSize4'
[LOG 15:04:46.450] PartLoader: Part 'SquadExpansion/MakingHistory/Parts/Utility/flags/flagSize4/flagSize4/flagPartSize4' has no database record. Creating.
[LOG 15:04:46.450] [DragCubeSystem]: Drag cubes not found or cannot be read for part Part. Generating New drag cubes.
[LOG 15:04:46.450] [KSPCF/DragCubeGeneration] Creating drag cubes for part 'flagPartSize4'
[LOG 15:04:46.454] PartLoader: Compiling Part 'SquadExpansion/Serenity/Parts/Aero/FanShroud_01/FanShroud_01'
[LOG 15:04:46.457] PartLoader: Part 'SquadExpansion/Serenity/Parts/Aero/FanShroud_01/FanShroud_01' has no database record. Creating.
[LOG 15:04:46.457] [DragCubeSystem]: Drag cubes not found or cannot be read for part Part. Generating New drag cubes.
[LOG 15:04:46.457] [KSPCF/DragCubeGeneration] Creating drag cubes for part 'FanShroud.01'
[LOG 15:04:46.462] PartLoader: Compiling Part 'SquadExpansion/Serenity/Parts/Aero/FanShroud_02/FanShroud_02'
[LOG 15:04:46.466] PartLoader: Part 'SquadExpansion/Serenity/Parts/Aero/FanShroud_02/FanShroud_02' has no database record. Creating.
[LOG 15:04:46.466] [DragCubeSystem]: Drag cubes not found or cannot be read for part Part. Generating New drag cubes.
[LOG 15:04:46.466] [KSPCF/DragCubeGeneration] Creating drag cubes for part 'FanShroud.02'
[LOG 15:04:46.470] PartLoader: Compiling Part 'SquadExpansion/Serenity/Parts/Aero/FanShroud_03/FanShroud_03'
[LOG 15:04:46.473] PartLoader: Part 'SquadExpansion/Serenity/Parts/Aero/FanShroud_03/FanShroud_03' has no database record. Creating.
[LOG 15:04:46.473] [DragCubeSystem]: Drag cubes not found or cannot be read for part Part. Generating New drag cubes.
[LOG 15:04:46.473] [KSPCF/DragCubeGeneration] Creating drag cubes for part 'FanShroud.03'
[LOG 15:04:46.478] PartLoader: Compiling Part 'SquadExpansion/Serenity/Parts/Aero/noseconeTiny/noseconeTiny'
[LOG 15:04:46.480] PartLoader: Part 'SquadExpansion/Serenity/Parts/Aero/noseconeTiny/noseconeTiny' has no database record. Creating.
[LOG 15:04:46.480] [DragCubeSystem]: Drag cubes not found or cannot be read for part Part. Generating New drag cubes.
[LOG 15:04:46.480] [KSPCF/DragCubeGeneration] Creating drag cubes for part 'noseconeTiny'
[LOG 15:04:46.485] PartLoader: Compiling Part 'SquadExpansion/Serenity/Parts/Aero/noseconeVS/noseconeVS'
[LOG 15:04:46.488] PartLoader: Part 'SquadExpansion/Serenity/Parts/Aero/noseconeVS/noseconeVS' has no database record. Creating.
[LOG 15:04:46.489] [DragCubeSystem]: Drag cubes not found or cannot be read for part Part. Generating New drag cubes.
[LOG 15:04:46.489] [KSPCF/DragCubeGeneration] Creating drag cubes for part 'noseconeVS'
[LOG 15:04:46.493] PartLoader: Compiling Part 'SquadExpansion/Serenity/Parts/DeployedScience/centralStation/DeployedCentralStation'
[LOG 15:04:46.504] PartLoader: Part 'SquadExpansion/Serenity/Parts/DeployedScience/centralStation/DeployedCentralStation' has no database record. Creating.
[LOG 15:04:46.504] [DragCubeSystem]: Drag cubes not found or cannot be read for part Part. Generating New drag cubes.
[LOG 15:04:46.504] [KSPCF/DragCubeGeneration] Creating drag cubes for part 'DeployedCentralStation'
[LOG 15:04:46.526] PartLoader: Compiling Part 'SquadExpansion/Serenity/Parts/DeployedScience/gooObservation/DeployedGoExOb'
[LOG 15:04:46.538] PartLoader: Part 'SquadExpansion/Serenity/Parts/DeployedScience/gooObservation/DeployedGoExOb' has no database record. Creating.
[LOG 15:04:46.538] [DragCubeSystem]: Drag cubes not found or cannot be read for part Part. Generating New drag cubes.
[LOG 15:04:46.538] [KSPCF/DragCubeGeneration] Creating drag cubes for part 'DeployedGoExOb'
[LOG 15:04:46.562] PartLoader: Compiling Part 'SquadExpansion/Serenity/Parts/DeployedScience/ionCollector/DeployedIONExp'
[LOG 15:04:46.565] PartLoader: Part 'SquadExpansion/Serenity/Parts/DeployedScience/ionCollector/DeployedIONExp' has no database record. Creating.
[LOG 15:04:46.565] [DragCubeSystem]: Drag cubes not found or cannot be read for part Part. Generating New drag cubes.
[LOG 15:04:46.565] [KSPCF/DragCubeGeneration] Creating drag cubes for part 'DeployedIONExp'
[LOG 15:04:46.577] PartLoader: Compiling Part 'SquadExpansion/Serenity/Parts/DeployedScience/rtg/DeployedRTG'
[LOG 15:04:46.585] PartLoader: Part 'SquadExpansion/Serenity/Parts/DeployedScience/rtg/DeployedRTG' has no database record. Creating.
[LOG 15:04:46.585] [DragCubeSystem]: Drag cubes not found or cannot be read for part Part. Generating New drag cubes.
[LOG 15:04:46.585] [KSPCF/DragCubeGeneration] Creating drag cubes for part 'DeployedRTG'
[LOG 15:04:46.599] PartLoader: Compiling Part 'SquadExpansion/Serenity/Parts/DeployedScience/satDish/DeployedSatDish'
[LOG 15:04:46.607] PartLoader: Part 'SquadExpansion/Serenity/Parts/DeployedScience/satDish/DeployedSatDish' has no database record. Creating.
[LOG 15:04:46.607] [DragCubeSystem]: Drag cubes not found or cannot be read for part Part. Generating New drag cubes.
[LOG 15:04:46.607] [KSPCF/DragCubeGeneration] Creating drag cubes for part 'DeployedSatDish'
[LOG 15:04:46.622] PartLoader: Compiling Part 'SquadExpansion/Serenity/Parts/DeployedScience/seismicSensor/DeployedSeismicSensor'
[LOG 15:04:46.627] PartLoader: Part 'SquadExpansion/Serenity/Parts/DeployedScience/seismicSensor/DeployedSeismicSensor' has no database record. Creating.
[LOG 15:04:46.627] [DragCubeSystem]: Drag cubes not found or cannot be read for part Part. Generating New drag cubes.
[LOG 15:04:46.627] [KSPCF/DragCubeGeneration] Creating drag cubes for part 'DeployedSeismicSensor'
[LOG 15:04:46.640] PartLoader: Compiling Part 'SquadExpansion/Serenity/Parts/DeployedScience/solarPanel/DeployedSolarPanel'
[LOG 15:04:46.645] PartLoader: Part 'SquadExpansion/Serenity/Parts/DeployedScience/solarPanel/DeployedSolarPanel' has no database record. Creating.
[LOG 15:04:46.645] [DragCubeSystem]: Drag cubes not found or cannot be read for part Part. Generating New drag cubes.
[LOG 15:04:46.645] [KSPCF/DragCubeGeneration] Creating drag cubes for part 'DeployedSolarPanel'
[LOG 15:04:46.660] PartLoader: Compiling Part 'SquadExpansion/Serenity/Parts/DeployedScience/weatherStation/DeployedWeatherStn'
[LOG 15:04:46.665] PartLoader: Part 'SquadExpansion/Serenity/Parts/DeployedScience/weatherStation/DeployedWeatherStn' has no database record. Creating.
[LOG 15:04:46.665] [DragCubeSystem]: Drag cubes not found or cannot be read for part Part. Generating New drag cubes.
[LOG 15:04:46.665] [KSPCF/DragCubeGeneration] Creating drag cubes for part 'DeployedWeatherStn'
[LOG 15:04:46.688] PartLoader: Compiling Part 'SquadExpansion/Serenity/Parts/Prebuilt/kerbalEVA/kerbalEVA'
[LOG 15:04:46.689] PartLoader: Compiling Part 'SquadExpansion/Serenity/Parts/Prebuilt/kerbalEVAfemale/kerbalEVAfemale'
[LOG 15:04:46.691] PartLoader: Compiling Part 'SquadExpansion/Serenity/Parts/Prebuilt/kerbalEVAfemaleFuture/kerbalEVAfemaleFuture'
[LOG 15:04:46.697] PartLoader: Compiling Part 'SquadExpansion/Serenity/Parts/Prebuilt/kerbalEVAfemaleVintage/kerbalEVAfemaleVintage'
[LOG 15:04:46.699] PartLoader: Compiling Part 'SquadExpansion/Serenity/Parts/Prebuilt/kerbalEVAFuture/kerbalEVAFuture'
[LOG 15:04:46.705] PartLoader: Compiling Part 'SquadExpansion/Serenity/Parts/Prebuilt/kerbalEVASlimSuit/kerbalEVASlimSuit'
[LOG 15:04:46.707] PartLoader: Compiling Part 'SquadExpansion/Serenity/Parts/Prebuilt/kerbalEVASlimSuitFemale/kerbalEVASlimSuitFemale'
[LOG 15:04:46.708] PartLoader: Compiling Part 'SquadExpansion/Serenity/Parts/Prebuilt/kerbalEVAVintage/kerbalEVAVintage'
[LOG 15:04:46.710] PartLoader: Compiling Part 'SquadExpansion/Serenity/Parts/Propellers/largeFanBlade/largeFanBlade'
[LOG 15:04:46.714] PartLoader: Part 'SquadExpansion/Serenity/Parts/Propellers/largeFanBlade/largeFanBlade' has no database record. Creating.
[LOG 15:04:46.714] [DragCubeSystem]: Drag cubes not found or cannot be read for part Part. Generating New drag cubes.
[LOG 15:04:46.714] [KSPCF/DragCubeGeneration] Creating drag cubes for part 'largeFanBlade'
[LOG 15:04:46.729] PartLoader: Compiling Part 'SquadExpansion/Serenity/Parts/Propellers/largeHeliBlade/largeHeliBlade'
[LOG 15:04:46.734] PartLoader: Part 'SquadExpansion/Serenity/Parts/Propellers/largeHeliBlade/largeHeliBlade' has no database record. Creating.
[LOG 15:04:46.734] [DragCubeSystem]: Drag cubes not found or cannot be read for part Part. Generating New drag cubes.
[LOG 15:04:46.734] [KSPCF/DragCubeGeneration] Creating drag cubes for part 'largeHeliBlade'
[LOG 15:04:46.747] PartLoader: Compiling Part 'SquadExpansion/Serenity/Parts/Propellers/largePropeller/largePropeller'
[LOG 15:04:46.752] PartLoader: Part 'SquadExpansion/Serenity/Parts/Propellers/largePropeller/largePropeller' has no database record. Creating.
[LOG 15:04:46.752] [DragCubeSystem]: Drag cubes not found or cannot be read for part Part. Generating New drag cubes.
[LOG 15:04:46.753] [KSPCF/DragCubeGeneration] Creating drag cubes for part 'largePropeller'
[LOG 15:04:46.766] PartLoader: Compiling Part 'SquadExpansion/Serenity/Parts/Propellers/mediumFanBlade/mediumFanBlade'
[LOG 15:04:46.775] PartLoader: Part 'SquadExpansion/Serenity/Parts/Propellers/mediumFanBlade/mediumFanBlade' has no database record. Creating.
[LOG 15:04:46.775] [DragCubeSystem]: Drag cubes not found or cannot be read for part Part. Generating New drag cubes.
[LOG 15:04:46.775] [KSPCF/DragCubeGeneration] Creating drag cubes for part 'mediumFanBlade'
[LOG 15:04:46.794] PartLoader: Compiling Part 'SquadExpansion/Serenity/Parts/Propellers/mediumHeliBlade/mediumHeliBlade'
[LOG 15:04:46.800] PartLoader: Part 'SquadExpansion/Serenity/Parts/Propellers/mediumHeliBlade/mediumHeliBlade' has no database record. Creating.
[LOG 15:04:46.800] [DragCubeSystem]: Drag cubes not found or cannot be read for part Part. Generating New drag cubes.
[LOG 15:04:46.800] [KSPCF/DragCubeGeneration] Creating drag cubes for part 'mediumHeliBlade'
[LOG 15:04:46.824] PartLoader: Compiling Part 'SquadExpansion/Serenity/Parts/Propellers/mediumPropeller/mediumPropeller'
[LOG 15:04:46.830] PartLoader: Part 'SquadExpansion/Serenity/Parts/Propellers/mediumPropeller/mediumPropeller' has no database record. Creating.
[LOG 15:04:46.830] [DragCubeSystem]: Drag cubes not found or cannot be read for part Part. Generating New drag cubes.
[LOG 15:04:46.830] [KSPCF/DragCubeGeneration] Creating drag cubes for part 'mediumPropeller'
[LOG 15:04:46.854] PartLoader: Compiling Part 'SquadExpansion/Serenity/Parts/Propellers/smallFanBlade/smallFanBlade'
[LOG 15:04:46.859] PartLoader: Part 'SquadExpansion/Serenity/Parts/Propellers/smallFanBlade/smallFanBlade' has no database record. Creating.
[LOG 15:04:46.859] [DragCubeSystem]: Drag cubes not found or cannot be read for part Part. Generating New drag cubes.
[LOG 15:04:46.859] [KSPCF/DragCubeGeneration] Creating drag cubes for part 'smallFanBlade'
[LOG 15:04:46.873] PartLoader: Compiling Part 'SquadExpansion/Serenity/Parts/Propellers/smallHeliBlade/smallHeliBlade'
[LOG 15:04:46.878] PartLoader: Part 'SquadExpansion/Serenity/Parts/Propellers/smallHeliBlade/smallHeliBlade' has no database record. Creating.
[LOG 15:04:46.878] [DragCubeSystem]: Drag cubes not found or cannot be read for part Part. Generating New drag cubes.
[LOG 15:04:46.878] [KSPCF/DragCubeGeneration] Creating drag cubes for part 'smallHeliBlade'
[LOG 15:04:46.891] PartLoader: Compiling Part 'SquadExpansion/Serenity/Parts/Propellers/smallPropeller/smallPropeller'
[LOG 15:04:46.896] PartLoader: Part 'SquadExpansion/Serenity/Parts/Propellers/smallPropeller/smallPropeller' has no database record. Creating.
[LOG 15:04:46.896] [DragCubeSystem]: Drag cubes not found or cannot be read for part Part. Generating New drag cubes.
[LOG 15:04:46.896] [KSPCF/DragCubeGeneration] Creating drag cubes for part 'smallPropeller'
[LOG 15:04:46.910] PartLoader: Compiling Part 'SquadExpansion/Serenity/Parts/Robotics/hinge_01/hinge_01'
[LOG 15:04:46.924] PartLoader: Part 'SquadExpansion/Serenity/Parts/Robotics/hinge_01/hinge_01' has no database record. Creating.
[LOG 15:04:46.924] [DragCubeSystem]: Drag cubes not found or cannot be read for part Part. Generating New drag cubes.
[LOG 15:04:46.924] [KSPCF/DragCubeGeneration] Creating drag cubes for part 'hinge.01'
[LOG 15:04:46.929] PartLoader: Compiling Part 'SquadExpansion/Serenity/Parts/Robotics/hinge_01_s/hinge_01_s'
[LOG 15:04:46.936] PartLoader: Part 'SquadExpansion/Serenity/Parts/Robotics/hinge_01_s/hinge_01_s' has no database record. Creating.
[LOG 15:04:46.936] [DragCubeSystem]: Drag cubes not found or cannot be read for part Part. Generating New drag cubes.
[LOG 15:04:46.936] [KSPCF/DragCubeGeneration] Creating drag cubes for part 'hinge.01.s'
[LOG 15:04:46.941] PartLoader: Compiling Part 'SquadExpansion/Serenity/Parts/Robotics/hinge_03/hinge_03'
[LOG 15:04:46.947] PartLoader: Part 'SquadExpansion/Serenity/Parts/Robotics/hinge_03/hinge_03' has no database record. Creating.
[LOG 15:04:46.948] PartLoader: Compiling Part 'SquadExpansion/Serenity/Parts/Robotics/hinge_03_s/hinge_03_s'
[LOG 15:04:46.954] PartLoader: Part 'SquadExpansion/Serenity/Parts/Robotics/hinge_03_s/hinge_03_s' has no database record. Creating.
[LOG 15:04:46.955] PartLoader: Compiling Part 'SquadExpansion/Serenity/Parts/Robotics/hinge_04/hinge_04'
[LOG 15:04:46.962] PartLoader: Part 'SquadExpansion/Serenity/Parts/Robotics/hinge_04/hinge_04' has no database record. Creating.
[LOG 15:04:46.962] PartLoader: Compiling Part 'SquadExpansion/Serenity/Parts/Robotics/piston_01/piston_01'
[LOG 15:04:46.972] PartLoader: Part 'SquadExpansion/Serenity/Parts/Robotics/piston_01/piston_01' has no database record. Creating.
[LOG 15:04:46.973] PartLoader: Compiling Part 'SquadExpansion/Serenity/Parts/Robotics/piston_02/piston_02'
[LOG 15:04:46.978] PartLoader: Part 'SquadExpansion/Serenity/Parts/Robotics/piston_02/piston_02' has no database record. Creating.
[LOG 15:04:46.979] PartLoader: Compiling Part 'SquadExpansion/Serenity/Parts/Robotics/piston_03/piston_03'
[LOG 15:04:46.984] PartLoader: Part 'SquadExpansion/Serenity/Parts/Robotics/piston_03/piston_03' has no database record. Creating.
[LOG 15:04:46.985] PartLoader: Compiling Part 'SquadExpansion/Serenity/Parts/Robotics/piston_04/piston_04'
[LOG 15:04:46.990] PartLoader: Part 'SquadExpansion/Serenity/Parts/Robotics/piston_04/piston_04' has no database record. Creating.
[LOG 15:04:46.990] PartLoader: Compiling Part 'SquadExpansion/Serenity/Parts/Robotics/RotorEngine_02/RotorEngine_02'
[LOG 15:04:47.002] PartLoader: Part 'SquadExpansion/Serenity/Parts/Robotics/RotorEngine_02/RotorEngine_02' has no database record. Creating.
[LOG 15:04:47.002] [DragCubeSystem]: Drag cubes not found or cannot be read for part Part. Generating New drag cubes.
[LOG 15:04:47.002] [KSPCF/DragCubeGeneration] Creating drag cubes for part 'RotorEngine.02'
[LOG 15:04:47.007] PartLoader: Compiling Part 'SquadExpansion/Serenity/Parts/Robotics/RotorEngine_03/RotorEngine_03'
[LOG 15:04:47.012] PartLoader: Part 'SquadExpansion/Serenity/Parts/Robotics/RotorEngine_03/RotorEngine_03' has no database record. Creating.
[LOG 15:04:47.012] [DragCubeSystem]: Drag cubes not found or cannot be read for part Part. Generating New drag cubes.
[LOG 15:04:47.012] [KSPCF/DragCubeGeneration] Creating drag cubes for part 'RotorEngine.03'
[LOG 15:04:47.017] PartLoader: Compiling Part 'SquadExpansion/Serenity/Parts/Robotics/rotor_01/rotor_01'
[LOG 15:04:47.023] PartLoader: Part 'SquadExpansion/Serenity/Parts/Robotics/rotor_01/rotor_01' has no database record. Creating.
[LOG 15:04:47.023] [DragCubeSystem]: Drag cubes not found or cannot be read for part Part. Generating New drag cubes.
[LOG 15:04:47.024] [KSPCF/DragCubeGeneration] Creating drag cubes for part 'rotor.01'
[LOG 15:04:47.028] PartLoader: Compiling Part 'SquadExpansion/Serenity/Parts/Robotics/rotor_01s/rotor_01s'
[LOG 15:04:47.036] PartLoader: Part 'SquadExpansion/Serenity/Parts/Robotics/rotor_01s/rotor_01s' has no database record. Creating.
[LOG 15:04:47.036] [DragCubeSystem]: Drag cubes not found or cannot be read for part Part. Generating New drag cubes.
[LOG 15:04:47.036] [KSPCF/DragCubeGeneration] Creating drag cubes for part 'rotor.01s'
[LOG 15:04:47.040] PartLoader: Compiling Part 'SquadExpansion/Serenity/Parts/Robotics/rotor_02/rotor_02'
[LOG 15:04:47.047] PartLoader: Part 'SquadExpansion/Serenity/Parts/Robotics/rotor_02/rotor_02' has no database record. Creating.
[LOG 15:04:47.047] [DragCubeSystem]: Drag cubes not found or cannot be read for part Part. Generating New drag cubes.
[LOG 15:04:47.047] [KSPCF/DragCubeGeneration] Creating drag cubes for part 'rotor.02'
[LOG 15:04:47.052] PartLoader: Compiling Part 'SquadExpansion/Serenity/Parts/Robotics/rotor_02s/rotor_02s'
[LOG 15:04:47.058] PartLoader: Part 'SquadExpansion/Serenity/Parts/Robotics/rotor_02s/rotor_02s' has no database record. Creating.
[LOG 15:04:47.058] [DragCubeSystem]: Drag cubes not found or cannot be read for part Part. Generating New drag cubes.
[LOG 15:04:47.058] [KSPCF/DragCubeGeneration] Creating drag cubes for part 'rotor.02s'
[LOG 15:04:47.063] PartLoader: Compiling Part 'SquadExpansion/Serenity/Parts/Robotics/rotor_03/rotor_03'
[LOG 15:04:47.070] PartLoader: Part 'SquadExpansion/Serenity/Parts/Robotics/rotor_03/rotor_03' has no database record. Creating.
[LOG 15:04:47.070] [DragCubeSystem]: Drag cubes not found or cannot be read for part Part. Generating New drag cubes.
[LOG 15:04:47.071] [KSPCF/DragCubeGeneration] Creating drag cubes for part 'rotor.03'
[LOG 15:04:47.075] PartLoader: Compiling Part 'SquadExpansion/Serenity/Parts/Robotics/rotor_03s/rotor_03s'
[LOG 15:04:47.081] PartLoader: Part 'SquadExpansion/Serenity/Parts/Robotics/rotor_03s/rotor_03s' has no database record. Creating.
[LOG 15:04:47.081] [DragCubeSystem]: Drag cubes not found or cannot be read for part Part. Generating New drag cubes.
[LOG 15:04:47.082] [KSPCF/DragCubeGeneration] Creating drag cubes for part 'rotor.03s'
[LOG 15:04:47.086] PartLoader: Compiling Part 'SquadExpansion/Serenity/Parts/Robotics/rotoServo_00/rotoServo_00'
[LOG 15:04:47.098] PartLoader: Part 'SquadExpansion/Serenity/Parts/Robotics/rotoServo_00/rotoServo_00' has no database record. Creating.
[LOG 15:04:47.098] [DragCubeSystem]: Drag cubes not found or cannot be read for part Part. Generating New drag cubes.
[LOG 15:04:47.098] [KSPCF/DragCubeGeneration] Creating drag cubes for part 'rotoServo.00'
[LOG 15:04:47.103] PartLoader: Compiling Part 'SquadExpansion/Serenity/Parts/Robotics/rotoServo_02/rotoServo_02'
[LOG 15:04:47.110] PartLoader: Part 'SquadExpansion/Serenity/Parts/Robotics/rotoServo_02/rotoServo_02' has no database record. Creating.
[LOG 15:04:47.110] [DragCubeSystem]: Drag cubes not found or cannot be read for part Part. Generating New drag cubes.
[LOG 15:04:47.110] [KSPCF/DragCubeGeneration] Creating drag cubes for part 'rotoServo.02'
[LOG 15:04:47.115] PartLoader: Compiling Part 'SquadExpansion/Serenity/Parts/Robotics/rotoServo_03/rotoServo_03'
[LOG 15:04:47.121] PartLoader: Part 'SquadExpansion/Serenity/Parts/Robotics/rotoServo_03/rotoServo_03' has no database record. Creating.
[LOG 15:04:47.121] [DragCubeSystem]: Drag cubes not found or cannot be read for part Part. Generating New drag cubes.
[LOG 15:04:47.121] [KSPCF/DragCubeGeneration] Creating drag cubes for part 'rotoServo.03'
[LOG 15:04:47.127] PartLoader: Compiling Part 'SquadExpansion/Serenity/Parts/Robotics/rotoServo_04/rotoServo_04'
[LOG 15:04:47.134] PartLoader: Part 'SquadExpansion/Serenity/Parts/Robotics/rotoServo_04/rotoServo_04' has no database record. Creating.
[LOG 15:04:47.134] [DragCubeSystem]: Drag cubes not found or cannot be read for part Part. Generating New drag cubes.
[LOG 15:04:47.134] [KSPCF/DragCubeGeneration] Creating drag cubes for part 'rotoServo.04'
[LOG 15:04:47.139] PartLoader: Compiling Part 'SquadExpansion/Serenity/Parts/Robotics/Controllers/KAL1000/controller1000'
[LOG 15:04:47.150] PartLoader: Part 'SquadExpansion/Serenity/Parts/Robotics/Controllers/KAL1000/controller1000' has no database record. Creating.
[LOG 15:04:47.150] [DragCubeSystem]: Drag cubes not found or cannot be read for part Part. Generating New drag cubes.
[LOG 15:04:47.150] [KSPCF/DragCubeGeneration] Creating drag cubes for part 'controller1000'
[LOG 15:04:47.155] PartLoader: Compiling Part 'SquadExpansion/Serenity/Parts/Science/RobotArmScanner/RobotArmScanner_S1/RobotArmScanner_S1'
[LOG 15:04:47.167] PartLoader: Part 'SquadExpansion/Serenity/Parts/Science/RobotArmScanner/RobotArmScanner_S1/RobotArmScanner_S1' has no database record. Creating.
[LOG 15:04:47.167] [DragCubeSystem]: Drag cubes not found or cannot be read for part Part. Generating New drag cubes.
[LOG 15:04:47.167] [KSPCF/DragCubeGeneration] Creating drag cubes for part 'RobotArmScanner.S1'
[LOG 15:04:47.183] PartLoader: Compiling Part 'SquadExpansion/Serenity/Parts/Science/RobotArmScanner/RobotArmScanner_S2/RobotArmScanner_S2'
[LOG 15:04:47.189] PartLoader: Part 'SquadExpansion/Serenity/Parts/Science/RobotArmScanner/RobotArmScanner_S2/RobotArmScanner_S2' has no database record. Creating.
[LOG 15:04:47.189] [DragCubeSystem]: Drag cubes not found or cannot be read for part Part. Generating New drag cubes.
[LOG 15:04:47.189] [KSPCF/DragCubeGeneration] Creating drag cubes for part 'RobotArmScanner.S2'
[LOG 15:04:47.205] PartLoader: Compiling Part 'SquadExpansion/Serenity/Parts/Science/RobotArmScanner/RobotArmScanner_S3/RobotArmScanner_S3'
[LOG 15:04:47.212] PartLoader: Part 'SquadExpansion/Serenity/Parts/Science/RobotArmScanner/RobotArmScanner_S3/RobotArmScanner_S3' has no database record. Creating.
[LOG 15:04:47.212] [DragCubeSystem]: Drag cubes not found or cannot be read for part Part. Generating New drag cubes.
[LOG 15:04:47.212] [KSPCF/DragCubeGeneration] Creating drag cubes for part 'RobotArmScanner.S3'
[LOG 15:04:47.229] PartLoader: Compiling Part 'SquadExpansion/Serenity/Parts/Structural/gripPads/lGripPad/lGripPad'
[LOG 15:04:47.237] PartLoader: Part 'SquadExpansion/Serenity/Parts/Structural/gripPads/lGripPad/lGripPad' has no database record. Creating.
[LOG 15:04:47.237] [DragCubeSystem]: Drag cubes not found or cannot be read for part Part. Generating New drag cubes.
[LOG 15:04:47.238] [KSPCF/DragCubeGeneration] Creating drag cubes for part 'lGripPad'
[LOG 15:04:47.247] PartLoader: Compiling Part 'SquadExpansion/Serenity/Parts/Structural/gripPads/lGripStrip/lGripStrip'
[LOG 15:04:47.250] PartLoader: Part 'SquadExpansion/Serenity/Parts/Structural/gripPads/lGripStrip/lGripStrip' has no database record. Creating.
[LOG 15:04:47.250] [DragCubeSystem]: Drag cubes not found or cannot be read for part Part. Generating New drag cubes.
[LOG 15:04:47.250] [KSPCF/DragCubeGeneration] Creating drag cubes for part 'lGripStrip'
[LOG 15:04:47.254] PartLoader: Compiling Part 'SquadExpansion/Serenity/Parts/Structural/gripPads/mGripPad/mGripPad'
[LOG 15:04:47.257] PartLoader: Part 'SquadExpansion/Serenity/Parts/Structural/gripPads/mGripPad/mGripPad' has no database record. Creating.
[LOG 15:04:47.257] [DragCubeSystem]: Drag cubes not found or cannot be read for part Part. Generating New drag cubes.
[LOG 15:04:47.257] [KSPCF/DragCubeGeneration] Creating drag cubes for part 'mGripPad'
[LOG 15:04:47.267] PartLoader: Compiling Part 'SquadExpansion/Serenity/Parts/Structural/gripPads/sGripPad/sGripPad'
[LOG 15:04:47.270] PartLoader: Part 'SquadExpansion/Serenity/Parts/Structural/gripPads/sGripPad/sGripPad' has no database record. Creating.
[LOG 15:04:47.270] [DragCubeSystem]: Drag cubes not found or cannot be read for part Part. Generating New drag cubes.
[LOG 15:04:47.270] [KSPCF/DragCubeGeneration] Creating drag cubes for part 'sGripPad'
[LOG 15:04:47.280] PartLoader: Compiling Part 'SquadExpansion/Serenity/Parts/Structural/gripPads/sGripStrip/sGripStrip'
[LOG 15:04:47.283] PartLoader: Part 'SquadExpansion/Serenity/Parts/Structural/gripPads/sGripStrip/sGripStrip' has no database record. Creating.
[LOG 15:04:47.283] [DragCubeSystem]: Drag cubes not found or cannot be read for part Part. Generating New drag cubes.
[LOG 15:04:47.283] [KSPCF/DragCubeGeneration] Creating drag cubes for part 'sGripStrip'
[LOG 15:04:47.288] PartLoader: Compiling Internal Prop 'Squad/Props/AltimeterThreeHands/prop/AltimeterThreeHands'
[LOG 15:04:47.292] PartLoader: Compiling Internal Prop 'Squad/Props/AtmosphereDepth/prop/AtmosphereDepth'
[LOG 15:04:47.293] PartLoader: Compiling Internal Prop 'Squad/Props/AxisIndicator/pitchConfig/AxisIndicatorPitch'
[LOG 15:04:47.294] PartLoader: Compiling Internal Prop 'Squad/Props/AxisIndicator/rollConfig/AxisIndicatorRoll'
[LOG 15:04:47.295] PartLoader: Compiling Internal Prop 'Squad/Props/AxisIndicator/yawConfig/AxisIndicatorYaw'
[LOG 15:04:47.296] PartLoader: Compiling Internal Prop 'Squad/Props/buttonsGeneric/circularButton/genericCircularButton'
[LOG 15:04:47.297] PartLoader: Compiling Internal Prop 'Squad/Props/buttonsGeneric/clusterButtons/genericClusterButtons'
[LOG 15:04:47.298] PartLoader: Compiling Internal Prop 'Squad/Props/buttonsGeneric/clusterButtons2/genericClusterButtons2'
[LOG 15:04:47.298] PartLoader: Compiling Internal Prop 'Squad/Props/buttonsGeneric/clusterKnob/genericClusterKnobs'
[LOG 15:04:47.299] PartLoader: Compiling Internal Prop 'Squad/Props/buttonsGeneric/clusterKnob2/genericClusterKnobs2'
[LOG 15:04:47.300] PartLoader: Compiling Internal Prop 'Squad/Props/buttonsGeneric/clusterMixed/genericClusterMixed'
[LOG 15:04:47.300] PartLoader: Compiling Internal Prop 'Squad/Props/buttonsGeneric/clusterSwitches01/genericClusterSwitches01'
[LOG 15:04:47.301] PartLoader: Compiling Internal Prop 'Squad/Props/buttonsGeneric/clusterSwitches02/genericClusterSwitches02'
[LOG 15:04:47.301] PartLoader: Compiling Internal Prop 'Squad/Props/buttonsGeneric/clusterSwitches03/genericClusterSwitches03'
[LOG 15:04:47.302] PartLoader: Compiling Internal Prop 'Squad/Props/buttonsGeneric/clusterSwitches04/genericClusterSwitches04'
[LOG 15:04:47.302] PartLoader: Compiling Internal Prop 'Squad/Props/buttonsGeneric/clusterSwitches05/genericClusterSwitches05'
[LOG 15:04:47.303] PartLoader: Compiling Internal Prop 'Squad/Props/buttonsGeneric/clusterSwitches06/genericClusterSwitches06'
[LOG 15:04:47.303] PartLoader: Compiling Internal Prop 'Squad/Props/buttonsGeneric/clusterSwitches07/genericClusterSwitches07'
[LOG 15:04:47.304] PartLoader: Compiling Internal Prop 'Squad/Props/buttonsGeneric/directionalKnob/genericDirectionalKnob'
[LOG 15:04:47.304] PartLoader: Compiling Internal Prop 'Squad/Props/buttonsGeneric/directionalKnob2/genericDirectionalKnob2'
[LOG 15:04:47.305] PartLoader: Compiling Internal Prop 'Squad/Props/buttonsGeneric/pullSwitch/genericPullSwitch'
[LOG 15:04:47.305] PartLoader: Compiling Internal Prop 'Squad/Props/buttonsGeneric/squareButton/genericSquareButton'
[LOG 15:04:47.306] PartLoader: Compiling Internal Prop 'Squad/Props/buttonsGeneric/standingSwitch/genericStandingSwitch'
[LOG 15:04:47.306] PartLoader: Compiling Internal Prop 'Squad/Props/buttonsGeneric/switch/genericSwitch'
[LOG 15:04:47.307] PartLoader: Compiling Internal Prop 'Squad/Props/buttonsGeneric/switchWithGuards/genericSwitchWithGuards'
[LOG 15:04:47.307] PartLoader: Compiling Internal Prop 'Squad/Props/ButtonSquare/prop/ButtonSquare'
[LOG 15:04:47.309] PartLoader: Compiling Internal Prop 'Squad/Props/circularButton/prop/circularButton'
[LOG 15:04:47.310] PartLoader: Compiling Internal Prop 'Squad/Props/Compass/prop/Compass'
[LOG 15:04:47.311] PartLoader: Compiling Internal Prop 'Squad/Props/directionalKnob/prop/directionalKnob'
[LOG 15:04:47.312] PartLoader: Compiling Internal Prop 'Squad/Props/directionalKnob2/prop/directionalKnob2'
[LOG 15:04:47.312] PartLoader: Compiling Internal Prop 'Squad/Props/IndicatorPanel/prop/IndicatorPanel'
[LOG 15:04:47.315] PartLoader: Compiling Internal Prop 'Squad/Props/IVANavBall/prop/NavBall'
[LOG 15:04:47.317] PartLoader: Compiling Internal Prop 'Squad/Props/IVANavBallNoBase/prop/NavBallNoBase'
[LOG 15:04:47.318] PartLoader: Compiling Internal Prop 'Squad/Props/ledPanelSpeed/prop/ledPanelSpeed'
[LOG 15:04:47.319] PartLoader: Compiling Internal Prop 'Squad/Props/Monitor/DockingMode/MonitorDockingMode'
[LOG 15:04:47.320] PartLoader: Compiling Internal Prop 'Squad/Props/NavBall/prop/NavBall'
[LOG 15:04:47.321] PartLoader: Compiling Internal Prop 'Squad/Props/PropsGeneric/Button_DockingMode/Button_DockingMode'
[LOG 15:04:47.321] PartLoader: Compiling Internal Prop 'Squad/Props/PropsGeneric/CargoBagA/CargoBagA'
[LOG 15:04:47.323] PartLoader: Compiling Internal Prop 'Squad/Props/PropsGeneric/CargoBagB/CargoBagB'
[LOG 15:04:47.324] PartLoader: Compiling Internal Prop 'Squad/Props/PropsGeneric/CargoBagC/CargoBagC'
[LOG 15:04:47.325] PartLoader: Compiling Internal Prop 'Squad/Props/PropsGeneric/Hatch_Plane/Hatch_Plane'
[LOG 15:04:47.326] PartLoader: Compiling Internal Prop 'Squad/Props/PropsGeneric/Hatch_Plane_Curve90/Hatch_Plane_Curve90'
[LOG 15:04:47.326] PartLoader: Compiling Internal Prop 'Squad/Props/PropsGeneric/Hatch_Plane_Frame/Hatch_Plane_Frame'
[LOG 15:04:47.327] PartLoader: Compiling Internal Prop 'Squad/Props/PropsGeneric/Seat_Passenger/Seat_Passenger'
[LOG 15:04:47.327] PartLoader: Compiling Internal Prop 'Squad/Props/PropsGeneric/Seat_Pilot/Seat_Pilot'
[LOG 15:04:47.328] PartLoader: Compiling Internal Prop 'Squad/Props/PropsGeneric/Seat_Pilot_Helmet/Seat_Pilot_Helmet'
[LOG 15:04:47.328] PartLoader: Compiling Internal Prop 'Squad/Props/PropsGeneric/SideStick/SideStick'
[LOG 15:04:47.329] PartLoader: Compiling Internal Prop 'Squad/Props/pullSwitch/prop/pullSwitch'
[LOG 15:04:47.329] PartLoader: Compiling Internal Prop 'Squad/Props/radarAltitude/prop/RadarAltimeter'
[LOG 15:04:47.331] PartLoader: Compiling Internal Prop 'Squad/Props/squareButton/prop/squareButton'
[LOG 15:04:47.332] PartLoader: Compiling Internal Prop 'Squad/Props/standingSwitch/prop/standingSwitch'
[LOG 15:04:47.332] PartLoader: Compiling Internal Prop 'Squad/Props/switch/prop/switch'
[LOG 15:04:47.333] PartLoader: Compiling Internal Prop 'Squad/Props/switchGuard/prop/switchGuard'
[LOG 15:04:47.333] PartLoader: Compiling Internal Prop 'Squad/Props/switchWithGuards/prop/switchWithGuards'
[LOG 15:04:47.334] PartLoader: Compiling Internal Prop 'Squad/Props/throttle/prop/throttle'
[LOG 15:04:47.335] PartLoader: Compiling Internal Prop 'Squad/Props/VSI/prop/VSI'
[LOG 15:04:47.337] PartLoader: Compiling Internal Space 'Squad/Spaces/crewCabinInternals/internal/crewCabinInternals'
[LOG 15:04:47.344] PartLoader: Compiling Internal Space 'Squad/Spaces/cupolaInternal/internal/cupolaInternal'
[LOG 15:04:47.357] PartLoader: Compiling Internal Space 'Squad/Spaces/GenericSpace1/internal/GenericSpace1'
[LOG 15:04:47.358] PartLoader: Compiling Internal Space 'Squad/Spaces/GenericSpace3/internal/GenericSpace3'
[LOG 15:04:47.360] PartLoader: Compiling Internal Space 'Squad/Spaces/landerCabinInternals/internal/landerCabinInternals'
[LOG 15:04:47.362] PartLoader: Compiling Internal Space 'Squad/Spaces/landerCabinSmallInternal/internal/landerCabinSmallInternal'
[LOG 15:04:47.366] PartLoader: Compiling Internal Space 'Squad/Spaces/LargeCrewedLabInternals/internal/Mobile_Processing_Lab_Int'
[LOG 15:04:47.368] PartLoader: Compiling Internal Space 'Squad/Spaces/Mk1-3/internal/Mk1-3'
[LOG 15:04:47.376] PartLoader: Compiling Internal Space 'Squad/Spaces/mk1CabinInternal/internal/mk1CabinInternal'
[LOG 15:04:47.381] PartLoader: Compiling Internal Space 'Squad/Spaces/mk1CockpitInternal/internal/mk1CockpitInternal'
[LOG 15:04:47.389] PartLoader: Compiling Internal Space 'Squad/Spaces/mk1InlineInternal/internal/mk1InlineInternal'
[LOG 15:04:47.394] PartLoader: Compiling Internal Space 'Squad/Spaces/mk1PodCockpit/internal/mk1PodCockpit'
[LOG 15:04:47.397] PartLoader: Compiling Internal Space 'Squad/Spaces/mk1pod_IVA/mk1pod_Internal/mk1pod_IVA'
[LOG 15:04:47.403] PartLoader: Compiling Internal Space 'Squad/Spaces/mk2CockpitStandardInternal/internal/mk2CockpitStandardInternals'
[LOG 15:04:47.411] PartLoader: Compiling Internal Space 'Squad/Spaces/Mk2CrewCabinInternal/internal_MK2_CrewCab/MK2_CrewCab_Int'
[LOG 15:04:47.419] PartLoader: Compiling Internal Space 'Squad/Spaces/mk2InlineInternal/internal/mk2InlineInternal'
[LOG 15:04:47.435] PartLoader: Compiling Internal Space 'Squad/Spaces/mk2LanderCanInternal/internal/mk2LanderCanInternal'
[LOG 15:04:47.443] PartLoader: Compiling Internal Space 'Squad/Spaces/MK3CockpitInternal/internal_MK3/MK3_Cockpit_Int'
[LOG 15:04:47.455] PartLoader: Compiling Internal Space 'Squad/Spaces/MK3_CrewCab_Int/internal_MK3_CrewCab/MK3_CrewCab_Int'
[LOG 15:04:47.458] InternalSeat: Cannot find portraitCamera of name 'Camera_Left003'
[LOG 15:04:47.465] PartLoader: Compiling Internal Space 'Squad/Spaces/Placeholder/internal/Placeholder'
[LOG 15:04:47.474] PartLoader: Compiling Internal Space 'Squad/Spaces/PodCockpit/internal/PodCockpit'
[LOG 15:04:47.481] PartLoader: Compiling Internal Space 'SquadExpansion/MakingHistory/Spaces/KVPods/Airlock_Internal/Airlock_IVA'
[LOG 15:04:47.482] PartLoader: Compiling Internal Space 'SquadExpansion/MakingHistory/Spaces/KVPods/KV1_Internal/KV1_IVA'
[LOG 15:04:47.485] PartLoader: Compiling Internal Space 'SquadExpansion/MakingHistory/Spaces/KVPods/KV2_Internal/KV2_IVA'
[LOG 15:04:47.492] PartLoader: Compiling Internal Space 'SquadExpansion/MakingHistory/Spaces/KVPods/KV3_Internal/KV3_IVA'
[LOG 15:04:47.497] PartLoader: Compiling Internal Space 'SquadExpansion/MakingHistory/Spaces/MEM/MEM_IVA/MEM_IVA'
[LOG 15:04:47.505] PartLoader: Compiling Internal Space 'SquadExpansion/MakingHistory/Spaces/Mk2Pod/Mk2Pod_Internal/MK2POD_IVA'
[LOG 15:04:48.538] Assets:
[LOG 15:04:48.538] anim_missionsapp_idle.anim
[LOG 15:04:48.539] anim_missionsapp_idle_warning.anim
[LOG 15:04:48.539] anim_missionsapp_warning.anim
[LOG 15:04:48.539] anim_missionssapp.anim
[LOG 15:04:48.539] animcontroller_missionsappmaster.controller
[LOG 15:04:48.539] app_bg.tif
[LOG 15:04:48.539] app_bottom_gray.tif
[LOG 15:04:48.539] app_divider_pulldown_body.tif
[LOG 15:04:48.539] app_divider_pulldown_footer.tif
[LOG 15:04:48.539] app_divider_pulldown_header.tif
[LOG 15:04:48.539] app_divider_pulldown_header_over.tif
[LOG 15:04:48.539] app_header_gray.tif
[LOG 15:04:48.539] app_missions_icon_active.tif
[LOG 15:04:48.539] app_missions_icon_complete.tif
[LOG 15:04:48.539] app_missions_icon_failed.tif
[LOG 15:04:48.539] app_missions_icon_inactive.tif
[LOG 15:04:48.539] spritesheet_missionsapp.tif
[LOG 15:04:48.539] spritesheet_missionsappwarning.tif
[LOG 15:04:48.539] missionbriefingdialog.prefab
[LOG 15:04:48.539] missionbriefingtag.prefab
[LOG 15:04:48.539] awardwidget.prefab
[LOG 15:04:48.539] missionenddialog.prefab
[LOG 15:04:48.539] missionitemwidget.prefab
[LOG 15:04:48.539] missionplaybutton.prefab
[LOG 15:04:48.540] missionplaydialog.prefab
[LOG 15:04:48.540] missionsteamitemwidget.prefab
[LOG 15:04:48.540] missionvalidationdialog.prefab
[LOG 15:04:48.540] validationentry.prefab
[LOG 15:04:48.540] comettoken.fbx
[LOG 15:04:48.540] comettoken.jpg
[LOG 15:04:48.540] placementegizmo_comet.mat
[LOG 15:04:48.540] placementegizmo_comet_tail.mat
[LOG 15:04:48.540] femalevintagepreview.prefab
[LOG 15:04:48.540] malevintagepreview.prefab
[LOG 15:04:48.540] checkpointentrywidget.prefab
[LOG 15:04:48.540] crewmanagementdialog.prefab
[LOG 15:04:48.540] listitem_vesseltitle.prefab
[LOG 15:04:48.540] missionbrowser.prefab
[LOG 15:04:48.540] missioncheckpointbrowser.prefab
[LOG 15:04:48.540] missioncrewlistitem.prefab
[LOG 15:04:48.540] missionentrywidget.prefab
[LOG 15:04:48.540] missiontemplateentrywidget.prefab
[LOG 15:04:48.541] partcategorizerbutton.prefab
[LOG 15:04:48.541] partselectorbrowser.prefab
[LOG 15:04:48.541] partselectorentry.prefab
[LOG 15:04:48.541] gaputil_vesselframe.prefab
[LOG 15:04:48.541] meguiconnector.prefab
[LOG 15:04:48.541] meguinode.prefab
[LOG 15:04:48.541] meguinodecategorybutton.prefab
[LOG 15:04:48.541] meguinodeicon.prefab
[LOG 15:04:48.541] meguinodeicongroup.prefab
[LOG 15:04:48.541] meguiscrollviewitem.prefab
[LOG 15:04:48.541] meiconloaderbasicnode.prefab
[LOG 15:04:48.541] meiconloadergap.prefab
[LOG 15:04:48.541] meiconloadernodecategorizer.prefab
[LOG 15:04:48.541] menodecanvas.prefab
[LOG 15:04:48.541] missioneditorscreen.prefab
[LOG 15:04:48.541] nodelisttooltip.prefab
[LOG 15:04:48.541] nodelisttooltipextinfolistspacer.prefab
[LOG 15:04:48.541] orbitgizmo.prefab
[LOG 15:04:48.541] biomeshighlight.shader
[LOG 15:04:48.541] projector-surfacegizmo.shader
[LOG 15:04:48.542] scaledplanetbiomeshighlight.shader
[LOG 15:04:48.542] sprites-alwaysover.shader
[LOG 15:04:48.542] ui-unlit-infinite.shader
[LOG 15:04:48.542] ui-unlit-solid.shader
[LOG 15:04:48.542] assetgraph_connectionpoint_inputmark.png
[LOG 15:04:48.542] assetgraph_inputbg.png
[LOG 15:04:48.542] boldly.png
[LOG 15:04:48.542] carpool.png
[LOG 15:04:48.542] frugal.png
[LOG 15:04:48.542] homesick.png
[LOG 15:04:48.542] keys.png
[LOG 15:04:48.542] saint.png
[LOG 15:04:48.542] sinner.png
[LOG 15:04:48.542] thespot.png
[LOG 15:04:48.542] timekeeper.png
[LOG 15:04:48.543] helmetbronze.png
[LOG 15:04:48.543] helmetgold.png
[LOG 15:04:48.543] helmetsilver.png
[LOG 15:04:48.543] action-part-resource-drain.png
[LOG 15:04:48.543] change-part-resource-levels.png
[LOG 15:04:48.543] create-asteroid.png
[LOG 15:04:48.543] create-kerbal.png
[LOG 15:04:48.543] create-vessel.png
[LOG 15:04:48.543] crew-assignment.png
[LOG 15:04:48.543] dialog-message.png
[LOG 15:04:48.543] display-message.png
[LOG 15:04:48.543] fail-part.png
[LOG 15:04:48.543] fly-through.png
[LOG 15:04:48.543] funds-recovery.png
[LOG 15:04:48.543] generic-node.png
[LOG 15:04:48.543] go-to.png
[LOG 15:04:48.543] kerbal-boarded.png
[LOG 15:04:48.543] kerbal-recovery.png
[LOG 15:04:48.543] kerbal-rescue.png
[LOG 15:04:48.543] launch-site.png
[LOG 15:04:48.544] leave-soi.png
[LOG 15:04:48.544] orbit.png
[LOG 15:04:48.544] part-explode.png
[LOG 15:04:48.544] plant-flag.png
[LOG 15:04:48.544] reach-soi.png
[LOG 15:04:48.544] repair-part.png
[LOG 15:04:48.544] resource-amount.png
[LOG 15:04:48.544] resource-recovery.png
[LOG 15:04:48.544] science-experiment.png
[LOG 15:04:48.544] score.png
[LOG 15:04:48.544] take-tourist.png
[LOG 15:04:48.544] test-altitude.png
[LOG 15:04:48.544] test-eva.png
[LOG 15:04:48.544] test-grapple.png
[LOG 15:04:48.544] time-of-flight.png
[LOG 15:04:48.544] time-of-mission.png
[LOG 15:04:48.544] time-since-node.png
[LOG 15:04:48.544] vessel-crashed.png
[LOG 15:04:48.544] vessel-crew-count.png
[LOG 15:04:48.544] vessel-explode.png
[LOG 15:04:48.544] vessel-flying.png
[LOG 15:04:48.545] vessel-landed.png
[LOG 15:04:48.545] vessel-mass.png
[LOG 15:04:48.545] vessel-splashed.png
[LOG 15:04:48.545] vessel-stage-activated.png
[LOG 15:04:48.545] vessel-stage.png
[LOG 15:04:48.545] arrange-graph.png
[LOG 15:04:48.545] builderbuttons_briefing.png
[LOG 15:04:48.545] builderbuttons_reset.png
[LOG 15:04:48.545] builderbuttons_trackingstation.png
[LOG 15:04:48.545] frame-graph.png
[LOG 15:04:48.545] lock.png
[LOG 15:04:48.545] maximize.png
[LOG 15:04:48.545] minimize.png
[LOG 15:04:48.545] pin.png
[LOG 15:04:48.545] pin_down.png
[LOG 15:04:48.545] redo.png
[LOG 15:04:48.545] reset.png
[LOG 15:04:48.545] tracking-station.png
[LOG 15:04:48.545] undo.png
[LOG 15:04:48.545] visible-in-gap.png
[LOG 15:04:48.545] location.png
[LOG 15:04:48.546] logic.png
[LOG 15:04:48.546] science.png
[LOG 15:04:48.546] utility.png
[LOG 15:04:48.546] vessel.png
[LOG 15:04:48.546] eye.png
[LOG 15:04:48.546] iconmb.png
[LOG 15:04:48.546] me_btn_generic_normal.tif
[LOG 15:04:48.546] me_button_generic_normal.tif
[LOG 15:04:48.546] nodecat_bg.png
[LOG 15:04:48.546] nodecat_divider.tif
[LOG 15:04:48.546] nodecat_divider_bottom.tif
[LOG 15:04:48.546] pholderwarningicon.png
[LOG 15:04:48.546] reseticon.png
[LOG 15:04:48.546] validityindicator.controller
[LOG 15:04:48.546] validtyinidicatorpulse.anim
[LOG 15:04:48.546] broadorbittoggle button.png
[LOG 15:04:48.546] maneuvertoggle button.png
[LOG 15:04:48.546] orbitalgizmoicons.png
[LOG 15:04:48.546] reset orbit button.png
[LOG 15:04:48.546] nodelabel.prefab
[LOG 15:04:48.547] kerbaleva_female_exp.prefab
[LOG 15:04:48.547] kerbaleva_rd_exp.prefab
[LOG 15:04:48.547] missioneditorevabody.mat
[LOG 15:04:48.547] missioneditorevabodyalternate.mat
[LOG 15:04:48.547] missioneditorevabodybrown.mat
[LOG 15:04:48.547] missioneditorevaeyeballs.mat
[LOG 15:04:48.547] missioneditorevaeyes.mat
[LOG 15:04:48.547] missioneditorevahead.mat
[LOG 15:04:48.547] missioneditorevahelmet.mat
[LOG 15:04:48.547] missioneditorevahelmetred.mat
[LOG 15:04:48.547] missioneditorevajetpack.mat
[LOG 15:04:48.547] missioneditorevalight.mat
[LOG 15:04:48.547] kbevafemalevintage.prefab
[LOG 15:04:48.547] kbevavintage.prefab
[LOG 15:04:48.547] evalight.fbx
[LOG 15:04:48.547] kbeva@new.fbx
[LOG 15:04:48.547] kbeva@newfem.fbx
[LOG 15:04:48.547] mevahelmetlight.fbx
[LOG 15:04:48.547] evajetpackscondary.dds
[LOG 15:04:48.547] evajetpacksecondary_n.dds
[LOG 15:04:48.547] evalight.png
[LOG 15:04:48.547] kerbalmainnrm.dds
[LOG 15:04:48.548] me_suit_difuse_blue.dds
[LOG 15:04:48.548] me_suit_difuse_low_polybrown.dds
[LOG 15:04:48.548] me_suit_difuse_orange.dds
[LOG 15:04:48.548] kerbalfemalevintage.prefab
[LOG 15:04:48.548] kerbalmalevintage.prefab
[LOG 15:04:48.548] evahelmet.mat
[LOG 15:04:48.548] evatexture.mat
[LOG 15:04:48.548] kerbalgirl_06_basecolor.mat
[LOG 15:04:48.548] kerbalhead.mat
[LOG 15:04:48.548] lambert6.mat
[LOG 15:04:48.548] mat_eyeballs.mat
[LOG 15:04:48.548] mat_eyes01.mat
[LOG 15:04:48.548] material #4.mat
[LOG 15:04:48.548] mesh_female_kerbalastronaut01_kerbalgirl_export_15_lambert20.mat
[LOG 15:04:48.548] mesh_female_kerbalastronaut01_kerbalgirl_export_15_lambert21.mat
[LOG 15:04:48.548] kbfemale_iva_mecanim.fbx
[LOG 15:04:48.548] kbiva_mecanim.fbx
[LOG 15:04:48.548] kerbalicon_eva_female_vintage.tif
[LOG 15:04:48.548] kerbalicon_eva_vintage.tif
[LOG 15:04:48.548] kerbalicon_suit_female_vintage.tif
[LOG 15:04:48.548] kerbalicon_suit_orange_female_vintage.tif
[LOG 15:04:48.549] kerbalicon_suit_orange_vintage.tif
[LOG 15:04:48.549] kerbalicon_suit_vintage.tif
[LOG 15:04:48.549] gap_celestialbody_camerasetup.prefab
[LOG 15:04:48.549] gap_celestialbody_collisionsphere.prefab
[LOG 15:04:48.549] gap_celestialbody_surfacegizmo_area.prefab
[LOG 15:04:48.549] gap_celestialbody_surfacegizmo_basic.prefab
[LOG 15:04:48.549] gap_celestialbody_surfacegizmo_icon.prefab
[LOG 15:04:48.549] gap_celestialbody_surfacegizmo_vessel.prefab
[LOG 15:04:48.549] gap_celestialbody_surfacegizmo_volume.prefab
[LOG 15:04:48.549] gap_proceduralasteroid.prefab
[LOG 15:04:48.549] gap_proceduralcomet.prefab
[LOG 15:04:48.549] gapbuttonprefab.prefab
[LOG 15:04:48.549] gapkerbal_femaleveteran.prefab
[LOG 15:04:48.549] gapkerbal_femaleveteran_vintage.prefab
[LOG 15:04:48.549] gapkerbal_male_slimsuit.prefab
[LOG 15:04:48.549] gapkerbal_maleveteran.prefab
[LOG 15:04:48.549] gapkerbal_maleveteran_vintage.prefab
[LOG 15:04:48.549] gapscrollablesidebarbutton.prefab
[LOG 15:04:48.549] gapsidebarbutton.prefab
[LOG 15:04:48.550] gaptoggleprefab.prefab
[LOG 15:04:48.550] gaputil_biselector.prefab
[LOG 15:04:48.550] gaputil_celestialbody.prefab
[LOG 15:04:48.550] vesseldisplay_camerasetup.prefab
[LOG 15:04:48.550] desert_airfield.prefab
[LOG 15:04:48.550] desert_groundobjects.prefab
[LOG 15:04:48.550] desert_launch_site.prefab
[LOG 15:04:48.550] larkes.prefab
[LOG 15:04:48.550] floor bottom.mat
[LOG 15:04:48.550] floor top.mat
[LOG 15:04:48.550] legs.mat
[LOG 15:04:48.550] ramp.mat
[LOG 15:04:48.550] stairs grid lights pivot.mat
[LOG 15:04:48.550] supports 1.mat
[LOG 15:04:48.550] supports 2.mat
[LOG 15:04:48.550] tunnels.mat
[LOG 15:04:48.550] floor bottom.dds
[LOG 15:04:48.550] floor top.dds
[LOG 15:04:48.550] floor top_normal.dds
[LOG 15:04:48.550] legs.dds
[LOG 15:04:48.550] ramp.dds
[LOG 15:04:48.551] stairs grid lights pivot.dds
[LOG 15:04:48.551] supports 1.dds
[LOG 15:04:48.551] supports 2.dds
[LOG 15:04:48.551] tunnels.dds
[LOG 15:04:48.551] diffuse.mat
[LOG 15:04:48.551] floor bottom_base_color.mat
[LOG 15:04:48.551] floor top_base_color.mat
[LOG 15:04:48.551] legs_base_color.mat
[LOG 15:04:48.551] ramp_base_color.mat
[LOG 15:04:48.551] stairs grid lights pivot_base_colormodpsd.mat
[LOG 15:04:48.551] stairs_grid_lights_pivot_base_color.mat
[LOG 15:04:48.551] supports 1_base_color.mat
[LOG 15:04:48.551] supports 2_base_color.mat
[LOG 15:04:48.551] tunnels_base_color.mat
[LOG 15:04:48.551] mobilelaunchpad_19.fbx
[LOG 15:04:48.551] pontoons.fbx
[LOG 15:04:48.551] pontoons_diffuse.dds
[LOG 15:04:48.551] ramp_normal.png
[LOG 15:04:48.551] 1001_base_color.mat
[LOG 15:04:48.551] desert groundtransition.mat
[LOG 15:04:48.551] desert groundtransition_highquality.mat
[LOG 15:04:48.552] desert groundtransition_lowquality.mat
[LOG 15:04:48.552] desert groundtransition_mediumquality.mat
[LOG 15:04:48.552] desert groundtransition_ultraquality.mat
[LOG 15:04:48.552] desert runway sand.mat
[LOG 15:04:48.552] desert runway stone.mat
[LOG 15:04:48.552] mobilelaunchpad.prefab
[LOG 15:04:48.552] woomerang_groundobjects.prefab
[LOG 15:04:48.552] woomerang_launch_site.prefab
[LOG 15:04:48.553] Scenes:
[LOG 15:04:48.553] kspMissionEditor.unity
[LOG 15:04:57.472] Assets:
[LOG 15:04:57.472] appanim_missionsapp.prefab
[LOG 15:04:57.472] cascading_body_missionheader.prefab
[LOG 15:04:57.472] cascading_body_missioninfo.prefab
[LOG 15:04:57.472] cascading_body_missionobjective.prefab
[LOG 15:04:57.472] cascading_body_missionsvesselheader.prefab
[LOG 15:04:57.473] cascading_body_missionsvesselitem.prefab
[LOG 15:04:57.473] cascading_body_settingsbutton.prefab
[LOG 15:04:57.473] cascading_body_settingstoggle.prefab
[LOG 15:04:57.473] missionsapp.prefab
[LOG 15:04:57.473] axislimitline.prefab
[LOG 15:04:57.473] controlleraction.prefab
[LOG 15:04:57.473] controlleraxis.prefab
[LOG 15:04:57.473] controllerwindow.prefab
[LOG 15:04:57.473] curvepanelpoint.prefab
[LOG 15:04:57.473] curvepanelpointaction.prefab
[LOG 15:04:57.473] axis_align_ends.png
[LOG 15:04:57.473] axis_clamp_values.png
[LOG 15:04:57.473] axis_copy.png
[LOG 15:04:57.473] axis_flip_horizontal.png
[LOG 15:04:57.473] axis_flip_vertical.png
[LOG 15:04:57.473] axis_move_down-trackrow.png
[LOG 15:04:57.473] axis_move_down.png
[LOG 15:04:57.473] axis_move_up-trackrow.png
[LOG 15:04:57.473] axis_move_up.png
[LOG 15:04:57.473] axis_paste.png
[LOG 15:04:57.473] axis_preset_flat.png
[LOG 15:04:57.473] axis_preset_sawtooth.png
[LOG 15:04:57.473] axis_preset_sine.png
[LOG 15:04:57.473] axis_preset_square.png
[LOG 15:04:57.473] axis_preset_triangle.png
[LOG 15:04:57.473] axis_select_all.png
[LOG 15:04:57.473] background_squared_inset.png
[LOG 15:04:57.473] close.png
[LOG 15:04:57.474] direction_forward.png
[LOG 15:04:57.474] direction_reverse.png
[LOG 15:04:57.474] edit.png
[LOG 15:04:57.474] fieldlimitline.png
[LOG 15:04:57.474] keyframe_add.png
[LOG 15:04:57.474] keyframe_clamp_value.png
[LOG 15:04:57.474] keyframe_delete.png
[LOG 15:04:57.474] keyframe_linear.png
[LOG 15:04:57.474] keyframe_smooth.png
[LOG 15:04:57.474] keyframe_step_backward.png
[LOG 15:04:57.474] keyframe_step_forward.png
[LOG 15:04:57.474] line.png
[LOG 15:04:57.474] line_dashed.png
[LOG 15:04:57.474] loop_pingpong.png
[LOG 15:04:57.474] loop_playonce.png
[LOG 15:04:57.474] loop_repeat.png
[LOG 15:04:57.474] node.png
[LOG 15:04:57.474] node_circle.png
[LOG 15:04:57.474] node_square.png
[LOG 15:04:57.474] pause.png
[LOG 15:04:57.474] play.png
[LOG 15:04:57.474] pointer.png
[LOG 15:04:57.474] remove-axis.png
[LOG 15:04:57.474] remove_key.png
[LOG 15:04:57.474] resize_icon.png
[LOG 15:04:57.474] sequence_resize_button_states.png
[LOG 15:04:57.474] sequence_resize_maintain.png
[LOG 15:04:57.474] sequence_resize_scale.png
[LOG 15:04:57.474] sequence_speed.png
[LOG 15:04:57.474] tracking_editor_button_states.png
[LOG 15:04:57.475] femalefuturepreview.prefab
[LOG 15:04:57.475] malefuturepreview.prefab
[LOG 15:04:57.475] kbfemale@controlpanel_a.fbx
[LOG 15:04:57.475] kbfemale@controlpanel_b.fbx
[LOG 15:04:57.475] kbfemale@controlpanel_c.fbx
[LOG 15:04:57.475] kbfemale@rocksample.fbx
[LOG 15:04:57.475] hammerfemale.fbx
[LOG 15:04:57.475] hammermale.fbx
[LOG 15:04:57.475] kbeva@controlpanel_a.fbx
[LOG 15:04:57.475] kbeva@controlpanel_b.fbx
[LOG 15:04:57.475] kbeva@controlpanel_c.fbx
[LOG 15:04:57.475] kbeva@rocksample.fbx
[LOG 15:04:57.475] kerbaleva_female_future.prefab
[LOG 15:04:57.475] kerbaleva_rd_future.prefab
[LOG 15:04:57.475] futureevabody.mat
[LOG 15:04:57.475] futureevabodyalternate.mat
[LOG 15:04:57.475] futureevajetpack.mat
[LOG 15:04:57.475] futureevalight.mat
[LOG 15:04:57.475] futurehelmet.mat
[LOG 15:04:57.475] kbevafemalefuture.prefab
[LOG 15:04:57.475] kbevafuture.prefab
[LOG 15:04:57.475] kbeva@new.fbx
[LOG 15:04:57.475] kbeva@newfem.fbx
[LOG 15:04:57.475] mevahelmetlight.fbx
[LOG 15:04:57.475] serenityfemaleeva.fbx
[LOG 15:04:57.475] serenityflares.fbx
[LOG 15:04:57.476] serenitymaleeva.fbx
[LOG 15:04:57.476] evajetpacknrm.dds
[LOG 15:04:57.476] futuresuit_diffuse_orange.dds
[LOG 15:04:57.476] futuresuit_diffuse_whiteblue.dds
[LOG 15:04:57.476] futuresuit_diffuse_whiteorange.dds
[LOG 15:04:57.476] futuresuit_emissive.dds
[LOG 15:04:57.476] futuresuit_evalight.png
[LOG 15:04:57.476] futuresuitmainnrm.dds
[LOG 15:04:57.476] ksp_ig_jetpack_diffuse.jpg
[LOG 15:04:57.476] kerbalfemalefuture.prefab
[LOG 15:04:57.476] kerbalmalefuture.prefab
[LOG 15:04:57.476] futuresuit_diffuse.mat
[LOG 15:04:57.476] serenityfemaleiva.fbx
[LOG 15:04:57.476] serenitymaleiva.fbx
[LOG 15:04:57.476] kerbalicon_eva_female_future.tif
[LOG 15:04:57.476] kerbalicon_eva_future.tif
[LOG 15:04:57.476] kerbalicon_suit_female_future.tif
[LOG 15:04:57.476] kerbalicon_suit_future.tif
[LOG 15:04:57.476] kerbalicon_suit_orange_female_future.tif
[LOG 15:04:57.476] kerbalicon_suit_orange_future.tif
[LOG 15:04:57.476] bottom_emissor.mat
[LOG 15:04:57.476] burst_emissor.mat
[LOG 15:04:57.476] burstprojectiles_emissor.mat
[LOG 15:04:57.476] constantburst_emissor.mat
[LOG 15:04:57.476] snowflakes_emissor.mat
[LOG 15:04:57.476] vapor_emissor.mat
[LOG 15:04:57.476] base_0.mat
[LOG 15:04:57.476] base_1.mat
[LOG 15:04:57.476] base_2.mat
[LOG 15:04:57.477] base_3_1.mat
[LOG 15:04:57.477] base_3_2.mat
[LOG 15:04:57.477] vapor.mat
[LOG 15:04:57.477] burst.png
[LOG 15:04:57.477] cloud2.png
[LOG 15:04:57.477] v1.png
[LOG 15:04:57.477] v2.png
[LOG 15:04:57.477] v3.png
[LOG 15:04:57.477] v5.png
[LOG 15:04:57.477] gapkerbal_female_future.prefab
[LOG 15:04:57.477] gapkerbal_male_future.prefab
[LOG 15:04:57.477] hammerfemale.prefab
[LOG 15:04:57.477] hammermale.prefab
[LOG 15:04:57.477] bopgravelpile.prefab
[LOG 15:04:57.477] bopgravelpile.fbx
[LOG 15:04:57.477] bop_gravel pile_d.mat
[LOG 15:04:57.477] lambert1.mat
[LOG 15:04:57.477] bop_gravel pile_d.png
[LOG 15:04:57.477] bop_gravel pile_d.tga
[LOG 15:04:57.477] bop_gravel pile_n.png
[LOG 15:04:57.477] bop_gravel pile_s.png
[LOG 15:04:57.477] drescrater.prefab
[LOG 15:04:57.477] dresmeteorite.prefab
[LOG 15:04:57.477] drescrater.fbx
[LOG 15:04:57.477] dresmeteorite.fbx
[LOG 15:04:57.477] dres_crater_d.mat
[LOG 15:04:57.477] dres_meteorite_d.mat
[LOG 15:04:57.477] lambert1.mat
[LOG 15:04:57.477] dres_crater_d.tga
[LOG 15:04:57.477] dres_crater_n.png
[LOG 15:04:57.478] dres_meteorite_d.tga
[LOG 15:04:57.478] dres_meteorite_n.png
[LOG 15:04:57.478] dunablueberries.prefab
[LOG 15:04:57.478] dunadune.prefab
[LOG 15:04:57.478] dunameteorite.prefab
[LOG 15:04:57.478] dunastone.prefab
[LOG 15:04:57.478] dunaasteroid.fbx
[LOG 15:04:57.478] dunablueberries.fbx
[LOG 15:04:57.478] dunadune.fbx
[LOG 15:04:57.478] dunastone.fbx
[LOG 15:04:57.478] duna_asteroid_d.mat
[LOG 15:04:57.478] duna_dune_d.mat
[LOG 15:04:57.478] duna_stone_d.mat
[LOG 15:04:57.478] dune_blueberries_d.mat
[LOG 15:04:57.478] lambert1.mat
[LOG 15:04:57.478] duna_asteroid_d.tga
[LOG 15:04:57.478] duna_asteroid_n.png
[LOG 15:04:57.478] duna_dune_d.tga
[LOG 15:04:57.478] duna_dune_n.tga
[LOG 15:04:57.478] duna_stone_d.tga
[LOG 15:04:57.478] duna_stone_n.png
[LOG 15:04:57.478] dune_blueberries_d.tga
[LOG 15:04:57.478] dune_blueberries_n.png
[LOG 15:04:57.478] eelooberg.prefab
[LOG 15:04:57.478] eeloobrownboulder.prefab
[LOG 15:04:57.478] eelooicechunk.prefab
[LOG 15:04:57.478] eelooberg.fbx
[LOG 15:04:57.478] eelooboulder.fbx
[LOG 15:04:57.478] eelooicechunk.fbx
[LOG 15:04:57.479] eeloo_alien_glacier_d.mat
[LOG 15:04:57.479] eeloo_brown_ boulder_d.mat
[LOG 15:04:57.479] eeloo_ice chunk_d.mat
[LOG 15:04:57.479] lambert1.mat
[LOG 15:04:57.479] eeloo_alien_glacier_d.tga
[LOG 15:04:57.479] eeloo_alien_glacier_e.tga
[LOG 15:04:57.479] eeloo_alien_glacier_n.png
[LOG 15:04:57.479] eeloo_brown_ boulder_d.tga
[LOG 15:04:57.479] eeloo_brown_ boulder_n.png
[LOG 15:04:57.479] eeloo_ice chunk_d.tga
[LOG 15:04:57.479] eeloo_ice chunk_e.tga
[LOG 15:04:57.479] eeloo_ice chunk_n.png
[LOG 15:04:57.479] eeloo_ice chunk_s.tga
[LOG 15:04:57.479] evebasaltformation.prefab
[LOG 15:04:57.479] evepancakedome.prefab
[LOG 15:04:57.479] evevolcanicrock.prefab
[LOG 15:04:57.479] evebasaltformation.fbx
[LOG 15:04:57.479] evepancakeformation.fbx
[LOG 15:04:57.479] evevolcanicrock.fbx
[LOG 15:04:57.479] eve basalt formation_d.mat
[LOG 15:04:57.479] eve pancake formation_d.mat
[LOG 15:04:57.479] eve volcanic rock_d.mat
[LOG 15:04:57.479] lambert1.mat
[LOG 15:04:57.479] eve basalt formation_d.tga
[LOG 15:04:57.479] eve basalt formation_n.tga
[LOG 15:04:57.479] eve pancake formation_d.tga
[LOG 15:04:57.479] eve pancake formation_e.png
[LOG 15:04:57.479] eve pancake formation_n.png
[LOG 15:04:57.479] eve volcanic rock_d.tga
[LOG 15:04:57.479] eve volcanic rock_n.png
[LOG 15:04:57.480] gillyridgeline.fbx
[LOG 15:04:57.480] gilly ridegeline_d.mat
[LOG 15:04:57.480] lambert1.mat
[LOG 15:04:57.480] gillyridgeline.prefab
[LOG 15:04:57.480] gilly ridegeline_d.tga
[LOG 15:04:57.480] gilly ridegeline_n.png
[LOG 15:04:57.480] dunaejecta.prefab
[LOG 15:04:57.480] ikedunaejecta.fbx
[LOG 15:04:57.480] ike_duna_ejecta_mat.mat
[LOG 15:04:57.480] ike duna ejecta_d.tga
[LOG 15:04:57.480] ike duna ejecta_n.png
[LOG 15:04:57.480] kerbinbaobabtree.fbx
[LOG 15:04:57.480] kerbinquartz.fbx
[LOG 15:04:57.480] baobaptree.mat
[LOG 15:04:57.480] kerbin_baobab_tree_d.mat
[LOG 15:04:57.480] kerbin_boabob_tree_d.mat
[LOG 15:04:57.480] kerbin_giant_quartz_d.mat
[LOG 15:04:57.480] lambert1.mat
[LOG 15:04:57.480] lambert2.mat
[LOG 15:04:57.480] kerbinbaobabtree.prefab
[LOG 15:04:57.480] kerbinquartz.prefab
[LOG 15:04:57.480] kerbin_baobab_tree_alpha.png
[LOG 15:04:57.480] kerbin_baobab_tree_d.tga
[LOG 15:04:57.480] kerbin_baobab_tree_n.png
[LOG 15:04:57.480] kerbin_giant_quartz_d.tga
[LOG 15:04:57.480] kerbin_giant_quartz_e.tga
[LOG 15:04:57.480] kerbin_giant_quartz_n.tga
[LOG 15:04:57.480] kerbin_giant_quartz_s.tga
[LOG 15:04:57.480] laytheboulder.fbx
[LOG 15:04:57.481] laythegeyser.fbx
[LOG 15:04:57.481] laythestone.fbx
[LOG 15:04:57.481] lambert1.mat
[LOG 15:04:57.481] laythe_boulder_d.mat
[LOG 15:04:57.481] laythe_geyser_d.mat
[LOG 15:04:57.481] laythe_stone_d.mat
[LOG 15:04:57.481] laytheboulder.prefab
[LOG 15:04:57.481] laythegeyser.prefab
[LOG 15:04:57.481] laythestone.prefab
[LOG 15:04:57.481] laythe_boulder_d.tga
[LOG 15:04:57.481] laythe_boulder_n.png
[LOG 15:04:57.481] laythe_geyser_d.tga
[LOG 15:04:57.481] laythe_geyser_n.png
[LOG 15:04:57.481] laythe_stone_d.tga
[LOG 15:04:57.481] laythe_stone_n.png
[LOG 15:04:57.481] greensandstone.fbx
[LOG 15:04:57.481] lambert1.mat
[LOG 15:04:57.481] minmus_green_sandstone_d.mat
[LOG 15:04:57.481] minmus_olivine_formation_d.mat
[LOG 15:04:57.481] minmusolivineformation.fbx
[LOG 15:04:57.481] minmus_greensandstone.prefab
[LOG 15:04:57.481] minmus_olivineformation.prefab
[LOG 15:04:57.481] minmus_green_sandstone_d.tga
[LOG 15:04:57.481] minmus_green_sandstone_n.png
[LOG 15:04:57.481] minmus_olivine_formation_d.tga
[LOG 15:04:57.481] minmus_olivine_formation_n.png
[LOG 15:04:57.481] lambert1.mat
[LOG 15:04:57.481] moho wrinkleridge_d.mat
[LOG 15:04:57.481] moho_stone_d.mat
[LOG 15:04:57.481] mohostone.fbx
[LOG 15:04:57.482] mohowrinkleridge.fbx
[LOG 15:04:57.482] mohostone.prefab
[LOG 15:04:57.482] mohowrinkleridge.prefab
[LOG 15:04:57.482] moho wrinkleridge_d.tga
[LOG 15:04:57.482] moho wrinkleridge_e.png
[LOG 15:04:57.482] moho wrinkleridge_n.png
[LOG 15:04:57.482] moho_stone_d.tga
[LOG 15:04:57.482] moho_stone_n.png
[LOG 15:04:57.482] lambert1.mat
[LOG 15:04:57.482] mun_crater_d.mat
[LOG 15:04:57.482] mun_large_crater_d.mat
[LOG 15:04:57.482] mun_stone_d.mat
[LOG 15:04:57.482] muncrater.fbx
[LOG 15:04:57.482] munlargecrater.fbx
[LOG 15:04:57.482] munstone.fbx
[LOG 15:04:57.482] muncrater.prefab
[LOG 15:04:57.482] munlargecrater.prefab
[LOG 15:04:57.482] munstone.prefab
[LOG 15:04:57.482] mun_crater_d.tga
[LOG 15:04:57.482] mun_crater_n.png
[LOG 15:04:57.482] mun_large_crater_d.tga
[LOG 15:04:57.482] mun_large_crater_n.png
[LOG 15:04:57.482] mun_stone_d.tga
[LOG 15:04:57.482] mun_stone_n.png
[LOG 15:04:57.482] lambert1.mat
[LOG 15:04:57.482] pol_yellowstone_d.mat
[LOG 15:04:57.482] polyellowstone.fbx
[LOG 15:04:57.482] pol_yellowstones.prefab
[LOG 15:04:57.482] pol_yellowstone_d.png
[LOG 15:04:57.482] pol_yellowstone_n.png
[LOG 15:04:57.483] lambert1.mat
[LOG 15:04:57.483] tylo_checkerboard_d.mat
[LOG 15:04:57.483] tylo_dark boulder_d.mat
[LOG 15:04:57.483] tylo_light_d.mat
[LOG 15:04:57.483] tyloboulder.fbx
[LOG 15:04:57.483] tylocheckerboard.fbx
[LOG 15:04:57.483] tylolightstone.fbx
[LOG 15:04:57.483] tylo_ checkerboard_n.png
[LOG 15:04:57.483] tylo_checkerboard_d.png
[LOG 15:04:57.483] tylo_dark boulder_d.tga
[LOG 15:04:57.483] tylo_dark boulder_n.png
[LOG 15:04:57.483] tylo_light_d.tga
[LOG 15:04:57.483] tylo_light_n.png
[LOG 15:04:57.483] tylocheckerboard.prefab
[LOG 15:04:57.483] tylodarkboulder.prefab
[LOG 15:04:57.483] tylolightstone.prefab
[LOG 15:04:57.483] cryovolcano_d.mat
[LOG 15:04:57.483] lambert1.mat
[LOG 15:04:57.483] vallicechunk_d.mat
[LOG 15:04:57.483] vallstone_d.mat
[LOG 15:04:57.483] vall_cryovolcano.fbx
[LOG 15:04:57.483] vall_icechunk.fbx
[LOG 15:04:57.483] vall_stone.fbx
[LOG 15:04:57.483] cryovolcano_d.tga
[LOG 15:04:57.483] cryovolcano_e.png
[LOG 15:04:57.483] cryovolcano_n.jpg
[LOG 15:04:57.483] cryovolcano_s.jpg
[LOG 15:04:57.483] vallicechunk_d.jpg
[LOG 15:04:57.483] vallicechunk_e.jpg
[LOG 15:04:57.484] vallicechunk_n.jpg
[LOG 15:04:57.484] vallicechunk_s.jpg
[LOG 15:04:57.484] vallstone_d.jpg
[LOG 15:04:57.484] vallstone_e.jpg
[LOG 15:04:57.484] vallstone_n.jpg
[LOG 15:04:57.484] vallstone_s.jpg
[LOG 15:04:57.484] vallcryovolcano.prefab
[LOG 15:04:57.484] vallicechunk.prefab
[LOG 15:04:57.484] vallstone.prefab
[LOG 15:04:57.484] vfx_spark.mat
[LOG 15:04:57.484] vfx_welding_flare.mat
[LOG 15:04:57.484] cometdustmaterial.mat
[LOG 15:04:57.484] cometgeysermat.mat
[LOG 15:04:57.492] GetTypesOfModulesImplementingInterface2: Found 69 types with IPartModuleAdjuster interface in 7 assemblies.
[LOG 15:04:57.499] GetSubclassesOfParentClass: Found 0 types with ModuleActiveRadiator parent in 7 assemblies.
[LOG 15:04:57.505] GetSubclassesOfParentClass: Found 0 types with ModuleAlternator parent in 7 assemblies.
[LOG 15:04:57.511] GetSubclassesOfParentClass: Found 1 types with ModuleControlSurface parent in 7 assemblies.
[LOG 15:04:57.518] GetSubclassesOfParentClass: Found 0 types with ModuleDataTransmitter parent in 7 assemblies.
[LOG 15:04:57.524] GetSubclassesOfParentClass: Found 0 types with ModuleDeployableSolarPanel parent in 7 assemblies.
[LOG 15:04:57.530] GetSubclassesOfParentClass: Found 1 types with ModuleEngines parent in 7 assemblies.
[LOG 15:04:57.535] GetSubclassesOfParentClass: Found 0 types with ModuleGenerator parent in 7 assemblies.
[LOG 15:04:57.541] GetSubclassesOfParentClass: Found 0 types with ModuleGimbal parent in 7 assemblies.
[LOG 15:04:57.547] GetSubclassesOfParentClass: Found 2 types with ModuleLiftingSurface parent in 7 assemblies.
[LOG 15:04:57.553] GetSubclassesOfParentClass: Found 0 types with ModuleLight parent in 7 assemblies.
[LOG 15:04:57.559] GetSubclassesOfParentClass: Found 0 types with ModuleReactionWheel parent in 7 assemblies.
[LOG 15:04:57.564] GetSubclassesOfParentClass: Found 0 types with ModuleSAS parent in 7 assemblies.
[LOG 15:04:57.570] GetSubclassesOfParentClass: Found 0 types with ModuleWheelBrakes parent in 7 assemblies.
[LOG 15:04:57.576] GetSubclassesOfParentClass: Found 1 types with ModuleWheelMotor parent in 7 assemblies.
[LOG 15:04:57.576] GetSubclassesOfParentClass: Using cached results for ModuleActiveRadiator
[LOG 15:04:57.582] GetSubclassesOfParentClass: Found 0 types with ModuleAnchoredDecoupler parent in 7 assemblies.
[LOG 15:04:57.588] GetSubclassesOfParentClass: Found 0 types with ModuleCargoBay parent in 7 assemblies.
[LOG 15:04:57.588] GetSubclassesOfParentClass: Using cached results for ModuleControlSurface
[LOG 15:04:57.588] GetSubclassesOfParentClass: Using cached results for ModuleDataTransmitter
[LOG 15:04:57.594] GetSubclassesOfParentClass: Found 0 types with ModuleDecouple parent in 7 assemblies.
[LOG 15:04:57.600] GetSubclassesOfParentClass: Found 4 types with ModuleDeployablePart parent in 7 assemblies.
[LOG 15:04:57.606] GetSubclassesOfParentClass: Found 0 types with ModuleDockingNode parent in 7 assemblies.
[LOG 15:04:57.606] GetSubclassesOfParentClass: Using cached results for ModuleEngines
[LOG 15:04:57.612] GetSubclassesOfParentClass: Found 0 types with CModuleFuelLine parent in 7 assemblies.
[LOG 15:04:57.618] GetSubclassesOfParentClass: Found 0 types with ModuleGPS parent in 7 assemblies.
[LOG 15:04:57.624] GetSubclassesOfParentClass: Found 0 types with ModuleGrappleNode parent in 7 assemblies.
[LOG 15:04:57.624] GetSubclassesOfParentClass: Using cached results for ModuleGrappleNode
[LOG 15:04:57.630] GetSubclassesOfParentClass: Found 0 types with ModuleKerbNetAccess parent in 7 assemblies.
[LOG 15:04:57.630] GetSubclassesOfParentClass: Using cached results for ModuleLight
[LOG 15:04:57.630] GetSubclassesOfParentClass: Using cached results for ModuleLight
[LOG 15:04:57.636] GetSubclassesOfParentClass: Found 0 types with ModuleProbeControlPoint parent in 7 assemblies.
[LOG 15:04:57.642] GetSubclassesOfParentClass: Found 1 types with ModuleRCS parent in 7 assemblies.
[LOG 15:04:57.642] GetSubclassesOfParentClass: Using cached results for ModuleRCS
[LOG 15:04:57.642] GetSubclassesOfParentClass: Using cached results for ModuleReactionWheel
[LOG 15:04:57.642] GetSubclassesOfParentClass: Using cached results for ModuleReactionWheel
[LOG 15:04:57.648] GetSubclassesOfParentClass: Found 0 types with ModuleResourceIntake parent in 7 assemblies.
[LOG 15:04:57.653] GetSubclassesOfParentClass: Found 0 types with ModuleScienceExperiment parent in 7 assemblies.
[LOG 15:04:57.659] GetSubclassesOfParentClass: Found 0 types with ModuleToggleCrossfeed parent in 7 assemblies.
[LOG 15:04:57.665] GetSubclassesOfParentClass: Found 0 types with ModuleWheelDeployment parent in 7 assemblies.
[LOG 15:04:57.699] ExpansionsLoader: Expansions loaded in 10.119s
[LOG 15:04:57.699] Loading Systems: Elapsed time is 26.10954s
[LOG 15:05:00.972] [AddonLoader]: Instantiating addon 'KSPCFFastLoaderPSystemSetup' from assembly 'KSPCommunityFixes'
[LOG 15:05:01.281] [Agent]: Found 19 agent mentality types
[LOG 15:05:01.283] [AgentList]: 31 agents parsed and loaded.
[LOG 15:05:01.319] [UIMasterController]: HideUI
[LOG 15:05:01.405] [CelestialBody]: Kerbin's solar day length is 1d, 0h, 0m long. sidereal day length is 5h, 59m, 9s long
[LOG 15:05:07.120] [UIMasterController]: HideUI
[LOG 15:05:07.127] [HighLogic]: =========================== Scene Change : From LOADING to MAINMENU =====================
[LOG 15:05:07.676] [AddonLoader]: Instantiating addon 'ContractDefs' from assembly 'KSP'
[LOG 15:05:07.705] [AddonLoader]: Instantiating addon 'KSPCFFastLoaderReport' from assembly 'KSPCommunityFixes'
[LOG 15:05:07.732] [UIMasterController]: ShowUI
[LOG 15:05:07.995] [GameParameters]: Loaded custom parameter class CommNetParams.
[LOG 15:05:07.996] [GameParameters]: Loaded custom parameter class MissionParamsGeneral.
[LOG 15:05:07.996] [GameParameters]: Loaded custom parameter class MissionParamsFacilities.
[LOG 15:05:07.996] [GameParameters]: Loaded custom parameter class MissionParamsExtras.
[LOG 15:05:07.996] [GameParameters]: Loaded custom parameter class AdvancedParams.
[LOG 15:05:08.016] [ReflectionUtil]: Found 40 types with UpgradeModule attribute in 7 assemblies.
[LOG 15:05:08.033] [KSPCF:FastLoader] Intel(R) Core(TM) i7-4790K CPU @ 4.00GHz | 32687 MB | NVIDIA GeForce GTX 1060 6GB (6029 MB)
Total loading time to main menu : 39.805s
- Configs and assemblies loaded in 4.995s
- Configs reload done in 1.089s
- Configs translated in 0.016s
- 2331 assets loaded in 3.445s :
  - 86 audio assets (79.689 MiB) in 0.589s, 135.197 MiB/s
  - 1618 texture assets (1.293 GiB) in 2.230s, 593.856 MiB/s
  - 626 model assets (64.41 MiB) in 0.624s, 103.299 MiB/s
- Asset bundles loaded in 0.481s
- GameDatabase (configs, resources, traits, upgrades...) loaded in 0.067s
- Built-in parts copied in 0.021s
- Part and internal configs extracted in 0.001s
- 483 parts and 1927 modules compiled in 6.689s
  - 4.0 modules/part, 13.849 ms/part, 3.471 ms/module
  - PartIcon compilation : 1.045s
- 27 internal spaces and 56 props compiled in 0.224s
- 2 DLC (Making History, Breaking Ground) loaded in 10.149s
- Planetary system loaded in 7.452s
[LOG 15:05:08.034] Texture queries : 1709, slow path : 1 (0.06 %)
[LOG 15:05:08.038] [ModuleManager] Total loading Time = 35.060s
[LOG 15:05:08.071] [ScenarioTypes]: List Created 23 scenario types loaded from 7 loaded assemblies.
[WRN 15:05:08.081] File 'D:/KSP-Dev/KSP_x64_Data/../Missions/MissionScoreInfo.cfg' does not exist
[LOG 15:05:08.084] [ApplicationLauncher] Awake False
[LOG 15:05:08.085] [ApplicationLauncher] SpawnSimpleLayout: VerticalTopDown
[LOG 15:05:08.099] [UiApp] Awake: 
[LOG 15:05:08.100] [ApplicationLauncher] OnSceneLoadedGUIReady: scene MAINMENU ShouldBeVisible() True ShouldBeOnTop() True iIsPositionedAtTop True
[LOG 15:05:08.120] [UIApp] Adding  to Application Launcher
[LOG 15:05:08.124] [ApplicationLauncher] SetHidden: 
[LOG 15:05:08.129] [MessageSystem] OnAppInitialized
[LOG 15:05:08.130] [MessageSystem] Reposition 0.0401583 28922
[LOG 15:08:04.036] [KSPUpgradePipeline]: claude (1.12.5) is up to date.
[LOG 15:08:04.046] [ExperienceSystem]: Found 0 trait types
[LOG 15:08:04.053] [ExperienceSystem]: Found 20 effect types
[LOG 15:08:04.084] [ScenarioTypes]: List Created 23 scenario types loaded from 7 loaded assemblies.
[LOG 15:08:04.102] Game State Saved to saves/claude/persistent
[LOG 15:08:04.114] [MessageSystem] Load Messages
[LOG 15:08:04.117] [UIMasterController]: HideUI
[LOG 15:08:04.118] [HighLogic]: =========================== Scene Change : From MAINMENU to SPACECENTER =====================
[LOG 15:08:04.477] [AddonLoader]: Instantiating addon 'CustomConfigsManager' from assembly 'ModuleManager'
[LOG 15:08:07.425] [UIMasterController]: ShowUI
[LOG 15:08:07.717] [SceneLoadSpeedBoost] Save loaded from disk in 1ms
[LOG 15:08:07.728] GetSubclassesOfParentClass: Found 7 types with AlarmTypeBase parent in 7 assemblies.
[LOG 15:08:07.737] Loading Depletion Nodes
[LOG 15:08:07.737] DepNodeCount:  0
[LOG 15:08:07.737] Loading Biome Nodes
[LOG 15:08:07.737] BiomeNodeCount:  0
[LOG 15:08:07.737] Loading Planet Nodes
[LOG 15:08:07.737] PlanetNodeCount:  0
[LOG 15:08:07.753] [ScenarioDestructibles]: Loading... 0 objects registered
[LOG 15:08:07.834] [AsteroidSpawner]: New object found near Kerbin: Ast. OTZ-117!
[LOG 15:08:07.876] [UiApp] Awake: KSPedia
[LOG 15:08:07.876] [UiApp] Awake: Missions App
[LOG 15:08:07.876] [UiApp] Awake: AlarmClock
[LOG 15:08:07.877] [GenericAppFrame] Reposition 0 91792
[LOG 15:08:07.877] [ApplicationLauncher] OnSceneLoadedGUIReady: scene SPACECENTER ShouldBeVisible() True ShouldBeOnTop() False iIsPositionedAtTop True
[LOG 15:08:07.877] [ApplicationLauncher] SpawnSimpleLayout: HorizontalRightLeft
[LOG 15:08:07.880] [ApplicationLauncher] SetVisible: 
[LOG 15:08:07.926] [UIApp] OnDestroy: Contracts
[LOG 15:08:07.933] [MessageSystem] Reposition 0.02 91793
[LOG 15:08:07.933] [GenericAppFrame] Reposition 0.02 91793
[LOG 15:08:07.933] [GenericAppFrame] Reposition 0.02 91793
[LOG 15:08:08.068] [UIApp] Adding AlarmClock to Application Launcher
[LOG 15:08:08.069] [UIApp] Adding Missions App to Application Launcher
[LOG 15:08:08.098] [GenericAppFrame] Reposition 0.1003352 91799
[LOG 15:08:08.102] [MissionsApp] OnAppStarted(): id: -383384
[LOG 15:08:08.102] MissionsApp does not execute in this game mode, destroying this instance
[LOG 15:08:08.102] [UIApp] OnDestroy: Missions App
[LOG 15:08:08.113] [UIApp] Adding KSPedia to Application Launcher
[LOG 15:08:08.483] Game Paused!
[LOG 15:08:08.484] [UIMasterController]: ShowUI
[LOG 15:08:11.206] [KSPUpgradePipeline]: claude (1.12.5) is up to date.
[LOG 15:08:11.215] [ScenarioTypes]: List Created 23 scenario types loaded from 7 loaded assemblies.
[LOG 15:08:11.216] [MessageSystem] Load Messages
[LOG 15:08:11.219] [UIMasterController]: HideUI
[LOG 15:08:11.228] [HighLogic]: =========================== Scene Change : From SPACECENTER to FLIGHT =====================
[LOG 15:08:11.231] Game Unpaused!
[LOG 15:08:11.520] [UIApp] OnDestroy: KSPedia
[LOG 15:08:11.521] [UIApp] OnDestroy: AlarmClock
[LOG 15:08:11.526] [KSPCF:MemoryLeaks] Removed a onPlanetariumTargetChange callback owned by a destroyed Assembly-CSharp:CommNetVessel instance
[LOG 15:08:11.535] [KSPCF:MemoryLeaks] Leaving scene "SpaceCenter", cleaned 5 memory leaks in 0.013s. GameEvents callbacks : 471. Allocated memory : 650.578 MiB (managed heap), 2.19 GiB (unmanaged)
[LOG 15:08:11.546] UICanvasPrefabSpawner FlightUI spawning Flight
[LOG 15:08:11.578] UICanvasPrefabSpawner FlightUI spawning VesselLabels
[LOG 15:08:11.579] [UiApp] Awake: ResourceDisplay
[LOG 15:08:11.662] [AddonLoader]: Instantiating addon 'AeroGUI' from assembly 'KSP'
[LOG 15:08:11.676] [PlanetariumCamera]: Focus: Kerbin
[LOG 15:08:11.677] [UIMasterController]: HideUI
[LOG 15:08:11.971] [UIMasterController]: HideUI
[LOG 15:08:11.972] ------------------- initializing flight mode... ------------------
[LOG 15:08:11.973] GetSubclassesOfParentClass: Using cached results for AlarmTypeBase
[LOG 15:08:11.973] Loading Depletion Nodes
[LOG 15:08:11.973] DepNodeCount:  0
[LOG 15:08:11.974] Loading Biome Nodes
[LOG 15:08:11.974] BiomeNodeCount:  0
[LOG 15:08:11.974] Loading Planet Nodes
[LOG 15:08:11.974] PlanetNodeCount:  0
[LOG 15:08:11.976] [ScenarioDestructibles]: Loading... 0 objects registered
[LOG 15:08:12.001] Target vessel index: 1  vessel count: 3
[LOG 15:08:12.002] [FLIGHT GLOBALS]: Switching To Vessel Vaisseau sans nom ---------------------- 
[LOG 15:08:12.003] setting new dominant body: Mun
FlightGlobals.mainBody: Mun
[LOG 15:08:12.005] Reference Frame: Rotating
[WRN 15:08:12.016] [Part]: Cannot have ModuleCargoPart and ModuleInventoryPart on same Part [Vaisseau sans nom (unloaded)'. Removed ModuleCargoPart
[LOG 15:08:12.038] Camera Mode: AUTO
[LOG 15:08:15.437] all systems started
[LOG 15:08:15.437] [UIMasterController]: ShowUI
[LOG 15:08:15.559] [AsteroidSpawner]: No new objects this time. (Odds are 1:2)
[LOG 15:08:15.679] [UiApp] Awake: CurrencyWidgetsApp
[LOG 15:08:15.679] [UiApp] Awake: ResourceDisplay
[LOG 15:08:15.679] [UiApp] Awake: KSPedia
[LOG 15:08:15.679] [UiApp] Awake: Missions App
[LOG 15:08:15.679] [UiApp] Awake: DeltaVApp
[LOG 15:08:15.679] [UiApp] Awake: ActionGroupsApp
[LOG 15:08:15.680] [UiApp] Awake: Construction
[LOG 15:08:15.680] [UiApp] Awake: Cargo
[LOG 15:08:15.680] [UiApp] Awake: AlarmClock
[LOG 15:08:15.680] [UiApp] Awake: ManeuverTool
[LOG 15:08:15.680] [ApplicationLauncher] OnSceneLoadedGUIReady: scene FLIGHT ShouldBeVisible() True ShouldBeOnTop() True iIsPositionedAtTop False
[LOG 15:08:15.680] [ApplicationLauncher] SpawnSimpleLayout: VerticalTopDown
[LOG 15:08:15.683] [KnowledgeBase] OnAppLauncherReady 92348
[LOG 15:08:15.699] [UIApp] OnDestroy: Contracts
[LOG 15:08:15.778] [FlightIntegrator]: Reloaded drag cube for zeroed cube root part mk1pod.v2 (Vaisseau sans nom) on vessel Vaisseau sans nom
[LOG 15:08:15.792] [MessageSystem] Reposition 0.02 92349
[LOG 15:08:15.792] [GenericAppFrame] Reposition 0.02 92349
[LOG 15:08:15.792] [GenericAppFrame] Reposition 0.02 92349
[LOG 15:08:15.885] [PlanetariumCamera]: Focus: Vaisseau sans nom
[LOG 15:08:15.908] [UIApp] Adding ResourceDisplay to Application Launcher
[LOG 15:08:15.909] [UIApp] Adding ResourceDisplay to Application Launcher
[LOG 15:08:15.920] [ResourceDisplay] OnAppStarted(): id: -417964
[LOG 15:08:15.920] [GenericAppFrame] Reposition 0.1340731 92353
[LOG 15:08:15.921] [ResourceDisplay] OnAppStarted(): id: 264296
[LOG 15:08:15.921] ResourceDisplay already exist, destroying this instance
[LOG 15:08:15.921] [UIApp] OnDestroy: ResourceDisplay
[LOG 15:08:15.936] [UIApp] Adding AlarmClock to Application Launcher
[LOG 15:08:15.937] [UIApp] Adding ActionGroupsApp to Application Launcher
[LOG 15:08:15.938] [UIApp] Adding Missions App to Application Launcher
[LOG 15:08:15.939] CURRENCY WIDGET False False False
[LOG 15:08:15.941] [UIApp] OnDestroy: CurrencyWidgetsApp
[LOG 15:08:15.960] [GenericAppFrame] Reposition 0.1642051 92355
[LOG 15:08:15.963] [ActionGroupsApp] OnAppStarted(): id: -417988
[LOG 15:08:15.964] [GenericAppFrame] Reposition 0.1642051 92355
[LOG 15:08:15.964] [UIApp] Adding DeltaVApp to Application Launcher
[LOG 15:08:15.966] [MissionsApp] OnAppStarted(): id: -417976
[LOG 15:08:15.966] MissionsApp does not execute in this game mode, destroying this instance
[LOG 15:08:15.966] [UIApp] OnDestroy: Missions App
[LOG 15:08:15.978] [GenericAppFrame] Reposition 0.1898509 92356
[LOG 15:08:15.987] [UIApp] Adding Cargo to Application Launcher
[LOG 15:08:15.988] [UIApp] Adding Construction to Application Launcher
[LOG 15:08:15.990] [UIApp] Adding KSPedia to Application Launcher
[WRN 15:08:15.997] HighlightingSystem : Framebuffer depth data is not available and can't be used to occlude highlighting. Highlighting occluders enabled.
[LOG 15:08:16.010] [UIApp] Adding ManeuverTool to Application Launcher
[LOG 15:08:16.012] [ApplicationLauncher] SetHidden: 
[LOG 15:08:16.052] [GenericAppFrame] Reposition 0.2611227 92359
[LOG 15:08:16.061] [ManeuverTool]: Found 1 transfer types
[LOG 15:08:16.128] Flight State Captured
[LOG 15:08:16.132] Saving Achievements Tree...
[LOG 15:08:16.132] Saving Achievements Tree...
[LOG 15:08:16.132] Saving Achievements Tree...
[LOG 15:08:16.136] [MessageSystem] Save Messages
[LOG 15:08:16.147] Game State Saved as persistent
[LOG 15:08:16.322] Unpacking Vaisseau sans nom
[LOG 15:08:16.332] [UIMasterController]: ShowUI
[LOG 15:08:30.860] [Comet Manager]:Generated Comet Type:short
[LOG 15:08:30.865] [CometSpawner]: New object found near Kerbin
[LOG 15:08:30.944] [CometManager]: Generated Dust Tail Color: #0 = RGBA(0.991, 0.943, 0.743, 0.031)
[LOG 15:08:30.945] [CometManager]: Generated Ion Tail Color: #0 = RGBA(0.043, 0.291, 0.867, 0.451)
[LOG 15:08:43.803] [PQSBench] BENCH reset
[LOG 15:08:45.891] [AsteroidSpawner]: New object found near Kerbin: Ast. RQN-259!
[LOG 15:09:00.913] [AsteroidSpawner]: No new objects this time. (Odds are 1:2)
[LOG 15:09:15.942] [AsteroidSpawner]: New object found near Kerbin: Ast. FQM-919!
[LOG 15:09:53.944] [PQSBench] BENCH begin;vertexPlacementPatchedBy=none;quadBuildPatchedBy=com.github.lhervier.ksp.pqsbench
[LOG 15:09:53.945] [PQSBench] BENCH machine;cpu=Intel(R) Core(TM) i7-4790K CPU @ 4.00GHz;logicalCores=8;memoryMb=32687;gpu=NVIDIA GeForce GTX 1060 6GB;os=Windows 10  (10.0.0) 64bit
[LOG 15:09:53.945] [PQSBench] BENCH run;save=claude (SANDBOX);vessel=Vaisseau sans nom;body=Mun;terrainPreset=High;terrainPresetIndex=2;verticesPerQuad=225;utStart=54.70;utEnd=124.70;utSpan=70.00;realSeconds=70.13;altitudeStart=5000.0;altitude=4999.9;speed=554.4;quads=1803;topLevelQuads=704
[LOG 15:09:53.946] [PQSBench] BENCH sphere;name=Mun;radius=200000;minLevel=2;maxLevel=9;highestLevelUnder=6250;subdivisionOffAbove=20000000;maxAnglePerSample=9.204E-005;speedCapAt60Fps=1104
[LOG 15:09:53.947] [PQSBench] BENCH colliders;name=Mun;maxLevelOffset=0;lowestLevelWithCollider=9
[LOG 15:09:53.947] [PQSBench] BENCH calibration;quads=22;roundsPerQuad=8;verticesPerFormula=39600;stockNsPerVertex=284.7;installedNsPerVertex=288.2;differenceNsPerVertex=3.4;harnessNsPerVertex=5.9;stockRawNsPerVertex=290.7;installedRawNsPerVertex=294.1
[LOG 15:09:53.948] [PQSBench] BENCH end
[LOG 15:09:56.931] Game Paused!
[LOG 15:09:56.933] [UIMasterController]: ShowUI
[LOG 15:09:58.085] Flight State Captured
[LOG 15:09:58.085] Saving Achievements Tree...
[LOG 15:09:58.085] Saving Achievements Tree...
[LOG 15:09:58.085] Saving Achievements Tree...
[LOG 15:09:58.085] [MessageSystem] Save Messages
[LOG 15:09:58.097] Game State Saved to saves/claude/persistent
[LOG 15:09:58.106] [UIMasterController]: HideUI
[LOG 15:09:58.116] [HighLogic]: =========================== Scene Change : From FLIGHT to MAINMENU =====================
[LOG 15:09:58.638] [UIApp] OnDestroy: DeltaVApp
[LOG 15:09:58.641] [UIApp] OnDestroy: KSPedia
[LOG 15:09:58.643] KbApp.OnDestroy Planet Parameters
[LOG 15:09:58.643] KbApp.OnDestroy Vessel Info
[LOG 15:09:58.643] KbApp.OnDestroy Planet Info
[LOG 15:09:58.644] [UIApp] OnDestroy: AlarmClock
[LOG 15:09:58.644] KbApp.OnDestroy Vessel Crew
[LOG 15:09:58.645] KbApp.OnDestroy Planet Resources
[LOG 15:09:58.645] [UIApp] OnDestroy: ResourceDisplay
[LOG 15:09:58.646] [UIApp] OnDestroy: ActionGroupsApp
[LOG 15:09:58.646] [UIApp] OnDestroy: Cargo
[LOG 15:09:58.647] [UIApp] OnDestroy: ManeuverTool
[LOG 15:09:58.647] KbApp.OnDestroy Unowned Info
[LOG 15:09:58.647] [UIApp] OnDestroy: Construction
[LOG 15:09:58.647] KbApp.OnDestroy NullName
[LOG 15:09:58.649] [KSPCF:MemoryLeaks] Removed a OnMapExited callback owned by a destroyed Assembly-CSharp:NavBallToggle instance
[LOG 15:09:58.649] [KSPCF:MemoryLeaks] Removed a OnGameSettingsApplied callback owned by a destroyed Assembly-CSharp:VesselAutopilotUI instance
[LOG 15:09:58.649] [KSPCF:MemoryLeaks] Removed a onPartActionUICreate callback owned by a destroyed Assembly-CSharp:ModuleInventoryPart instance
[LOG 15:09:58.650] [KSPCF:MemoryLeaks] Removed a onModuleInventoryChanged callback owned by a destroyed Assembly-CSharp:ModuleInventoryPart instance
[LOG 15:09:58.650] [KSPCF:MemoryLeaks] Removed a OnDestructibleLoaded callback owned by a destroyed Assembly-CSharp:RunwayCollisionHandler instance
[LOG 15:09:58.651] [KSPCF:MemoryLeaks] Removed a OnClick callback owned by a destroyed Assembly-CSharp:EVAConstructionModeEditor instance
[LOG 15:09:58.651] [KSPCF:MemoryLeaks] Removed a TimingManager.Instance.timing5.onLateUpdate callback owned by a destroyed Assembly-CSharp:MapView instance
[LOG 15:09:58.651] [KSPCF:MemoryLeaks] Leaving scene "Flight", cleaned 23 memory leaks in 0.002s. GameEvents callbacks : 869. Allocated memory : 672.457 MiB (managed heap), 2.178 GiB (unmanaged)
[LOG 15:09:58.781] [UIMasterController]: ShowUI
[LOG 15:09:59.109] [ScenarioTypes]: List Created 23 scenario types loaded from 7 loaded assemblies.
[WRN 15:09:59.114] File 'D:/KSP-Dev/KSP_x64_Data/../Missions/MissionScoreInfo.cfg' does not exist
[LOG 15:09:59.114] [ApplicationLauncher] OnSceneLoadedGUIReady: scene MAINMENU ShouldBeVisible() True ShouldBeOnTop() True iIsPositionedAtTop True
[LOG 15:09:59.114] [ApplicationLauncher] SetHidden: 
[LOG 15:09:59.118] [MessageSystem] Reposition 0.02 103835
[LOG 15:09:59.118] [GenericAppFrame] Reposition 0.02 103835
[LOG 15:09:59.118] [GenericAppFrame] Reposition 0.02 103835
