[LOG 15:07:55.778] ******* Log Initiated for Kerbal Space Program - 1.12.5.3190 (WindowsPlayer x64) fr-fr *******
Kerbal Space Program - 1.12.5.3190 (WindowsPlayer x64) fr-fr


OS: Windows 10  (10.0.0) 64bit
CPU: Intel(R) Core(TM) Ultra 7 155H (22)
RAM: 32265
GPU: Intel(R) Arc(TM) Pro Graphics (18391MB)
SM: 50 (Direct3D 11.0 [level 11.1])
RT Formats: ARGB32, Depth, ARGBHalf, Shadowmap, RGB565, ARGB4444, ARGB1555, Default, ARGB2101010, DefaultHDR, ARGB64, ARGBFloat, RGFloat, RGHalf, RFloat, RHalf, R8, ARGBInt, RGInt, RInt, BGRA32, RGB111110Float, RG32, RGBAUShort, RG16, BGRA10101010_XR, BGR101010_XR, R16


Log started: Tue, Sep 15, 2026 15:07:55


[LOG 15:07:55.795] ActionCanvas MASK: 3458764513820540928
[LOG 15:07:55.795] AppCanvas MASK: 3458764513820540928
[LOG 15:07:55.797] MainCanvas MASK: 3458764513820540928
[LOG 15:07:56.931] Load(Assembly): /ModuleManager.4.2.3
[LOG 15:07:56.931] AssemblyLoader: Loading assembly at C:\Users\lhervier\Perso\ksp-dev\GameData\ModuleManager.4.2.3.dll
[LOG 15:07:56.948] AssemblyLoader: KSPAssembly 'ModuleManager' V2.5.0
[LOG 15:07:56.948] Load(Assembly): 000_Harmony/0Harmony
[LOG 15:07:56.948] AssemblyLoader: Loading assembly at C:\Users\lhervier\Perso\ksp-dev\GameData\000_Harmony\0Harmony.dll
[LOG 15:07:56.953] Load(Assembly): 000_Harmony/HarmonyInstallChecker
[LOG 15:07:56.953] AssemblyLoader: Loading assembly at C:\Users\lhervier\Perso\ksp-dev\GameData\000_Harmony\HarmonyInstallChecker.dll
[LOG 15:07:56.954] AssemblyLoader: KSPAssembly 'HarmonyKSP' V1.0.0
[LOG 15:07:56.954] Load(Assembly): KSPCommunityFixes/Plugins/0_MultipleModuleInPartAPI
[LOG 15:07:56.954] AssemblyLoader: Loading assembly at C:\Users\lhervier\Perso\ksp-dev\GameData\KSPCommunityFixes\Plugins\0_MultipleModuleInPartAPI.dll
[LOG 15:07:56.955] AssemblyLoader: KSPAssembly 'MultipleModulePartAPI' V1.0.0
[LOG 15:07:56.955] Load(Assembly): KSPCommunityFixes/Plugins/KSPCommunityFixes
[LOG 15:07:56.955] AssemblyLoader: Loading assembly at C:\Users\lhervier\Perso\ksp-dev\GameData\KSPCommunityFixes\Plugins\KSPCommunityFixes.dll
[LOG 15:07:56.962] AssemblyLoader: KSPAssembly 'KSPCommunityFixes' V1.41.1
[LOG 15:07:56.963] AssemblyLoader: KSPAssemblyDependency 'HarmonyKSP' V1.0.0
[LOG 15:07:56.963] AssemblyLoader: KSPAssemblyDependency 'ModuleManager' V1.0.0
[LOG 15:07:56.963] AssemblyLoader: KSPAssemblyDependency 'MultipleModulePartAPI' V1.0.0
[LOG 15:07:56.963] Load(Assembly): PQSBenchMod/PQSBenchMod
[LOG 15:07:56.963] AssemblyLoader: Loading assembly at C:\Users\lhervier\Perso\ksp-dev\GameData\PQSBenchMod\PQSBenchMod.dll
[LOG 15:07:56.964] Load(Assembly): Squad/Plugins/KSPSteamCtrlr
[LOG 15:07:56.964] AssemblyLoader: Loading assembly at C:\Users\lhervier\Perso\ksp-dev\GameData\Squad\Plugins\KSPSteamCtrlr.dll
[LOG 15:07:56.965] AssemblyLoader: Loading assemblies
[LOG 15:07:57.033] VesselModules: Found VesselModule of type AxisGroupsModule with order 999
[LOG 15:07:57.064] VesselModules: Found VesselModule of type CometVessel with order 999
[LOG 15:07:57.066] VesselModules: Found VesselModule of type SuspensionLoadBalancer with order 999
[LOG 15:07:57.067] VesselModules: Found VesselModule of type FlightIntegrator with order 0
[LOG 15:07:57.069] VesselModules: Found VesselModule of type CommNetVessel with order 999
[LOG 15:07:57.073] VesselModules: Found 5 VesselModule types
[LOG 15:07:57.078] 
************************************************************************

Environment Info
Win32NT 7FFFFFFFFFFFFFFF  Args: KSP_x64.exe 

Mod DLLs found:
Stock assembly: Assembly-CSharp v0.0.0.0
ModuleManager v4.2.3.0
0Harmony v2.2.1.0
HarmonyInstallChecker v2.2.1.0
0_MultipleModuleInPartAPI v1.0.0.0 / v1.0.0+7969fdc50bf4e350193abe5ba2e89533b12ca02f
KSPCommunityFixes v1.41.0.0 / v1.41.1+7969fdc50bf4e350193abe5ba2e89533b12ca02f / v1.41.1.0
PQSBenchMod v0.1.0.0 / v0.1.0+11e9bc87d3f84ceb4839c4bfbb536a63cc7a513b
Stock assembly: KSPSteamCtrlr v0.0.1.35

Folders and files in GameData:
000_Harmony
KSPCommunityFixes
PQSBenchMod
Stock folder: Squad

Stock folder: SquadExpansion

ModuleManager.4.2.3.dll
ModuleManager.ConfigCache
ModuleManager.ConfigSHA
ModuleManager.Physics
ModuleManager.TechTree

************************************************************************

[LOG 15:07:57.089] [AddonLoader]: Instantiating addon 'ModuleManager' from assembly 'ModuleManager'
[LOG 15:07:57.097] [ModuleManager] Adding post patch to the loading screen 4
[LOG 15:07:57.100] [ModuleManager] Patching started on a new thread, all output will be directed to C:\Users\lhervier\Perso\ksp-dev\Logs\ModuleManager\ModuleManager.log
[LOG 15:07:57.102] [AddonLoader]: Instantiating addon 'HarmonyInstallChecker' from assembly 'HarmonyKSP'
[LOG 15:07:57.103] [AddonLoader]: Instantiating addon 'KSPCommunityFixes' from assembly 'KSPCommunityFixes'
[LOG 15:07:57.104] [AddonLoader]: Instantiating addon 'NoIVA' from assembly 'KSPCommunityFixes'
[LOG 15:07:57.104] [AddonLoader]: Instantiating addon 'ConfigNodePerf' from assembly 'KSPCommunityFixes'
[LOG 15:07:57.276] [AddonLoader]: Instantiating addon 'KSPCFFastLoader' from assembly 'KSPCommunityFixes'
[LOG 15:07:57.277] [KSPCF] Injecting FastLoader...
[LOG 15:07:57.300] [KSPCommunityFixes] Patch GameDatabasePerf applied.
[LOG 15:07:57.366] [AddonLoader]: Instantiating addon 'ReflectionTypeLoadExceptionHandler' from assembly 'KSPCommunityFixes'
[LOG 15:07:57.369] [AddonLoader]: Instantiating addon 'PQSBenchMod' from assembly 'PQSBenchMod'
[LOG 15:07:57.369] [AddonLoader]: Instantiating addon 'KSPSteamController' from assembly 'KSPSteamCtrlr'
[LOG 15:07:58.640] [KSPCF] Taking over stock loader. An exception will follow, this is intended.
[EXC 15:07:58.644] Exception: Terminating stock loader coroutine, this is intended and not an error
	KSPCommunityFixes.Performance.KSPCFFastLoader.GameDatabase_SetupMainLoaders_Prefix () (at <62bb7f5420994f409a34377c091e8538>:0)
	(wrapper dynamic-method) GameDatabase.GameDatabase.SetupMainLoaders_Patch1(GameDatabase)
	GameDatabase+<LoadObjects>d__90.MoveNext () (at <4b449f2841f84227adfaad3149c8fdba>:0)
	UnityEngine.SetupCoroutine.InvokeMoveNext (System.Collections.IEnumerator enumerator, System.IntPtr returnValueAddress) (at <12e76cd50cc64cf19e759e981cb725af>:0)
	UnityEngine.DebugLogHandler:LogException(Exception, Object)
	ModuleManager.UnityLogHandle.InterceptLogHandler:LogException(Exception, Object)
	UnityEngine.MonoBehaviour:StartCoroutine(IEnumerator)
	<CreateDatabase>d__71:MoveNext()
	UnityEngine.MonoBehaviour:StartCoroutine(IEnumerator)
	GameDatabase:StartLoad()
	<LoadSystems>d__11:MoveNext()
	UnityEngine.MonoBehaviour:StartCoroutine(IEnumerator)
	LoadingScreen:Start()
[LOG 15:07:58.712] [PQSBench] Measuring, benchMode Calibrate. Alt+F8 dumps what has been recorded, Alt+F7 throws it away.
[LOG 15:07:58.804] Preloading Asset Bundle Definitions
[LOG 15:07:59.063] Load Audio: Squad/Alarms/Sounds/Chirps
[LOG 15:07:59.079] Load Audio: Squad/Alarms/Sounds/Classic
[LOG 15:07:59.081] Load Audio: Squad/Alarms/Sounds/ClockTower
[LOG 15:07:59.081] Load Audio: Squad/Alarms/Sounds/ComputerGlass1
[LOG 15:07:59.082] Load Audio: Squad/Alarms/Sounds/ComputerGlass2
[LOG 15:07:59.083] Load Audio: Squad/Alarms/Sounds/ComputerShort
[LOG 15:07:59.083] Load Audio: Squad/Alarms/Sounds/ComputerTriad
[LOG 15:07:59.083] Load Audio: Squad/Alarms/Sounds/DoorBell
[LOG 15:07:59.083] Load Audio: Squad/Alarms/Sounds/Glass
[LOG 15:07:59.083] Load Audio: Squad/Alarms/Sounds/Klaxon
[LOG 15:07:59.089] Load Audio: Squad/Alarms/Sounds/Mobile
[LOG 15:07:59.089] Load Audio: Squad/Alarms/Sounds/Morning
[LOG 15:07:59.090] Load Audio: Squad/Alarms/Sounds/OldClock
[LOG 15:07:59.090] Load Audio: Squad/Alarms/Sounds/OldHorn
[LOG 15:07:59.090] Load Audio: Squad/Alarms/Sounds/Ripple
[LOG 15:07:59.090] Load Audio: Squad/Sounds/editorLoop01
[LOG 15:07:59.091] Load Audio: Squad/Sounds/elev_loop
[LOG 15:07:59.091] Load Audio: Squad/Sounds/elev_start
[LOG 15:07:59.091] Load Audio: Squad/Sounds/elev_stop
[LOG 15:07:59.091] Load Audio: Squad/Sounds/fireworks_explosion_2
[LOG 15:07:59.092] Load Audio: Squad/Sounds/fireworks_explosion_3
[LOG 15:07:59.092] Load Audio: Squad/Sounds/fireworks_explosion_4
[LOG 15:07:59.092] Load Audio: Squad/Sounds/fireworks_launch_boom
[LOG 15:07:59.092] Load Audio: Squad/Sounds/fireworks_only_crackle_crackle_1
[LOG 15:07:59.093] Load Audio: Squad/Sounds/fireworks_only_crackle_dragon_1
[LOG 15:07:59.266] Load Audio: Squad/Sounds/fireworks_only_crackle_palm_1
[LOG 15:07:59.266] Load Audio: Squad/Sounds/fireworks_whistle
[LOG 15:07:59.267] Load Audio: Squad/Sounds/ksp1_banana_V2_01
[LOG 15:07:59.267] Load Audio: Squad/Sounds/ksp1_banana_V2_04
[LOG 15:07:59.267] Load Audio: Squad/Sounds/ksp1_banana_V2_05
[LOG 15:07:59.267] Load Audio: Squad/Sounds/ksp1_golf_swing_normal
[LOG 15:07:59.267] Load Audio: Squad/Sounds/ksp1_ground_anchor_v2_1
[LOG 15:07:59.267] Load Audio: Squad/Sounds/ksp1_strunts_disconnect_v3_pitched2
[LOG 15:07:59.267] Load Audio: Squad/Sounds/repairKit_repair1
[LOG 15:07:59.267] Load Audio: Squad/Sounds/repairKit_repair2
[LOG 15:07:59.267] Load Audio: Squad/Sounds/sound_ambience_nature
[LOG 15:07:59.267] Load Audio: Squad/Sounds/sound_click_flick
[LOG 15:07:59.267] Load Audio: Squad/Sounds/sound_click_latch
[LOG 15:07:59.267] Load Audio: Squad/Sounds/sound_click_sharp
[LOG 15:07:59.269] Load Audio: Squad/Sounds/sound_click_tick
[LOG 15:07:59.269] Load Audio: Squad/Sounds/sound_click_tock
[LOG 15:07:59.269] Load Audio: Squad/Sounds/sound_decoupler_fire
[LOG 15:07:59.269] Load Audio: Squad/Sounds/sound_delete_bin
[LOG 15:07:59.269] Load Audio: Squad/Sounds/sound_explosion_debris1
[LOG 15:07:59.269] Load Audio: Squad/Sounds/sound_explosion_debris2
[LOG 15:07:59.269] Load Audio: Squad/Sounds/sound_explosion_large
[LOG 15:07:59.269] Load Audio: Squad/Sounds/sound_rocket_mini
[LOG 15:07:59.270] Load Audio: Squad/Sounds/sound_rocket_spurts
[LOG 15:07:59.270] Load Audio: Squad/Sounds/sound_servomotor
[LOG 15:07:59.270] Load Audio: Squad/Sounds/sound_tab_extend
[LOG 15:07:59.276] Load Audio: Squad/Sounds/sound_tab_retreat
[LOG 15:07:59.276] Load Audio: SquadExpansion/Serenity/Sounds/robo_arm_large_end
[LOG 15:07:59.277] Load Audio: SquadExpansion/Serenity/Sounds/robo_arm_large_motor_00
[LOG 15:07:59.277] Load Audio: SquadExpansion/Serenity/Sounds/robo_arm_large_scan
[LOG 15:07:59.277] Load Audio: SquadExpansion/Serenity/Sounds/robo_arm_large_start
[LOG 15:07:59.277] Load Audio: SquadExpansion/Serenity/Sounds/robo_arm_medium_end
[LOG 15:07:59.277] Load Audio: SquadExpansion/Serenity/Sounds/robo_arm_medium_motor_00
[LOG 15:07:59.277] Load Audio: SquadExpansion/Serenity/Sounds/robo_arm_medium_scan
[LOG 15:07:59.277] Load Audio: SquadExpansion/Serenity/Sounds/robo_arm_medium_start
[LOG 15:07:59.277] Load Audio: SquadExpansion/Serenity/Sounds/robo_arm_small_end
[LOG 15:07:59.278] Load Audio: SquadExpansion/Serenity/Sounds/robo_arm_small_motor_00
[LOG 15:07:59.278] Load Audio: SquadExpansion/Serenity/Sounds/robo_arm_small_scan
[LOG 15:07:59.278] Load Audio: SquadExpansion/Serenity/Sounds/robo_arm_small_start
[LOG 15:07:59.278] Load Audio: SquadExpansion/Serenity/Sounds/sfx_cryoVolcano_burst
[LOG 15:07:59.278] Load Audio: SquadExpansion/Serenity/Sounds/sfx_cryoVolcano_idle
[LOG 15:07:59.278] Load Audio: SquadExpansion/Serenity/Sounds/sfx_deployable_booster_antena_end
[LOG 15:07:59.278] Load Audio: SquadExpansion/Serenity/Sounds/sfx_deployable_booster_antena_start
[LOG 15:07:59.278] Load Audio: SquadExpansion/Serenity/Sounds/sfx_deployable_central_station_end
[LOG 15:07:59.278] Load Audio: SquadExpansion/Serenity/Sounds/sfx_deployable_central_station_loop
[LOG 15:07:59.279] Load Audio: SquadExpansion/Serenity/Sounds/sfx_deployable_central_station_start
[LOG 15:07:59.279] Load Audio: SquadExpansion/Serenity/Sounds/sfx_deployable_detector_end
[LOG 15:07:59.279] Load Audio: SquadExpansion/Serenity/Sounds/sfx_deployable_detector_start
[LOG 15:07:59.279] Load Audio: SquadExpansion/Serenity/Sounds/sfx_deployable_GoObEd_end
[LOG 15:07:59.279] Load Audio: SquadExpansion/Serenity/Sounds/sfx_deployable_GoObEd_loop
[LOG 15:07:59.279] Load Audio: SquadExpansion/Serenity/Sounds/sfx_deployable_GoObEd_start
[LOG 15:07:59.316] Load Audio: SquadExpansion/Serenity/Sounds/sfx_deployable_rtg_end
[LOG 15:07:59.317] Load Audio: SquadExpansion/Serenity/Sounds/sfx_deployable_rtg_start
[LOG 15:07:59.317] Load Audio: SquadExpansion/Serenity/Sounds/sfx_deployable_seismometer_end
[LOG 15:07:59.317] Load Audio: SquadExpansion/Serenity/Sounds/sfx_deployable_seismometer_start
[LOG 15:07:59.317] Load Audio: SquadExpansion/Serenity/Sounds/sfx_deployable_solar_panel_end
[LOG 15:07:59.317] Load Audio: SquadExpansion/Serenity/Sounds/sfx_deployable_solar_panel_start
[LOG 15:07:59.317] Load Audio: SquadExpansion/Serenity/Sounds/sfx_deployable_weather_station_end
[LOG 15:07:59.318] Load Audio: SquadExpansion/Serenity/Sounds/sfx_deployable_weather_station_loop
[LOG 15:07:59.318] Load Audio: SquadExpansion/Serenity/Sounds/sfx_deployable_weather_station_start
[LOG 15:07:59.318] Load Audio: SquadExpansion/Serenity/Sounds/sfx_geyser_burst
[LOG 15:07:59.318] Load Audio: SquadExpansion/Serenity/Sounds/sfx_geyser_idle
[LOG 15:07:59.336] Load DDS texture: KSPCommunityFixes/MMPatches/StockTweaks/Icons/Clamp-O-Tron
[LOG 15:07:59.339] Load TRUECOLOR texture: KSPCommunityFixes/MMPatches/StockTweaks/Icons/Clamp-O-Tron_scaled
[LOG 15:07:59.340] Load DDS texture: KSPCommunityFixes/MMPatches/StockTweaks/Icons/FreeFallParachutes
[LOG 15:07:59.340] Load TRUECOLOR texture: KSPCommunityFixes/MMPatches/StockTweaks/Icons/FreeFallParachutes_scaled
[LOG 15:07:59.340] Load DDS texture: KSPCommunityFixes/MMPatches/StockTweaks/Icons/LightYearTireCompany
[LOG 15:07:59.340] Load TRUECOLOR texture: KSPCommunityFixes/MMPatches/StockTweaks/Icons/LightYearTireCompany_scaled
[LOG 15:07:59.340] Load DDS texture: KSPCommunityFixes/MMPatches/StockTweaks/Icons/StratusCorporation
[LOG 15:07:59.341] Load TRUECOLOR texture: KSPCommunityFixes/MMPatches/StockTweaks/Icons/StratusCorporation_scaled
[LOG 15:07:59.341] Load DDS texture: Squad/Agencies/C7AerospaceDivision
[LOG 15:07:59.341] Load TRUECOLOR texture: Squad/Agencies/C7AerospaceDivision_scaled
[LOG 15:07:59.341] Load DDS texture: Squad/Agencies/DinkelsteinKermansConstructionEmporium
[LOG 15:07:59.341] Load TRUECOLOR texture: Squad/Agencies/DinkelsteinKermansConstructionEmporium_scaled
[LOG 15:07:59.341] Load DDS texture: Squad/Agencies/ExperimentalEngineering
[LOG 15:07:59.341] Load TRUECOLOR texture: Squad/Agencies/ExperimentalEngineering_scaled
[LOG 15:07:59.341] Load DDS texture: Squad/Agencies/FlooydResearchLab
[LOG 15:07:59.342] Load TRUECOLOR texture: Squad/Agencies/FlooydResearchLab_scaled
[LOG 15:07:59.342] Load DDS texture: Squad/Agencies/GoliathNationalProducts
[LOG 15:07:59.342] Load TRUECOLOR texture: Squad/Agencies/GoliathNationalProducts_scaled
[LOG 15:07:59.342] Load DDS texture: Squad/Agencies/IntegratedIntegrals
[LOG 15:07:59.342] Load TRUECOLOR texture: Squad/Agencies/IntegratedIntegrals_scaled
[LOG 15:07:59.342] Load DDS texture: Squad/Agencies/IonicSymphonicProtonicElectronics
[LOG 15:07:59.343] Load TRUECOLOR texture: Squad/Agencies/IonicSymphonicProtonicElectronics_scaled
[LOG 15:07:59.343] Load DDS texture: Squad/Agencies/JebsJunkyard
[LOG 15:07:59.343] Load TRUECOLOR texture: Squad/Agencies/JebsJunkyard_scaled
[LOG 15:07:59.344] Load DDS texture: Squad/Agencies/KerbalMotion
[LOG 15:07:59.344] Load TRUECOLOR texture: Squad/Agencies/KerbalMotion_scaled
[LOG 15:07:59.344] Load DDS texture: Squad/Agencies/KerbinWorldFirstRecordKeepingSociety
[LOG 15:07:59.345] Load TRUECOLOR texture: Squad/Agencies/KerbinWorldFirstRecordKeepingSociety_scaled
[LOG 15:07:59.345] Load DDS texture: Squad/Agencies/Kerbodyne
[LOG 15:07:59.345] Load TRUECOLOR texture: Squad/Agencies/Kerbodyne_scaled
[LOG 15:07:59.346] Load DDS texture: Squad/Agencies/Kerlington
[LOG 15:07:59.346] Load TRUECOLOR texture: Squad/Agencies/Kerlington_scaled
[LOG 15:07:59.346] Load DDS texture: Squad/Agencies/MaxoConstructionToys
[LOG 15:07:59.347] Load TRUECOLOR texture: Squad/Agencies/MaxoConstructionToys_scaled
[LOG 15:07:59.347] Load DDS texture: Squad/Agencies/MovingPartsExpertsGroup
[LOG 15:07:59.347] Load TRUECOLOR texture: Squad/Agencies/MovingPartsExpertsGroup_scaled
[LOG 15:07:59.347] Load DDS texture: Squad/Agencies/OMBDemolition
[LOG 15:07:59.347] Load TRUECOLOR texture: Squad/Agencies/OMBDemolition_scaled
[LOG 15:07:59.349] Load DDS texture: Squad/Agencies/PeriapsisCo
[LOG 15:07:59.349] Load TRUECOLOR texture: Squad/Agencies/PeriapsisCo_scaled
[LOG 15:07:59.349] Load DDS texture: Squad/Agencies/Probodobodyne
[LOG 15:07:59.350] Load TRUECOLOR texture: Squad/Agencies/Probodobodyne_scaled
[LOG 15:07:59.350] Load DDS texture: Squad/Agencies/R&D
[LOG 15:07:59.350] Load TRUECOLOR texture: Squad/Agencies/R&D_scaled
[LOG 15:07:59.351] Load DDS texture: Squad/Agencies/ReactionSystemsLtd
[LOG 15:07:59.351] Load TRUECOLOR texture: Squad/Agencies/ReactionSystemsLtd_scaled
[LOG 15:07:59.351] Load DDS texture: Squad/Agencies/Rockomax
[LOG 15:07:59.351] Load TRUECOLOR texture: Squad/Agencies/Rockomax_scaled
[LOG 15:07:59.352] Load DDS texture: Squad/Agencies/Rokea
[LOG 15:07:59.352] Load TRUECOLOR texture: Squad/Agencies/Rokea_scaled
[LOG 15:07:59.352] Load DDS texture: Squad/Agencies/SeansCannery
[LOG 15:07:59.353] Load TRUECOLOR texture: Squad/Agencies/SeansCannery_scaled
[LOG 15:07:59.353] Load DDS texture: Squad/Agencies/SteadlerEngineeringCorps
[LOG 15:07:59.353] Load TRUECOLOR texture: Squad/Agencies/SteadlerEngineeringCorps_scaled
[LOG 15:07:59.354] Load DDS texture: Squad/Agencies/StrutCo
[LOG 15:07:59.354] Load TRUECOLOR texture: Squad/Agencies/StrutCo_scaled
[LOG 15:07:59.354] Load DDS texture: Squad/Agencies/Vac-Co
[LOG 15:07:59.355] Load TRUECOLOR texture: Squad/Agencies/Vac-Co_scaled
[LOG 15:07:59.355] Load DDS texture: Squad/Agencies/WinterOwl
[LOG 15:07:59.355] Load TRUECOLOR texture: Squad/Agencies/WinterOwl_scaled
[LOG 15:07:59.356] Load DDS texture: Squad/Agencies/ZaltonicElectronics
[LOG 15:07:59.359] Load TRUECOLOR texture: Squad/Agencies/ZaltonicElectronics_scaled
[LOG 15:07:59.360] Load Cached PNG Texture: Squad/Alarms/Icons/ap
[LOG 15:07:59.360] Load Cached PNG Texture: Squad/Alarms/Icons/default
[LOG 15:07:59.360] Load Cached PNG Texture: Squad/Alarms/Icons/maneuver
[LOG 15:07:59.361] Load Cached PNG Texture: Squad/Alarms/Icons/pe
[LOG 15:07:59.361] Load Cached PNG Texture: Squad/Alarms/Icons/raw
[LOG 15:07:59.361] Load Cached PNG Texture: Squad/Alarms/Icons/soi
[LOG 15:07:59.361] Load Cached PNG Texture: Squad/Alarms/Icons/xfer
[LOG 15:07:59.361] Load DDS texture: Squad/Contracts/Icons/balloon
[LOG 15:07:59.361] Load DDS texture: Squad/Contracts/Icons/custom
[LOG 15:07:59.363] Load DDS texture: Squad/Contracts/Icons/default
[LOG 15:07:59.363] Load DDS texture: Squad/Contracts/Icons/dish
[LOG 15:07:59.363] Load DDS texture: Squad/Contracts/Icons/eva
[LOG 15:07:59.363] Load DDS texture: Squad/Contracts/Icons/gravity
[LOG 15:07:59.363] Load Cached PNG Texture: Squad/Contracts/Icons/ksc
[LOG 15:07:59.363] Load DDS texture: Squad/Contracts/Icons/launchsite
[LOG 15:07:59.363] Load DDS texture: Squad/Contracts/Icons/marker
[LOG 15:07:59.364] Load DDS texture: Squad/Contracts/Icons/pressure
[LOG 15:07:59.364] Load DDS texture: Squad/Contracts/Icons/report
[LOG 15:07:59.364] Load DDS texture: Squad/Contracts/Icons/runway
[LOG 15:07:59.364] Load DDS texture: Squad/Contracts/Icons/sample
[LOG 15:07:59.364] Load DDS texture: Squad/Contracts/Icons/seismic
[LOG 15:07:59.364] Load DDS texture: Squad/Contracts/Icons/thermometer
[LOG 15:07:59.364] Load DDS texture: Squad/Contracts/Icons/vessel
[LOG 15:07:59.374] Load Cached PNG Texture: Squad/Flags/09
[LOG 15:07:59.374] Load Cached PNG Texture: Squad/Flags/blorbs
[LOG 15:07:59.374] Load Cached PNG Texture: Squad/Flags/bullseye
[LOG 15:07:59.374] Load Cached PNG Texture: Squad/Flags/capsule
[LOG 15:07:59.374] Load Cached PNG Texture: Squad/Flags/circles
[LOG 15:07:59.374] Load Cached PNG Texture: Squad/Flags/default
[LOG 15:07:59.374] Load Cached PNG Texture: Squad/Flags/hexagon
[LOG 15:07:59.375] Load Cached PNG Texture: Squad/Flags/hexagonCircles
[LOG 15:07:59.375] Load Cached PNG Texture: Squad/Flags/kerbal1
[LOG 15:07:59.375] Load Cached PNG Texture: Squad/Flags/kerbal2
[LOG 15:07:59.375] Load Cached PNG Texture: Squad/Flags/kerbin
[LOG 15:07:59.375] Load Cached PNG Texture: Squad/Flags/kerbinmunflag
[LOG 15:07:59.375] Load Cached PNG Texture: Squad/Flags/line
[LOG 15:07:59.375] Load Cached PNG Texture: Squad/Flags/minimalistic
[LOG 15:07:59.379] Load Cached PNG Texture: Squad/Flags/orbit
[LOG 15:07:59.379] Load Cached PNG Texture: Squad/Flags/orbs
[LOG 15:07:59.379] Load Cached PNG Texture: Squad/Flags/retro
[LOG 15:07:59.379] Load Cached PNG Texture: Squad/Flags/rings
[LOG 15:07:59.380] Load Cached PNG Texture: Squad/Flags/rocketScience
[LOG 15:07:59.382] Load Cached PNG Texture: Squad/Flags/satellite
[LOG 15:07:59.382] Load Cached PNG Texture: Squad/Flags/Sentinel_Flag
[LOG 15:07:59.382] Load Cached PNG Texture: Squad/Flags/spheres
[LOG 15:07:59.382] Load Cached PNG Texture: Squad/Flags/squadLogo
[LOG 15:07:59.383] Load Cached PNG Texture: Squad/Flags/squadLogo2
[LOG 15:07:59.383] Load Cached PNG Texture: Squad/Flags/stripes
[LOG 15:07:59.383] Load Cached PNG Texture: Squad/Flags/trees
[LOG 15:07:59.383] Load Cached PNG Texture: Squad/Flags/trippy
[LOG 15:07:59.383] Load Cached PNG Texture: Squad/FlagsAgency/esa_dark_blue
[LOG 15:07:59.383] Load Cached PNG Texture: Squad/FlagsAgency/NASA
[LOG 15:07:59.383] Load Cached PNG Texture: Squad/FlagsAgency/uk_space_agency
[LOG 15:07:59.383] Load Cached PNG Texture: Squad/FlagsOrganization/B612_Foundation_flag
[LOG 15:07:59.384] Load Cached PNG Texture: Squad/FlagsOrganization/electron
[LOG 15:07:59.384] Load Cached PNG Texture: Squad/FlagsOrganization/ESA_Arianespace
[LOG 15:07:59.384] Load Cached PNG Texture: Squad/FlagsOrganization/rocketlab
[LOG 15:07:59.384] Load DDS texture: Squad/FX/DiamondBlue
[LOG 15:07:59.384] Load DDS texture: Squad/FX/FlameBlueOrange
[LOG 15:07:59.384] Load DDS texture: Squad/FX/FlamePurple
[LOG 15:07:59.384] Load DDS texture: Squad/FX/FlameRed
[LOG 15:07:59.384] Load DDS texture: Squad/FX/FlameRedOrange
[LOG 15:07:59.384] Load DDS texture: Squad/FX/Monoprop
[LOG 15:07:59.384] Load DDS texture: Squad/FX/plasma2
[LOG 15:07:59.384] Load DDS texture: Squad/FX/rocketplume2
[LOG 15:07:59.384] Load DDS texture: Squad/FX/shockDiamond2
[LOG 15:07:59.384] Load DDS texture: Squad/FX/smokepuff1
[LOG 15:07:59.384] Load DDS texture: Squad/Interiors/Administration/AdminBuilding_Lvl1
[LOG 15:07:59.388] Load DDS texture: Squad/Interiors/Administration/AdminBuilding_Lvl2
[LOG 15:07:59.392] Load DDS texture: Squad/Interiors/Administration/AdminBuilding_Lvl3
[LOG 15:07:59.396] Load DDS texture: Squad/MenuProps/MunOrBust
[LOG 15:07:59.397] Load Cached PNG Texture: Squad/Missions/Banners/Fail/default
[LOG 15:07:59.397] Load PNG texture: Squad/Missions/Banners/Menu/default
[WRN 15:07:59.401] Texture isn't eligible for DXT compression, width and height must be multiples of 4
[LOG 15:07:59.402] Load Cached PNG Texture: Squad/Missions/Banners/Success/default
[LOG 15:07:59.402] Load PNG texture: Squad/Missions/ESA-BepiColombo/Banners/Fail/ESA_MB_Fail_01
[WRN 15:07:59.405] Texture isn't eligible for DXT compression, width and height must be multiples of 4
[LOG 15:07:59.405] Load PNG texture: Squad/Missions/ESA-BepiColombo/Banners/Menu/ESA_MB_Select_01
[WRN 15:07:59.412] Texture isn't eligible for DXT compression, width and height must be multiples of 4
[LOG 15:07:59.412] Load PNG texture: Squad/Missions/ESA-BepiColombo/Banners/Success/ESA_MB_Success_01
[WRN 15:07:59.416] Texture isn't eligible for DXT compression, width and height must be multiples of 4
[LOG 15:07:59.416] Load PNG texture: Squad/Missions/ESA-BepiColombo-Short/Banners/Fail/ESA_MB_Fail_01
[WRN 15:07:59.419] Texture isn't eligible for DXT compression, width and height must be multiples of 4
[LOG 15:07:59.419] Load PNG texture: Squad/Missions/ESA-BepiColombo-Short/Banners/Menu/ESA_MB_Select_01
[WRN 15:07:59.423] Texture isn't eligible for DXT compression, width and height must be multiples of 4
[LOG 15:07:59.423] Load PNG texture: Squad/Missions/ESA-BepiColombo-Short/Banners/Success/ESA_MB_Success_01
[WRN 15:07:59.428] Texture isn't eligible for DXT compression, width and height must be multiples of 4
[LOG 15:07:59.428] Load PNG texture: Squad/Missions/ESA-Rosetta/Banners/Fail/ESA_MB_Fail_02
[WRN 15:07:59.432] Texture isn't eligible for DXT compression, width and height must be multiples of 4
[LOG 15:07:59.432] Load PNG texture: Squad/Missions/ESA-Rosetta/Banners/Menu/ESA_MB_Select_02
[WRN 15:07:59.435] Texture isn't eligible for DXT compression, width and height must be multiples of 4
[LOG 15:07:59.436] Load PNG texture: Squad/Missions/ESA-Rosetta/Banners/Success/ESA_MB_Success_02
[WRN 15:07:59.443] Texture isn't eligible for DXT compression, width and height must be multiples of 4
[LOG 15:07:59.443] Load Cached PNG Texture: Squad/PartList/SimpleIcons/ablator
[LOG 15:07:59.443] Load Cached PNG Texture: Squad/PartList/SimpleIcons/active_radiator
[LOG 15:07:59.443] Load Cached PNG Texture: Squad/PartList/SimpleIcons/asteroid_drill
[LOG 15:07:59.443] Load Cached PNG Texture: Squad/PartList/SimpleIcons/cargo_part
[LOG 15:07:59.443] Load Cached PNG Texture: Squad/PartList/SimpleIcons/comet_drill
[LOG 15:07:59.443] Load Cached PNG Texture: Squad/PartList/SimpleIcons/core_heat
[LOG 15:07:59.443] Load Cached PNG Texture: Squad/PartList/SimpleIcons/cs_main
[LOG 15:07:59.443] Load Cached PNG Texture: Squad/PartList/SimpleIcons/cs_mk2
[LOG 15:07:59.443] Load Cached PNG Texture: Squad/PartList/SimpleIcons/cs_mk3
[LOG 15:07:59.443] Load Cached PNG Texture: Squad/PartList/SimpleIcons/cs_size0
[LOG 15:07:59.443] Load Cached PNG Texture: Squad/PartList/SimpleIcons/cs_size1
[LOG 15:07:59.443] Load Cached PNG Texture: Squad/PartList/SimpleIcons/cs_size1p5
[LOG 15:07:59.443] Load Cached PNG Texture: Squad/PartList/SimpleIcons/cs_size2
[LOG 15:07:59.443] Load Cached PNG Texture: Squad/PartList/SimpleIcons/cs_size3
[LOG 15:07:59.443] Load Cached PNG Texture: Squad/PartList/SimpleIcons/cs_size4
[LOG 15:07:59.443] Load Cached PNG Texture: Squad/PartList/SimpleIcons/cs_surface
[LOG 15:07:59.443] Load Cached PNG Texture: Squad/PartList/SimpleIcons/custom_built_fairing
[LOG 15:07:59.443] Load Cached PNG Texture: Squad/PartList/SimpleIcons/deployable_antenna
[LOG 15:07:59.444] Load Cached PNG Texture: Squad/PartList/SimpleIcons/deployable_comms_part
[LOG 15:07:59.444] Load Cached PNG Texture: Squad/PartList/SimpleIcons/deployable_ground_part
[LOG 15:07:59.444] Load Cached PNG Texture: Squad/PartList/SimpleIcons/deployable_part
[LOG 15:07:59.444] Load Cached PNG Texture: Squad/PartList/SimpleIcons/deployable_radiator
[LOG 15:07:59.444] Load Cached PNG Texture: Squad/PartList/SimpleIcons/deployed_science_control_unit
[LOG 15:07:59.444] Load Cached PNG Texture: Squad/PartList/SimpleIcons/deployed_science_experiment
[LOG 15:07:59.444] Load Cached PNG Texture: Squad/PartList/SimpleIcons/deployed_science_part
[LOG 15:07:59.444] Load Cached PNG Texture: Squad/PartList/SimpleIcons/enviro_sensor
[LOG 15:07:59.444] Load Cached PNG Texture: Squad/PartList/SimpleIcons/experience_management
[LOG 15:07:59.444] Load Cached PNG Texture: Squad/PartList/SimpleIcons/fuels_monopropellant
[LOG 15:07:59.444] Load Cached PNG Texture: Squad/PartList/SimpleIcons/fuels_ore
[LOG 15:07:59.444] Load Cached PNG Texture: Squad/PartList/SimpleIcons/fuels_oxidizer
[LOG 15:07:59.444] Load Cached PNG Texture: Squad/PartList/SimpleIcons/fuels_solidfuel
[LOG 15:07:59.444] Load Cached PNG Texture: Squad/PartList/SimpleIcons/fuels_xenongas
[LOG 15:07:59.444] Load Cached PNG Texture: Squad/PartList/SimpleIcons/inventory_part
[LOG 15:07:59.444] Load Cached PNG Texture: Squad/PartList/SimpleIcons/kerbnet_access
[LOG 15:07:59.444] Load Cached PNG Texture: Squad/PartList/SimpleIcons/number1
[LOG 15:07:59.444] Load Cached PNG Texture: Squad/PartList/SimpleIcons/number2
[LOG 15:07:59.444] Load Cached PNG Texture: Squad/PartList/SimpleIcons/number3
[LOG 15:07:59.444] Load Cached PNG Texture: Squad/PartList/SimpleIcons/number4
[LOG 15:07:59.444] Load Cached PNG Texture: Squad/PartList/SimpleIcons/number5
[LOG 15:07:59.444] Load Cached PNG Texture: Squad/PartList/SimpleIcons/number6
[LOG 15:07:59.444] Load Cached PNG Texture: Squad/PartList/SimpleIcons/number7
[LOG 15:07:59.444] Load Cached PNG Texture: Squad/PartList/SimpleIcons/number8
[LOG 15:07:59.444] Load Cached PNG Texture: Squad/PartList/SimpleIcons/number9
[LOG 15:07:59.444] Load Cached PNG Texture: Squad/PartList/SimpleIcons/probe_control_unit
[LOG 15:07:59.445] Load Cached PNG Texture: Squad/PartList/SimpleIcons/R&D_node_icon_advaerodynamics
[LOG 15:07:59.445] Load Cached PNG Texture: Squad/PartList/SimpleIcons/R&D_node_icon_advancedmotors
[LOG 15:07:59.445] Load Cached PNG Texture: Squad/PartList/SimpleIcons/R&D_node_icon_advconstruction
[LOG 15:07:59.445] Load Cached PNG Texture: Squad/PartList/SimpleIcons/R&D_node_icon_advelectrics
[LOG 15:07:59.445] Load Cached PNG Texture: Squad/PartList/SimpleIcons/R&D_node_icon_advexploration
[LOG 15:07:59.445] Load Cached PNG Texture: Squad/PartList/SimpleIcons/R&D_node_icon_advflightcontrol
[LOG 15:07:59.445] Load Cached PNG Texture: Squad/PartList/SimpleIcons/R&D_node_icon_advlanding
[LOG 15:07:59.445] Load Cached PNG Texture: Squad/PartList/SimpleIcons/R&D_node_icon_advmetalworks
[LOG 15:07:59.445] Load Cached PNG Texture: Squad/PartList/SimpleIcons/R&D_node_icon_advrocketry
[LOG 15:07:59.445] Load Cached PNG Texture: Squad/PartList/SimpleIcons/R&D_node_icon_advsciencetech
[LOG 15:07:59.445] Load Cached PNG Texture: Squad/PartList/SimpleIcons/R&D_node_icon_advunmanned
[LOG 15:07:59.445] Load Cached PNG Texture: Squad/PartList/SimpleIcons/R&D_node_icon_aerodynamicsystems
[LOG 15:07:59.445] Load Cached PNG Texture: Squad/PartList/SimpleIcons/R&D_node_icon_aerospacetech
[LOG 15:07:59.445] Load Cached PNG Texture: Squad/PartList/SimpleIcons/R&D_node_icon_automation
[LOG 15:07:59.445] Load Cached PNG Texture: Squad/PartList/SimpleIcons/R&D_node_icon_basicprobes
[LOG 15:07:59.445] Load Cached PNG Texture: Squad/PartList/SimpleIcons/R&D_node_icon_basicrocketry
[LOG 15:07:59.445] Load Cached PNG Texture: Squad/PartList/SimpleIcons/R&D_node_icon_composites
[LOG 15:07:59.445] Load Cached PNG Texture: Squad/PartList/SimpleIcons/R&D_node_icon_electrics
[LOG 15:07:59.445] Load Cached PNG Texture: Squad/PartList/SimpleIcons/R&D_node_icon_electronics
[LOG 15:07:59.445] Load Cached PNG Texture: Squad/PartList/SimpleIcons/R&D_node_icon_evatech
[LOG 15:07:59.445] Load Cached PNG Texture: Squad/PartList/SimpleIcons/R&D_node_icon_experimentalaerodynamics
[LOG 15:07:59.445] Load Cached PNG Texture: Squad/PartList/SimpleIcons/R&D_node_icon_experimentalelectrics
[LOG 15:07:59.445] Load Cached PNG Texture: Squad/PartList/SimpleIcons/R&D_node_icon_experimentalmotors
[LOG 15:07:59.445] Load Cached PNG Texture: Squad/PartList/SimpleIcons/R&D_node_icon_experimentalrocketry
[LOG 15:07:59.445] Load Cached PNG Texture: Squad/PartList/SimpleIcons/R&D_node_icon_experimentalscience
[LOG 15:07:59.445] Load Cached PNG Texture: Squad/PartList/SimpleIcons/R&D_node_icon_fieldscience
[LOG 15:07:59.445] Load Cached PNG Texture: Squad/PartList/SimpleIcons/R&D_node_icon_flightcontrol
[LOG 15:07:59.445] Load Cached PNG Texture: Squad/PartList/SimpleIcons/R&D_node_icon_fuelsystems
[LOG 15:07:59.446] Load Cached PNG Texture: Squad/PartList/SimpleIcons/R&D_node_icon_generalconstruction
[LOG 15:07:59.446] Load Cached PNG Texture: Squad/PartList/SimpleIcons/R&D_node_icon_generalrocketry
[LOG 15:07:59.446] Load Cached PNG Texture: Squad/PartList/SimpleIcons/R&D_node_icon_generic
[LOG 15:07:59.446] Load Cached PNG Texture: Squad/PartList/SimpleIcons/R&D_node_icon_heavierrocketry
[LOG 15:07:59.446] Load Cached PNG Texture: Squad/PartList/SimpleIcons/R&D_node_icon_heavyaerodynamics
[LOG 15:07:59.446] Load Cached PNG Texture: Squad/PartList/SimpleIcons/R&D_node_icon_heavyrocketry
[LOG 15:07:59.446] Load Cached PNG Texture: Squad/PartList/SimpleIcons/R&D_node_icon_highaltitudeflight
[LOG 15:07:59.446] Load Cached PNG Texture: Squad/PartList/SimpleIcons/R&D_node_icon_highaltitudepropulsion
[LOG 15:07:59.446] Load Cached PNG Texture: Squad/PartList/SimpleIcons/R&D_node_icon_hypersonicflight
[LOG 15:07:59.446] Load Cached PNG Texture: Squad/PartList/SimpleIcons/R&D_node_icon_ionpropulsion
[LOG 15:07:59.446] Load Cached PNG Texture: Squad/PartList/SimpleIcons/R&D_node_icon_landing
[LOG 15:07:59.446] Load Cached PNG Texture: Squad/PartList/SimpleIcons/R&D_node_icon_largecontrol
[LOG 15:07:59.446] Load Cached PNG Texture: Squad/PartList/SimpleIcons/R&D_node_icon_largeelectrics
[LOG 15:07:59.446] Load Cached PNG Texture: Squad/PartList/SimpleIcons/R&D_node_icon_largeprobes
[LOG 15:07:59.446] Load Cached PNG Texture: Squad/PartList/SimpleIcons/R&D_node_icon_metamaterials
[LOG 15:07:59.446] Load Cached PNG Texture: Squad/PartList/SimpleIcons/R&D_node_icon_nanolathing
[LOG 15:07:59.446] Load Cached PNG Texture: Squad/PartList/SimpleIcons/R&D_node_icon_nuclearpropulsion
[LOG 15:07:59.446] Load Cached PNG Texture: Squad/PartList/SimpleIcons/R&D_node_icon_precisionengineering
[LOG 15:07:59.446] Load Cached PNG Texture: Squad/PartList/SimpleIcons/R&D_node_icon_robotics
[LOG 15:07:59.446] Load Cached PNG Texture: Squad/PartList/SimpleIcons/R&D_node_icon_sciencetech
[LOG 15:07:59.446] Load Cached PNG Texture: Squad/PartList/SimpleIcons/R&D_node_icon_specializedconstruction
[LOG 15:07:59.446] Load Cached PNG Texture: Squad/PartList/SimpleIcons/R&D_node_icon_specializedcontrol
[LOG 15:07:59.446] Load Cached PNG Texture: Squad/PartList/SimpleIcons/R&D_node_icon_specializedelectrics
[LOG 15:07:59.446] Load Cached PNG Texture: Squad/PartList/SimpleIcons/R&D_node_icon_stability
[LOG 15:07:59.446] Load Cached PNG Texture: Squad/PartList/SimpleIcons/R&D_node_icon_start
[LOG 15:07:59.446] Load Cached PNG Texture: Squad/PartList/SimpleIcons/R&D_node_icon_supersonicflight
[LOG 15:07:59.447] Load Cached PNG Texture: Squad/PartList/SimpleIcons/R&D_node_icon_survivability
[LOG 15:07:59.447] Load Cached PNG Texture: Squad/PartList/SimpleIcons/R&D_node_icon_unmannedtech
[LOG 15:07:59.447] Load Cached PNG Texture: Squad/PartList/SimpleIcons/R&D_node_icon_veryheavyrocketry
[LOG 15:07:59.447] Load Cached PNG Texture: Squad/PartList/SimpleIcons/rcsfx
[LOG 15:07:59.447] Load Cached PNG Texture: Squad/PartList/SimpleIcons/RDicon_aerospaceTech2
[LOG 15:07:59.447] Load Cached PNG Texture: Squad/PartList/SimpleIcons/RDicon_commandmodules
[LOG 15:07:59.447] Load Cached PNG Texture: Squad/PartList/SimpleIcons/RDicon_fuelSystems-advanced
[LOG 15:07:59.447] Load Cached PNG Texture: Squad/PartList/SimpleIcons/RDicon_fuelSystems-highPerformance
[LOG 15:07:59.447] Load Cached PNG Texture: Squad/PartList/SimpleIcons/RDicon_largeVolumeContainment
[LOG 15:07:59.447] Load Cached PNG Texture: Squad/PartList/SimpleIcons/RDicon_miniaturization
[LOG 15:07:59.447] Load Cached PNG Texture: Squad/PartList/SimpleIcons/RDicon_propulsion-precision
[LOG 15:07:59.447] Load Cached PNG Texture: Squad/PartList/SimpleIcons/RDicon_propulsionSystems
[LOG 15:07:59.447] Load Cached PNG Texture: Squad/PartList/SimpleIcons/RDicon_telescope
[LOG 15:07:59.447] Load Cached PNG Texture: Squad/PartList/SimpleIcons/robotic_controller
[LOG 15:07:59.447] Load Cached PNG Texture: Squad/PartList/SimpleIcons/robotic_rotation_servo
[LOG 15:07:59.447] Load Cached PNG Texture: Squad/PartList/SimpleIcons/robotic_servo_hinge
[LOG 15:07:59.447] Load Cached PNG Texture: Squad/PartList/SimpleIcons/robotic_servo_piston
[LOG 15:07:59.447] Load Cached PNG Texture: Squad/PartList/SimpleIcons/robotic_servo_rotor
[LOG 15:07:59.447] Load Cached PNG Texture: Squad/PartList/SimpleIcons/scanner_arm
[LOG 15:07:59.447] Load Cached PNG Texture: Squad/PartList/SimpleIcons/variant
[LOG 15:07:59.447] Load Cached PNG Texture: Squad/Parts/@thumbs/adapterSmallMiniShort_icon0
[LOG 15:07:59.447] Load Cached PNG Texture: Squad/Parts/@thumbs/adapterSmallMiniShort_icon1
[LOG 15:07:59.447] Load Cached PNG Texture: Squad/Parts/@thumbs/adapterSmallMiniTall_icon0
[LOG 15:07:59.447] Load Cached PNG Texture: Squad/Parts/@thumbs/adapterSmallMiniTall_icon1
[LOG 15:07:59.447] Load Cached PNG Texture: Squad/Parts/@thumbs/AdvancedCanard_icon
[LOG 15:07:59.447] Load Cached PNG Texture: Squad/Parts/@thumbs/advSasModule_icon
[LOG 15:07:59.448] Load Cached PNG Texture: Squad/Parts/@thumbs/airbrake1_icon
[LOG 15:07:59.448] Load Cached PNG Texture: Squad/Parts/@thumbs/airScoop_icon
[LOG 15:07:59.448] Load Cached PNG Texture: Squad/Parts/@thumbs/avionicsNoseCone_icon
[LOG 15:07:59.448] Load Cached PNG Texture: Squad/Parts/@thumbs/basicFin_icon
[LOG 15:07:59.448] Load Cached PNG Texture: Squad/Parts/@thumbs/batteryBankMini_icon
[LOG 15:07:59.448] Load Cached PNG Texture: Squad/Parts/@thumbs/batteryBank_icon
[LOG 15:07:59.448] Load Cached PNG Texture: Squad/Parts/@thumbs/batteryPack_icon
[LOG 15:07:59.448] Load Cached PNG Texture: Squad/Parts/@thumbs/cargoContainer_icon
[LOG 15:07:59.448] Load Cached PNG Texture: Squad/Parts/@thumbs/CircularIntake_icon
[LOG 15:07:59.448] Load Cached PNG Texture: Squad/Parts/@thumbs/commDish_icon
[LOG 15:07:59.448] Load Cached PNG Texture: Squad/Parts/@thumbs/Decoupler.0_icon0
[LOG 15:07:59.448] Load Cached PNG Texture: Squad/Parts/@thumbs/Decoupler.0_icon1
[LOG 15:07:59.448] Load Cached PNG Texture: Squad/Parts/@thumbs/Decoupler.1_icon0
[LOG 15:07:59.448] Load Cached PNG Texture: Squad/Parts/@thumbs/Decoupler.1_icon1
[LOG 15:07:59.448] Load Cached PNG Texture: Squad/Parts/@thumbs/dockingPort1_icon
[LOG 15:07:59.448] Load Cached PNG Texture: Squad/Parts/@thumbs/dockingPort2_icon
[LOG 15:07:59.448] Load Cached PNG Texture: Squad/Parts/@thumbs/dockingPort3_icon
[LOG 15:07:59.448] Load Cached PNG Texture: Squad/Parts/@thumbs/domeLight1_icon0
[LOG 15:07:59.448] Load Cached PNG Texture: Squad/Parts/@thumbs/domeLight1_icon1
[LOG 15:07:59.448] Load Cached PNG Texture: Squad/Parts/@thumbs/elevon2_icon
[LOG 15:07:59.449] Load Cached PNG Texture: Squad/Parts/@thumbs/elevon3_icon
[LOG 15:07:59.449] Load Cached PNG Texture: Squad/Parts/@thumbs/elevon5_icon
[LOG 15:07:59.449] Load Cached PNG Texture: Squad/Parts/@thumbs/evaChute_icon
[LOG 15:07:59.449] Load Cached PNG Texture: Squad/Parts/@thumbs/evaCylinder_icon
[LOG 15:07:59.449] Load Cached PNG Texture: Squad/Parts/@thumbs/evaJetpack_icon
[LOG 15:07:59.449] Load Cached PNG Texture: Squad/Parts/@thumbs/evaRepairKit_icon
[LOG 15:07:59.449] Load Cached PNG Texture: Squad/Parts/@thumbs/evaScienceKit_icon
[LOG 15:07:59.449] Load Cached PNG Texture: Squad/Parts/@thumbs/externalTankCapsule_icon0
[LOG 15:07:59.449] Load Cached PNG Texture: Squad/Parts/@thumbs/externalTankCapsule_icon1
[LOG 15:07:59.449] Load Cached PNG Texture: Squad/Parts/@thumbs/externalTankRound_icon0
[LOG 15:07:59.449] Load Cached PNG Texture: Squad/Parts/@thumbs/externalTankRound_icon1
[LOG 15:07:59.449] Load Cached PNG Texture: Squad/Parts/@thumbs/externalTankToroid_icon0
[LOG 15:07:59.449] Load Cached PNG Texture: Squad/Parts/@thumbs/externalTankToroid_icon1
[LOG 15:07:59.449] Load Cached PNG Texture: Squad/Parts/@thumbs/fireworksLauncherBig_icon
[LOG 15:07:59.449] Load Cached PNG Texture: Squad/Parts/@thumbs/fireworksLauncherSmall_icon
[LOG 15:07:59.449] Load Cached PNG Texture: Squad/Parts/@thumbs/foldingRadMed_icon
[LOG 15:07:59.449] Load Cached PNG Texture: Squad/Parts/@thumbs/foldingRadSmall_icon
[LOG 15:07:59.449] Load Cached PNG Texture: Squad/Parts/@thumbs/FuelCellArray_icon
[LOG 15:07:59.449] Load Cached PNG Texture: Squad/Parts/@thumbs/FuelCell_icon
[LOG 15:07:59.449] Load Cached PNG Texture: Squad/Parts/@thumbs/fuelTank.long_icon0
[LOG 15:07:59.449] Load Cached PNG Texture: Squad/Parts/@thumbs/fuelTankSmallFlat_icon0
[LOG 15:07:59.449] Load Cached PNG Texture: Squad/Parts/@thumbs/fuelTankSmallFlat_icon1
[LOG 15:07:59.449] Load Cached PNG Texture: Squad/Parts/@thumbs/fuelTankSmallFlat_icon2
[LOG 15:07:59.450] Load Cached PNG Texture: Squad/Parts/@thumbs/fuelTankSmallFlat_icon3
[LOG 15:07:59.450] Load Cached PNG Texture: Squad/Parts/@thumbs/fuelTankSmall_icon0
[LOG 15:07:59.450] Load Cached PNG Texture: Squad/Parts/@thumbs/fuelTankSmall_icon1
[LOG 15:07:59.450] Load Cached PNG Texture: Squad/Parts/@thumbs/fuelTankSmall_icon2
[LOG 15:07:59.451] Load Cached PNG Texture: Squad/Parts/@thumbs/fuelTankSmall_icon3
[LOG 15:07:59.451] Load Cached PNG Texture: Squad/Parts/@thumbs/GearFixed_icon
[LOG 15:07:59.451] Load Cached PNG Texture: Squad/Parts/@thumbs/GearFree_icon
[LOG 15:07:59.451] Load Cached PNG Texture: Squad/Parts/@thumbs/GearSmall_icon
[LOG 15:07:59.452] Load Cached PNG Texture: Squad/Parts/@thumbs/GooExperiment_icon
[LOG 15:07:59.452] Load Cached PNG Texture: Squad/Parts/@thumbs/groundAnchor_icon
[LOG 15:07:59.452] Load Cached PNG Texture: Squad/Parts/@thumbs/groundLight1_icon
[LOG 15:07:59.452] Load Cached PNG Texture: Squad/Parts/@thumbs/groundLight2_icon
[LOG 15:07:59.453] Load Cached PNG Texture: Squad/Parts/@thumbs/HeatShield0_icon
[LOG 15:07:59.453] Load Cached PNG Texture: Squad/Parts/@thumbs/HeatShield1_icon
[LOG 15:07:59.453] Load Cached PNG Texture: Squad/Parts/@thumbs/HECS2.ProbeCore_icon
[LOG 15:07:59.454] Load Cached PNG Texture: Squad/Parts/@thumbs/HighGainAntenna5.v2_icon
[LOG 15:07:59.454] Load Cached PNG Texture: Squad/Parts/@thumbs/HighGainAntenna5_icon
[LOG 15:07:59.455] Load Cached PNG Texture: Squad/Parts/@thumbs/HighGainAntenna_icon
[LOG 15:07:59.455] Load Cached PNG Texture: Squad/Parts/@thumbs/IntakeRadialLong_icon
[LOG 15:07:59.456] Load Cached PNG Texture: Squad/Parts/@thumbs/ionEngine_icon
[LOG 15:07:59.456] Load Cached PNG Texture: Squad/Parts/@thumbs/ksp.r.largeBatteryPack_icon
[LOG 15:07:59.457] Load Cached PNG Texture: Squad/Parts/@thumbs/ladder1_icon
[LOG 15:07:59.457] Load Cached PNG Texture: Squad/Parts/@thumbs/landingLeg1-2_icon
[LOG 15:07:59.457] Load Cached PNG Texture: Squad/Parts/@thumbs/landingLeg1_icon
[LOG 15:07:59.461] Load Cached PNG Texture: Squad/Parts/@thumbs/LgRadialSolarPanel_icon
[LOG 15:07:59.461] Load Cached PNG Texture: Squad/Parts/@thumbs/linearRcs_icon
[LOG 15:07:59.462] Load Cached PNG Texture: Squad/Parts/@thumbs/liquidEngine3.v2_icon0
[LOG 15:07:59.462] Load Cached PNG Texture: Squad/Parts/@thumbs/liquidEngine3.v2_icon1
[LOG 15:07:59.462] Load Cached PNG Texture: Squad/Parts/@thumbs/liquidEngine3.v2_icon2
[LOG 15:07:59.462] Load Cached PNG Texture: Squad/Parts/@thumbs/liquidEngineMini.v2_icon0
[LOG 15:07:59.463] Load Cached PNG Texture: Squad/Parts/@thumbs/liquidEngineMini.v2_icon1
[LOG 15:07:59.463] Load Cached PNG Texture: Squad/Parts/@thumbs/liquidEngineMini.v2_icon2
[LOG 15:07:59.463] Load Cached PNG Texture: Squad/Parts/@thumbs/longAntenna_icon
[LOG 15:07:59.463] Load Cached PNG Texture: Squad/Parts/@thumbs/Magnetometer_icon
[LOG 15:07:59.463] Load Cached PNG Texture: Squad/Parts/@thumbs/mediumDishAntenna_icon
[LOG 15:07:59.464] Load Cached PNG Texture: Squad/Parts/@thumbs/microEngine.v2_icon0
[LOG 15:07:59.464] Load Cached PNG Texture: Squad/Parts/@thumbs/microEngine.v2_icon1
[LOG 15:07:59.464] Load Cached PNG Texture: Squad/Parts/@thumbs/MiniDrill_icon
[LOG 15:07:59.464] Load Cached PNG Texture: Squad/Parts/@thumbs/miniFuelTank_icon
[LOG 15:07:59.465] Load Cached PNG Texture: Squad/Parts/@thumbs/miniFuselage_icon
[LOG 15:07:59.465] Load Cached PNG Texture: Squad/Parts/@thumbs/miniIntake_icon
[LOG 15:07:59.465] Load Cached PNG Texture: Squad/Parts/@thumbs/miniJetEngine_icon
[LOG 15:07:59.465] Load Cached PNG Texture: Squad/Parts/@thumbs/miniLandingLeg_icon
[LOG 15:07:59.466] Load Cached PNG Texture: Squad/Parts/@thumbs/Mite_icon
[LOG 15:07:59.466] Load Cached PNG Texture: Squad/Parts/@thumbs/mk1pod.v2_icon0
[LOG 15:07:59.466] Load Cached PNG Texture: Squad/Parts/@thumbs/mk2DroneCore_icon
[LOG 15:07:59.466] Load Cached PNG Texture: Squad/Parts/@thumbs/mk2LanderCabin.v2_icon0
[LOG 15:07:59.466] Load Cached PNG Texture: Squad/Parts/@thumbs/mk2LanderCabin.v2_icon1
[LOG 15:07:59.467] Load Cached PNG Texture: Squad/Parts/@thumbs/MpoProbe_icon
[LOG 15:07:59.467] Load Cached PNG Texture: Squad/Parts/@thumbs/navLight1_icon0
[LOG 15:07:59.467] Load Cached PNG Texture: Squad/Parts/@thumbs/navLight1_icon1
[LOG 15:07:59.467] Load Cached PNG Texture: Squad/Parts/@thumbs/noseCone_icon0
[LOG 15:07:59.467] Load Cached PNG Texture: Squad/Parts/@thumbs/noseCone_icon1
[LOG 15:07:59.468] Load Cached PNG Texture: Squad/Parts/@thumbs/noseCone_icon2
[LOG 15:07:59.468] Load Cached PNG Texture: Squad/Parts/@thumbs/omsEngine_icon
[LOG 15:07:59.468] Load Cached PNG Texture: Squad/Parts/@thumbs/OrbitalScanner_icon
[LOG 15:07:59.468] Load Cached PNG Texture: Squad/Parts/@thumbs/parachuteDrogue_icon
[LOG 15:07:59.469] Load Cached PNG Texture: Squad/Parts/@thumbs/parachuteLarge_icon
[LOG 15:07:59.469] Load Cached PNG Texture: Squad/Parts/@thumbs/parachuteRadial_icon
[LOG 15:07:59.469] Load Cached PNG Texture: Squad/Parts/@thumbs/parachuteSingle_icon
[LOG 15:07:59.469] Load Cached PNG Texture: Squad/Parts/@thumbs/probeCoreCube_icon
[LOG 15:07:59.469] Load Cached PNG Texture: Squad/Parts/@thumbs/probeCoreHex.v2_icon
[LOG 15:07:59.469] Load Cached PNG Texture: Squad/Parts/@thumbs/probeCoreOcto.v2_icon
[LOG 15:07:59.469] Load Cached PNG Texture: Squad/Parts/@thumbs/probeCoreOcto2.v2_icon
[LOG 15:07:59.470] Load Cached PNG Texture: Squad/Parts/@thumbs/probeCoreSphere.v2_icon
[LOG 15:07:59.470] Load Cached PNG Texture: Squad/Parts/@thumbs/probeStackSmall_icon
[LOG 15:07:59.470] Load Cached PNG Texture: Squad/Parts/@thumbs/R8winglet_icon
[LOG 15:07:59.470] Load Cached PNG Texture: Squad/Parts/@thumbs/radialDecoupler1-2_icon
[LOG 15:07:59.471] Load Cached PNG Texture: Squad/Parts/@thumbs/radialDecoupler2_icon
[LOG 15:07:59.471] Load Cached PNG Texture: Squad/Parts/@thumbs/radialDecoupler_icon
[LOG 15:07:59.471] Load Cached PNG Texture: Squad/Parts/@thumbs/radialDrogue_icon
[LOG 15:07:59.471] Load Cached PNG Texture: Squad/Parts/@thumbs/radialEngineMini.v2_icon0
[LOG 15:07:59.472] Load Cached PNG Texture: Squad/Parts/@thumbs/radialEngineMini.v2_icon1
[LOG 15:07:59.472] Load Cached PNG Texture: Squad/Parts/@thumbs/radialLiquidEngine1-2_icon
[LOG 15:07:59.472] Load Cached PNG Texture: Squad/Parts/@thumbs/RadialOreTank_icon
[LOG 15:07:59.472] Load Cached PNG Texture: Squad/Parts/@thumbs/radialRCSTank_icon
[LOG 15:07:59.472] Load Cached PNG Texture: Squad/Parts/@thumbs/radPanelEdge_icon
[LOG 15:07:59.473] Load Cached PNG Texture: Squad/Parts/@thumbs/radPanelLg_icon
[LOG 15:07:59.473] Load Cached PNG Texture: Squad/Parts/@thumbs/radPanelSm_icon
[LOG 15:07:59.473] Load Cached PNG Texture: Squad/Parts/@thumbs/RCSblock.01.small_icon0
[LOG 15:07:59.473] Load Cached PNG Texture: Squad/Parts/@thumbs/RCSblock.01.small_icon1
[LOG 15:07:59.474] Load Cached PNG Texture: Squad/Parts/@thumbs/RCSblock.01.small_icon2
[LOG 15:07:59.474] Load Cached PNG Texture: Squad/Parts/@thumbs/RCSblock.01.small_icon3
[LOG 15:07:59.474] Load Cached PNG Texture: Squad/Parts/@thumbs/RCSblock.01.small_icon4
[LOG 15:07:59.474] Load Cached PNG Texture: Squad/Parts/@thumbs/RCSBlock.v2_icon
[LOG 15:07:59.474] Load Cached PNG Texture: Squad/Parts/@thumbs/RCSBlock.v2_icon0
[LOG 15:07:59.475] Load Cached PNG Texture: Squad/Parts/@thumbs/RCSBlock.v2_icon1
[LOG 15:07:59.475] Load Cached PNG Texture: Squad/Parts/@thumbs/RCSBlock.v2_icon2
[LOG 15:07:59.475] Load Cached PNG Texture: Squad/Parts/@thumbs/RCSBlock.v2_icon3
[LOG 15:07:59.475] Load Cached PNG Texture: Squad/Parts/@thumbs/RCSBlock.v2_icon4
[LOG 15:07:59.476] Load Cached PNG Texture: Squad/Parts/@thumbs/RCSFuelTank_icon
[LOG 15:07:59.479] Load Cached PNG Texture: Squad/Parts/@thumbs/RCSLinearSmall_icon
[LOG 15:07:59.479] Load Cached PNG Texture: Squad/Parts/@thumbs/rcsTankMini_icon
[LOG 15:07:59.480] Load Cached PNG Texture: Squad/Parts/@thumbs/RelayAntenna5_icon
[LOG 15:07:59.480] Load Cached PNG Texture: Squad/Parts/@thumbs/ReleaseValve_icon
[LOG 15:07:59.480] Load Cached PNG Texture: Squad/Parts/@thumbs/roverBody.v2_icon0
[LOG 15:07:59.480] Load Cached PNG Texture: Squad/Parts/@thumbs/roverBody.v2_icon1
[LOG 15:07:59.480] Load Cached PNG Texture: Squad/Parts/@thumbs/roverBody.v2_icon2
[LOG 15:07:59.480] Load Cached PNG Texture: Squad/Parts/@thumbs/roverWheel1_icon
[LOG 15:07:59.481] Load Cached PNG Texture: Squad/Parts/@thumbs/roverWheel2_icon
[LOG 15:07:59.481] Load Cached PNG Texture: Squad/Parts/@thumbs/rtg_icon
[LOG 15:07:59.481] Load Cached PNG Texture: Squad/Parts/@thumbs/sasModule_icon
[LOG 15:07:59.481] Load Cached PNG Texture: Squad/Parts/@thumbs/science.module_icon
[LOG 15:07:59.481] Load Cached PNG Texture: Squad/Parts/@thumbs/ScienceBox_icon
[LOG 15:07:59.481] Load Cached PNG Texture: Squad/Parts/@thumbs/seatExternalCmd_icon
[LOG 15:07:59.481] Load Cached PNG Texture: Squad/Parts/@thumbs/sensorAccelerometer_icon
[LOG 15:07:59.483] Load Cached PNG Texture: Squad/Parts/@thumbs/sensorAtmosphere_icon
[LOG 15:07:59.483] Load Cached PNG Texture: Squad/Parts/@thumbs/sensorBarometer_icon
[LOG 15:07:59.483] Load Cached PNG Texture: Squad/Parts/@thumbs/sensorGravimeter_icon
[LOG 15:07:59.483] Load Cached PNG Texture: Squad/Parts/@thumbs/sensorThermometer_icon
[LOG 15:07:59.484] Load Cached PNG Texture: Squad/Parts/@thumbs/Separator.0_icon0
[LOG 15:07:59.484] Load Cached PNG Texture: Squad/Parts/@thumbs/Separator.0_icon1
[LOG 15:07:59.484] Load Cached PNG Texture: Squad/Parts/@thumbs/Separator.1_icon0
[LOG 15:07:59.484] Load Cached PNG Texture: Squad/Parts/@thumbs/Separator.1_icon1
[LOG 15:07:59.485] Load Cached PNG Texture: Squad/Parts/@thumbs/sepMotor1_icon
[LOG 15:07:59.485] Load Cached PNG Texture: Squad/Parts/@thumbs/ServiceBay.125.v2_icon
[LOG 15:07:59.485] Load Cached PNG Texture: Squad/Parts/@thumbs/shockConeIntake_icon
[LOG 15:07:59.485] Load Cached PNG Texture: Squad/Parts/@thumbs/Shrimp_icon
[LOG 15:07:59.486] Load Cached PNG Texture: Squad/Parts/@thumbs/smallCargoContainer_icon
[LOG 15:07:59.486] Load Cached PNG Texture: Squad/Parts/@thumbs/smallClaw_icon0
[LOG 15:07:59.487] Load Cached PNG Texture: Squad/Parts/@thumbs/smallClaw_icon1
[LOG 15:07:59.487] Load Cached PNG Texture: Squad/Parts/@thumbs/smallCtrlSrf_icon
[LOG 15:07:59.488] Load Cached PNG Texture: Squad/Parts/@thumbs/SmallGearBay_icon
[LOG 15:07:59.488] Load Cached PNG Texture: Squad/Parts/@thumbs/smallHardpoint_icon
[LOG 15:07:59.489] Load Cached PNG Texture: Squad/Parts/@thumbs/smallRadialEngine.v2_icon0
[LOG 15:07:59.489] Load Cached PNG Texture: Squad/Parts/@thumbs/smallRadialEngine.v2_icon1
[LOG 15:07:59.489] Load Cached PNG Texture: Squad/Parts/@thumbs/solarPanelOX10C_icon
[LOG 15:07:59.489] Load Cached PNG Texture: Squad/Parts/@thumbs/solarPanelOX10L_icon
[LOG 15:07:59.491] Load Cached PNG Texture: Squad/Parts/@thumbs/solarPanels1_icon
[LOG 15:07:59.491] Load Cached PNG Texture: Squad/Parts/@thumbs/solarPanels2_icon
[LOG 15:07:59.492] Load Cached PNG Texture: Squad/Parts/@thumbs/solarPanels3_icon
[LOG 15:07:59.492] Load Cached PNG Texture: Squad/Parts/@thumbs/solarPanels4_icon
[LOG 15:07:59.493] Load Cached PNG Texture: Squad/Parts/@thumbs/solarPanels5_icon
[LOG 15:07:59.493] Load Cached PNG Texture: Squad/Parts/@thumbs/solarPanelSP10C_icon
[LOG 15:07:59.493] Load Cached PNG Texture: Squad/Parts/@thumbs/solarPanelSP10L_icon
[LOG 15:07:59.494] Load Cached PNG Texture: Squad/Parts/@thumbs/spotLight1_icon
[LOG 15:07:59.494] Load Cached PNG Texture: Squad/Parts/@thumbs/spotLight2_icon
[LOG 15:07:59.494] Load Cached PNG Texture: Squad/Parts/@thumbs/spotLight3_icon0
[LOG 15:07:59.495] Load Cached PNG Texture: Squad/Parts/@thumbs/spotLight3_icon1
[LOG 15:07:59.495] Load Cached PNG Texture: Squad/Parts/@thumbs/stackPoint1_icon
[LOG 15:07:59.495] Load Cached PNG Texture: Squad/Parts/@thumbs/StandardCtrlSrf_icon
[LOG 15:07:59.495] Load Cached PNG Texture: Squad/Parts/@thumbs/standardNoseCone_icon
[LOG 15:07:59.496] Load Cached PNG Texture: Squad/Parts/@thumbs/stripLight1_icon0
[LOG 15:07:59.496] Load Cached PNG Texture: Squad/Parts/@thumbs/stripLight1_icon1
[LOG 15:07:59.496] Load Cached PNG Texture: Squad/Parts/@thumbs/structuralIBeam1_icon
[LOG 15:07:59.497] Load Cached PNG Texture: Squad/Parts/@thumbs/structuralIBeam3_icon
[LOG 15:07:59.497] Load Cached PNG Texture: Squad/Parts/@thumbs/structuralMiniNode_icon
[LOG 15:07:59.497] Load Cached PNG Texture: Squad/Parts/@thumbs/structuralPanel1_icon
[LOG 15:07:59.497] Load Cached PNG Texture: Squad/Parts/@thumbs/structuralPanel2_icon
[LOG 15:07:59.498] Load Cached PNG Texture: Squad/Parts/@thumbs/structuralWing4_icon
[LOG 15:07:59.498] Load Cached PNG Texture: Squad/Parts/@thumbs/strutCube_icon
[LOG 15:07:59.498] Load Cached PNG Texture: Squad/Parts/@thumbs/strutOcto_icon
[LOG 15:07:59.498] Load Cached PNG Texture: Squad/Parts/@thumbs/SurfaceScanner_icon
[LOG 15:07:59.498] Load Cached PNG Texture: Squad/Parts/@thumbs/SurfAntenna_icon
[LOG 15:07:59.499] Load Cached PNG Texture: Squad/Parts/@thumbs/telescopicLadderBay_icon
[LOG 15:07:59.499] Load Cached PNG Texture: Squad/Parts/@thumbs/telescopicLadder_icon
[LOG 15:07:59.499] Load Cached PNG Texture: Squad/Parts/@thumbs/toroidalAerospike_icon
[LOG 15:07:59.499] Load Cached PNG Texture: Squad/Parts/@thumbs/trussAdapter_icon
[LOG 15:07:59.502] Load Cached PNG Texture: Squad/Parts/@thumbs/trussPiece1x_icon
[LOG 15:07:59.504] Load Cached PNG Texture: Squad/Parts/@thumbs/trussPiece3x_icon
[LOG 15:07:59.504] Load Cached PNG Texture: Squad/Parts/@thumbs/vernierEngine_icon
[LOG 15:07:59.504] Load Cached PNG Texture: Squad/Parts/@thumbs/wheelMed_icon
[LOG 15:07:59.504] Load Cached PNG Texture: Squad/Parts/@thumbs/wingConnector4_icon
[LOG 15:07:59.504] Load Cached PNG Texture: Squad/Parts/@thumbs/wingConnector5_icon
[LOG 15:07:59.504] Load Cached PNG Texture: Squad/Parts/@thumbs/winglet3_icon
[LOG 15:07:59.505] Load Cached PNG Texture: Squad/Parts/@thumbs/winglet_icon
[LOG 15:07:59.505] Load Cached PNG Texture: Squad/Parts/@thumbs/wingShuttleElevon1_icon
[LOG 15:07:59.505] Load Cached PNG Texture: Squad/Parts/@thumbs/xenonTankLarge_icon
[LOG 15:07:59.506] Load Cached PNG Texture: Squad/Parts/@thumbs/xenonTankRadial_icon
[LOG 15:07:59.506] Load Cached PNG Texture: Squad/Parts/@thumbs/xenonTank_icon
[LOG 15:07:59.506] Load DDS texture: Squad/Parts/Aero/aerodynamicNoseCone/Rockomax_Adapters_diffuse
[LOG 15:07:59.506] Load DDS texture: Squad/Parts/Aero/aerodynamicNoseCone/Rockomax_Adapters_normal
[LOG 15:07:59.507] Load DDS texture: Squad/Parts/Aero/airbrake/airbrake
[LOG 15:07:59.507] Load DDS texture: Squad/Parts/Aero/airIntakeRadialXM-G50/RadialIntake
[LOG 15:07:59.509] Load DDS texture: Squad/Parts/Aero/airlinerWings/AirlinerWings
[LOG 15:07:59.512] Load DDS texture: Squad/Parts/Aero/airplaneFins/AirplaneFins
[LOG 15:07:59.514] Load DDS texture: Squad/Parts/Aero/basicFin/BasicFin
[LOG 15:07:59.514] Load DDS texture: Squad/Parts/Aero/circularIntake/CircluarIntakes
[LOG 15:07:59.514] Load DDS texture: Squad/Parts/Aero/circularIntake/CircluarIntakes_Heat
[LOG 15:07:59.514] Load DDS texture: Squad/Parts/Aero/cones/Assets/Cones
[LOG 15:07:59.514] Load DDS texture: Squad/Parts/Aero/cones/Assets/ConesDiffuse
[LOG 15:07:59.517] Load DDS texture: Squad/Parts/Aero/cones/Assets/ConesDiffuse_Orange
[LOG 15:07:59.518] Load DDS texture: Squad/Parts/Aero/cones/Assets/ConesDiffuse_White
[LOG 15:07:59.519] Load DDS texture: Squad/Parts/Aero/cones/Assets/ConesHeat
[LOG 15:07:59.519] Load DDS texture: Squad/Parts/Aero/cones/Assets/ConesHeat_Orange
[LOG 15:07:59.520] Load DDS texture: Squad/Parts/Aero/cones/Assets/ConesHeat_White
[LOG 15:07:59.521] Load DDS texture: Squad/Parts/Aero/cones/Assets/Cones_Heat
[LOG 15:07:59.521] Load Cached PNG Texture: Squad/Parts/Aero/cones/Assets/rocketNoseCones_O
[LOG 15:07:59.524] Load Cached PNG Texture: Squad/Parts/Aero/cones/Assets/rocketNoseCones_O_Normal
[LOG 15:07:59.525] Load DDS texture: Squad/Parts/Aero/cones/Assets/rocketNoseCones_W
[LOG 15:07:59.532] Load DDS texture: Squad/Parts/Aero/cones/Assets/Rockomax_Adapters_diffuse
[LOG 15:07:59.532] Load DDS texture: Squad/Parts/Aero/cones/Assets/Rockomax_Adapters_normal
[LOG 15:07:59.533] Load DDS texture: Squad/Parts/Aero/fairings/AutoTruss
[LOG 15:07:59.533] Load DDS texture: Squad/Parts/Aero/fairings/FairingBase
[LOG 15:07:59.533] Load DDS texture: Squad/Parts/Aero/fairings/FairingBaseNormals
[LOG 15:07:59.533] Load DDS texture: Squad/Parts/Aero/fairings/FairingBaseNormals_bw
[LOG 15:07:59.533] Load DDS texture: Squad/Parts/Aero/fairings/FairingBaseNormals_goldSilver
[LOG 15:07:59.533] Load DDS texture: Squad/Parts/Aero/fairings/FairingBaseNormals_orange
[LOG 15:07:59.533] Load Cached PNG Texture: Squad/Parts/Aero/fairings/FairingBase_black
[LOG 15:07:59.534] Load DDS texture: Squad/Parts/Aero/fairings/FairingBase_bw
[LOG 15:07:59.534] Load DDS texture: Squad/Parts/Aero/fairings/FairingBase_goldDiffuse
[LOG 15:07:59.534] Load DDS texture: Squad/Parts/Aero/fairings/FairingBase_goldSpecular
[LOG 15:07:59.535] Load DDS texture: Squad/Parts/Aero/fairings/FairingBase_orange
[LOG 15:07:59.535] Load DDS texture: Squad/Parts/Aero/fairings/FairingBase_silverDiffuse
[LOG 15:07:59.535] Load DDS texture: Squad/Parts/Aero/fairings/FairingBase_silverSpecular
[LOG 15:07:59.535] Load DDS texture: Squad/Parts/Aero/fairings/fairingsCap
[LOG 15:07:59.535] Load DDS texture: Squad/Parts/Aero/fairings/FairingsMat_silverSpecular
[LOG 15:07:59.536] Load DDS texture: Squad/Parts/Aero/fairings/fairings_diff
[LOG 15:07:59.537] Load DDS texture: Squad/Parts/Aero/fairings/fairings_diff_grey
[LOG 15:07:59.538] Load DDS texture: Squad/Parts/Aero/fairings/fairings_diff_orange
[LOG 15:07:59.539] Load DDS texture: Squad/Parts/Aero/fairings/fairings_grey_normals
[LOG 15:07:59.539] Load DDS texture: Squad/Parts/Aero/fairings/fairings_normals
[LOG 15:07:59.540] Load DDS texture: Squad/Parts/Aero/fairings/fairings_normals_silver
[LOG 15:07:59.541] Load DDS texture: Squad/Parts/Aero/fairings/fairings_orange_normals
[LOG 15:07:59.541] Load DDS texture: Squad/Parts/Aero/fairings/fairings_silverDiffuse
[LOG 15:07:59.541] Load DDS texture: Squad/Parts/Aero/HeatShield/Fairing
[LOG 15:07:59.541] Load DDS texture: Squad/Parts/Aero/HeatShield/heatshield
[LOG 15:07:59.542] Load DDS texture: Squad/Parts/Aero/InflatableHeatShield/HeatShield
[LOG 15:07:59.542] Load DDS texture: Squad/Parts/Aero/InflatableHeatShield/HeatShieldFairing
[LOG 15:07:59.543] Load DDS texture: Squad/Parts/Aero/InflatableHeatShield/HeatShield_NRM
[LOG 15:07:59.544] Load DDS texture: Squad/Parts/Aero/intakeRadialLong/Radial_long
[LOG 15:07:59.544] Load DDS texture: Squad/Parts/Aero/miniIntake/SmallIntake
[LOG 15:07:59.544] Load DDS texture: Squad/Parts/Aero/ramAirIntake/RampIntake
[LOG 15:07:59.544] Load DDS texture: Squad/Parts/Aero/ramAirIntake/RampIntake_Heat
[LOG 15:07:59.545] Load DDS texture: Squad/Parts/Aero/shuttleWings/ShuttleWings
[LOG 15:07:59.548] Load DDS texture: Squad/Parts/Aero/wingletAV-R8/model000
[LOG 15:07:59.549] Load DDS texture: Squad/Parts/Aero/wingletAV-R8/model001
[LOG 15:07:59.550] Load DDS texture: Squad/Parts/Aero/wingletAV-T1/model000
[LOG 15:07:59.550] Load DDS texture: Squad/Parts/Aero/wingletAV-T1/model001
[LOG 15:07:59.550] Load DDS texture: Squad/Parts/Aero/wingletDeltaDeluxe/model000
[LOG 15:07:59.551] Load DDS texture: Squad/Parts/Aero/wings/Wings
[LOG 15:07:59.551] Load DDS texture: Squad/Parts/Cargo/CargoContainers/cargoContainer_diff
[LOG 15:07:59.551] Load DDS texture: Squad/Parts/Cargo/CargoContainers/smallCargoContainer_diffuse
[LOG 15:07:59.552] Load DDS texture: Squad/Parts/Cargo/CargoContainers/smallCargoContainer_nrm
[LOG 15:07:59.552] Load DDS texture: Squad/Parts/Cargo/CargoContainers/smallCargoContainer_specular
[LOG 15:07:59.552] Load DDS texture: Squad/Parts/Cargo/Cylinder/EVAcylinder_diffuse
[LOG 15:07:59.552] Load DDS texture: Squad/Parts/Cargo/Cylinder/EVAcylinder_nrm
[LOG 15:07:59.552] Load DDS texture: Squad/Parts/Cargo/GroundAnchor/groundAnchor_diffuse
[LOG 15:07:59.552] Load DDS texture: Squad/Parts/Cargo/GroundAnchor/groundAnchor_nrm
[LOG 15:07:59.552] Load DDS texture: Squad/Parts/Cargo/Jetpack/EVAjetpack
[LOG 15:07:59.553] Load DDS texture: Squad/Parts/Cargo/Jetpack/EVAjetpackEmmisive
[LOG 15:07:59.553] Load DDS texture: Squad/Parts/Cargo/Jetpack/EVAjetpackNRM
[LOG 15:07:59.560] Load DDS texture: Squad/Parts/Cargo/Parachute/backpack_Diff
[LOG 15:07:59.564] Load DDS texture: Squad/Parts/Cargo/Parachute/backpack_NM
[LOG 15:07:59.568] Load DDS texture: Squad/Parts/Cargo/RepairKit/RepairKit_Diffuse
[LOG 15:07:59.570] Load DDS texture: Squad/Parts/Cargo/RepairKit/RepairKit_Normal
[LOG 15:07:59.571] Load DDS texture: Squad/Parts/Cargo/ScienceKit/ExperimentKit_Material_Diffuse
[LOG 15:07:59.575] Load DDS texture: Squad/Parts/Cargo/ScienceKit/ExperimentKit_Material_Emissive
[LOG 15:07:59.576] Load DDS texture: Squad/Parts/Cargo/ScienceKit/ExperimentKit_Material_Normal
[LOG 15:07:59.577] Load DDS texture: Squad/Parts/Cargo/StorageUnits/Assets/Cargo_Material_Diffuse
[LOG 15:07:59.580] Load DDS texture: Squad/Parts/Cargo/StorageUnits/Assets/Cargo_Material_Normal
[LOG 15:07:59.585] Load DDS texture: Squad/Parts/Command/advancedSasModuleLarge/model000
[LOG 15:07:59.585] Load DDS texture: Squad/Parts/Command/advancedSasModuleLarge/model001
[LOG 15:07:59.585] Load DDS texture: Squad/Parts/Command/cupola/cupola_Emissive
[LOG 15:07:59.589] Load DDS texture: Squad/Parts/Command/cupola/ksp_l_cupola_diff
[LOG 15:07:59.590] Load DDS texture: Squad/Parts/Command/cupola/ksp_l_cupola_normal
[LOG 15:07:59.590] Load DDS texture: Squad/Parts/Command/cupola/window
[LOG 15:07:59.590] Load DDS texture: Squad/Parts/Command/externalCommandSeat/model000
[LOG 15:07:59.590] Load DDS texture: Squad/Parts/Command/hitchhikerStorageContainer/cabin
[LOG 15:07:59.591] Load DDS texture: Squad/Parts/Command/hitchhikerStorageContainer/cabin_Illum
[LOG 15:07:59.591] Load DDS texture: Squad/Parts/Command/hitchhikerStorageContainer/cabin_n
[LOG 15:07:59.591] Load DDS texture: Squad/Parts/Command/hitchhikerStorageContainer/window
[LOG 15:07:59.591] Load DDS texture: Squad/Parts/Command/inlineAdvancedStabilizer/model000
[LOG 15:07:59.591] Load DDS texture: Squad/Parts/Command/inlineAdvancedStabilizer/model001
[LOG 15:07:59.591] Load DDS texture: Squad/Parts/Command/inlineReactionWheel/model000
[LOG 15:07:59.591] Load DDS texture: Squad/Parts/Command/inlineReactionWheel/model001
[LOG 15:07:59.593] Load DDS texture: Squad/Parts/Command/inlineReactionWheel/model002
[LOG 15:07:59.593] Load DDS texture: Squad/Parts/Command/Mk1-2Pod/mk 1-2 external shell Variant-Hatch
[LOG 15:07:59.593] Load DDS texture: Squad/Parts/Command/Mk1-3Pod/M1-3 Pod
[LOG 15:07:59.594] Load DDS texture: Squad/Parts/Command/Mk1-3Pod/M1-3 Pod_GLOW
[LOG 15:07:59.594] Load DDS texture: Squad/Parts/Command/mk1Cockpits/GLOW
[LOG 15:07:59.594] Load DDS texture: Squad/Parts/Command/mk1Cockpits/Mk1Cockpit
[LOG 15:07:59.595] Load DDS texture: Squad/Parts/Command/mk1LanderCan/ksp_s_landerCan_diff
[LOG 15:07:59.596] Load DDS texture: Squad/Parts/Command/mk1LanderCan/ksp_s_landerCan_normal
[LOG 15:07:59.597] Load DDS texture: Squad/Parts/Command/mk1LanderCan/ksp_s_landerCan_psd_illum
[LOG 15:07:59.597] Load DDS texture: Squad/Parts/Command/mk1pod/outer shell
[LOG 15:07:59.597] Load DDS texture: Squad/Parts/Command/mk1pod_v2/Mk1_v2
[LOG 15:07:59.598] Load DDS texture: Squad/Parts/Command/mk1pod_v2/Mk1_v2_GLOW
[LOG 15:07:59.598] Load DDS texture: Squad/Parts/Command/mk1pod_v2/Mk1_v2_GW
[LOG 15:07:59.599] Load DDS texture: Squad/Parts/Command/mk1pod_v2/Mk1_v2_N
[LOG 15:07:59.599] Load DDS texture: Squad/Parts/Command/mk1pod_v2/Mk1_v2_W
[LOG 15:07:59.600] Load DDS texture: Squad/Parts/Command/mk1pod_v2/Mk1_v2_W_N
[LOG 15:07:59.601] Load DDS texture: Squad/Parts/Command/mk2CockpitInline/Cockpit_inline_A
[LOG 15:07:59.602] Load DDS texture: Squad/Parts/Command/mk2CockpitInline/Cockpit_inline_Emissive
[LOG 15:07:59.602] Load DDS texture: Squad/Parts/Command/mk2CockpitInline/Cockpit_inline_normal
[LOG 15:07:59.602] Load DDS texture: Squad/Parts/Command/mk2CockpitStandard/Cockpit
[LOG 15:07:59.610] Load DDS texture: Squad/Parts/Command/mk2CockpitStandard/Cockpit_Lum
[LOG 15:07:59.610] Load DDS texture: Squad/Parts/Command/mk2CockpitStandard/Cockpit_NRM
[LOG 15:07:59.611] Load DDS texture: Squad/Parts/Command/mk2DroneCore/mk2Dronecore
[LOG 15:07:59.612] Load DDS texture: Squad/Parts/Command/mk2LanderCan/Illum
[LOG 15:07:59.612] Load DDS texture: Squad/Parts/Command/mk2LanderCan/ladder
[LOG 15:07:59.612] Load DDS texture: Squad/Parts/Command/mk2LanderCan/outershell
[LOG 15:07:59.612] Load DDS texture: Squad/Parts/Command/mk2LanderCan/outershell_n
[LOG 15:07:59.613] Load DDS texture: Squad/Parts/Command/mk2LanderCan/window
[LOG 15:07:59.613] Load DDS texture: Squad/Parts/Command/mk2LanderCan_v2/Mk2Can
[LOG 15:07:59.618] Load DDS texture: Squad/Parts/Command/mk2LanderCan_v2/Mk2Can_glow
[LOG 15:07:59.621] Load DDS texture: Squad/Parts/Command/mk3CockpitShuttle/Mk3CockpitShuttle
[LOG 15:07:59.622] Load DDS texture: Squad/Parts/Command/mk3CockpitShuttle/Mk3CockpitShuttle_LUM
[LOG 15:07:59.622] Load DDS texture: Squad/Parts/Command/MpoProbe/MpoProbe_diffuse
[LOG 15:07:59.623] Load DDS texture: Squad/Parts/Command/MpoProbe/MpoProbe_nrm
[LOG 15:07:59.627] Load DDS texture: Squad/Parts/Command/MpoProbe/MpoProbe_specular
[LOG 15:07:59.628] Load DDS texture: Squad/Parts/Command/MtmStage/mtmStage_diffuse
[LOG 15:07:59.629] Load DDS texture: Squad/Parts/Command/MtmStage/mtmStage_nrm
[LOG 15:07:59.629] Load DDS texture: Squad/Parts/Command/MtmStage/mtmStage_specular
[LOG 15:07:59.632] Load DDS texture: Squad/Parts/Command/probeCoreCube/QBE_New_diffuse
[LOG 15:07:59.633] Load Cached PNG Texture: Squad/Parts/Command/probeCoreCube/QBE_New_NRM
[LOG 15:07:59.636] Load DDS texture: Squad/Parts/Command/probeCoreCube/QBE_New_specular
[LOG 15:07:59.637] Load DDS texture: Squad/Parts/Command/probeCoreHex/ksp_m_hexProbe_diff
[LOG 15:07:59.637] Load DDS texture: Squad/Parts/Command/probeCoreHex/ksp_m_hexProbe_normal
[LOG 15:07:59.637] Load DDS texture: Squad/Parts/Command/probeCoreHex_v2/hecsDiffuse
[LOG 15:07:59.637] Load DDS texture: Squad/Parts/Command/probeCoreHex_v2/hecsNormal
[LOG 15:07:59.639] Load DDS texture: Squad/Parts/Command/probeCoreOcto2_v2/octoDiffuse
[LOG 15:07:59.639] Load DDS texture: Squad/Parts/Command/probeCoreOcto2_v2/octoNormal
[LOG 15:07:59.639] Load DDS texture: Squad/Parts/Command/probeCoreOcto2_v2/octoSpecular
[LOG 15:07:59.639] Load DDS texture: Squad/Parts/Command/probeCoreOcto_v2/octoDiffuse
[LOG 15:07:59.639] Load DDS texture: Squad/Parts/Command/probeCoreOcto_v2/octoNormal
[LOG 15:07:59.639] Load DDS texture: Squad/Parts/Command/probeCoreOcto_v2/octoSpecular
[LOG 15:07:59.639] Load DDS texture: Squad/Parts/Command/probeRoverBody/model000
[LOG 15:07:59.639] Load DDS texture: Squad/Parts/Command/probeRoverBody/model001
[LOG 15:07:59.639] Load DDS texture: Squad/Parts/Command/probeRoverBody_v2/probeRoverBody_v2_gold_diffuse
[LOG 15:07:59.640] Load Cached PNG Texture: Squad/Parts/Command/probeRoverBody_v2/probeRoverBody_v2_gold_NRM
[LOG 15:07:59.640] Load DDS texture: Squad/Parts/Command/probeRoverBody_v2/probeRoverBody_v2_gold_specular
[LOG 15:07:59.641] Load DDS texture: Squad/Parts/Command/probeRoverBody_v2/probeRoverBody_v2_silver_diffuse
[LOG 15:07:59.642] Load Cached PNG Texture: Squad/Parts/Command/probeRoverBody_v2/probeRoverBody_v2_silver_NRM
[LOG 15:07:59.643] Load DDS texture: Squad/Parts/Command/probeRoverBody_v2/probeRoverBody_v2_silver_specular
[LOG 15:07:59.644] Load DDS texture: Squad/Parts/Command/probeRoverBody_v2/QBE_New_diffuse
[LOG 15:07:59.645] Load DDS texture: Squad/Parts/Command/probeRoverBody_v2/QBE_New_NRM
[LOG 15:07:59.645] Load DDS texture: Squad/Parts/Command/probeRoverBody_v2/QBE_New_specular
[LOG 15:07:59.645] Load DDS texture: Squad/Parts/Command/probeStackLarge/model000
[LOG 15:07:59.645] Load DDS texture: Squad/Parts/Command/probeStackLarge/model001
[LOG 15:07:59.646] Load DDS texture: Squad/Parts/Command/probeStackSmall/model000
[LOG 15:07:59.646] Load DDS texture: Squad/Parts/Command/probeStackSmall/model001
[LOG 15:07:59.647] Load DDS texture: Squad/Parts/Command/probeStackSphere_v2/probeStackSphere_diffuse
[LOG 15:07:59.648] Load DDS texture: Squad/Parts/Command/probeStackSphere_v2/probeStackSphere_normal
[LOG 15:07:59.648] Load DDS texture: Squad/Parts/Command/probeStackSphere_v2/probeStackSphere_specular
[LOG 15:07:59.649] Load Cached PNG Texture: Squad/Parts/CompoundParts/@thumbs/fuelLine_icon0
[LOG 15:07:59.649] Load Cached PNG Texture: Squad/Parts/CompoundParts/@thumbs/fuelLine_icon1
[LOG 15:07:59.649] Load Cached PNG Texture: Squad/Parts/CompoundParts/@thumbs/strutConnector_icon0
[LOG 15:07:59.649] Load Cached PNG Texture: Squad/Parts/CompoundParts/@thumbs/strutConnector_icon1
[LOG 15:07:59.649] Load DDS texture: Squad/Parts/CompoundParts/FuelLine/FTX-2 External Fuel Duct
[LOG 15:07:59.649] Load DDS texture: Squad/Parts/CompoundParts/FuelLine/FTX-2 External Fuel Duct_ESA
[LOG 15:07:59.649] Load DDS texture: Squad/Parts/CompoundParts/strutConnector/EAS-4 Strut Connector
[LOG 15:07:59.649] Load DDS texture: Squad/Parts/CompoundParts/strutConnector/EAS-4 Strut Connector_white
[LOG 15:07:59.649] Load DDS texture: Squad/Parts/Coupling/Assets/Decouplers
[LOG 15:07:59.650] Load DDS texture: Squad/Parts/Coupling/Assets/Decouplers_N
[LOG 15:07:59.652] Load DDS texture: Squad/Parts/Coupling/Assets/Decouplers_whiteYellow
[LOG 15:07:59.654] Load DDS texture: Squad/Parts/Coupling/Assets/Decouplers_whiteYellow_N
[LOG 15:07:59.656] Load DDS texture: Squad/Parts/Electrical/10CSolarPanels/assets/circularSolarPanel_diffuse
[LOG 15:07:59.656] Load DDS texture: Squad/Parts/Electrical/10CSolarPanels/assets/circularSolarPanel_nrm
[LOG 15:07:59.657] Load DDS texture: Squad/Parts/Electrical/10LSolarPanels/assets/retractableSolarPanel_diffuse
[LOG 15:07:59.660] Load DDS texture: Squad/Parts/Electrical/10LSolarPanels/assets/retractableSolarPanel_nrm
[LOG 15:07:59.661] Load DDS texture: Squad/Parts/Electrical/1x6ShroudSolarPanels/model000
[LOG 15:07:59.661] Load DDS texture: Squad/Parts/Electrical/1x6ShroudSolarPanels/model001
[LOG 15:07:59.661] Load DDS texture: Squad/Parts/Electrical/1x6ShroudSolarPanels/model002
[LOG 15:07:59.661] Load DDS texture: Squad/Parts/Electrical/1x6SolarPanels/model000
[LOG 15:07:59.661] Load DDS texture: Squad/Parts/Electrical/1x6SolarPanels/model001
[LOG 15:07:59.661] Load DDS texture: Squad/Parts/Electrical/1x6SolarPanels/model002
[LOG 15:07:59.662] Load DDS texture: Squad/Parts/Electrical/3x2ShroudSolarPanels/model000
[LOG 15:07:59.662] Load DDS texture: Squad/Parts/Electrical/3x2ShroudSolarPanels/model001
[LOG 15:07:59.662] Load DDS texture: Squad/Parts/Electrical/3x2ShroudSolarPanels/model002
[LOG 15:07:59.662] Load DDS texture: Squad/Parts/Electrical/3x2SolarPanels/model000
[LOG 15:07:59.662] Load DDS texture: Squad/Parts/Electrical/3x2SolarPanels/model001
[LOG 15:07:59.662] Load DDS texture: Squad/Parts/Electrical/3x2SolarPanels/model002
[LOG 15:07:59.662] Load DDS texture: Squad/Parts/Electrical/gigantorXlSolarArray/panel
[LOG 15:07:59.663] Load DDS texture: Squad/Parts/Electrical/radialFlatSolarPanel/model000
[LOG 15:07:59.663] Load DDS texture: Squad/Parts/Electrical/RTG/model000
[LOG 15:07:59.663] Load DDS texture: Squad/Parts/Electrical/z-100Battery/model000
[LOG 15:07:59.663] Load DDS texture: Squad/Parts/Electrical/z-1kBattery/model000
[LOG 15:07:59.663] Load DDS texture: Squad/Parts/Electrical/z-1kBattery/model001
[LOG 15:07:59.663] Load DDS texture: Squad/Parts/Electrical/z-200Battery/ksp_m_batteryPack_diff
[LOG 15:07:59.663] Load DDS texture: Squad/Parts/Electrical/z-400Battery/model000
[LOG 15:07:59.663] Load DDS texture: Squad/Parts/Electrical/z-4kBattery/ksp_l_batteryPack_diff
[LOG 15:07:59.663] Load DDS texture: Squad/Parts/Electrical/z-4kBattery/ksp_l_batteryPack_normal
[LOG 15:07:59.664] Load DDS texture: Squad/Parts/Engine/ionEngine/model000
[LOG 15:07:59.664] Load DDS texture: Squad/Parts/Engine/jetEngines/Jet Engines
[LOG 15:07:59.664] Load DDS texture: Squad/Parts/Engine/jetEngines/Jet_Heat
[LOG 15:07:59.664] Load DDS texture: Squad/Parts/Engine/liquidEngine24-77/engine
[LOG 15:07:59.664] Load DDS texture: Squad/Parts/Engine/liquidEngine24-77_v2/Twitch
[LOG 15:07:59.665] Load DDS texture: Squad/Parts/Engine/liquidEngine24-77_v2/Twitch_G
[LOG 15:07:59.665] Load DDS texture: Squad/Parts/Engine/liquidEngine24-77_v2/Twitch_GLOW
[LOG 15:07:59.666] Load DDS texture: Squad/Parts/Engine/liquidEngine48-7S/ksp_m_liquidEngine_diff
[LOG 15:07:59.666] Load DDS texture: Squad/Parts/Engine/liquidEngine48-7S_v2/Spark
[LOG 15:07:59.666] Load DDS texture: Squad/Parts/Engine/liquidEngine48-7S_v2/Spark_Glow
[LOG 15:07:59.666] Load DDS texture: Squad/Parts/Engine/liquidEngineAerospike/Aerospike
[LOG 15:07:59.666] Load DDS texture: Squad/Parts/Engine/liquidEngineAerospike/Aerospike_Heat
[LOG 15:07:59.666] Load DDS texture: Squad/Parts/Engine/liquidEngineLV-1_v2/Assets/Ant_and_Spider_diffuse
[LOG 15:07:59.666] Load DDS texture: Squad/Parts/Engine/liquidEngineLV-1_v2/Assets/Ant_and_Spider_emissive
[LOG 15:07:59.666] Load DDS texture: Squad/Parts/Engine/liquidEngineLV-1_v2/Assets/Ant_and_Spider_normal
[LOG 15:07:59.666] Load DDS texture: Squad/Parts/Engine/liquidEngineLV-1_v2/Assets/Ant_and_Spider_specular
[LOG 15:07:59.667] Load DDS texture: Squad/Parts/Engine/liquidEngineLV-909_v2/Terrier
[LOG 15:07:59.667] Load DDS texture: Squad/Parts/Engine/liquidEngineLV-909_v2/TerrierFairing
[LOG 15:07:59.668] Load DDS texture: Squad/Parts/Engine/liquidEngineLV-909_v2/Terrier_glow
[LOG 15:07:59.669] Load DDS texture: Squad/Parts/Engine/liquidEngineLV-N/model000
[LOG 15:07:59.669] Load DDS texture: Squad/Parts/Engine/liquidEngineLV-N/model001
[LOG 15:07:59.669] Load DDS texture: Squad/Parts/Engine/liquidEngineLV-N/model002
[LOG 15:07:59.669] Load DDS texture: Squad/Parts/Engine/liquidEngineLV-N/model003
[LOG 15:07:59.669] Load DDS texture: Squad/Parts/Engine/liquidEngineLV-T30/model000
[LOG 15:07:59.669] Load DDS texture: Squad/Parts/Engine/liquidEngineLV-T30/model001
[LOG 15:07:59.669] Load DDS texture: Squad/Parts/Engine/liquidEngineLV-T30/model002
[LOG 15:07:59.669] Load DDS texture: Squad/Parts/Engine/liquidEngineLV-T30_v2/Engine_Emissive
[LOG 15:07:59.673] Load DDS texture: Squad/Parts/Engine/liquidEngineLV-T30_v2/Engine_Normal
[LOG 15:07:59.681] Load DDS texture: Squad/Parts/Engine/liquidEngineLV-T30_v2/Fairing
[LOG 15:07:59.682] Load DDS texture: Squad/Parts/Engine/liquidEngineLV-T30_v2/Reliant_v2-shroud_Diffuse
[LOG 15:07:59.686] Load DDS texture: Squad/Parts/Engine/liquidEngineLV-T30_v2/Reliant_v2_Diffuse
[LOG 15:07:59.690] Load DDS texture: Squad/Parts/Engine/liquidEngineLV-T45/model000
[LOG 15:07:59.692] Load DDS texture: Squad/Parts/Engine/liquidEngineLV-T45/model001
[LOG 15:07:59.692] Load DDS texture: Squad/Parts/Engine/liquidEngineLV-T45/model002
[LOG 15:07:59.692] Load DDS texture: Squad/Parts/Engine/liquidEngineLV-T45/model003
[LOG 15:07:59.692] Load DDS texture: Squad/Parts/Engine/liquidEngineLV-T45_v2/Engine_Emissive
[LOG 15:07:59.696] Load DDS texture: Squad/Parts/Engine/liquidEngineLV-T45_v2/Fairing
[LOG 15:07:59.697] Load DDS texture: Squad/Parts/Engine/liquidEngineLV-T45_v2/Swivel_v2_Diffuse
[LOG 15:07:59.700] Load DDS texture: Squad/Parts/Engine/liquidEngineLV-T45_v2/Swivel_v2_Normal
[LOG 15:07:59.704] Load DDS texture: Squad/Parts/Engine/liquidEngineMainsail_v2/mainsail_diffuse
[LOG 15:07:59.710] Load DDS texture: Squad/Parts/Engine/liquidEngineMainsail_v2/mainsail_emissive
[LOG 15:07:59.711] Load DDS texture: Squad/Parts/Engine/liquidEngineMainsail_v2/mainsail_nrm
[LOG 15:07:59.719] Load DDS texture: Squad/Parts/Engine/liquidEngineMainsail_v2/mainsail_specular
[LOG 15:07:59.726] Load DDS texture: Squad/Parts/Engine/liquidEngineMainsail_v2/Shroud
[LOG 15:07:59.726] Load DDS texture: Squad/Parts/Engine/liquidEngineMk55/Thud
[LOG 15:07:59.729] Load DDS texture: Squad/Parts/Engine/liquidEngineMk55/Thud_Heat
[LOG 15:07:59.730] Load DDS texture: Squad/Parts/Engine/liquidEnginePoodle_v2/poodle
[LOG 15:07:59.730] Load DDS texture: Squad/Parts/Engine/liquidEnginePoodle_v2/PoodleShroud
[LOG 15:07:59.730] Load DDS texture: Squad/Parts/Engine/liquidEnginePoodle_v2/poodle_Glow
[LOG 15:07:59.730] Load DDS texture: Squad/Parts/Engine/liquidEnginePoodle_v2/Poodle_SingleBell_Poodle_Diffuse
[LOG 15:07:59.731] Load DDS texture: Squad/Parts/Engine/liquidEnginePoodle_v2/Poodle_SingleBell_Poodle_Emissive
[LOG 15:07:59.731] Load DDS texture: Squad/Parts/Engine/liquidEnginePoodle_v2/Poodle_SingleBell_Poodle_Normal
[LOG 15:07:59.732] Load DDS texture: Squad/Parts/Engine/liquidEngineSkipper_v2/Shroud
[LOG 15:07:59.733] Load DDS texture: Squad/Parts/Engine/liquidEngineSkipper_v2/skipper_v2_diffuse
[LOG 15:07:59.739] Load DDS texture: Squad/Parts/Engine/liquidEngineSkipper_v2/skipper_v2_emissive
[LOG 15:07:59.748] Load DDS texture: Squad/Parts/Engine/liquidEngineSkipper_v2/skipper_v2_normal
[LOG 15:07:59.752] Load DDS texture: Squad/Parts/Engine/liquidEngineSSME/SSME
[LOG 15:07:59.753] Load DDS texture: Squad/Parts/Engine/liquidEngineSSME/SSME_GLOW
[LOG 15:07:59.753] Load DDS texture: Squad/Parts/Engine/liquidEngineSSME/SSME_NRM
[LOG 15:07:59.753] Load DDS texture: Squad/Parts/Engine/MassiveSRB/solid_booster_cm
[LOG 15:07:59.753] Load DDS texture: Squad/Parts/Engine/MassiveSRB/solid_booster_cm_esa
[LOG 15:07:59.754] Load DDS texture: Squad/Parts/Engine/MassiveSRB/solid_booster_em
[LOG 15:07:59.755] Load DDS texture: Squad/Parts/Engine/MassiveSRB/solid_booster_nm
[LOG 15:07:59.756] Load DDS texture: Squad/Parts/Engine/miniJet/SmallJet
[LOG 15:07:59.758] Load DDS texture: Squad/Parts/Engine/OMSEngine/Puff_diffuse
[LOG 15:07:59.758] Load DDS texture: Squad/Parts/Engine/OMSEngine/Puff_emissive
[LOG 15:07:59.759] Load DDS texture: Squad/Parts/Engine/OMSEngine/Puff_normal
[LOG 15:07:59.759] Load DDS texture: Squad/Parts/Engine/OMSEngine/Puff_specular
[LOG 15:07:59.759] Load DDS texture: Squad/Parts/Engine/rapierEngine/rapierDiffuse
[LOG 15:07:59.759] Load DDS texture: Squad/Parts/Engine/rapierEngine/rapieremit
[LOG 15:07:59.759] Load DDS texture: Squad/Parts/Engine/Size1_SRBs/SRB_O
[LOG 15:07:59.759] Load DDS texture: Squad/Parts/Engine/Size1_SRBs/SRB_W
[LOG 15:07:59.759] Load DDS texture: Squad/Parts/Engine/Size1_SRBs/SRB_Y
[LOG 15:07:59.759] Load DDS texture: Squad/Parts/Engine/Size2LFB/Size2LFBEmissive
[LOG 15:07:59.760] Load DDS texture: Squad/Parts/Engine/Size2LFB/twin_nozzle_booster_cm
[LOG 15:07:59.760] Load DDS texture: Squad/Parts/Engine/Size2LFB/twin_nozzle_booster_nm
[LOG 15:07:59.761] Load DDS texture: Squad/Parts/Engine/Size2LFB_v2/Size2LFBEmissive
[LOG 15:07:59.761] Load DDS texture: Squad/Parts/Engine/Size2LFB_v2/twin_nozzle_booster_cm
[LOG 15:07:59.762] Load DDS texture: Squad/Parts/Engine/Size2LFB_v2/twin_nozzle_booster_nm
[LOG 15:07:59.762] Load DDS texture: Squad/Parts/Engine/Size3AdvancedEngine/decoupler_and_adaptor_cm
[LOG 15:07:59.763] Load DDS texture: Squad/Parts/Engine/Size3AdvancedEngine/Size3AdvancedEngineDiffuse
[LOG 15:07:59.764] Load DDS texture: Squad/Parts/Engine/Size3AdvancedEngine/Size3AdvancedEngineEmissive
[LOG 15:07:59.764] Load DDS texture: Squad/Parts/Engine/Size3AdvancedEngine/Size3AdvancedEngineNormal
[LOG 15:07:59.765] Load DDS texture: Squad/Parts/Engine/Size3EngineCluster/ClusterEngineEmit
[LOG 15:07:59.765] Load DDS texture: Squad/Parts/Engine/Size3EngineCluster/four_nozzle_engine_cm
[LOG 15:07:59.765] Load DDS texture: Squad/Parts/Engine/Size3EngineCluster/four_nozzle_engine_nm
[LOG 15:07:59.766] Load DDS texture: Squad/Parts/Engine/solidBoosterBACC/model000
[LOG 15:07:59.767] Load DDS texture: Squad/Parts/Engine/solidBoosterBACC/model001
[LOG 15:07:59.768] Load DDS texture: Squad/Parts/Engine/solidBoosterBACC/model002
[LOG 15:07:59.769] Load DDS texture: Squad/Parts/Engine/solidBoosterRT-5/RT5
[LOG 15:07:59.770] Load DDS texture: Squad/Parts/Engine/solidBoosterS2-17/solidBoosterS2-17_diffuse
[LOG 15:07:59.796] Load DDS texture: Squad/Parts/Engine/solidBoosterS2-17/solidBoosterS2-17_emissive
[LOG 15:07:59.802] Load DDS texture: Squad/Parts/Engine/solidBoosterS2-17/solidBoosterS2-17_normal
[LOG 15:07:59.811] Load DDS texture: Squad/Parts/Engine/solidBoosterS2-33/solidBoosterS2-33_diffuse
[LOG 15:07:59.829] Load DDS texture: Squad/Parts/Engine/solidBoosterS2-33/solidBoosterS2-33_emissive
[LOG 15:07:59.845] Load DDS texture: Squad/Parts/Engine/solidBoosterS2-33/solidBoosterS2-33_normal
[LOG 15:07:59.863] Load DDS texture: Squad/Parts/Engine/solidBoosterSep/model000
[LOG 15:07:59.863] Load DDS texture: Squad/Parts/Engine/solidBoosterSep/motor
[LOG 15:07:59.863] Load DDS texture: Squad/Parts/Engine/SolidBoostersF/Assets/SolidBoosterF3S0_diffuse
[LOG 15:07:59.864] Load DDS texture: Squad/Parts/Engine/SolidBoostersF/Assets/SolidBoosterF3S0_emissive
[LOG 15:07:59.864] Load DDS texture: Squad/Parts/Engine/SolidBoostersF/Assets/SolidBoosterF3S0_normal
[LOG 15:07:59.864] Load DDS texture: Squad/Parts/FuelTank/adapterTanks/Mk3Adapters
[LOG 15:07:59.866] Load DDS texture: Squad/Parts/FuelTank/drainTankFTE-1/fuelValve_diffuse
[LOG 15:07:59.868] Load DDS texture: Squad/Parts/FuelTank/drainTankFTE-1/fuelValve_nrm
[LOG 15:07:59.868] Load DDS texture: Squad/Parts/FuelTank/FoilTanks/RadialTanks
[LOG 15:07:59.868] Load DDS texture: Squad/Parts/FuelTank/FoilTanks/RadialTanksGold_specular
[LOG 15:07:59.869] Load DDS texture: Squad/Parts/FuelTank/FoilTanks/RadialTanksSilver_specular
[LOG 15:07:59.870] Load DDS texture: Squad/Parts/FuelTank/FoilTanks/RadialTanks_N
[LOG 15:07:59.872] Load DDS texture: Squad/Parts/FuelTank/FoilTanks/RadialTanks_silver
[LOG 15:07:59.872] Load DDS texture: Squad/Parts/FuelTank/fuelTankOscarB/model000
[LOG 15:07:59.873] Load DDS texture: Squad/Parts/FuelTank/fuelTankOscarB/model001
[LOG 15:07:59.873] Load DDS texture: Squad/Parts/FuelTank/fuelTankOscarB/tank
[LOG 15:07:59.873] Load DDS texture: Squad/Parts/FuelTank/fuelTankOscarB/tank_n
[LOG 15:07:59.873] Load DDS texture: Squad/Parts/FuelTank/miniFuselage/Fuselage
[LOG 15:07:59.873] Load DDS texture: Squad/Parts/FuelTank/mk2Adapters/mk2adapters1m
[LOG 15:07:59.873] Load DDS texture: Squad/Parts/FuelTank/mk2FuselageLong/mk2Fuselage
[LOG 15:07:59.875] Load DDS texture: Squad/Parts/FuelTank/mk2FuselageShort/mk2FuselageShort
[LOG 15:07:59.876] Load DDS texture: Squad/Parts/FuelTank/mk3Fuselage/Mk3Fuselage
[LOG 15:07:59.877] Load DDS texture: Squad/Parts/FuelTank/mk3Fuselage/Mk3Fuselage_LUM
[LOG 15:07:59.877] Load DDS texture: Squad/Parts/FuelTank/RCSFuelTankR1/RCSFuelTankR1_01
[LOG 15:07:59.877] Load DDS texture: Squad/Parts/FuelTank/RCSFuelTankR1/RCSFuelTankR1_02
[LOG 15:07:59.879] Load DDS texture: Squad/Parts/FuelTank/RCSFuelTankR1/RCSFuelTankR1_N
[LOG 15:07:59.879] Load DDS texture: Squad/Parts/FuelTank/RCSFuelTankR10/ksp_m_rcsTank_diff
[LOG 15:07:59.880] Load DDS texture: Squad/Parts/FuelTank/RCSFuelTankR10/ksp_m_rcsTank_normal
[LOG 15:07:59.880] Load DDS texture: Squad/Parts/FuelTank/RCSFuelTankR25/FL-R25 RCS Fuel Tank_D
[LOG 15:07:59.880] Load DDS texture: Squad/Parts/FuelTank/RCSFuelTankR25/FL-R25 RCS Fuel Tank_N
[LOG 15:07:59.880] Load DDS texture: Squad/Parts/FuelTank/RCSTankRadial/model000
[LOG 15:07:59.880] Load DDS texture: Squad/Parts/FuelTank/RCStankRadialLong/ksp_r_rcsCylTank_diff
[LOG 15:07:59.880] Load DDS texture: Squad/Parts/FuelTank/RockomaxTanks/Assets/rockomax_16 [AlbedoM] BW
[LOG 15:07:59.884] Load DDS texture: Squad/Parts/FuelTank/RockomaxTanks/Assets/rockomax_16 [AlbedoM] ESA
[LOG 15:07:59.889] Load DDS texture: Squad/Parts/FuelTank/RockomaxTanks/Assets/rockomax_16 [AlbedoM] O
[LOG 15:07:59.893] Load DDS texture: Squad/Parts/FuelTank/RockomaxTanks/Assets/rockomax_16 [Normal] BW
[LOG 15:07:59.898] Load DDS texture: Squad/Parts/FuelTank/RockomaxTanks/Assets/rockomax_16 [Normal]ESA
[LOG 15:07:59.901] Load DDS texture: Squad/Parts/FuelTank/RockomaxTanks/Assets/rockomax_16 [Normal]O
[LOG 15:07:59.909] Load DDS texture: Squad/Parts/FuelTank/RockomaxTanks/Assets/rockomax_32 [AlbedoM] ESA
[LOG 15:07:59.913] Load DDS texture: Squad/Parts/FuelTank/RockomaxTanks/Assets/rockomax_32 [Normal]ESA
[LOG 15:07:59.913] Load DDS texture: Squad/Parts/FuelTank/Size1_Tanks/125Tanks_BW
[LOG 15:07:59.915] Load DDS texture: Squad/Parts/FuelTank/Size1_Tanks/125Tanks_D
[LOG 15:07:59.917] Load DDS texture: Squad/Parts/FuelTank/Size1_Tanks/125Tanks_N
[LOG 15:07:59.918] Load DDS texture: Squad/Parts/FuelTank/Size1_Tanks/125Tanks_O
[LOG 15:07:59.919] Load DDS texture: Squad/Parts/FuelTank/Size1_Tanks/125Tanks_W
[LOG 15:07:59.920] Load DDS texture: Squad/Parts/FuelTank/Size3Tanks/fueltTanks_cm
[LOG 15:07:59.921] Load Cached PNG Texture: Squad/Parts/FuelTank/Size3Tanks/Size3Tanks
[LOG 15:07:59.921] Load Cached PNG Texture: Squad/Parts/FuelTank/Size3Tanks/Size3Tanks_Norm
[LOG 15:07:59.922] Load Cached PNG Texture: Squad/Parts/FuelTank/Size3Tanks/Size3Tanks_Orange
[LOG 15:07:59.923] Load Cached PNG Texture: Squad/Parts/FuelTank/Size3Tanks/Size3Tanks_Orange_Norm
[LOG 15:07:59.923] Load DDS texture: Squad/Parts/FuelTank/xenonTank/model000
[LOG 15:07:59.923] Load DDS texture: Squad/Parts/FuelTank/xenonTank/model001
[LOG 15:07:59.923] Load DDS texture: Squad/Parts/FuelTank/xenonTankLarge/tank
[LOG 15:07:59.923] Load DDS texture: Squad/Parts/FuelTank/xenonTankRadial/ksp_r_xenonTank_diff
[LOG 15:07:59.923] Load DDS texture: Squad/Parts/Misc/AsteroidDay/CamSat
[LOG 15:07:59.924] Load DDS texture: Squad/Parts/Misc/AsteroidDay/CamSat_glow
[LOG 15:07:59.924] Load DDS texture: Squad/Parts/Misc/AsteroidDay/CamSat_N_NRM
[LOG 15:07:59.926] Load DDS texture: Squad/Parts/Misc/AsteroidDay/default
[LOG 15:07:59.926] Load DDS texture: Squad/Parts/Misc/AsteroidDay/hecsDiffuse
[LOG 15:07:59.926] Load DDS texture: Squad/Parts/Misc/AsteroidDay/hecsNormal
[LOG 15:07:59.926] Load DDS texture: Squad/Parts/Misc/AsteroidDay/hecsSpecular
[LOG 15:07:59.926] Load DDS texture: Squad/Parts/Misc/AsteroidDay/JumboHexProbe
[LOG 15:07:59.926] Load DDS texture: Squad/Parts/Misc/AsteroidDay/JumboHexProbe_NORM_NRM
[LOG 15:07:59.926] Load DDS texture: Squad/Parts/Resources/FuelCell/FCLamp
[LOG 15:07:59.926] Load DDS texture: Squad/Parts/Resources/FuelCell/FuelCellRack
[LOG 15:07:59.926] Load DDS texture: Squad/Parts/Resources/FuelCell/fuellcell
[LOG 15:07:59.926] Load DDS texture: Squad/Parts/Resources/ISRU/Processor_Large
[LOG 15:07:59.927] Load DDS texture: Squad/Parts/Resources/LargeTank/ksp_l_resourceContainer_diff
[LOG 15:07:59.927] Load DDS texture: Squad/Parts/Resources/LargeTank/ksp_l_resourceContainer_norm
[LOG 15:07:59.928] Load DDS texture: Squad/Parts/Resources/MiniDrill/DustParticle
[LOG 15:07:59.928] Load DDS texture: Squad/Parts/Resources/MiniDrill/ksp_r_rockProbe_diff
[LOG 15:07:59.928] Load DDS texture: Squad/Parts/Resources/MiniDrill/RockParticle
[LOG 15:07:59.928] Load DDS texture: Squad/Parts/Resources/MiniISRU/ksp_s_processorSmall_diff
[LOG 15:07:59.929] Load DDS texture: Squad/Parts/Resources/OrbitalScanner/detector
[LOG 15:07:59.929] Load DDS texture: Squad/Parts/Resources/RadialDrill/DustParticle
[LOG 15:07:59.929] Load DDS texture: Squad/Parts/Resources/RadialDrill/RockParticle
[LOG 15:07:59.929] Load DDS texture: Squad/Parts/Resources/RadialDrill/TriBitDrill
[LOG 15:07:59.929] Load DDS texture: Squad/Parts/Resources/RadialTank/ksp_r_resourceContainer_psd_2
[LOG 15:07:59.929] Load DDS texture: Squad/Parts/Resources/SmallTank/ksp_s_resourceContainer_diff
[LOG 15:07:59.931] Load DDS texture: Squad/Parts/Resources/SmallTank/ksp_s_resourceContainer_normal
[LOG 15:07:59.932] Load DDS texture: Squad/Parts/Resources/SurfaceScanner/ksp_r_samplerAir_diff
[LOG 15:07:59.932] Load DDS texture: Squad/Parts/Resources/SurveyScanner/dish
[LOG 15:07:59.933] Load DDS texture: Squad/Parts/Resources/SurveyScanner/dish_n
[LOG 15:07:59.933] Load DDS texture: Squad/Parts/Science/AtmosphereSensor/ksp_r_hydroscoop_diff
[LOG 15:07:59.934] Load DDS texture: Squad/Parts/Science/GooExperiment/GooExperiment
[LOG 15:07:59.934] Load DDS texture: Squad/Parts/Science/LargeCrewedLab/Large_Crewed_Lab
[LOG 15:07:59.934] Load DDS texture: Squad/Parts/Science/LargeCrewedLab/Large_Crewed_Lab_glow
[LOG 15:07:59.936] Load DDS texture: Squad/Parts/Science/LargeCrewedLab/window
[LOG 15:07:59.937] Load DDS texture: Squad/Parts/Science/Magnetometer/Magnetometer_diffuse
[LOG 15:07:59.937] Load DDS texture: Squad/Parts/Science/Magnetometer/Magnetometer_nrm
[LOG 15:07:59.937] Load DDS texture: Squad/Parts/Science/MaterialBay/science_module_small
[LOG 15:07:59.937] Load DDS texture: Squad/Parts/Science/MaterialBay/science_module_small_emit
[LOG 15:07:59.939] Load DDS texture: Squad/Parts/Science/MaterialBay/science_module_small_nrm
[LOG 15:07:59.939] Load DDS texture: Squad/Parts/Science/MaterialBay/wires
[LOG 15:07:59.939] Load DDS texture: Squad/Parts/Science/ScienceBox/Container
[LOG 15:07:59.939] Load DDS texture: Squad/Parts/Science/sensorAccelerometer/model000
[LOG 15:07:59.939] Load DDS texture: Squad/Parts/Science/sensorBarometer/model000
[LOG 15:07:59.939] Load DDS texture: Squad/Parts/Science/sensorGravimeter/model000
[LOG 15:07:59.939] Load DDS texture: Squad/Parts/Science/sensorThermometer/model000
[LOG 15:07:59.939] Load DDS texture: Squad/Parts/Structural/FLAdapters/Assets/FLA-Adapters_diffuse
[LOG 15:07:59.940] Load DDS texture: Squad/Parts/Structural/FLAdapters/Assets/FLA-Adapters_diffuse_O
[LOG 15:07:59.941] Load DDS texture: Squad/Parts/Structural/FLAdapters/Assets/FLA-Adapters_normal
[LOG 15:07:59.942] Load DDS texture: Squad/Parts/Structural/FLAdapters/Assets/FLA-Adapters_normal_O
[LOG 15:07:59.943] Load DDS texture: Squad/Parts/Structural/mk1Parts/Mk1Structural
[LOG 15:07:59.943] Load DDS texture: Squad/Parts/Structural/mk1Parts/Mk1StructuralHeat
[LOG 15:07:59.944] Load Cached PNG Texture: Squad/Parts/Structural/mk1Parts/@thumbs/MK1Fuselage_icon
[LOG 15:07:59.944] Load DDS texture: Squad/Parts/Structural/Size3To2Adapter_v2/Size2to3_BW_Diffuse
[LOG 15:07:59.956] Load DDS texture: Squad/Parts/Structural/Size3To2Adapter_v2/Size2to3_DUMMY_NRM
[LOG 15:07:59.957] Load DDS texture: Squad/Parts/Structural/Size3To2Adapter_v2/Size2to3_O_Diffuse
[LOG 15:07:59.961] Load DDS texture: Squad/Parts/Structural/Size3To2Adapter_v2/Size2to3_W_Diffuse
[LOG 15:07:59.967] Load DDS texture: Squad/Parts/Structural/Size3To2Adapter_v2/Size2to3_W_NRM
[LOG 15:07:59.971] Load DDS texture: Squad/Parts/Structural/stackAdapters/Assets/stackAdapters_diffuse
[LOG 15:07:59.972] Load DDS texture: Squad/Parts/Structural/stackAdapters/Assets/stackAdapters_diffuse_Dark
[LOG 15:07:59.973] Load DDS texture: Squad/Parts/Structural/stackAdapters/Assets/stackAdapters_diffuse_Orange
[LOG 15:07:59.974] Load DDS texture: Squad/Parts/Structural/stackAdapters/Assets/stackAdapters_normal
[LOG 15:07:59.975] Load DDS texture: Squad/Parts/Structural/stackAdapters/Assets/stackAdapters_normal_Orange
[LOG 15:07:59.976] Load DDS texture: Squad/Parts/Structural/stationHub/model000
[LOG 15:07:59.976] Load DDS texture: Squad/Parts/Structural/stationHub/model001
[LOG 15:07:59.976] Load DDS texture: Squad/Parts/Structural/structuralIBeam200/model000
[LOG 15:07:59.976] Load DDS texture: Squad/Parts/Structural/structuralIBeam200Pocket/model000
[LOG 15:07:59.976] Load DDS texture: Squad/Parts/Structural/structuralIBeam650/model000
[LOG 15:07:59.976] Load DDS texture: Squad/Parts/Structural/structuralMicronode/model000
[LOG 15:07:59.976] Load DDS texture: Squad/Parts/Structural/structuralPanel1x1/model000
[LOG 15:07:59.977] Load DDS texture: Squad/Parts/Structural/structuralPanel1x1/model001
[LOG 15:07:59.977] Load DDS texture: Squad/Parts/Structural/structuralPanel2x2/model000
[LOG 15:07:59.977] Load DDS texture: Squad/Parts/Structural/structuralPanel2x2/model001
[LOG 15:07:59.977] Load DDS texture: Squad/Parts/Structural/structuralPylons/Pylons
[LOG 15:07:59.977] Load DDS texture: Squad/Parts/Structural/strutCubicOcto/cubestrut
[LOG 15:07:59.977] Load DDS texture: Squad/Parts/Structural/strutOcto/model000
[LOG 15:07:59.977] Load DDS texture: Squad/Parts/Structural/trussGirderAdapter/model000
[LOG 15:07:59.977] Load DDS texture: Squad/Parts/Structural/trussGirderAdapter/model001
[LOG 15:07:59.977] Load DDS texture: Squad/Parts/Structural/trussGirderL/model000
[LOG 15:07:59.977] Load DDS texture: Squad/Parts/Structural/trussGirderXL/model000
[LOG 15:07:59.978] Load DDS texture: Squad/Parts/Thermal/FoldingRadiators/radiator
[LOG 15:07:59.978] Load DDS texture: Squad/Parts/Thermal/FoldingRadiators/radiator_N_NRM
[LOG 15:07:59.979] Load DDS texture: Squad/Parts/Thermal/RadiatorPanels/radPanel
[LOG 15:07:59.979] Load DDS texture: Squad/Parts/Thermal/RadiatorPanels/radPanel_N_NRM
[LOG 15:07:59.980] Load DDS texture: Squad/Parts/Utility/commDish88-88/comm_dish_array
[LOG 15:07:59.980] Load DDS texture: Squad/Parts/Utility/commDish88-88/comm_dish_v2_diff
[LOG 15:07:59.980] Load DDS texture: Squad/Parts/Utility/commDish88-88/model000
[LOG 15:07:59.980] Load DDS texture: Squad/Parts/Utility/commsAntennaDTS-M1/mediumDishAntenna
[LOG 15:07:59.981] Load DDS texture: Squad/Parts/Utility/commsAntennaDTS-M1/mediumDishAntenna_Emit
[LOG 15:07:59.981] Load DDS texture: Squad/Parts/Utility/commsDish16/model000
[LOG 15:07:59.981] Load DDS texture: Squad/Parts/Utility/decouplerRadialHDM/model000
[LOG 15:07:59.981] Load DDS texture: Squad/Parts/Utility/decouplerRadialTT-38K/model000
[LOG 15:07:59.987] Load DDS texture: Squad/Parts/Utility/decouplerRadialTT-38K/model001
[LOG 15:07:59.987] Load DDS texture: Squad/Parts/Utility/decouplerRadialTT-70/model000
[LOG 15:07:59.988] Load DDS texture: Squad/Parts/Utility/DirectAntennas/MiniAntenna
[LOG 15:07:59.988] Load DDS texture: Squad/Parts/Utility/dockingPort/Arrow Pointer
[LOG 15:07:59.988] Load DDS texture: Squad/Parts/Utility/dockingPort/DockingPorts_Clampotron_Diffuse
[LOG 15:07:59.991] Load DDS texture: Squad/Parts/Utility/dockingPort/DockingPorts_Clampotron_Emissive
[LOG 15:07:59.992] Load DDS texture: Squad/Parts/Utility/dockingPort/DockingPorts_Clampotron_Normal
[LOG 15:07:59.996] Load DDS texture: Squad/Parts/Utility/dockingPortInline/Arrow Pointer
[LOG 15:07:59.997] Load DDS texture: Squad/Parts/Utility/dockingPortInline/ClampotronLinear_ClampotronLinear_Diffuse
[LOG 15:08:00.001] Load DDS texture: Squad/Parts/Utility/dockingPortInline/ClampotronLinear_ClampotronLinear_Emissive
[LOG 15:08:00.002] Load DDS texture: Squad/Parts/Utility/dockingPortInline/ClampotronLinear_ClampotronLinear_Normal
[LOG 15:08:00.006] Load DDS texture: Squad/Parts/Utility/dockingPortInline/DockingPorts_Clampotron_Diffuse
[LOG 15:08:00.012] Load DDS texture: Squad/Parts/Utility/dockingPortInline/DockingPorts_Clampotron_Emissive
[LOG 15:08:00.013] Load DDS texture: Squad/Parts/Utility/dockingPortInline/DockingPorts_Clampotron_Normal
[LOG 15:08:00.019] Load DDS texture: Squad/Parts/Utility/dockingPortJr/Arrow Pointer
[LOG 15:08:00.020] Load DDS texture: Squad/Parts/Utility/dockingPortJr/DockingPorts_ClampotronJR_Diffuse
[LOG 15:08:00.020] Load DDS texture: Squad/Parts/Utility/dockingPortJr/DockingPorts_ClampotronJR_Normal
[LOG 15:08:00.022] Load DDS texture: Squad/Parts/Utility/dockingPortJr/model000
[LOG 15:08:00.022] Load DDS texture: Squad/Parts/Utility/dockingPortShielded/Arrow Pointer
[LOG 15:08:00.022] Load DDS texture: Squad/Parts/Utility/dockingPortShielded/Clamp-O-Tron Shielded Docking Port_ClampotronShielded_Diffuse
[LOG 15:08:00.027] Load DDS texture: Squad/Parts/Utility/dockingPortShielded/Clamp-O-Tron Shielded Docking Port_ClampotronShielded_Normal
[LOG 15:08:00.032] Load DDS texture: Squad/Parts/Utility/dockingPortShielded/DockingPorts_Clampotron_Diffuse
[LOG 15:08:00.037] Load DDS texture: Squad/Parts/Utility/dockingPortShielded/DockingPorts_Clampotron_Emissive
[LOG 15:08:00.039] Load DDS texture: Squad/Parts/Utility/dockingPortShielded/DockingPorts_Clampotron_Normal
[LOG 15:08:00.042] Load DDS texture: Squad/Parts/Utility/dockingPortSr/Arrow Pointer
[LOG 15:08:00.043] Load DDS texture: Squad/Parts/Utility/dockingPortSr/ClampotronSr_ClampotronSr_Diffuse
[LOG 15:08:00.047] Load DDS texture: Squad/Parts/Utility/dockingPortSr/ClampotronSr_ClampotronSr_Diffuse_gray
[LOG 15:08:00.051] Load DDS texture: Squad/Parts/Utility/dockingPortSr/ClampotronSr_ClampotronSr_Emissive
[LOG 15:08:00.052] Load DDS texture: Squad/Parts/Utility/dockingPortSr/ClampotronSr_ClampotronSr_Normal
[LOG 15:08:00.055] Load Cached PNG Texture: Squad/Parts/Utility/Fireworks/Assets/fireworks_launcher_big 1
[LOG 15:08:00.058] Load Cached PNG Texture: Squad/Parts/Utility/Fireworks/Assets/fireworks_launcher_big
[LOG 15:08:00.060] Load Cached PNG Texture: Squad/Parts/Utility/flags/backgroundTextures/dark_background
[LOG 15:08:00.061] Load Cached PNG Texture: Squad/Parts/Utility/flags/backgroundTextures/orange_background
[LOG 15:08:00.061] Load Cached PNG Texture: Squad/Parts/Utility/flags/backgroundTextures/white_background
[LOG 15:08:00.061] Load DDS texture: Squad/Parts/Utility/GrapplingDevice/grabberDiffuse
[LOG 15:08:00.062] Load DDS texture: Squad/Parts/Utility/GrapplingDevice/grabberDiffuse_dark
[LOG 15:08:00.063] Load DDS texture: Squad/Parts/Utility/GrapplingDevice/grabberNRM
[LOG 15:08:00.064] Load DDS texture: Squad/Parts/Utility/GrapplingDevice/window
[LOG 15:08:00.064] Load DDS texture: Squad/Parts/Utility/ladderRadial/model000
[LOG 15:08:00.064] Load DDS texture: Squad/Parts/Utility/ladderTelescopic/model000
[LOG 15:08:00.064] Load DDS texture: Squad/Parts/Utility/ladderTelescopic/model001
[LOG 15:08:00.066] Load DDS texture: Squad/Parts/Utility/ladderTelescopic/model002
[LOG 15:08:00.066] Load DDS texture: Squad/Parts/Utility/ladderTelescopicBay/model000
[LOG 15:08:00.067] Load DDS texture: Squad/Parts/Utility/ladderTelescopicBay/model001
[LOG 15:08:00.073] Load DDS texture: Squad/Parts/Utility/landingLegLT-1/ksp_r_landingStrut_diff
[LOG 15:08:00.073] Load DDS texture: Squad/Parts/Utility/landingLegLT-2/landingLeg
[LOG 15:08:00.073] Load DDS texture: Squad/Parts/Utility/landingLegLT-5/leg
[LOG 15:08:00.073] Load DDS texture: Squad/Parts/Utility/landingLegLT-5/model000
[LOG 15:08:00.073] Load DDS texture: Squad/Parts/Utility/launchClamp1/model000
[LOG 15:08:00.073] Load DDS texture: Squad/Parts/Utility/launchClamp1/model001
[LOG 15:08:00.073] Load DDS texture: Squad/Parts/Utility/launchEscapeSystem/LES_Diffuse
[LOG 15:08:00.074] Load DDS texture: Squad/Parts/Utility/Lights/Assets/Lights_Attacheable_Lights_Diffuse
[LOG 15:08:00.075] Load DDS texture: Squad/Parts/Utility/Lights/Assets/Lights_Attacheable_Lights_Diffuse_white
[LOG 15:08:00.075] Load DDS texture: Squad/Parts/Utility/Lights/Assets/Lights_Attacheable_Lights_Emissive
[LOG 15:08:00.075] Load DDS texture: Squad/Parts/Utility/Lights/Assets/Lights_Attacheable_Lights_Normal
[LOG 15:08:00.075] Load DDS texture: Squad/Parts/Utility/Lights/Assets/Lights_Rectangle_Light_Diffuse
[LOG 15:08:00.078] Load DDS texture: Squad/Parts/Utility/Lights/Assets/Lights_Rectangle_Light_Diffuse_white
[LOG 15:08:00.082] Load DDS texture: Squad/Parts/Utility/Lights/Assets/Lights_Rectangle_Light_Emissive
[LOG 15:08:00.087] Load DDS texture: Squad/Parts/Utility/Lights/Assets/Lights_Rectangle_Light_Normal
[LOG 15:08:00.090] Load DDS texture: Squad/Parts/Utility/Lights/Assets/Lights_Worklights_Diffuse
[LOG 15:08:00.092] Load DDS texture: Squad/Parts/Utility/Lights/Assets/Lights_Worklights_Emissive
[LOG 15:08:00.093] Load DDS texture: Squad/Parts/Utility/Lights/Assets/Lights_Worklights_Normal
[LOG 15:08:00.093] Load DDS texture: Squad/Parts/Utility/Lights/Assets/Spotlight_Attacheable_Lights_Diffuse
[LOG 15:08:00.093] Load DDS texture: Squad/Parts/Utility/Lights/Assets/Spotlight_Attacheable_Lights_Diffuse_white
[LOG 15:08:00.094] Load DDS texture: Squad/Parts/Utility/Lights/Assets/Spotlight_Attacheable_Lights_Emissive
[LOG 15:08:00.094] Load DDS texture: Squad/Parts/Utility/Lights/Assets/Spotlight_Attacheable_Lights_Normal
[LOG 15:08:00.094] Load DDS texture: Squad/Parts/Utility/linearVernorRCS/Assets/linear_vernor_diffuse
[LOG 15:08:00.094] Load DDS texture: Squad/Parts/Utility/linearVernorRCS/Assets/linear_vernor_emissive
[LOG 15:08:00.094] Load DDS texture: Squad/Parts/Utility/linearVernorRCS/Assets/linear_vernor_normalDummy
[LOG 15:08:00.094] Load DDS texture: Squad/Parts/Utility/linearVernorRCS/Assets/linear_vernor_specular
[LOG 15:08:00.094] Load DDS texture: Squad/Parts/Utility/mk2CargoBay/mk2CargoBay
[LOG 15:08:00.095] Load DDS texture: Squad/Parts/Utility/mk2CrewCabin/mk2CrewCabin
[LOG 15:08:00.095] Load DDS texture: Squad/Parts/Utility/mk2CrewCabin/mk2CrewCabin_LUM
[LOG 15:08:00.095] Load DDS texture: Squad/Parts/Utility/mk2DockingPort/Arrow Pointer
[LOG 15:08:00.095] Load DDS texture: Squad/Parts/Utility/mk2DockingPort/Mk2Clampotron_Caps_Diffuse
[LOG 15:08:00.095] Load DDS texture: Squad/Parts/Utility/mk2DockingPort/Mk2Clampotron_Caps_Emmisive
[LOG 15:08:00.095] Load DDS texture: Squad/Parts/Utility/mk2DockingPort/Mk2Clampotron_Caps_Normal
[LOG 15:08:00.095] Load DDS texture: Squad/Parts/Utility/mk2DockingPort/Mk2Clampotron_Mk2Clampotron_Diffuse
[LOG 15:08:00.099] Load DDS texture: Squad/Parts/Utility/mk2DockingPort/Mk2Clampotron_Mk2Clampotron_Emissive
[LOG 15:08:00.100] Load DDS texture: Squad/Parts/Utility/mk2DockingPort/Mk2Clampotron_Mk2Clampotron_Normal
[LOG 15:08:00.103] Load DDS texture: Squad/Parts/Utility/mk2DockingPort/mk2DockingPort
[LOG 15:08:00.104] Load DDS texture: Squad/Parts/Utility/mk3CargoBay/Mk3CargoBay
[LOG 15:08:00.106] Load DDS texture: Squad/Parts/Utility/parachuteMk1/model000
[LOG 15:08:00.106] Load DDS texture: Squad/Parts/Utility/parachuteMk1/model001
[LOG 15:08:00.106] Load DDS texture: Squad/Parts/Utility/parachuteMk12-R/model000
[LOG 15:08:00.106] Load DDS texture: Squad/Parts/Utility/parachuteMk12-R/model001
[LOG 15:08:00.106] Load DDS texture: Squad/Parts/Utility/parachuteMk16-XL/model000
[LOG 15:08:00.106] Load DDS texture: Squad/Parts/Utility/parachuteMk16-XL/model001
[LOG 15:08:00.106] Load DDS texture: Squad/Parts/Utility/parachuteMk2-R/model000
[LOG 15:08:00.106] Load DDS texture: Squad/Parts/Utility/parachuteMk2-R/model001
[LOG 15:08:00.106] Load DDS texture: Squad/Parts/Utility/parachuteMk25/model000
[LOG 15:08:00.108] Load DDS texture: Squad/Parts/Utility/parachuteMk25/model001
[LOG 15:08:00.108] Load DDS texture: Squad/Parts/Utility/radialAttachmentPoint/model000
[LOG 15:08:00.108] Load DDS texture: Squad/Parts/Utility/radialAttachmentPoint/model001
[LOG 15:08:00.108] Load DDS texture: Squad/Parts/Utility/rcsBlockRV-105_v2/rcsBlock_diffuse
[LOG 15:08:00.108] Load DDS texture: Squad/Parts/Utility/rcsBlockRV-105_v2/rcsThrusterBlock_normal
[LOG 15:08:00.108] Load DDS texture: Squad/Parts/Utility/rcsBlockRV-105_v2/rcsThruster_emissive
[LOG 15:08:00.108] Load DDS texture: Squad/Parts/Utility/rcsBlockRV-105_v2/rcsThruster_specular
[LOG 15:08:00.108] Load DDS texture: Squad/Parts/Utility/rcsBlockRV-105_v2/RCS_Block_Diffuse
[LOG 15:08:00.108] Load DDS texture: Squad/Parts/Utility/rcsBlockRV-105_v2/RCS_Block_Emissive
[LOG 15:08:00.108] Load DDS texture: Squad/Parts/Utility/rcsBlockRV-105_v2/RCS_Block_Normal
[LOG 15:08:00.109] Load DDS texture: Squad/Parts/Utility/rcsBlockRV-105_v2/RCS_Block_Specular
[LOG 15:08:00.109] Load DDS texture: Squad/Parts/Utility/rcsSmallLinear/Assets/RCS_Linear_Base_Diffuse
[LOG 15:08:00.109] Load DDS texture: Squad/Parts/Utility/rcsSmallLinear/Assets/RCS_Linear_Diffuse
[LOG 15:08:00.109] Load DDS texture: Squad/Parts/Utility/rcsSmallLinear/Assets/RCS_Linear_Emissive
[LOG 15:08:00.109] Load DDS texture: Squad/Parts/Utility/rcsSmallLinear/Assets/RCS_Linear_Normal
[LOG 15:08:00.109] Load DDS texture: Squad/Parts/Utility/rcsSmallLinear/Assets/RCS_Linear_Specular
[LOG 15:08:00.109] Load DDS texture: Squad/Parts/Utility/RelayAntennas/DishAntenna
[LOG 15:08:00.109] Load DDS texture: Squad/Parts/Utility/RelayAntennas/MiniAntenna
[LOG 15:08:00.109] Load DDS texture: Squad/Parts/Utility/rockomaxAdapters/Assets/Rockomax_Adapters_diffuse
[LOG 15:08:00.110] Load DDS texture: Squad/Parts/Utility/rockomaxAdapters/Assets/Rockomax_Adapters_diffuse_O
[LOG 15:08:00.111] Load DDS texture: Squad/Parts/Utility/rockomaxAdapters/Assets/Rockomax_Adapters_diffuse_W
[LOG 15:08:00.112] Load DDS texture: Squad/Parts/Utility/rockomaxAdapters/Assets/Rockomax_Adapters_normal
[LOG 15:08:00.113] Load DDS texture: Squad/Parts/Utility/rockomaxAdapters/Assets/Rockomax_Adapters_normal_O
[LOG 15:08:00.114] Load DDS texture: Squad/Parts/Utility/ServiceBay/ServiceBay
[LOG 15:08:00.114] Load Cached PNG Texture: Squad/Parts/Utility/ServiceBay_v2/Assets/Scratch
[LOG 15:08:00.114] Load Cached PNG Texture: Squad/Parts/Utility/ServiceBay_v2/Assets/ServiceBay_bump
[LOG 15:08:00.115] Load Cached PNG Texture: Squad/Parts/Utility/ServiceBay_v2/Assets/ServiceBay_v2
[LOG 15:08:00.115] Load DDS texture: Squad/Parts/Utility/smallClaw/grabberSmallDiffuse
[LOG 15:08:00.116] Load DDS texture: Squad/Parts/Utility/smallClaw/grabberSmallDiffuseDark
[LOG 15:08:00.116] Load DDS texture: Squad/Parts/Utility/smallClaw/grabberSmallNRM
[LOG 15:08:00.116] Load DDS texture: Squad/Parts/Utility/smallClaw/window
[LOG 15:08:00.116] Load DDS texture: Squad/Parts/Utility/spotLightMk1/light1
[LOG 15:08:00.116] Load DDS texture: Squad/Parts/Utility/spotLightMk1/light1_em
[LOG 15:08:00.116] Load DDS texture: Squad/Parts/Utility/spotLightMk1_v2/spotLightMk1_Diffuse
[LOG 15:08:00.116] Load DDS texture: Squad/Parts/Utility/spotLightMk1_v2/spotLightMk1_Diffuse_white
[LOG 15:08:00.116] Load DDS texture: Squad/Parts/Utility/spotLightMk1_v2/spotLightMk1_Emissive
[LOG 15:08:00.117] Load DDS texture: Squad/Parts/Utility/spotLightMk1_v2/spotLightMk1_Normal
[LOG 15:08:00.117] Load DDS texture: Squad/Parts/Utility/spotLightMk2/light2
[LOG 15:08:00.117] Load DDS texture: Squad/Parts/Utility/spotLightMk2/light2_em
[LOG 15:08:00.117] Load DDS texture: Squad/Parts/Utility/spotLightMk2_v2/spotLightMk2_Diffuse
[LOG 15:08:00.117] Load DDS texture: Squad/Parts/Utility/spotLightMk2_v2/spotLightMk2_Diffuse_white
[LOG 15:08:00.117] Load DDS texture: Squad/Parts/Utility/spotLightMk2_v2/spotLightMk2_Emissive
[LOG 15:08:00.117] Load DDS texture: Squad/Parts/Utility/spotLightMk2_v2/spotLightMk2_Normal
[LOG 15:08:00.117] Load DDS texture: Squad/Parts/Utility/stackCouplers/Assets/stackCouplersDiffuse
[LOG 15:08:00.118] Load DDS texture: Squad/Parts/Utility/stackCouplers/Assets/stackCouplersDiffuse_Dark
[LOG 15:08:00.118] Load DDS texture: Squad/Parts/Utility/stackCouplers/Assets/stackCouplersDiffuse_Orange
[LOG 15:08:00.119] Load DDS texture: Squad/Parts/Utility/stackCouplers/Assets/stackCouplers_NRM
[LOG 15:08:00.119] Load DDS texture: Squad/Parts/Utility/stackCouplers/Assets/stackCouplers_Orange_NRM
[LOG 15:08:00.120] Load DDS texture: Squad/Parts/Wheel/LandingGear/Flare
[LOG 15:08:00.120] Load DDS texture: Squad/Parts/Wheel/LandingGear/LandingGear
[LOG 15:08:00.121] Load DDS texture: Squad/Parts/Wheel/LandingGear/LandingGear_Emissive
[LOG 15:08:00.121] Load DDS texture: Squad/Parts/Wheel/roverWheelM1/model000
[LOG 15:08:00.121] Load DDS texture: Squad/Parts/Wheel/roverWheelM1/roverwheel1
[LOG 15:08:00.121] Load DDS texture: Squad/Parts/Wheel/roverWheelS2/model000
[LOG 15:08:00.121] Load DDS texture: Squad/Parts/Wheel/roverWheelS2/model001
[LOG 15:08:00.121] Load DDS texture: Squad/Parts/Wheel/roverWheelS2/roverwheel2
[LOG 15:08:00.122] Load DDS texture: Squad/Parts/Wheel/roverWheelS2/roverwheel2_n
[LOG 15:08:00.122] Load DDS texture: Squad/Parts/Wheel/roverWheelTR-2L/ksp_r_medWheel_diff
[LOG 15:08:00.122] Load DDS texture: Squad/Parts/Wheel/roverWheelTR-2L/ksp_r_medWheel_normal
[LOG 15:08:00.122] Load DDS texture: Squad/Parts/Wheel/roverWheelTR-2L/ksp_r_medWheel_wheel_diff
[LOG 15:08:00.123] Load DDS texture: Squad/Parts/Wheel/roverWheelTR-2L/ksp_r_medWheel_wheel_normal
[LOG 15:08:00.124] Load DDS texture: Squad/Parts/Wheel/roverWheelXL3/mount
[LOG 15:08:00.124] Load DDS texture: Squad/Parts/Wheel/roverWheelXL3/mount_n
[LOG 15:08:00.124] Load DDS texture: Squad/Parts/Wheel/roverWheelXL3/wheel
[LOG 15:08:00.124] Load DDS texture: Squad/Parts/Wheel/roverWheelXL3/wheel_n
[LOG 15:08:00.124] Load DDS texture: Squad/Props/AltimeterThreeHands/model000
[LOG 15:08:00.124] Load DDS texture: Squad/Props/AltimeterThreeHands/model001
[LOG 15:08:00.125] Load DDS texture: Squad/Props/AtmosphereDepth/model000
[LOG 15:08:00.125] Load DDS texture: Squad/Props/AtmosphereDepth/model001
[LOG 15:08:00.125] Load DDS texture: Squad/Props/AxisIndicator/model000
[LOG 15:08:00.125] Load DDS texture: Squad/Props/buttonsGeneric/ButtonsAndSwitches
[LOG 15:08:00.125] Load DDS texture: Squad/Props/ButtonSquare/model000
[LOG 15:08:00.125] Load DDS texture: Squad/Props/circularButton/model000
[LOG 15:08:00.125] Load DDS texture: Squad/Props/Compass/model000
[LOG 15:08:00.125] Load DDS texture: Squad/Props/directionalKnob/model000
[LOG 15:08:00.125] Load DDS texture: Squad/Props/directionalKnob2/model000
[LOG 15:08:00.125] Load DDS texture: Squad/Props/IndicatorPanel/model000
[LOG 15:08:00.126] Load DDS texture: Squad/Props/IndicatorPanel/model001
[LOG 15:08:00.126] Load DDS texture: Squad/Props/IVANavBall/Arrows8dir
[LOG 15:08:00.126] Load DDS texture: Squad/Props/IVANavBall/IVANavBall
[LOG 15:08:00.126] Load DDS texture: Squad/Props/IVANavBall/IVANavBall_Glow
[LOG 15:08:00.126] Load DDS texture: Squad/Props/IVANavBall/ManeuverNode_vectors
[LOG 15:08:00.126] Load DDS texture: Squad/Props/IVANavBall/navball2
[LOG 15:08:00.126] Load DDS texture: Squad/Props/IVANavBall/navBall_DV_IVA
[LOG 15:08:00.126] Load DDS texture: Squad/Props/IVANavBall/navBall_vectors_IVA
[LOG 15:08:00.126] Load Cached PNG Texture: Squad/Props/IVANavBallNoBase/Arrows8dir
[LOG 15:08:00.126] Load Cached PNG Texture: Squad/Props/IVANavBallNoBase/IVANavBall
[LOG 15:08:00.126] Load Cached PNG Texture: Squad/Props/IVANavBallNoBase/ManeuverNode_vectors
[LOG 15:08:00.126] Load Cached PNG Texture: Squad/Props/IVANavBallNoBase/navball2
[LOG 15:08:00.126] Load Cached PNG Texture: Squad/Props/IVANavBallNoBase/navBall_DV_IVA
[LOG 15:08:00.126] Load Cached PNG Texture: Squad/Props/IVANavBallNoBase/navBall_vectors_IVA
[LOG 15:08:00.126] Load DDS texture: Squad/Props/ledPanelSpeed/circularButton
[LOG 15:08:00.126] Load DDS texture: Squad/Props/ledPanelSpeed/ledPanel
[LOG 15:08:00.126] Load DDS texture: Squad/Props/Monitor/Emissives
[LOG 15:08:00.127] Load DDS texture: Squad/Props/Monitor/Emissives_glow
[LOG 15:08:00.127] Load DDS texture: Squad/Props/Monitor/Monitor
[LOG 15:08:00.127] Load DDS texture: Squad/Props/NavBall/GaugeGee
[LOG 15:08:00.127] Load DDS texture: Squad/Props/NavBall/GaugeThrottle
[LOG 15:08:00.127] Load DDS texture: Squad/Props/NavBall/model000
[LOG 15:08:00.127] Load DDS texture: Squad/Props/NavBall/model001
[LOG 15:08:00.127] Load DDS texture: Squad/Props/NavBall/model002
[LOG 15:08:00.127] Load DDS texture: Squad/Props/NavBall/model003
[LOG 15:08:00.127] Load DDS texture: Squad/Props/PropsGeneric/propsGeneric
[LOG 15:08:00.127] Load DDS texture: Squad/Props/pullSwitch/model000
[LOG 15:08:00.127] Load DDS texture: Squad/Props/pullSwitch/model001
[LOG 15:08:00.127] Load DDS texture: Squad/Props/radarAltitude/model000
[LOG 15:08:00.127] Load DDS texture: Squad/Props/squareButton/model000
[LOG 15:08:00.127] Load DDS texture: Squad/Props/standingSwitch/model000
[LOG 15:08:00.127] Load DDS texture: Squad/Props/standingSwitch/model001
[LOG 15:08:00.127] Load DDS texture: Squad/Props/switch/model000
[LOG 15:08:00.127] Load DDS texture: Squad/Props/switchGuard/model000
[LOG 15:08:00.127] Load DDS texture: Squad/Props/switchWithGuards/model000
[LOG 15:08:00.127] Load DDS texture: Squad/Props/switchWithGuards/model001
[LOG 15:08:00.127] Load DDS texture: Squad/Props/switchWithGuards/model002
[LOG 15:08:00.127] Load DDS texture: Squad/Props/throttle/model000
[LOG 15:08:00.127] Load DDS texture: Squad/Props/throttle/model001
[LOG 15:08:00.129] Load DDS texture: Squad/Props/VSI/model000
[LOG 15:08:00.129] Load DDS texture: Squad/Spaces/crewCabinInternals/model000
[LOG 15:08:00.129] Load DDS texture: Squad/Spaces/crewCabinInternals/model001
[LOG 15:08:00.131] Load DDS texture: Squad/Spaces/crewCabinInternals/model002
[LOG 15:08:00.131] Load DDS texture: Squad/Spaces/crewCabinInternals/model003
[LOG 15:08:00.132] Load DDS texture: Squad/Spaces/crewCabinInternals/model004
[LOG 15:08:00.132] Load DDS texture: Squad/Spaces/crewCabinInternals/model005
[LOG 15:08:00.132] Load DDS texture: Squad/Spaces/cupolaInternal/ksp_l_cupola_internal_diff
[LOG 15:08:00.135] Load DDS texture: Squad/Spaces/cupolaInternal/ksp_l_cupola_internal_normal
[LOG 15:08:00.138] Load DDS texture: Squad/Spaces/cupolaInternal/ksp_l_cupola_internal_windows_alpha
[LOG 15:08:00.139] Load DDS texture: Squad/Spaces/cupolaInternal/pilot Seat
[LOG 15:08:00.140] Load DDS texture: Squad/Spaces/GenericSpace1/model000
[LOG 15:08:00.141] Load DDS texture: Squad/Spaces/GenericSpace1/model001
[LOG 15:08:00.141] Load DDS texture: Squad/Spaces/GenericSpace1/model002
[LOG 15:08:00.142] Load DDS texture: Squad/Spaces/GenericSpace1/model003
[LOG 15:08:00.143] Load DDS texture: Squad/Spaces/GenericSpace1/model004
[LOG 15:08:00.145] Load DDS texture: Squad/Spaces/GenericSpace1/model005
[LOG 15:08:00.146] Load DDS texture: Squad/Spaces/GenericSpace3/model000
[LOG 15:08:00.146] Load DDS texture: Squad/Spaces/GenericSpace3/model001
[LOG 15:08:00.146] Load DDS texture: Squad/Spaces/GenericSpace3/model002
[LOG 15:08:00.147] Load DDS texture: Squad/Spaces/GenericSpace3/model003
[LOG 15:08:00.149] Load DDS texture: Squad/Spaces/GenericSpace3/model004
[LOG 15:08:00.149] Load DDS texture: Squad/Spaces/GenericSpace3/model005
[LOG 15:08:00.151] Load DDS texture: Squad/Spaces/GenericSpace3/model006
[LOG 15:08:00.152] Load DDS texture: Squad/Spaces/GenericSpace3/model007
[LOG 15:08:00.153] Load DDS texture: Squad/Spaces/landerCabinInternals/model000
[LOG 15:08:00.153] Load DDS texture: Squad/Spaces/landerCabinInternals/model001
[LOG 15:08:00.154] Load DDS texture: Squad/Spaces/landerCabinInternals/model002
[LOG 15:08:00.155] Load DDS texture: Squad/Spaces/landerCabinInternals/model003
[LOG 15:08:00.158] Load DDS texture: Squad/Spaces/landerCabinInternals/model004
[LOG 15:08:00.159] Load DDS texture: Squad/Spaces/landerCabinInternals/model005
[LOG 15:08:00.159] Load DDS texture: Squad/Spaces/landerCabinInternals/model006
[LOG 15:08:00.160] Load DDS texture: Squad/Spaces/landerCabinInternals/model007
[LOG 15:08:00.161] Load DDS texture: Squad/Spaces/landerCabinSmallInternal/ksp_s_landerCan_internal_diff
[LOG 15:08:00.163] Load DDS texture: Squad/Spaces/landerCabinSmallInternal/ksp_s_landerCan_internal_normal
[LOG 15:08:00.169] Load DDS texture: Squad/Spaces/landerCabinSmallInternal/ksp_s_landerCan_internal_window_alpha
[LOG 15:08:00.169] Load DDS texture: Squad/Spaces/landerCabinSmallInternal/pilot Seat
[LOG 15:08:00.170] Load DDS texture: Squad/Spaces/LargeCrewedLabInternals/Glass
[LOG 15:08:00.170] Load DDS texture: Squad/Spaces/LargeCrewedLabInternals/MPL_Int
[LOG 15:08:00.176] Load DDS texture: Squad/Spaces/LargeCrewedLabInternals/MPL_Int_n_NRM
[LOG 15:08:00.176] Load DDS texture: Squad/Spaces/Mk1-3/Mk1_3_IvaProps_Diffuse
[LOG 15:08:00.180] Load DDS texture: Squad/Spaces/Mk1-3/Mk1_3_IvaProps_Normal
[LOG 15:08:00.184] Load DDS texture: Squad/Spaces/Mk1-3/Mk1_3_IvaShell_Diffuse
[LOG 15:08:00.188] Load DDS texture: Squad/Spaces/Mk1-3/Mk1_3_IvaShell_Emissive
[LOG 15:08:00.192] Load DDS texture: Squad/Spaces/Mk1-3/Mk1_3_IvaShell_Normal
[LOG 15:08:00.197] Load DDS texture: Squad/Spaces/Mk1-3/pilot Seat
[LOG 15:08:00.198] Load DDS texture: Squad/Spaces/mk1CabinInternal/Cabin_Lightmap
[LOG 15:08:00.198] Load DDS texture: Squad/Spaces/mk1CabinInternal/CockpitGeneric
[LOG 15:08:00.198] Load DDS texture: Squad/Spaces/mk1CabinInternal/CockpitGeneric_NRM
[LOG 15:08:00.198] Load DDS texture: Squad/Spaces/mk1CockpitInternal/CockpitGeneric
[LOG 15:08:00.199] Load DDS texture: Squad/Spaces/mk1CockpitInternal/CockpitGeneric_NRM
[LOG 15:08:00.199] Load DDS texture: Squad/Spaces/mk1CockpitInternal/IVAMAP
[LOG 15:08:00.199] Load DDS texture: Squad/Spaces/mk1CockpitInternal/Windows
[LOG 15:08:00.199] Load DDS texture: Squad/Spaces/mk1InlineInternal/Canopy
[LOG 15:08:00.199] Load DDS texture: Squad/Spaces/mk1InlineInternal/CockpitGeneric
[LOG 15:08:00.199] Load DDS texture: Squad/Spaces/mk1InlineInternal/CockpitGeneric_NRM
[LOG 15:08:00.199] Load DDS texture: Squad/Spaces/mk1InlineInternal/Mk1Inline_Lightmap
[LOG 15:08:00.199] Load DDS texture: Squad/Spaces/mk1PodCockpit/model000
[LOG 15:08:00.199] Load DDS texture: Squad/Spaces/mk1PodCockpit/model001
[LOG 15:08:00.200] Load DDS texture: Squad/Spaces/mk1PodCockpit/model002
[LOG 15:08:00.201] Load DDS texture: Squad/Spaces/mk1PodCockpit/model003
[LOG 15:08:00.201] Load DDS texture: Squad/Spaces/mk1PodCockpit/model004
[LOG 15:08:00.203] Load DDS texture: Squad/Spaces/mk1PodCockpit/model005
[LOG 15:08:00.203] Load DDS texture: Squad/Spaces/mk1PodCockpit/model006
[LOG 15:08:00.203] Load DDS texture: Squad/Spaces/mk1PodCockpit/model007
[LOG 15:08:00.203] Load DDS texture: Squad/Spaces/mk1pod_IVA/mk1pod_iva_props_diffuse
[LOG 15:08:00.209] Load DDS texture: Squad/Spaces/mk1pod_IVA/mk1pod_iva_props_emissive
[LOG 15:08:00.210] Load DDS texture: Squad/Spaces/mk1pod_IVA/mk1pod_iva_props_normal
[LOG 15:08:00.213] Load DDS texture: Squad/Spaces/mk1pod_IVA/mk1pod_iva_shell_diffuse
[LOG 15:08:00.219] Load DDS texture: Squad/Spaces/mk1pod_IVA/mk1pod_iva_shell_normal
[LOG 15:08:00.222] Load MBM texture: Squad/Spaces/mk1pod_IVA/pilot Seat
[LOG 15:08:00.257] Load DDS texture: Squad/Spaces/mk2CockpitStandardInternal/CargoBagA
[LOG 15:08:00.258] Load DDS texture: Squad/Spaces/mk2CockpitStandardInternal/Mk2StandardIVA
[LOG 15:08:00.258] Load DDS texture: Squad/Spaces/mk2CockpitStandardInternal/Pilotseat
[LOG 15:08:00.258] Load DDS texture: Squad/Spaces/mk2CockpitStandardInternal/Windows
[LOG 15:08:00.258] Load DDS texture: Squad/Spaces/Mk2CrewCabinInternal/CargoBagA
[LOG 15:08:00.258] Load DDS texture: Squad/Spaces/Mk2CrewCabinInternal/Glass
[LOG 15:08:00.258] Load DDS texture: Squad/Spaces/Mk2CrewCabinInternal/Mk2StandardIVA
[LOG 15:08:00.259] Load DDS texture: Squad/Spaces/Mk2CrewCabinInternal/Pilotseat
[LOG 15:08:00.259] Load DDS texture: Squad/Spaces/mk2InlineInternal/CockpitGeneric
[LOG 15:08:00.259] Load DDS texture: Squad/Spaces/mk2InlineInternal/CockpitGeneric_NRM
[LOG 15:08:00.259] Load DDS texture: Squad/Spaces/mk2InlineInternal/Mk2InlineLightmap
[LOG 15:08:00.260] Load DDS texture: Squad/Spaces/mk2InlineInternal/propsGeneric
[LOG 15:08:00.260] Load DDS texture: Squad/Spaces/mk2LanderCanInternal/mk2LanderCan_props_diffuse
[LOG 15:08:00.264] Load DDS texture: Squad/Spaces/mk2LanderCanInternal/mk2LanderCan_props_normal
[LOG 15:08:00.267] Load DDS texture: Squad/Spaces/mk2LanderCanInternal/mk2LanderCan_shell_diffuse
[LOG 15:08:00.271] Load DDS texture: Squad/Spaces/mk2LanderCanInternal/mk2LanderCan_shell_normal
[LOG 15:08:00.276] Load MBM texture: Squad/Spaces/mk2LanderCanInternal/pilot Seat
[LOG 15:08:00.311] Load DDS texture: Squad/Spaces/MK3CockpitInternal/Glass
[LOG 15:08:00.311] Load DDS texture: Squad/Spaces/MK3CockpitInternal/Mk2StandardIVA
[LOG 15:08:00.312] Load DDS texture: Squad/Spaces/MK3_CrewCab_Int/Glass
[LOG 15:08:00.312] Load DDS texture: Squad/Spaces/MK3_CrewCab_Int/GlassMK3CC
[LOG 15:08:00.312] Load DDS texture: Squad/Spaces/MK3_CrewCab_Int/Mk2StandardIVA
[LOG 15:08:00.312] Load DDS texture: Squad/Spaces/MK3_CrewCab_Int/MK3_CrewCab_Int
[LOG 15:08:00.312] Load DDS texture: Squad/Spaces/MK3_CrewCab_Int/MK3_CrewCab_Int_n
[LOG 15:08:00.312] Load DDS texture: Squad/Spaces/MK3_CrewCab_Int/Pilotseat
[LOG 15:08:00.313] Load DDS texture: Squad/Spaces/Placeholder/PlaceholderIVA
[LOG 15:08:00.313] Load DDS texture: Squad/Spaces/PodCockpit/model000
[LOG 15:08:00.313] Load DDS texture: Squad/Spaces/PodCockpit/model001
[LOG 15:08:00.314] Load DDS texture: Squad/Spaces/PodCockpit/model002
[LOG 15:08:00.314] Load DDS texture: Squad/Spaces/PodCockpit/model003
[LOG 15:08:00.315] Load DDS texture: Squad/Spaces/PodCockpit/model004
[LOG 15:08:00.316] Load DDS texture: Squad/Spaces/PodCockpit/model005
[LOG 15:08:00.317] Load DDS texture: Squad/Spaces/PodCockpit/model006
[LOG 15:08:00.317] Load DDS texture: Squad/Spaces/PodCockpit/model007
[LOG 15:08:00.318] Load DDS texture: Squad/Spaces/sharedAssets/CockpitGeneric
[LOG 15:08:00.319] Load DDS texture: Squad/Spaces/sharedAssets/CockpitGeneric_NRM
[LOG 15:08:00.319] Load Cached PNG Texture: Squad/Strategies/Icons/AggressiveNegotiations
[LOG 15:08:00.319] Load Cached PNG Texture: Squad/Strategies/Icons/AppreciationCampaign
[LOG 15:08:00.319] Load Cached PNG Texture: Squad/Strategies/Icons/BailOutGrant
[LOG 15:08:00.319] Load Cached PNG Texture: Squad/Strategies/Icons/FundraisingCampaign
[LOG 15:08:00.319] Load Cached PNG Texture: Squad/Strategies/Icons/LeadershipInitiative
[LOG 15:08:00.319] Load Cached PNG Texture: Squad/Strategies/Icons/OpenSourceTechProgram
[LOG 15:08:00.320] Load Cached PNG Texture: Squad/Strategies/Icons/OutsourcedResearch
[LOG 15:08:00.320] Load Cached PNG Texture: Squad/Strategies/Icons/PatentsLicensing
[LOG 15:08:00.320] Load Cached PNG Texture: Squad/Strategies/Icons/RecoveryTransponderFitting
[LOG 15:08:00.320] Load Cached PNG Texture: Squad/Strategies/Icons/ResearchRightsSellOut
[LOG 15:08:00.320] Load Cached PNG Texture: Squad/Strategies/Icons/UnpaidResearchProgram
[LOG 15:08:00.320] Load Cached PNG Texture: Squad/Tutorials/ChuteColors
[LOG 15:08:00.320] Load DDS texture: Squad/Tutorials/EditorCoM
[LOG 15:08:00.320] Load Cached PNG Texture: Squad/Tutorials/EditorSnap
[LOG 15:08:00.320] Load Cached PNG Texture: Squad/Tutorials/EditorSnap4x
[LOG 15:08:00.320] Load Cached PNG Texture: Squad/Tutorials/EditorSymm
[LOG 15:08:00.320] Load Cached PNG Texture: Squad/Tutorials/StagingStack
[LOG 15:08:00.320] Load PNG texture: Squad/Tutorials/YPRDiagram
[WRN 15:08:00.321] Texture isn't eligible for DXT compression, width and height must be multiples of 4
[LOG 15:08:00.321] Load Cached PNG Texture: SquadExpansion/MakingHistory/Banners/Fail/default
[LOG 15:08:00.322] Load Cached PNG Texture: SquadExpansion/MakingHistory/Banners/Fail/fail01
[LOG 15:08:00.322] Load Cached PNG Texture: SquadExpansion/MakingHistory/Banners/Fail/fail02
[LOG 15:08:00.322] Load PNG texture: SquadExpansion/MakingHistory/Banners/Menu/default
[WRN 15:08:00.325] Texture isn't eligible for DXT compression, width and height must be multiples of 4
[LOG 15:08:00.325] Load PNG texture: SquadExpansion/MakingHistory/Banners/Menu/MBanner_01
[WRN 15:08:00.329] Texture isn't eligible for DXT compression, width and height must be multiples of 4
[LOG 15:08:00.330] Load PNG texture: SquadExpansion/MakingHistory/Banners/Menu/MBanner_02
[WRN 15:08:00.333] Texture isn't eligible for DXT compression, width and height must be multiples of 4
[LOG 15:08:00.333] Load PNG texture: SquadExpansion/MakingHistory/Banners/Menu/MBanner_03
[WRN 15:08:00.336] Texture isn't eligible for DXT compression, width and height must be multiples of 4
[LOG 15:08:00.336] Load Cached PNG Texture: SquadExpansion/MakingHistory/Banners/Success/default
[LOG 15:08:00.336] Load Cached PNG Texture: SquadExpansion/MakingHistory/Banners/Success/success01
[LOG 15:08:00.336] Load Cached PNG Texture: SquadExpansion/MakingHistory/Banners/Success/success02
[LOG 15:08:00.336] Load Cached PNG Texture: SquadExpansion/MakingHistory/Missions/Acapello 13/Banners/Fail/fail01
[LOG 15:08:00.336] Load PNG texture: SquadExpansion/MakingHistory/Missions/Acapello 13/Banners/Menu/Mun
[WRN 15:08:00.339] Texture isn't eligible for DXT compression, width and height must be multiples of 4
[LOG 15:08:00.339] Load Cached PNG Texture: SquadExpansion/MakingHistory/Missions/Acapello 13/Banners/Success/success01
[LOG 15:08:00.339] Load Cached PNG Texture: SquadExpansion/MakingHistory/Missions/Acapello 15/Banners/Fail/default
[LOG 15:08:00.339] Load Cached PNG Texture: SquadExpansion/MakingHistory/Missions/Acapello 15/Banners/Fail/fail02
[LOG 15:08:00.339] Load PNG texture: SquadExpansion/MakingHistory/Missions/Acapello 15/Banners/Menu/default
[WRN 15:08:00.341] Texture isn't eligible for DXT compression, width and height must be multiples of 4
[LOG 15:08:00.341] Load Cached PNG Texture: SquadExpansion/MakingHistory/Missions/Acapello 15/Banners/Success/default
[LOG 15:08:00.341] Load Cached PNG Texture: SquadExpansion/MakingHistory/Missions/Blue Mun/Banners/Fail/fail01
[LOG 15:08:00.341] Load PNG texture: SquadExpansion/MakingHistory/Missions/Blue Mun/Banners/Menu/default
[WRN 15:08:00.343] Texture isn't eligible for DXT compression, width and height must be multiples of 4
[LOG 15:08:00.347] Load Cached PNG Texture: SquadExpansion/MakingHistory/Missions/Blue Mun/Banners/Success/success02
[LOG 15:08:00.347] Load Cached PNG Texture: SquadExpansion/MakingHistory/Missions/Dawn of the Space Age/Banners/Fail/default
[LOG 15:08:00.347] Load PNG texture: SquadExpansion/MakingHistory/Missions/Dawn of the Space Age/Banners/Menu/default
[WRN 15:08:00.351] Texture isn't eligible for DXT compression, width and height must be multiples of 4
[LOG 15:08:00.351] Load Cached PNG Texture: SquadExpansion/MakingHistory/Missions/Dawn of the Space Age/Banners/Success/default
[LOG 15:08:00.351] Load Cached PNG Texture: SquadExpansion/MakingHistory/Missions/Meet Me in Zero G/Banners/Fail/default
[LOG 15:08:00.351] Load Cached PNG Texture: SquadExpansion/MakingHistory/Missions/Meet Me in Zero G/Banners/Fail/fail01
[LOG 15:08:00.352] Load PNG texture: SquadExpansion/MakingHistory/Missions/Meet Me in Zero G/Banners/Menu/default
[WRN 15:08:00.353] Texture isn't eligible for DXT compression, width and height must be multiples of 4
[LOG 15:08:00.354] Load Cached PNG Texture: SquadExpansion/MakingHistory/Missions/Meet Me in Zero G/Banners/Success/default
[LOG 15:08:00.354] Load Cached PNG Texture: SquadExpansion/MakingHistory/Missions/Meet Me in Zero G/Banners/Success/success02
[LOG 15:08:00.354] Load Cached PNG Texture: SquadExpansion/MakingHistory/Missions/Munar 1/Banners/Fail/default
[LOG 15:08:00.354] Load Cached PNG Texture: SquadExpansion/MakingHistory/Missions/Munar 1/Banners/Fail/fail02
[LOG 15:08:00.354] Load PNG texture: SquadExpansion/MakingHistory/Missions/Munar 1/Banners/Menu/default
[WRN 15:08:00.356] Texture isn't eligible for DXT compression, width and height must be multiples of 4
[LOG 15:08:00.356] Load Cached PNG Texture: SquadExpansion/MakingHistory/Missions/Munar 1/Banners/Success/default
[LOG 15:08:00.356] Load Cached PNG Texture: SquadExpansion/MakingHistory/Missions/Munar 1/Banners/Success/success01
[LOG 15:08:00.356] Load Cached PNG Texture: SquadExpansion/MakingHistory/Missions/Sally-Hut 1/Banners/Fail/default
[LOG 15:08:00.356] Load Cached PNG Texture: SquadExpansion/MakingHistory/Missions/Sally-Hut 1/Banners/Fail/fail01
[LOG 15:08:00.356] Load Cached PNG Texture: SquadExpansion/MakingHistory/Missions/Sally-Hut 1/Banners/Menu/bannerSatellite
[LOG 15:08:00.356] Load Cached PNG Texture: SquadExpansion/MakingHistory/Missions/Sally-Hut 1/Banners/Success/default
[LOG 15:08:00.357] Load Cached PNG Texture: SquadExpansion/MakingHistory/Missions/Sally-Hut 1/Banners/Success/success02
[LOG 15:08:00.357] Load Cached PNG Texture: SquadExpansion/MakingHistory/Missions/To the Mun Via Minmus/Banners/Fail/fail02
[LOG 15:08:00.357] Load PNG texture: SquadExpansion/MakingHistory/Missions/To the Mun Via Minmus/Banners/Menu/MissionBannerKerbin
[WRN 15:08:00.359] Texture isn't eligible for DXT compression, width and height must be multiples of 4
[LOG 15:08:00.360] Load Cached PNG Texture: SquadExpansion/MakingHistory/Missions/To the Mun Via Minmus/Banners/Success/success01
[LOG 15:08:00.360] Load Cached PNG Texture: SquadExpansion/MakingHistory/Missions/Trouble in the Void/Banners/Fail/fail01
[LOG 15:08:00.360] Load PNG texture: SquadExpansion/MakingHistory/Missions/Trouble in the Void/Banners/Menu/default
[WRN 15:08:00.362] Texture isn't eligible for DXT compression, width and height must be multiples of 4
[LOG 15:08:00.362] Load Cached PNG Texture: SquadExpansion/MakingHistory/Missions/Trouble in the Void/Banners/Success/success02
[LOG 15:08:00.362] Load Cached PNG Texture: SquadExpansion/MakingHistory/Missions/Ziggy Kerman and the Spiders from Duna/Banners/Fail/fail02
[LOG 15:08:00.362] Load Cached PNG Texture: SquadExpansion/MakingHistory/Missions/Ziggy Kerman and the Spiders from Duna/Banners/Menu/bannerSatellite
[LOG 15:08:00.362] Load Cached PNG Texture: SquadExpansion/MakingHistory/Missions/Ziggy Kerman and the Spiders from Duna/Banners/Success/success01
[LOG 15:08:00.362] Load Cached PNG Texture: SquadExpansion/MakingHistory/Parts/@thumbs/Decoupler.1p5_icon0
[LOG 15:08:00.362] Load Cached PNG Texture: SquadExpansion/MakingHistory/Parts/@thumbs/Decoupler.1p5_icon1
[LOG 15:08:00.362] Load Cached PNG Texture: SquadExpansion/MakingHistory/Parts/@thumbs/EquiTriangle0_icon0
[LOG 15:08:00.362] Load Cached PNG Texture: SquadExpansion/MakingHistory/Parts/@thumbs/EquiTriangle0_icon1
[LOG 15:08:00.362] Load Cached PNG Texture: SquadExpansion/MakingHistory/Parts/@thumbs/EquiTriangle0_icon2
[LOG 15:08:00.362] Load Cached PNG Texture: SquadExpansion/MakingHistory/Parts/@thumbs/EquiTriangle0_icon3
[LOG 15:08:00.362] Load Cached PNG Texture: SquadExpansion/MakingHistory/Parts/@thumbs/EquiTriangle1p5_icon0
[LOG 15:08:00.362] Load Cached PNG Texture: SquadExpansion/MakingHistory/Parts/@thumbs/EquiTriangle1p5_icon1
[LOG 15:08:00.362] Load Cached PNG Texture: SquadExpansion/MakingHistory/Parts/@thumbs/EquiTriangle1p5_icon2
[LOG 15:08:00.362] Load Cached PNG Texture: SquadExpansion/MakingHistory/Parts/@thumbs/EquiTriangle1p5_icon3
[LOG 15:08:00.363] Load Cached PNG Texture: SquadExpansion/MakingHistory/Parts/@thumbs/EquiTriangle1_icon0
[LOG 15:08:00.363] Load Cached PNG Texture: SquadExpansion/MakingHistory/Parts/@thumbs/EquiTriangle1_icon1
[LOG 15:08:00.363] Load Cached PNG Texture: SquadExpansion/MakingHistory/Parts/@thumbs/EquiTriangle1_icon2
[LOG 15:08:00.363] Load Cached PNG Texture: SquadExpansion/MakingHistory/Parts/@thumbs/EquiTriangle1_icon3
[LOG 15:08:00.363] Load Cached PNG Texture: SquadExpansion/MakingHistory/Parts/@thumbs/EquiTriangle2_icon0
[LOG 15:08:00.363] Load Cached PNG Texture: SquadExpansion/MakingHistory/Parts/@thumbs/EquiTriangle2_icon1
[LOG 15:08:00.363] Load Cached PNG Texture: SquadExpansion/MakingHistory/Parts/@thumbs/EquiTriangle2_icon2
[LOG 15:08:00.363] Load Cached PNG Texture: SquadExpansion/MakingHistory/Parts/@thumbs/EquiTriangle2_icon3
[LOG 15:08:00.363] Load Cached PNG Texture: SquadExpansion/MakingHistory/Parts/@thumbs/HeatShield1p5_icon
[LOG 15:08:00.363] Load Cached PNG Texture: SquadExpansion/MakingHistory/Parts/@thumbs/InflatableAirlock_icon
[LOG 15:08:00.363] Load Cached PNG Texture: SquadExpansion/MakingHistory/Parts/@thumbs/LiquidEngineRV-1_icon
[LOG 15:08:00.363] Load Cached PNG Texture: SquadExpansion/MakingHistory/Parts/@thumbs/monopropMiniSphere_icon
[LOG 15:08:00.363] Load Cached PNG Texture: SquadExpansion/MakingHistory/Parts/@thumbs/Panel0_icon0
[LOG 15:08:00.363] Load Cached PNG Texture: SquadExpansion/MakingHistory/Parts/@thumbs/Panel0_icon1
[LOG 15:08:00.363] Load Cached PNG Texture: SquadExpansion/MakingHistory/Parts/@thumbs/Panel0_icon2
[LOG 15:08:00.363] Load Cached PNG Texture: SquadExpansion/MakingHistory/Parts/@thumbs/Panel0_icon3
[LOG 15:08:00.363] Load Cached PNG Texture: SquadExpansion/MakingHistory/Parts/@thumbs/Panel1p5_icon0
[LOG 15:08:00.363] Load Cached PNG Texture: SquadExpansion/MakingHistory/Parts/@thumbs/Panel1p5_icon1
[LOG 15:08:00.363] Load Cached PNG Texture: SquadExpansion/MakingHistory/Parts/@thumbs/Panel1p5_icon2
[LOG 15:08:00.363] Load Cached PNG Texture: SquadExpansion/MakingHistory/Parts/@thumbs/Panel1p5_icon3
[LOG 15:08:00.367] Load Cached PNG Texture: SquadExpansion/MakingHistory/Parts/@thumbs/Panel1_icon0
[LOG 15:08:00.367] Load Cached PNG Texture: SquadExpansion/MakingHistory/Parts/@thumbs/Panel1_icon1
[LOG 15:08:00.367] Load Cached PNG Texture: SquadExpansion/MakingHistory/Parts/@thumbs/Panel1_icon2
[LOG 15:08:00.367] Load Cached PNG Texture: SquadExpansion/MakingHistory/Parts/@thumbs/Panel1_icon3
[LOG 15:08:00.367] Load Cached PNG Texture: SquadExpansion/MakingHistory/Parts/@thumbs/roverWheelM1-F_icon0
[LOG 15:08:00.368] Load Cached PNG Texture: SquadExpansion/MakingHistory/Parts/@thumbs/roverWheelM1-F_icon1
[LOG 15:08:00.368] Load Cached PNG Texture: SquadExpansion/MakingHistory/Parts/@thumbs/Separator.1p5_icon0
[LOG 15:08:00.368] Load Cached PNG Texture: SquadExpansion/MakingHistory/Parts/@thumbs/Separator.1p5_icon1
[LOG 15:08:00.368] Load Cached PNG Texture: SquadExpansion/MakingHistory/Parts/@thumbs/Size1p5.Strut.Decoupler_icon0
[LOG 15:08:00.368] Load Cached PNG Texture: SquadExpansion/MakingHistory/Parts/@thumbs/Size1p5.Strut.Decoupler_icon1
[LOG 15:08:00.368] Load Cached PNG Texture: SquadExpansion/MakingHistory/Parts/@thumbs/Size1to0ServiceModule_icon
[LOG 15:08:00.368] Load Cached PNG Texture: SquadExpansion/MakingHistory/Parts/@thumbs/Triangle0_icon0
[LOG 15:08:00.368] Load Cached PNG Texture: SquadExpansion/MakingHistory/Parts/@thumbs/Triangle0_icon1
[LOG 15:08:00.368] Load Cached PNG Texture: SquadExpansion/MakingHistory/Parts/@thumbs/Triangle0_icon2
[LOG 15:08:00.368] Load Cached PNG Texture: SquadExpansion/MakingHistory/Parts/@thumbs/Triangle0_icon3
[LOG 15:08:00.368] Load Cached PNG Texture: SquadExpansion/MakingHistory/Parts/@thumbs/Triangle1p5_icon0
[LOG 15:08:00.368] Load Cached PNG Texture: SquadExpansion/MakingHistory/Parts/@thumbs/Triangle1p5_icon1
[LOG 15:08:00.368] Load Cached PNG Texture: SquadExpansion/MakingHistory/Parts/@thumbs/Triangle1p5_icon2
[LOG 15:08:00.368] Load Cached PNG Texture: SquadExpansion/MakingHistory/Parts/@thumbs/Triangle1p5_icon3
[LOG 15:08:00.368] Load Cached PNG Texture: SquadExpansion/MakingHistory/Parts/@thumbs/Triangle1_icon0
[LOG 15:08:00.368] Load Cached PNG Texture: SquadExpansion/MakingHistory/Parts/@thumbs/Triangle1_icon1
[LOG 15:08:00.368] Load Cached PNG Texture: SquadExpansion/MakingHistory/Parts/@thumbs/Triangle1_icon2
[LOG 15:08:00.368] Load Cached PNG Texture: SquadExpansion/MakingHistory/Parts/@thumbs/Triangle1_icon3
[LOG 15:08:00.368] Load Cached PNG Texture: SquadExpansion/MakingHistory/Parts/@thumbs/Triangle2_icon0
[LOG 15:08:00.368] Load Cached PNG Texture: SquadExpansion/MakingHistory/Parts/@thumbs/Triangle2_icon1
[LOG 15:08:00.368] Load Cached PNG Texture: SquadExpansion/MakingHistory/Parts/@thumbs/Triangle2_icon2
[LOG 15:08:00.369] Load Cached PNG Texture: SquadExpansion/MakingHistory/Parts/@thumbs/Triangle2_icon3
[LOG 15:08:00.369] Load Cached PNG Texture: SquadExpansion/MakingHistory/Parts/@thumbs/Tube1_icon0
[LOG 15:08:00.369] Load Cached PNG Texture: SquadExpansion/MakingHistory/Parts/@thumbs/Tube1_icon1
[LOG 15:08:00.369] Load Cached PNG Texture: SquadExpansion/MakingHistory/Parts/@thumbs/Tube1_icon2
[LOG 15:08:00.369] Load Cached PNG Texture: SquadExpansion/MakingHistory/Parts/@thumbs/Tube1_icon3
[LOG 15:08:00.369] Load Cached PNG Texture: SquadExpansion/MakingHistory/Parts/@thumbs/Tube1_icon4
[LOG 15:08:00.369] Load Cached PNG Texture: SquadExpansion/MakingHistory/Parts/Aero/protectiveRocketNoseMk5A/s1p5_cone
[LOG 15:08:00.369] Load Cached PNG Texture: SquadExpansion/MakingHistory/Parts/Aero/protectiveRocketNoseMk5A/s1p5_cone_Orange
[LOG 15:08:00.370] Load DDS texture: SquadExpansion/MakingHistory/Parts/Coupling/Assets/airlock
[LOG 15:08:00.370] Load DDS texture: SquadExpansion/MakingHistory/Parts/Coupling/Assets/airlock_N
[LOG 15:08:00.370] Load DDS texture: SquadExpansion/MakingHistory/Parts/Coupling/Assets/EnginePlate
[LOG 15:08:00.370] Load DDS texture: SquadExpansion/MakingHistory/Parts/Coupling/Assets/Size1_5_Decoupler_grey
[LOG 15:08:00.370] Load DDS texture: SquadExpansion/MakingHistory/Parts/Coupling/Assets/Size1_5_Decoupler_orange
[LOG 15:08:00.371] Load DDS texture: SquadExpansion/MakingHistory/Parts/Engine/Assets/KE-1
[LOG 15:08:00.371] Load DDS texture: SquadExpansion/MakingHistory/Parts/Engine/Assets/KE-1_BASE
[LOG 15:08:00.372] Load DDS texture: SquadExpansion/MakingHistory/Parts/Engine/Assets/LV-T87
[LOG 15:08:00.373] Load DDS texture: SquadExpansion/MakingHistory/Parts/Engine/Assets/LV-T91
[LOG 15:08:00.373] Load DDS texture: SquadExpansion/MakingHistory/Parts/Engine/Assets/RE-I2
[LOG 15:08:00.375] Load DDS texture: SquadExpansion/MakingHistory/Parts/Engine/Assets/RE-J10
[LOG 15:08:00.376] Load DDS texture: SquadExpansion/MakingHistory/Parts/Engine/Assets/RE-J10_N
[LOG 15:08:00.377] Load DDS texture: SquadExpansion/MakingHistory/Parts/Engine/Assets/RK-7
[LOG 15:08:00.379] Load DDS texture: SquadExpansion/MakingHistory/Parts/Engine/Assets/RK-7_N
[LOG 15:08:00.379] Load DDS texture: SquadExpansion/MakingHistory/Parts/Engine/solidBoosterTHK/SolidBoosterS2-17_emissive
[LOG 15:08:00.383] Load DDS texture: SquadExpansion/MakingHistory/Parts/Engine/solidBoosterTHK/solidBoosterTHK_diffuse
[LOG 15:08:00.386] Load DDS texture: SquadExpansion/MakingHistory/Parts/FuelTank/Assets/Size1p5_02
[LOG 15:08:00.387] Load DDS texture: SquadExpansion/MakingHistory/Parts/FuelTank/Assets/Size1p5_02_ALT01
[LOG 15:08:00.389] Load DDS texture: SquadExpansion/MakingHistory/Parts/FuelTank/Assets/Size1p5_02_ALT02
[LOG 15:08:00.390] Load DDS texture: SquadExpansion/MakingHistory/Parts/FuelTank/Assets/Size1p5_02_ALT02_normal
[LOG 15:08:00.391] Load DDS texture: SquadExpansion/MakingHistory/Parts/FuelTank/Assets/Size1p5_mono
[LOG 15:08:00.391] Load DDS texture: SquadExpansion/MakingHistory/Parts/FuelTank/Assets/Size1p5_mono_2
[LOG 15:08:00.392] Load DDS texture: SquadExpansion/MakingHistory/Parts/FuelTank/Assets/Size1p5_mono_N
[LOG 15:08:00.393] Load DDS texture: SquadExpansion/MakingHistory/Parts/FuelTank/Assets/Size1_5_TankAdapters
[LOG 15:08:00.393] Load DDS texture: SquadExpansion/MakingHistory/Parts/FuelTank/Assets/Size1_5_TankAdapters_ALT01
[LOG 15:08:00.394] Load DDS texture: SquadExpansion/MakingHistory/Parts/FuelTank/Assets/Size1_5_TankAdapters_ALT02
[LOG 15:08:00.394] Load DDS texture: SquadExpansion/MakingHistory/Parts/FuelTank/Assets/Size1_5_TankAdapters_ALT02nm
[LOG 15:08:00.396] Load DDS texture: SquadExpansion/MakingHistory/Parts/FuelTank/Assets/Size1_5_TankAdapters_N
[LOG 15:08:00.397] Load DDS texture: SquadExpansion/MakingHistory/Parts/FuelTank/Assets/Size1_5_Tanks
[LOG 15:08:00.397] Load DDS texture: SquadExpansion/MakingHistory/Parts/FuelTank/Assets/Size1_5_Tanks_ALT02
[LOG 15:08:00.399] Load DDS texture: SquadExpansion/MakingHistory/Parts/FuelTank/Assets/Size1_5_Tanks_ALT02_nm
[LOG 15:08:00.399] Load DDS texture: SquadExpansion/MakingHistory/Parts/FuelTank/Assets/Size1_5_Tanks_grey
[LOG 15:08:00.399] Load DDS texture: SquadExpansion/MakingHistory/Parts/FuelTank/Assets/Size4_Tanks
[LOG 15:08:00.403] Load DDS texture: SquadExpansion/MakingHistory/Parts/FuelTank/Assets/Size4_Tanks_N
[LOG 15:08:00.407] Load DDS texture: SquadExpansion/MakingHistory/Parts/Ground/Assets/RoverWheel
[LOG 15:08:00.407] Load DDS texture: SquadExpansion/MakingHistory/Parts/Ground/Assets/RoverWheelG
[LOG 15:08:00.407] Load DDS texture: SquadExpansion/MakingHistory/Parts/Payload/Assets/Size1to0ServiceBay
[LOG 15:08:00.408] Load DDS texture: SquadExpansion/MakingHistory/Parts/Payload/Assets/Size1to0ServiceBay_n
[LOG 15:08:00.409] Load DDS texture: SquadExpansion/MakingHistory/Parts/Payload/Assets/SM18_diffuse
[LOG 15:08:00.411] Load Cached PNG Texture: SquadExpansion/MakingHistory/Parts/Payload/Assets/SM18_NRM
[LOG 15:08:00.416] Load DDS texture: SquadExpansion/MakingHistory/Parts/Payload/Assets/SM18_specular
[LOG 15:08:00.421] Load DDS texture: SquadExpansion/MakingHistory/Parts/Payload/Assets/SM25_diffuse
[LOG 15:08:00.422] Load DDS texture: SquadExpansion/MakingHistory/Parts/Payload/Assets/SM25_normals
[LOG 15:08:00.423] Load DDS texture: SquadExpansion/MakingHistory/Parts/Pods/Assets/KV1
[LOG 15:08:00.424] Load DDS texture: SquadExpansion/MakingHistory/Parts/Pods/Assets/KV1_GLOW
[LOG 15:08:00.424] Load DDS texture: SquadExpansion/MakingHistory/Parts/Pods/Assets/KV2
[LOG 15:08:00.425] Load DDS texture: SquadExpansion/MakingHistory/Parts/Pods/Assets/KV3
[LOG 15:08:00.426] Load DDS texture: SquadExpansion/MakingHistory/Parts/Pods/Assets/Mk2Pod
[LOG 15:08:00.427] Load DDS texture: SquadExpansion/MakingHistory/Parts/Pods/Assets/Mk2Pod_GLOW
[LOG 15:08:00.427] Load DDS texture: SquadExpansion/MakingHistory/Parts/Pods/Assets/Mk2Pod_n
[LOG 15:08:00.429] Load DDS texture: SquadExpansion/MakingHistory/Parts/Pods/Assets/Size1_5_Lander
[LOG 15:08:00.430] Load DDS texture: SquadExpansion/MakingHistory/Parts/Pods/Assets/Size1_5_Lander_GLOW
[LOG 15:08:00.430] Load DDS texture: SquadExpansion/MakingHistory/Parts/SharedAssets/Shrouds
[LOG 15:08:00.432] Load DDS texture: SquadExpansion/MakingHistory/Parts/SharedAssets/Shrouds_N
[LOG 15:08:00.433] Load DDS texture: SquadExpansion/MakingHistory/Parts/Structural/Assets/NormalMap
[LOG 15:08:00.434] Load DDS texture: SquadExpansion/MakingHistory/Parts/Structural/Assets/Panels
[LOG 15:08:00.437] Load DDS texture: SquadExpansion/MakingHistory/Parts/Structural/Assets/Panels_Dark_D
[LOG 15:08:00.438] Load DDS texture: SquadExpansion/MakingHistory/Parts/Structural/Assets/Panels_Gold_D
[LOG 15:08:00.440] Load Cached PNG Texture: SquadExpansion/MakingHistory/Parts/Structural/Assets/Panels_Gold_NRM
[LOG 15:08:00.443] Load DDS texture: SquadExpansion/MakingHistory/Parts/Structural/Assets/Panels_Gold_S
[LOG 15:08:00.445] Load DDS texture: SquadExpansion/MakingHistory/Parts/Structural/Assets/Panels_Silver_D
[LOG 15:08:00.446] Load DDS texture: SquadExpansion/MakingHistory/Parts/Structural/Assets/Panels_Silver_S
[LOG 15:08:00.448] Load Cached PNG Texture: SquadExpansion/MakingHistory/Ships/@thumbs/VAB/Acapello
[LOG 15:08:00.448] Load Cached PNG Texture: SquadExpansion/MakingHistory/Ships/@thumbs/VAB/Beta Centaurus
[LOG 15:08:00.449] Load Cached PNG Texture: SquadExpansion/MakingHistory/Ships/@thumbs/VAB/Goliath II HLV
[LOG 15:08:00.450] Load Cached PNG Texture: SquadExpansion/MakingHistory/Ships/@thumbs/VAB/Muna 1
[LOG 15:08:00.450] Load Cached PNG Texture: SquadExpansion/MakingHistory/Ships/@thumbs/VAB/Sally-Hut 1
[LOG 15:08:00.450] Load Cached PNG Texture: SquadExpansion/MakingHistory/Ships/@thumbs/VAB/SWM-94 Communications Satellite
[LOG 15:08:00.450] Load Cached PNG Texture: SquadExpansion/MakingHistory/Ships/@thumbs/VAB/Valshkod 2
[LOG 15:08:00.450] Load DDS texture: SquadExpansion/MakingHistory/Spaces/KVPods/airlock
[LOG 15:08:00.450] Load DDS texture: SquadExpansion/MakingHistory/Spaces/KVPods/airlock_N
[LOG 15:08:00.450] Load DDS texture: SquadExpansion/MakingHistory/Spaces/KVPods/KV1_Props_Diffuse
[LOG 15:08:00.457] Load DDS texture: SquadExpansion/MakingHistory/Spaces/KVPods/KV1_Props_Normal
[LOG 15:08:00.460] Load DDS texture: SquadExpansion/MakingHistory/Spaces/KVPods/KV1_Shell_Diffuse
[LOG 15:08:00.464] Load DDS texture: SquadExpansion/MakingHistory/Spaces/KVPods/KV1_Shell_Emissive
[LOG 15:08:00.466] Load DDS texture: SquadExpansion/MakingHistory/Spaces/KVPods/KV1_Shell_Normal
[LOG 15:08:00.470] Load DDS texture: SquadExpansion/MakingHistory/Spaces/KVPods/KV1_Vzor_Diffuse
[LOG 15:08:00.471] Load DDS texture: SquadExpansion/MakingHistory/Spaces/KVPods/KV2_Props_Diffuse
[LOG 15:08:00.474] Load DDS texture: SquadExpansion/MakingHistory/Spaces/KVPods/KV2_Props_Emissive
[LOG 15:08:00.478] Load DDS texture: SquadExpansion/MakingHistory/Spaces/KVPods/KV2_Props_Normal
[LOG 15:08:00.483] Load DDS texture: SquadExpansion/MakingHistory/Spaces/KVPods/KV2_Shell_Diffuse
[LOG 15:08:00.487] Load DDS texture: SquadExpansion/MakingHistory/Spaces/KVPods/KV2_Shell_Normal
[LOG 15:08:00.491] Load DDS texture: SquadExpansion/MakingHistory/Spaces/KVPods/KV3_Props_Diffuse
[LOG 15:08:00.495] Load DDS texture: SquadExpansion/MakingHistory/Spaces/KVPods/KV3_Props_Normal
[LOG 15:08:00.499] Load DDS texture: SquadExpansion/MakingHistory/Spaces/KVPods/KV3_Shell_Diffuse
[LOG 15:08:00.502] Load DDS texture: SquadExpansion/MakingHistory/Spaces/KVPods/KV3_Shell_Normal
[LOG 15:08:00.505] Load DDS texture: SquadExpansion/MakingHistory/Spaces/KVPods/motor
[LOG 15:08:00.505] Load DDS texture: SquadExpansion/MakingHistory/Spaces/KVPods/pilot Seat
[LOG 15:08:00.506] Load DDS texture: SquadExpansion/MakingHistory/Spaces/MEM/PANELS_AO
[LOG 15:08:00.507] Load DDS texture: SquadExpansion/MakingHistory/Spaces/MEM/PANELS_EMISSIVE
[LOG 15:08:00.511] Load DDS texture: SquadExpansion/MakingHistory/Spaces/MEM/PANELS_NORMAL
[LOG 15:08:00.513] Load DDS texture: SquadExpansion/MakingHistory/Spaces/MEM/pilot Seat
[LOG 15:08:00.515] Load DDS texture: SquadExpansion/MakingHistory/Spaces/MEM/propsGeneric
[LOG 15:08:00.515] Load DDS texture: SquadExpansion/MakingHistory/Spaces/MEM/PROPS_AO
[LOG 15:08:00.520] Load DDS texture: SquadExpansion/MakingHistory/Spaces/MEM/PROPS_EMISSIVE
[LOG 15:08:00.520] Load DDS texture: SquadExpansion/MakingHistory/Spaces/MEM/PROPS_NORMAL
[LOG 15:08:00.523] Load DDS texture: SquadExpansion/MakingHistory/Spaces/Mk2Pod/DIfuse_controlboard
[LOG 15:08:00.532] Load DDS texture: SquadExpansion/MakingHistory/Spaces/Mk2Pod/Normal_controlbard
[LOG 15:08:00.537] Load DDS texture: SquadExpansion/MakingHistory/Spaces/Mk2Pod/Outershell_Base_Color
[LOG 15:08:00.541] Load DDS texture: SquadExpansion/MakingHistory/Spaces/Mk2Pod/Outershell_Normal
[LOG 15:08:00.544] Load DDS texture: SquadExpansion/MakingHistory/Spaces/Mk2Pod/pilot Seat
[LOG 15:08:00.545] Load Cached PNG Texture: SquadExpansion/Serenity/Parts/@thumbs/controller1000_icon
[LOG 15:08:00.545] Load Cached PNG Texture: SquadExpansion/Serenity/Parts/@thumbs/DeployedCentralStation_icon
[LOG 15:08:00.545] Load Cached PNG Texture: SquadExpansion/Serenity/Parts/@thumbs/DeployedGoExOb_icon
[LOG 15:08:00.545] Load Cached PNG Texture: SquadExpansion/Serenity/Parts/@thumbs/DeployedIONExp_icon
[LOG 15:08:00.547] Load Cached PNG Texture: SquadExpansion/Serenity/Parts/@thumbs/DeployedRTG_icon
[LOG 15:08:00.547] Load Cached PNG Texture: SquadExpansion/Serenity/Parts/@thumbs/DeployedSatDish_icon
[LOG 15:08:00.547] Load Cached PNG Texture: SquadExpansion/Serenity/Parts/@thumbs/DeployedSeismicSensor_icon
[LOG 15:08:00.547] Load Cached PNG Texture: SquadExpansion/Serenity/Parts/@thumbs/DeployedSolarPanel_icon
[LOG 15:08:00.547] Load Cached PNG Texture: SquadExpansion/Serenity/Parts/@thumbs/DeployedWeatherStn_icon
[LOG 15:08:00.547] Load Cached PNG Texture: SquadExpansion/Serenity/Parts/@thumbs/FanShroud.01_icon0
[LOG 15:08:00.547] Load Cached PNG Texture: SquadExpansion/Serenity/Parts/@thumbs/FanShroud.01_icon1
[LOG 15:08:00.547] Load Cached PNG Texture: SquadExpansion/Serenity/Parts/@thumbs/FanShroud.02_icon0
[LOG 15:08:00.547] Load Cached PNG Texture: SquadExpansion/Serenity/Parts/@thumbs/FanShroud.02_icon1
[LOG 15:08:00.548] Load Cached PNG Texture: SquadExpansion/Serenity/Parts/@thumbs/hinge.01.s_icon0
[LOG 15:08:00.548] Load Cached PNG Texture: SquadExpansion/Serenity/Parts/@thumbs/hinge.01.s_icon1
[LOG 15:08:00.548] Load Cached PNG Texture: SquadExpansion/Serenity/Parts/@thumbs/hinge.01_icon0
[LOG 15:08:00.548] Load Cached PNG Texture: SquadExpansion/Serenity/Parts/@thumbs/hinge.01_icon1
[LOG 15:08:00.548] Load Cached PNG Texture: SquadExpansion/Serenity/Parts/@thumbs/hinge.03.s_icon0
[LOG 15:08:00.549] Load Cached PNG Texture: SquadExpansion/Serenity/Parts/@thumbs/hinge.03.s_icon1
[LOG 15:08:00.549] Load Cached PNG Texture: SquadExpansion/Serenity/Parts/@thumbs/hinge.03_icon0
[LOG 15:08:00.549] Load Cached PNG Texture: SquadExpansion/Serenity/Parts/@thumbs/hinge.03_icon1
[LOG 15:08:00.549] Load Cached PNG Texture: SquadExpansion/Serenity/Parts/@thumbs/largeFanBlade_icon0
[LOG 15:08:00.549] Load Cached PNG Texture: SquadExpansion/Serenity/Parts/@thumbs/largeFanBlade_icon1
[LOG 15:08:00.549] Load Cached PNG Texture: SquadExpansion/Serenity/Parts/@thumbs/largePropeller_icon0
[LOG 15:08:00.549] Load Cached PNG Texture: SquadExpansion/Serenity/Parts/@thumbs/largePropeller_icon1
[LOG 15:08:00.549] Load Cached PNG Texture: SquadExpansion/Serenity/Parts/@thumbs/lGripPad_icon0
[LOG 15:08:00.549] Load Cached PNG Texture: SquadExpansion/Serenity/Parts/@thumbs/lGripPad_icon1
[LOG 15:08:00.549] Load Cached PNG Texture: SquadExpansion/Serenity/Parts/@thumbs/lGripStrip_icon
[LOG 15:08:00.549] Load Cached PNG Texture: SquadExpansion/Serenity/Parts/@thumbs/mediumFanBlade_icon0
[LOG 15:08:00.549] Load Cached PNG Texture: SquadExpansion/Serenity/Parts/@thumbs/mediumFanBlade_icon1
[LOG 15:08:00.549] Load Cached PNG Texture: SquadExpansion/Serenity/Parts/@thumbs/mediumPropeller_icon0
[LOG 15:08:00.549] Load Cached PNG Texture: SquadExpansion/Serenity/Parts/@thumbs/mediumPropeller_icon1
[LOG 15:08:00.549] Load Cached PNG Texture: SquadExpansion/Serenity/Parts/@thumbs/mGripPad_icon0
[LOG 15:08:00.549] Load Cached PNG Texture: SquadExpansion/Serenity/Parts/@thumbs/mGripPad_icon1
[LOG 15:08:00.549] Load Cached PNG Texture: SquadExpansion/Serenity/Parts/@thumbs/noseconeTiny_icon
[LOG 15:08:00.549] Load Cached PNG Texture: SquadExpansion/Serenity/Parts/@thumbs/noseconeVS_icon
[LOG 15:08:00.549] Load Cached PNG Texture: SquadExpansion/Serenity/Parts/@thumbs/piston.01_icon0
[LOG 15:08:00.549] Load Cached PNG Texture: SquadExpansion/Serenity/Parts/@thumbs/piston.01_icon1
[LOG 15:08:00.549] Load Cached PNG Texture: SquadExpansion/Serenity/Parts/@thumbs/piston.02_icon0
[LOG 15:08:00.549] Load Cached PNG Texture: SquadExpansion/Serenity/Parts/@thumbs/piston.02_icon1
[LOG 15:08:00.549] Load Cached PNG Texture: SquadExpansion/Serenity/Parts/@thumbs/piston.03_icon0
[LOG 15:08:00.550] Load Cached PNG Texture: SquadExpansion/Serenity/Parts/@thumbs/piston.03_icon1
[LOG 15:08:00.550] Load Cached PNG Texture: SquadExpansion/Serenity/Parts/@thumbs/piston.04_icon0
[LOG 15:08:00.550] Load Cached PNG Texture: SquadExpansion/Serenity/Parts/@thumbs/piston.04_icon1
[LOG 15:08:00.550] Load Cached PNG Texture: SquadExpansion/Serenity/Parts/@thumbs/RobotArmScanner.S1_icon
[LOG 15:08:00.550] Load Cached PNG Texture: SquadExpansion/Serenity/Parts/@thumbs/RobotArmScanner.S2_icon
[LOG 15:08:00.550] Load Cached PNG Texture: SquadExpansion/Serenity/Parts/@thumbs/RobotArmScanner.S3_icon
[LOG 15:08:00.551] Load Cached PNG Texture: SquadExpansion/Serenity/Parts/@thumbs/rotor.01s_icon0
[LOG 15:08:00.551] Load Cached PNG Texture: SquadExpansion/Serenity/Parts/@thumbs/rotor.01s_icon1
[LOG 15:08:00.551] Load Cached PNG Texture: SquadExpansion/Serenity/Parts/@thumbs/rotor.01_icon0
[LOG 15:08:00.551] Load Cached PNG Texture: SquadExpansion/Serenity/Parts/@thumbs/rotor.01_icon1
[LOG 15:08:00.551] Load Cached PNG Texture: SquadExpansion/Serenity/Parts/@thumbs/rotor.02s_icon0
[LOG 15:08:00.551] Load Cached PNG Texture: SquadExpansion/Serenity/Parts/@thumbs/rotor.02s_icon1
[LOG 15:08:00.551] Load Cached PNG Texture: SquadExpansion/Serenity/Parts/@thumbs/rotor.02_icon0
[LOG 15:08:00.551] Load Cached PNG Texture: SquadExpansion/Serenity/Parts/@thumbs/rotor.02_icon1
[LOG 15:08:00.551] Load Cached PNG Texture: SquadExpansion/Serenity/Parts/@thumbs/RotorEngine.02_icon
[LOG 15:08:00.551] Load Cached PNG Texture: SquadExpansion/Serenity/Parts/@thumbs/rotoServo.00_icon0
[LOG 15:08:00.551] Load Cached PNG Texture: SquadExpansion/Serenity/Parts/@thumbs/rotoServo.00_icon1
[LOG 15:08:00.551] Load Cached PNG Texture: SquadExpansion/Serenity/Parts/@thumbs/rotoServo.02_icon0
[LOG 15:08:00.551] Load Cached PNG Texture: SquadExpansion/Serenity/Parts/@thumbs/rotoServo.02_icon1
[LOG 15:08:00.551] Load Cached PNG Texture: SquadExpansion/Serenity/Parts/@thumbs/rotoServo.03_icon0
[LOG 15:08:00.551] Load Cached PNG Texture: SquadExpansion/Serenity/Parts/@thumbs/rotoServo.03_icon1
[LOG 15:08:00.551] Load Cached PNG Texture: SquadExpansion/Serenity/Parts/@thumbs/sGripPad_icon0
[LOG 15:08:00.551] Load Cached PNG Texture: SquadExpansion/Serenity/Parts/@thumbs/sGripPad_icon1
[LOG 15:08:00.551] Load Cached PNG Texture: SquadExpansion/Serenity/Parts/@thumbs/sGripStrip_icon
[LOG 15:08:00.552] Load Cached PNG Texture: SquadExpansion/Serenity/Parts/@thumbs/smallFanBlade_icon0
[LOG 15:08:00.552] Load Cached PNG Texture: SquadExpansion/Serenity/Parts/@thumbs/smallFanBlade_icon1
[LOG 15:08:00.552] Load Cached PNG Texture: SquadExpansion/Serenity/Parts/@thumbs/smallHeliBlade_icon0
[LOG 15:08:00.553] Load Cached PNG Texture: SquadExpansion/Serenity/Parts/@thumbs/smallHeliBlade_icon1
[LOG 15:08:00.553] Load Cached PNG Texture: SquadExpansion/Serenity/Parts/@thumbs/smallPropeller_icon0
[LOG 15:08:00.553] Load Cached PNG Texture: SquadExpansion/Serenity/Parts/@thumbs/smallPropeller_icon1
[LOG 15:08:00.553] Load DDS texture: SquadExpansion/Serenity/Parts/Aero/Assets/copterBlades_diffuse
[LOG 15:08:00.553] Load DDS texture: SquadExpansion/Serenity/Parts/Aero/Assets/shroudsDiffuse_color
[LOG 15:08:00.553] Load DDS texture: SquadExpansion/Serenity/Parts/Aero/Assets/shroudsDiffuse_plain
[LOG 15:08:00.553] Load Cached PNG Texture: SquadExpansion/Serenity/Parts/DeployedScience/MockupTexture
[LOG 15:08:00.553] Load DDS texture: SquadExpansion/Serenity/Parts/DeployedScience/Assets/centralStation_diffuse
[LOG 15:08:00.554] Load DDS texture: SquadExpansion/Serenity/Parts/DeployedScience/Assets/centralStation_emissive
[LOG 15:08:00.571] Load DDS texture: SquadExpansion/Serenity/Parts/DeployedScience/Assets/GenericParts_diffuse
[LOG 15:08:00.575] Load DDS texture: SquadExpansion/Serenity/Parts/DeployedScience/Assets/GenericParts_emissive
[LOG 15:08:00.576] Load DDS texture: SquadExpansion/Serenity/Parts/DeployedScience/Assets/GenericParts_normal
[LOG 15:08:00.576] Load DDS texture: SquadExpansion/Serenity/Parts/DeployedScience/Assets/goex_diffuse
[LOG 15:08:00.579] Load DDS texture: SquadExpansion/Serenity/Parts/DeployedScience/Assets/goex_specMapped
[LOG 15:08:00.580] Load DDS texture: SquadExpansion/Serenity/Parts/DeployedScience/Assets/Grid
[LOG 15:08:00.581] Load DDS texture: SquadExpansion/Serenity/Parts/DeployedScience/Assets/IonExperiment_diffuse
[LOG 15:08:00.581] Load DDS texture: SquadExpansion/Serenity/Parts/DeployedScience/Assets/RTGCask_diffuse
[LOG 15:08:00.583] Load DDS texture: SquadExpansion/Serenity/Parts/DeployedScience/Assets/satDish_diffuse
[LOG 15:08:00.583] Load Cached PNG Texture: SquadExpansion/Serenity/Parts/DeployedScience/Assets/Scratch
[LOG 15:08:00.584] Load DDS texture: SquadExpansion/Serenity/Parts/DeployedScience/Assets/Screen2
[LOG 15:08:00.584] Load DDS texture: SquadExpansion/Serenity/Parts/DeployedScience/Assets/Screen3
[LOG 15:08:00.584] Load DDS texture: SquadExpansion/Serenity/Parts/DeployedScience/Assets/ScreenReadout
[LOG 15:08:00.584] Load DDS texture: SquadExpansion/Serenity/Parts/DeployedScience/Assets/seismicSensor_diffuse
[LOG 15:08:00.584] Load DDS texture: SquadExpansion/Serenity/Parts/DeployedScience/Assets/seismicSensor_nrm
[LOG 15:08:00.587] Load DDS texture: SquadExpansion/Serenity/Parts/DeployedScience/Assets/seismicSensor_specularMapped
[LOG 15:08:00.587] Load DDS texture: SquadExpansion/Serenity/Parts/DeployedScience/Assets/SolarGraph
[LOG 15:08:00.587] Load DDS texture: SquadExpansion/Serenity/Parts/DeployedScience/Assets/solarPanel_diffuse
[LOG 15:08:00.587] Load DDS texture: SquadExpansion/Serenity/Parts/DeployedScience/Assets/Waveleght3
[LOG 15:08:00.587] Load DDS texture: SquadExpansion/Serenity/Parts/DeployedScience/Assets/Wavelenght
[LOG 15:08:00.587] Load DDS texture: SquadExpansion/Serenity/Parts/DeployedScience/Assets/Wavelenght2
[LOG 15:08:00.587] Load DDS texture: SquadExpansion/Serenity/Parts/DeployedScience/Assets/wavelenght4
[LOG 15:08:00.587] Load DDS texture: SquadExpansion/Serenity/Parts/DeployedScience/Assets/wavelenght5
[LOG 15:08:00.589] Load DDS texture: SquadExpansion/Serenity/Parts/DeployedScience/Assets/WeatherStation [Normal]
[LOG 15:08:00.603] Load DDS texture: SquadExpansion/Serenity/Parts/DeployedScience/Assets/Weather_Station_diffuse
[LOG 15:08:00.610] Load DDS texture: SquadExpansion/Serenity/Parts/DeployedScience/Assets/Weather_Station_normal
[LOG 15:08:00.615] Load DDS texture: SquadExpansion/Serenity/Parts/Propellers/Assets/blade_diffuse
[LOG 15:08:00.616] Load DDS texture: SquadExpansion/Serenity/Parts/Propellers/Assets/copterBlades_diffuse
[LOG 15:08:00.617] Load DDS texture: SquadExpansion/Serenity/Parts/Propellers/Assets/fan_diffuse
[LOG 15:08:00.617] Load DDS texture: SquadExpansion/Serenity/Parts/Robotics/Assets/hinges-03-s_diffuse_Color
[LOG 15:08:00.617] Load DDS texture: SquadExpansion/Serenity/Parts/Robotics/Assets/hinges-03_diffuse_color
[LOG 15:08:00.617] Load DDS texture: SquadExpansion/Serenity/Parts/Robotics/Assets/hinges-03_diffuse_plain
[LOG 15:08:00.620] Load DDS texture: SquadExpansion/Serenity/Parts/Robotics/Assets/hinges_diffuse
[LOG 15:08:00.620] Load DDS texture: SquadExpansion/Serenity/Parts/Robotics/Assets/Hinge_diffuse_G-00_Color
[LOG 15:08:00.620] Load DDS texture: SquadExpansion/Serenity/Parts/Robotics/Assets/Hinge_diffuse_G-11_Color
[LOG 15:08:00.620] Load DDS texture: SquadExpansion/Serenity/Parts/Robotics/Assets/Hinge_diffuse_G-11_plain
[LOG 15:08:00.620] Load DDS texture: SquadExpansion/Serenity/Parts/Robotics/Assets/Hinge_normal
[LOG 15:08:00.620] Load DDS texture: SquadExpansion/Serenity/Parts/Robotics/Assets/RotorEngine_02_diffuse
[LOG 15:08:00.621] Load DDS texture: SquadExpansion/Serenity/Parts/Robotics/Assets/RotorEngine_03_diffuse
[LOG 15:08:00.621] Load DDS texture: SquadExpansion/Serenity/Parts/Robotics/Assets/RotorEngine_03_normal
[LOG 15:08:00.622] Load DDS texture: SquadExpansion/Serenity/Parts/Robotics/Assets/Rotor_01_diffuse_color
[LOG 15:08:00.622] Load DDS texture: SquadExpansion/Serenity/Parts/Robotics/Assets/Rotor_01_diffuse_plain
[LOG 15:08:00.622] Load DDS texture: SquadExpansion/Serenity/Parts/Robotics/Assets/Rotor_01_normal
[LOG 15:08:00.623] Load DDS texture: SquadExpansion/Serenity/Parts/Robotics/Assets/Rotor_01_specular_D
[LOG 15:08:00.623] Load DDS texture: SquadExpansion/Serenity/Parts/Robotics/Assets/Rotor_02_diffuse_color
[LOG 15:08:00.623] Load DDS texture: SquadExpansion/Serenity/Parts/Robotics/Assets/Rotor_03_diffuse_color
[LOG 15:08:00.624] Load DDS texture: SquadExpansion/Serenity/Parts/Robotics/Assets/Rotor_03_diffuse_plain
[LOG 15:08:00.625] Load DDS texture: SquadExpansion/Serenity/Parts/Robotics/Assets/Rotor_03_normal
[LOG 15:08:00.626] Load DDS texture: SquadExpansion/Serenity/Parts/Robotics/Assets/rotoServos_diffuse_color
[LOG 15:08:00.626] Load DDS texture: SquadExpansion/Serenity/Parts/Robotics/Assets/rotoServos_diffuse_plain
[LOG 15:08:00.627] Load DDS texture: SquadExpansion/Serenity/Parts/Robotics/Assets/rotoServos_nrm
[LOG 15:08:00.629] Load DDS texture: SquadExpansion/Serenity/Parts/Robotics/Controllers/roboController_diffuse
[LOG 15:08:00.629] Load DDS texture: SquadExpansion/Serenity/Parts/Robotics/Controllers/roboController_emissive
[LOG 15:08:00.629] Load Cached PNG Texture: SquadExpansion/Serenity/Parts/Science/RobotArmScanner/Assets/DrillBits
[LOG 15:08:00.629] Load DDS texture: SquadExpansion/Serenity/Parts/Science/RobotArmScanner/Assets/DustParticle
[WRN 15:08:00.629] Duplicate PNG texture 'SquadExpansion/Serenity/Parts/Science/RobotArmScanner/Assets/DustParticle' with extension 'png' won't be loaded
[LOG 15:08:00.629] Load DDS texture: SquadExpansion/Serenity/Parts/Science/RobotArmScanner/Assets/GenericParts_diffuse
[LOG 15:08:00.632] Load DDS texture: SquadExpansion/Serenity/Parts/Science/RobotArmScanner/Assets/GenericParts_normal
[LOG 15:08:00.635] Load DDS texture: SquadExpansion/Serenity/Parts/Science/RobotArmScanner/Assets/ROCArm3_diffuse
[LOG 15:08:00.640] Load DDS texture: SquadExpansion/Serenity/Parts/Science/RobotArmScanner/Assets/ROCArm3_normal
[LOG 15:08:00.643] Load DDS texture: SquadExpansion/Serenity/Parts/Science/RobotArmScanner/Assets/ROCArm_2_diffuse
[LOG 15:08:00.646] Load DDS texture: SquadExpansion/Serenity/Parts/Science/RobotArmScanner/Assets/ROCArm_2_normal
[LOG 15:08:00.648] Load Cached PNG Texture: SquadExpansion/Serenity/Parts/Science/RobotArmScanner/Assets/Scratch
[LOG 15:08:00.649] Load DDS texture: SquadExpansion/Serenity/Parts/Science/RobotArmScanner/Assets/SmallArm_diffuse
[LOG 15:08:00.649] Load DDS texture: SquadExpansion/Serenity/Parts/Science/RobotArmScanner/Assets/SmallArm_normal
[LOG 15:08:00.650] Load DDS texture: SquadExpansion/Serenity/Parts/Structural/gripPads/Assets/gripPads_diffuse
[LOG 15:08:00.651] Load DDS texture: SquadExpansion/Serenity/Parts/Structural/gripPads/Assets/gripPads_nrm
[LOG 15:08:00.651] Load Cached PNG Texture: SquadExpansion/Serenity/Ships/@thumbs/SPH/Arrow-E
[LOG 15:08:00.651] Load Cached PNG Texture: SquadExpansion/Serenity/Ships/@thumbs/SPH/Butterfly Rover
[LOG 15:08:00.651] Load Cached PNG Texture: SquadExpansion/Serenity/Ships/@thumbs/SPH/Jeb_s Quadtaxi
[LOG 15:08:00.652] Load Cached PNG Texture: SquadExpansion/Serenity/Ships/@thumbs/SPH/Kerbodyne Rotodyne
[LOG 15:08:00.652] Load Cached PNG Texture: SquadExpansion/Serenity/Ships/@thumbs/SPH/Seahawk
[LOG 15:08:00.652] Load Cached PNG Texture: SquadExpansion/Serenity/Ships/@thumbs/SPH/Val-Thopter
[LOG 15:08:00.655] Load MU model: Squad/FX/afterburner_flame
[LOG 15:08:00.661] Load MU model: Squad/FX/afterburner_shock
[LOG 15:08:00.661] Load MU model: Squad/FX/diamondBlue
[LOG 15:08:00.662] Load MU model: Squad/FX/exhaustFlames_blue
[LOG 15:08:00.739] Load MU model: Squad/FX/hydroLOXFlame
[LOG 15:08:00.740] Load MU model: Squad/FX/IonPlume
[LOG 15:08:00.740] Load MU model: Squad/FX/ks1_Exhaust
[LOG 15:08:00.741] Load MU model: Squad/FX/ks25_Exhaust
[LOG 15:08:00.741] Load MU model: Squad/FX/ksX_Exhaust
[LOG 15:08:00.742] Load MU model: Squad/FX/LES_Thruster
[LOG 15:08:00.742] Load MU model: Squad/FX/Monoprop_big
[LOG 15:08:00.743] Load MU model: Squad/FX/Monoprop_medium
[LOG 15:08:00.743] Load MU model: Squad/FX/Monoprop_small
[LOG 15:08:00.743] Load MU model: Squad/FX/shockExhaust_blue
[LOG 15:08:00.743] Load MU model: Squad/FX/shockExhaust_blue_small
[LOG 15:08:00.744] Load MU model: Squad/FX/shockExhaust_red_small
[LOG 15:08:00.744] Load MU model: Squad/FX/SRB_Large
[LOG 15:08:00.744] Load MU model: Squad/FX/SRB_LargeSparks
[LOG 15:08:00.744] Load MU model: Squad/Parts/Aero/aerodynamicNoseCone/aerodynamicNoseCone
[LOG 15:08:00.747] Load MU model: Squad/Parts/Aero/airbrake/Airbrake
[LOG 15:08:00.747] Load MU model: Squad/Parts/Aero/airIntakeRadialXM-G50/RadialIntake
[LOG 15:08:00.747] Load MU model: Squad/Parts/Aero/airlinerWings/ControlSurface
[LOG 15:08:00.747] Load MU model: Squad/Parts/Aero/airlinerWings/MainWing
[LOG 15:08:00.747] Load MU model: Squad/Parts/Aero/airlinerWings/TailFin
[LOG 15:08:00.749] Load MU model: Squad/Parts/Aero/airplaneFins/AdvCanard
[LOG 15:08:00.749] Load MU model: Squad/Parts/Aero/airplaneFins/Canard
[LOG 15:08:00.749] Load MU model: Squad/Parts/Aero/airplaneFins/Swept
[LOG 15:08:00.749] Load MU model: Squad/Parts/Aero/airplaneFins/TailFin
[LOG 15:08:00.750] Load MU model: Squad/Parts/Aero/basicFin/basicFin
[LOG 15:08:00.750] Load MU model: Squad/Parts/Aero/circularIntake/CircularIntake
[LOG 15:08:00.751] Load MU model: Squad/Parts/Aero/circularIntake/ConeIntake
[LOG 15:08:00.751] Load MU model: Squad/Parts/Aero/cones/Assets/AvioCone
[LOG 15:08:00.752] Load MU model: Squad/Parts/Aero/cones/Assets/ConeA
[LOG 15:08:00.752] Load MU model: Squad/Parts/Aero/cones/Assets/ConeB
[LOG 15:08:00.752] Load MU model: Squad/Parts/Aero/cones/Assets/NCS
[LOG 15:08:00.753] Load MU model: Squad/Parts/Aero/cones/Assets/orangeNoseCone
[LOG 15:08:00.753] Load MU model: Squad/Parts/Aero/cones/Assets/rocketNoseCone
[LOG 15:08:00.753] Load MU model: Squad/Parts/Aero/cones/Assets/rocketNoseCone_v2
[LOG 15:08:00.754] Load MU model: Squad/Parts/Aero/cones/Assets/rocketNoseCone_v3
[LOG 15:08:00.754] Load MU model: Squad/Parts/Aero/cones/Assets/TailA
[LOG 15:08:00.754] Load MU model: Squad/Parts/Aero/cones/Assets/TailB
[LOG 15:08:00.754] Load MU model: Squad/Parts/Aero/cones/Assets/TinyCone
[LOG 15:08:00.754] Load MU model: Squad/Parts/Aero/fairings/AutoTruss
[LOG 15:08:00.755] Load MU model: Squad/Parts/Aero/fairings/fairingSize1
[LOG 15:08:00.755] Load MU model: Squad/Parts/Aero/fairings/fairingSize2
[LOG 15:08:00.755] Load MU model: Squad/Parts/Aero/fairings/fairingSize3
[LOG 15:08:00.755] Load MU model: Squad/Parts/Aero/HeatShield/HeatShield0
[LOG 15:08:00.756] Load MU model: Squad/Parts/Aero/HeatShield/HeatShield1
[LOG 15:08:00.756] Load MU model: Squad/Parts/Aero/HeatShield/HeatShield2
[LOG 15:08:00.756] Load MU model: Squad/Parts/Aero/HeatShield/HeatShield3
[LOG 15:08:00.756] Load MU model: Squad/Parts/Aero/InflatableHeatShield/HeatShield
[LOG 15:08:00.758] Load MU model: Squad/Parts/Aero/intakeRadialLong/IntakeRadial
[LOG 15:08:00.758] Load MU model: Squad/Parts/Aero/miniIntake/SmallIntake
[LOG 15:08:00.758] Load MU model: Squad/Parts/Aero/ramAirIntake/RampIntake
[LOG 15:08:00.758] Load MU model: Squad/Parts/Aero/shuttleWings/ShuttleDeltaWing
[LOG 15:08:00.758] Load MU model: Squad/Parts/Aero/shuttleWings/ShuttleElevonA
[LOG 15:08:00.759] Load MU model: Squad/Parts/Aero/shuttleWings/ShuttleElevonB
[LOG 15:08:00.759] Load MU model: Squad/Parts/Aero/shuttleWings/ShuttleRudder
[LOG 15:08:00.759] Load MU model: Squad/Parts/Aero/shuttleWings/ShuttleStrake
[LOG 15:08:00.759] Load MU model: Squad/Parts/Aero/wingletAV-R8/model
[LOG 15:08:00.759] Load MU model: Squad/Parts/Aero/wingletAV-T1/model
[LOG 15:08:00.759] Load MU model: Squad/Parts/Aero/wingletDeltaDeluxe/model
[LOG 15:08:00.759] Load MU model: Squad/Parts/Aero/wings/connector1
[LOG 15:08:00.759] Load MU model: Squad/Parts/Aero/wings/connector2
[LOG 15:08:00.759] Load MU model: Squad/Parts/Aero/wings/connector3
[LOG 15:08:00.759] Load MU model: Squad/Parts/Aero/wings/connector4
[LOG 15:08:00.759] Load MU model: Squad/Parts/Aero/wings/connector5
[LOG 15:08:00.759] Load MU model: Squad/Parts/Aero/wings/delta
[LOG 15:08:00.759] Load MU model: Squad/Parts/Aero/wings/delta_small
[LOG 15:08:00.760] Load MU model: Squad/Parts/Aero/wings/elevon1
[LOG 15:08:00.760] Load MU model: Squad/Parts/Aero/wings/elevon2
[LOG 15:08:00.760] Load MU model: Squad/Parts/Aero/wings/elevon3
[LOG 15:08:00.760] Load MU model: Squad/Parts/Aero/wings/elevon4
[LOG 15:08:00.760] Load MU model: Squad/Parts/Aero/wings/elevon5
[LOG 15:08:00.760] Load MU model: Squad/Parts/Aero/wings/strake
[LOG 15:08:00.760] Load MU model: Squad/Parts/Aero/wings/structural1
[LOG 15:08:00.760] Load MU model: Squad/Parts/Aero/wings/structural2
[LOG 15:08:00.760] Load MU model: Squad/Parts/Aero/wings/structural3
[LOG 15:08:00.760] Load MU model: Squad/Parts/Aero/wings/structural4
[LOG 15:08:00.760] Load MU model: Squad/Parts/Aero/wings/swept1
[LOG 15:08:00.761] Load MU model: Squad/Parts/Aero/wings/swept2
[LOG 15:08:00.761] Load MU model: Squad/Parts/Cargo/CargoContainers/cargoContainer
[LOG 15:08:00.761] Load MU model: Squad/Parts/Cargo/CargoContainers/smallCargoContainer
[LOG 15:08:00.761] Load MU model: Squad/Parts/Cargo/Cylinder/EVAcylinder
[LOG 15:08:00.761] Load MU model: Squad/Parts/Cargo/GroundAnchor/groundAnchor
[LOG 15:08:00.762] Load MU model: Squad/Parts/Cargo/Jetpack/Jetpack
[LOG 15:08:00.762] Load MU model: Squad/Parts/Cargo/Parachute/Parachute
[LOG 15:08:00.762] Load MU model: Squad/Parts/Cargo/RepairKit/RepairKit
[LOG 15:08:00.777] Load MU model: Squad/Parts/Cargo/ScienceKit/ExperimentKit
[LOG 15:08:00.779] Load MU model: Squad/Parts/Cargo/StorageUnits/Assets/CargoStorageUnit
[LOG 15:08:00.779] Load MU model: Squad/Parts/Cargo/StorageUnits/Assets/ConformalStorageUnit
[LOG 15:08:00.779] Load MU model: Squad/Parts/Command/advancedSasModuleLarge/model
[LOG 15:08:00.779] Load MU model: Squad/Parts/Command/cupola/model
[LOG 15:08:00.781] Load MU model: Squad/Parts/Command/externalCommandSeat/model
[LOG 15:08:00.781] Load MU model: Squad/Parts/Command/hitchhikerStorageContainer/model
[LOG 15:08:00.781] Load MU model: Squad/Parts/Command/inlineAdvancedStabilizer/model
[LOG 15:08:00.781] Load MU model: Squad/Parts/Command/inlineReactionWheel/model
[LOG 15:08:00.781] Load MU model: Squad/Parts/Command/Mk1-3Pod/Mk1-3
[LOG 15:08:00.782] Load MU model: Squad/Parts/Command/mk1Cockpits/Cabin
[LOG 15:08:00.782] Load MU model: Squad/Parts/Command/mk1Cockpits/CockpitInline
[LOG 15:08:00.783] Load MU model: Squad/Parts/Command/mk1Cockpits/CockpitStandard
[LOG 15:08:00.794] Load MU model: Squad/Parts/Command/mk1LanderCan/model
[LOG 15:08:00.794] Load MU model: Squad/Parts/Command/mk1pod_v2/Mk1Pod_v2
[LOG 15:08:00.796] Load MU model: Squad/Parts/Command/mk2CockpitInline/model
[LOG 15:08:00.796] Load MU model: Squad/Parts/Command/mk2CockpitStandard/model
[LOG 15:08:00.796] Load MU model: Squad/Parts/Command/mk2DroneCore/model
[LOG 15:08:00.796] Load MU model: Squad/Parts/Command/mk2LanderCan/model
[LOG 15:08:00.796] Load MU model: Squad/Parts/Command/mk2LanderCan_v2/mk2LanderCan
[LOG 15:08:00.797] Load MU model: Squad/Parts/Command/mk3CockpitShuttle/model
[LOG 15:08:00.797] Load MU model: Squad/Parts/Command/MpoProbe/MpoProbe
[LOG 15:08:00.797] Load MU model: Squad/Parts/Command/MtmStage/MTM_Stage
[LOG 15:08:00.797] Load MU model: Squad/Parts/Command/probeCoreCube/probeCoreCube
[LOG 15:08:00.797] Load MU model: Squad/Parts/Command/probeCoreHex/model
[LOG 15:08:00.799] Load MU model: Squad/Parts/Command/probeCoreHex_v2/model
[LOG 15:08:00.799] Load MU model: Squad/Parts/Command/probeCoreOcto2_v2/probeCoreOcto2_v2
[LOG 15:08:00.799] Load MU model: Squad/Parts/Command/probeCoreOcto_v2/probeCoreOcto_v2
[LOG 15:08:00.799] Load MU model: Squad/Parts/Command/probeRoverBody/model
[LOG 15:08:00.799] Load MU model: Squad/Parts/Command/probeRoverBody_v2/probeRoverBody_v2
[LOG 15:08:00.799] Load MU model: Squad/Parts/Command/probeStackLarge/model
[LOG 15:08:00.799] Load MU model: Squad/Parts/Command/probeStackSmall/model
[LOG 15:08:00.800] Load MU model: Squad/Parts/Command/probeStackSphere_v2/probeStackSphere_v2
[LOG 15:08:00.800] Load MU model: Squad/Parts/CompoundParts/FuelLine/model
[LOG 15:08:00.800] Load MU model: Squad/Parts/CompoundParts/strutConnector/model
[LOG 15:08:00.800] Load MU model: Squad/Parts/Coupling/Assets/Decoupler_0
[LOG 15:08:00.800] Load MU model: Squad/Parts/Coupling/Assets/Decoupler_1
[LOG 15:08:00.801] Load MU model: Squad/Parts/Coupling/Assets/Decoupler_1p5
[LOG 15:08:00.801] Load MU model: Squad/Parts/Coupling/Assets/Decoupler_2
[LOG 15:08:00.801] Load MU model: Squad/Parts/Coupling/Assets/Decoupler_3
[LOG 15:08:00.801] Load MU model: Squad/Parts/Coupling/Assets/Decoupler_4
[LOG 15:08:00.801] Load MU model: Squad/Parts/Coupling/Assets/Separator_0
[LOG 15:08:00.802] Load MU model: Squad/Parts/Coupling/Assets/Separator_1
[LOG 15:08:00.802] Load MU model: Squad/Parts/Coupling/Assets/Separator_1p5
[LOG 15:08:00.802] Load MU model: Squad/Parts/Coupling/Assets/Separator_2
[LOG 15:08:00.802] Load MU model: Squad/Parts/Coupling/Assets/Separator_3
[LOG 15:08:00.802] Load MU model: Squad/Parts/Coupling/Assets/Separator_4
[LOG 15:08:00.803] Load MU model: Squad/Parts/Electrical/10CSolarPanels/assets/OX-10C
[LOG 15:08:00.804] Load MU model: Squad/Parts/Electrical/10CSolarPanels/assets/SP-10C
[LOG 15:08:00.805] Load MU model: Squad/Parts/Electrical/10LSolarPanels/assets/OX-10L
[LOG 15:08:00.806] Load MU model: Squad/Parts/Electrical/10LSolarPanels/assets/SP-10L
[LOG 15:08:00.806] Load MU model: Squad/Parts/Electrical/1x6ShroudSolarPanels/model
[LOG 15:08:00.807] Load MU model: Squad/Parts/Electrical/1x6SolarPanels/model
[LOG 15:08:00.807] Load MU model: Squad/Parts/Electrical/3x2ShroudSolarPanels/model
[LOG 15:08:00.808] Load MU model: Squad/Parts/Electrical/3x2SolarPanels/model
[LOG 15:08:00.808] Load MU model: Squad/Parts/Electrical/gigantorXlSolarArray/model
[LOG 15:08:00.808] Load MU model: Squad/Parts/Electrical/radialFlatSolarPanel/model
[LOG 15:08:00.808] Load MU model: Squad/Parts/Electrical/RTG/model
[LOG 15:08:00.808] Load MU model: Squad/Parts/Electrical/z-100Battery/model
[LOG 15:08:00.808] Load MU model: Squad/Parts/Electrical/z-1kBattery/model
[LOG 15:08:00.809] Load MU model: Squad/Parts/Electrical/z-200Battery/model
[LOG 15:08:00.809] Load MU model: Squad/Parts/Electrical/z-400Battery/model
[LOG 15:08:00.809] Load MU model: Squad/Parts/Electrical/z-4kBattery/model
[LOG 15:08:00.809] Load MU model: Squad/Parts/Engine/ionEngine/model
[LOG 15:08:00.809] Load MU model: Squad/Parts/Engine/jetEngines/turbineInside
[LOG 15:08:00.809] Load MU model: Squad/Parts/Engine/jetEngines/turboFanSize1
[LOG 15:08:00.809] Load MU model: Squad/Parts/Engine/jetEngines/turboFanSize2
[LOG 15:08:00.811] Load MU model: Squad/Parts/Engine/jetEngines/turboJet
[LOG 15:08:00.811] Load MU model: Squad/Parts/Engine/jetEngines/turboRamJet
[LOG 15:08:00.812] Load MU model: Squad/Parts/Engine/liquidEngine24-77/model
[LOG 15:08:00.812] Load MU model: Squad/Parts/Engine/liquidEngine24-77_v2/Twitch_v2
[LOG 15:08:00.812] Load MU model: Squad/Parts/Engine/liquidEngine48-7S_v2/SparkV2
[LOG 15:08:00.813] Load MU model: Squad/Parts/Engine/liquidEngineAerospike/AeroSpike
[LOG 15:08:00.813] Load MU model: Squad/Parts/Engine/liquidEngineLV-1_v2/Assets/Ant
[LOG 15:08:00.813] Load MU model: Squad/Parts/Engine/liquidEngineLV-1_v2/Assets/Spider
[LOG 15:08:00.814] Load MU model: Squad/Parts/Engine/liquidEngineLV-909_v2/TerrierV2
[LOG 15:08:00.814] Load MU model: Squad/Parts/Engine/liquidEngineLV-N/model
[LOG 15:08:00.815] Load MU model: Squad/Parts/Engine/liquidEngineLV-T30/model
[LOG 15:08:00.815] Load MU model: Squad/Parts/Engine/liquidEngineLV-T30_v2/Reliant_v2
[LOG 15:08:00.816] Load MU model: Squad/Parts/Engine/liquidEngineLV-T45/model
[LOG 15:08:00.817] Load MU model: Squad/Parts/Engine/liquidEngineLV-T45_v2/Swivel_v2
[LOG 15:08:00.817] Load MU model: Squad/Parts/Engine/liquidEngineMainsail_v2/liquidEngineMainsail_v2
[LOG 15:08:00.819] Load MU model: Squad/Parts/Engine/liquidEngineMk55/Thud
[LOG 15:08:00.819] Load MU model: Squad/Parts/Engine/liquidEnginePoodle_v2/LqdEnginePoodle_v2
[LOG 15:08:00.821] Load MU model: Squad/Parts/Engine/liquidEngineSkipper_v2/skipper_v2
[LOG 15:08:00.822] Load MU model: Squad/Parts/Engine/liquidEngineSSME/SSME
[LOG 15:08:00.822] Load MU model: Squad/Parts/Engine/MassiveSRB/MassiveSRB
[LOG 15:08:00.823] Load MU model: Squad/Parts/Engine/miniJet/SmallJet
[LOG 15:08:00.823] Load MU model: Squad/Parts/Engine/OMSEngine/Puff_v2
[LOG 15:08:00.823] Load MU model: Squad/Parts/Engine/rapierEngine/rapier
[LOG 15:08:00.824] Load MU model: Squad/Parts/Engine/Size1_SRBs/SRB10
[LOG 15:08:00.824] Load MU model: Squad/Parts/Engine/Size1_SRBs/SRB5
[LOG 15:08:00.824] Load MU model: Squad/Parts/Engine/Size2LFB/Size2LFB
[LOG 15:08:00.825] Load MU model: Squad/Parts/Engine/Size2LFB_v2/Size2LFB_v2
[LOG 15:08:00.826] Load MU model: Squad/Parts/Engine/Size3AdvancedEngine/Size3AdvancedEngine
[LOG 15:08:00.826] Load MU model: Squad/Parts/Engine/Size3EngineCluster/Size3EngineCluster
[LOG 15:08:00.827] Load MU model: Squad/Parts/Engine/solidBoosterBACC/model
[LOG 15:08:00.827] Load MU model: Squad/Parts/Engine/solidBoosterS2-17/solidBoosterS2-17
[LOG 15:08:00.827] Load MU model: Squad/Parts/Engine/solidBoosterS2-33/solidBoosterS2-33
[LOG 15:08:00.829] Load MU model: Squad/Parts/Engine/solidBoosterSep/model
[LOG 15:08:00.829] Load MU model: Squad/Parts/Engine/SolidBoostersF/Assets/SolidBoosterF3S0
[LOG 15:08:00.829] Load MU model: Squad/Parts/Engine/SolidBoostersF/Assets/SolidBoosterFM1
[LOG 15:08:00.829] Load MU model: Squad/Parts/FuelTank/adapterTanks/Mk3-Mk2
[LOG 15:08:00.830] Load MU model: Squad/Parts/FuelTank/adapterTanks/Mk3-Size2
[LOG 15:08:00.830] Load MU model: Squad/Parts/FuelTank/adapterTanks/Mk3-Size2Slant
[LOG 15:08:00.830] Load MU model: Squad/Parts/FuelTank/adapterTanks/ShuttleAdapter
[LOG 15:08:00.830] Load MU model: Squad/Parts/FuelTank/adapterTanks/Size2-Mk2
[LOG 15:08:00.830] Load MU model: Squad/Parts/FuelTank/adapterTanks/Size2-Size1
[LOG 15:08:00.831] Load MU model: Squad/Parts/FuelTank/adapterTanks/Size2-Size1Slant
[LOG 15:08:00.831] Load MU model: Squad/Parts/FuelTank/adapterTanks/Size3-Mk3
[LOG 15:08:00.831] Load MU model: Squad/Parts/FuelTank/drainTankFTE-1/fuelValve
[LOG 15:08:00.831] Load MU model: Squad/Parts/FuelTank/FoilTanks/RadialTank_Capsule
[LOG 15:08:00.832] Load MU model: Squad/Parts/FuelTank/FoilTanks/RadialTank_Round
[LOG 15:08:00.832] Load MU model: Squad/Parts/FuelTank/FoilTanks/ToroidTank
[LOG 15:08:00.832] Load MU model: Squad/Parts/FuelTank/fuelTankOscarB/model
[LOG 15:08:00.832] Load MU model: Squad/Parts/FuelTank/miniFuselage/Fuselage
[LOG 15:08:00.833] Load MU model: Squad/Parts/FuelTank/mk2Adapters/bicoupler
[LOG 15:08:00.834] Load MU model: Squad/Parts/FuelTank/mk2Adapters/long
[LOG 15:08:00.835] Load MU model: Squad/Parts/FuelTank/mk2Adapters/standard
[LOG 15:08:00.836] Load MU model: Squad/Parts/FuelTank/mk2FuselageLong/FuselageLongLFO
[LOG 15:08:00.836] Load MU model: Squad/Parts/FuelTank/mk2FuselageLong/FuselageLongLiquid
[LOG 15:08:00.836] Load MU model: Squad/Parts/FuelTank/mk2FuselageShort/FuselageShortLFO
[LOG 15:08:00.836] Load MU model: Squad/Parts/FuelTank/mk2FuselageShort/FuselageShortLiquid
[LOG 15:08:00.836] Load MU model: Squad/Parts/FuelTank/mk2FuselageShort/FuselageShortMono
[LOG 15:08:00.837] Load MU model: Squad/Parts/FuelTank/mk3Fuselage/CREW
[LOG 15:08:00.837] Load MU model: Squad/Parts/FuelTank/mk3Fuselage/LFO_100
[LOG 15:08:00.837] Load MU model: Squad/Parts/FuelTank/mk3Fuselage/LFO_25
[LOG 15:08:00.837] Load MU model: Squad/Parts/FuelTank/mk3Fuselage/LFO_50
[LOG 15:08:00.837] Load MU model: Squad/Parts/FuelTank/mk3Fuselage/LF_100
[LOG 15:08:00.837] Load MU model: Squad/Parts/FuelTank/mk3Fuselage/LF_25
[LOG 15:08:00.837] Load MU model: Squad/Parts/FuelTank/mk3Fuselage/LF_50
[LOG 15:08:00.838] Load MU model: Squad/Parts/FuelTank/mk3Fuselage/MONO
[LOG 15:08:00.838] Load MU model: Squad/Parts/FuelTank/RCSFuelTankR1/RCSFuelTankR1_01
[LOG 15:08:00.838] Load MU model: Squad/Parts/FuelTank/RCSFuelTankR10/model
[LOG 15:08:00.838] Load MU model: Squad/Parts/FuelTank/RCSFuelTankR25/RCSFuelTankR25
[LOG 15:08:00.839] Load MU model: Squad/Parts/FuelTank/RCSTankRadial/model
[LOG 15:08:00.839] Load MU model: Squad/Parts/FuelTank/RCStankRadialLong/model
[LOG 15:08:00.839] Load MU model: Squad/Parts/FuelTank/RockomaxTanks/Assets/Rockomax16
[LOG 15:08:00.839] Load MU model: Squad/Parts/FuelTank/RockomaxTanks/Assets/Rockomax32
[LOG 15:08:00.839] Load MU model: Squad/Parts/FuelTank/RockomaxTanks/Assets/Rockomax64
[LOG 15:08:00.839] Load MU model: Squad/Parts/FuelTank/RockomaxTanks/Assets/Rockomax8
[LOG 15:08:00.839] Load MU model: Squad/Parts/FuelTank/Size1_Tanks/Size1Tank_01
[LOG 15:08:00.840] Load MU model: Squad/Parts/FuelTank/Size1_Tanks/Size1Tank_02
[LOG 15:08:00.840] Load MU model: Squad/Parts/FuelTank/Size1_Tanks/Size1Tank_03
[LOG 15:08:00.840] Load MU model: Squad/Parts/FuelTank/Size1_Tanks/Size1Tank_04
[LOG 15:08:00.840] Load MU model: Squad/Parts/FuelTank/Size3Tanks/Size3LargeTank
[LOG 15:08:00.840] Load MU model: Squad/Parts/FuelTank/Size3Tanks/Size3MediumTank
[LOG 15:08:00.840] Load MU model: Squad/Parts/FuelTank/Size3Tanks/Size3SmallTank
[LOG 15:08:00.841] Load MU model: Squad/Parts/FuelTank/xenonTank/model
[LOG 15:08:00.841] Load MU model: Squad/Parts/FuelTank/xenonTankLarge/model
[LOG 15:08:00.841] Load MU model: Squad/Parts/FuelTank/xenonTankRadial/model
[LOG 15:08:00.841] Load MU model: Squad/Parts/Misc/AsteroidDay/CamSat
[LOG 15:08:00.841] Load MU model: Squad/Parts/Misc/AsteroidDay/HECS2
[LOG 15:08:00.842] Load MU model: Squad/Parts/Misc/AsteroidDay/HighGainAntenna
[LOG 15:08:00.842] Load MU model: Squad/Parts/Misc/AsteroidDay/LgRadialSolar
[LOG 15:08:00.843] Load MU model: Squad/Parts/Misc/PotatoComet/Cube
[LOG 15:08:00.843] Load MU model: Squad/Parts/Misc/PotatoRoid/Cube
[LOG 15:08:00.843] Load MU model: Squad/Parts/Resources/FuelCell/FuelCell
[LOG 15:08:00.843] Load MU model: Squad/Parts/Resources/FuelCell/FuelCellArray
[LOG 15:08:00.844] Load MU model: Squad/Parts/Resources/ISRU/ISRU
[LOG 15:08:00.845] Load MU model: Squad/Parts/Resources/LargeTank/LargeTank
[LOG 15:08:00.845] Load MU model: Squad/Parts/Resources/MiniDrill/MiniDrill
[LOG 15:08:00.850] Load MU model: Squad/Parts/Resources/MiniISRU/MiniISRU
[LOG 15:08:00.851] Load MU model: Squad/Parts/Resources/OrbitalScanner/OrbitalScanner
[LOG 15:08:00.851] Load MU model: Squad/Parts/Resources/RadialDrill/TriBitDrill
[LOG 15:08:00.853] Load MU model: Squad/Parts/Resources/RadialTank/RadialOreTank
[LOG 15:08:00.853] Load MU model: Squad/Parts/Resources/SmallTank/SmallTank
[LOG 15:08:00.853] Load MU model: Squad/Parts/Resources/SurfaceScanner/SurfaceScanner
[LOG 15:08:00.854] Load MU model: Squad/Parts/Resources/SurveyScanner/SurveyScanner
[LOG 15:08:00.854] Load MU model: Squad/Parts/Science/AtmosphereSensor/model
[LOG 15:08:00.854] Load MU model: Squad/Parts/Science/GooExperiment/GooExperiment
[LOG 15:08:00.854] Load MU model: Squad/Parts/Science/LargeCrewedLab/large_crewed_lab
[LOG 15:08:00.855] Load MU model: Squad/Parts/Science/Magnetometer/Magnetometer
[LOG 15:08:00.859] Load MU model: Squad/Parts/Science/MaterialBay/science_module_small
[LOG 15:08:00.859] Load MU model: Squad/Parts/Science/ScienceBox/ScienceBox
[LOG 15:08:00.859] Load MU model: Squad/Parts/Science/sensorAccelerometer/model
[LOG 15:08:00.859] Load MU model: Squad/Parts/Science/sensorBarometer/model
[LOG 15:08:00.859] Load MU model: Squad/Parts/Science/sensorGravimeter/model
[LOG 15:08:00.859] Load MU model: Squad/Parts/Science/sensorThermometer/model
[LOG 15:08:00.859] Load MU model: Squad/Parts/Structural/FLAdapters/Assets/adapterSmallMiniShort_v2
[LOG 15:08:00.859] Load MU model: Squad/Parts/Structural/FLAdapters/Assets/adapterSmallMiniTall_v2
[LOG 15:08:00.860] Load MU model: Squad/Parts/Structural/mk1Parts/Fuselage
[LOG 15:08:00.860] Load MU model: Squad/Parts/Structural/mk1Parts/IntakeFuselage
[LOG 15:08:00.860] Load MU model: Squad/Parts/Structural/mk1Parts/Nacelle1
[LOG 15:08:00.860] Load MU model: Squad/Parts/Structural/mk1Parts/Nacelle2
[LOG 15:08:00.861] Load MU model: Squad/Parts/Structural/mk1Parts/Structural
[LOG 15:08:00.861] Load MU model: Squad/Parts/Structural/mk1Parts/StructuralHollow
[LOG 15:08:00.861] Load MU model: Squad/Parts/Structural/Size3To2Adapter_v2/Size2to3_v2
[LOG 15:08:00.861] Load MU model: Squad/Parts/Structural/stackAdapters/Assets/adapterLargeSmallBi
[LOG 15:08:00.861] Load MU model: Squad/Parts/Structural/stackAdapters/Assets/adapterLargeSmallQuad
[LOG 15:08:00.862] Load MU model: Squad/Parts/Structural/stackAdapters/Assets/adapterLargeSmallTri
[LOG 15:08:00.862] Load MU model: Squad/Parts/Structural/stationHub/model
[LOG 15:08:00.862] Load MU model: Squad/Parts/Structural/structuralIBeam200/model
[LOG 15:08:00.862] Load MU model: Squad/Parts/Structural/structuralIBeam200Pocket/model
[LOG 15:08:00.862] Load MU model: Squad/Parts/Structural/structuralIBeam650/model
[LOG 15:08:00.863] Load MU model: Squad/Parts/Structural/structuralMicronode/model
[LOG 15:08:00.863] Load MU model: Squad/Parts/Structural/structuralPanel1x1/model
[LOG 15:08:00.863] Load MU model: Squad/Parts/Structural/structuralPanel2x2/model
[LOG 15:08:00.863] Load MU model: Squad/Parts/Structural/structuralPylons/PylonBig
[LOG 15:08:00.863] Load MU model: Squad/Parts/Structural/structuralPylons/PylonSmall
[LOG 15:08:00.863] Load MU model: Squad/Parts/Structural/strutCubicOcto/model
[LOG 15:08:00.863] Load MU model: Squad/Parts/Structural/strutOcto/model
[LOG 15:08:00.863] Load MU model: Squad/Parts/Structural/trussGirderAdapter/model
[LOG 15:08:00.864] Load MU model: Squad/Parts/Structural/trussGirderL/model
[LOG 15:08:00.864] Load MU model: Squad/Parts/Structural/trussGirderXL/model
[LOG 15:08:00.864] Load MU model: Squad/Parts/Thermal/FoldingRadiators/foldingRadLarge
[LOG 15:08:00.867] Load MU model: Squad/Parts/Thermal/FoldingRadiators/foldingRadMed
[LOG 15:08:00.869] Load MU model: Squad/Parts/Thermal/FoldingRadiators/foldingRadSmall
[LOG 15:08:00.871] Load MU model: Squad/Parts/Thermal/RadiatorPanels/radPanelEdge
[LOG 15:08:00.871] Load MU model: Squad/Parts/Thermal/RadiatorPanels/radPanelLg
[LOG 15:08:00.871] Load MU model: Squad/Parts/Thermal/RadiatorPanels/radPanelSm
[LOG 15:08:00.871] Load MU model: Squad/Parts/Utility/commDish88-88/model
[LOG 15:08:00.874] Load MU model: Squad/Parts/Utility/commsAntennaDTS-M1/mediumDishAntenna
[LOG 15:08:00.875] Load MU model: Squad/Parts/Utility/commsDish16/model
[LOG 15:08:00.875] Load MU model: Squad/Parts/Utility/decouplerRadialHDM/model
[LOG 15:08:00.876] Load MU model: Squad/Parts/Utility/decouplerRadialTT-38K/model
[LOG 15:08:00.876] Load MU model: Squad/Parts/Utility/decouplerRadialTT-70/model
[LOG 15:08:00.876] Load MU model: Squad/Parts/Utility/DirectAntennas/HGAntenna
[LOG 15:08:00.877] Load MU model: Squad/Parts/Utility/DirectAntennas/HGAntenna_v2
[LOG 15:08:00.878] Load MU model: Squad/Parts/Utility/DirectAntennas/SurfAntenna
[LOG 15:08:00.878] Load MU model: Squad/Parts/Utility/dockingPort/dockingPort
[LOG 15:08:00.879] Load MU model: Squad/Parts/Utility/dockingPortInline/dockingPortInline
[LOG 15:08:00.879] Load MU model: Squad/Parts/Utility/dockingPortJr/dockingPortJr
[LOG 15:08:00.879] Load MU model: Squad/Parts/Utility/dockingPortShielded/dockingPortShielded
[LOG 15:08:00.880] Load MU model: Squad/Parts/Utility/dockingPortSr/dockingPortSr
[LOG 15:08:00.880] Load MU model: Squad/Parts/Utility/Fireworks/Assets/fireworksLauncherBig
[LOG 15:08:00.881] Load MU model: Squad/Parts/Utility/Fireworks/Assets/fireworksLauncherSmall
[LOG 15:08:00.881] Load MU model: Squad/Parts/Utility/flags/flagFlat/flagFlatMeshes
[LOG 15:08:00.883] Load MU model: Squad/Parts/Utility/flags/flagSize0/flagSize0Meshes
[LOG 15:08:00.884] Load MU model: Squad/Parts/Utility/flags/flagSize1/flagSize1Meshes
[LOG 15:08:00.885] Load MU model: Squad/Parts/Utility/flags/flagSize2/flagSize2Meshes
[LOG 15:08:00.886] Load MU model: Squad/Parts/Utility/flags/flagSize3/flagSize3Meshes
[LOG 15:08:00.886] Load MU model: Squad/Parts/Utility/GrapplingDevice/GrapplingArm
[LOG 15:08:00.889] Load MU model: Squad/Parts/Utility/ladderRadial/model
[LOG 15:08:00.889] Load MU model: Squad/Parts/Utility/ladderTelescopic/model
[LOG 15:08:00.890] Load MU model: Squad/Parts/Utility/ladderTelescopicBay/model
[LOG 15:08:00.891] Load MU model: Squad/Parts/Utility/landingLegLT-1/model
[LOG 15:08:00.892] Load MU model: Squad/Parts/Utility/landingLegLT-2/model
[LOG 15:08:00.892] Load MU model: Squad/Parts/Utility/landingLegLT-5/model
[WRN 15:08:00.893] WheelCollider requires an attached Rigidbody to function.
[WRN 15:08:00.893] WheelCollider requires an attached Rigidbody to function.
[LOG 15:08:00.894] Load MU model: Squad/Parts/Utility/launchClamp1/model
[LOG 15:08:00.894] Load MU model: Squad/Parts/Utility/launchEscapeSystem/LaunchEscapeSystem
[LOG 15:08:00.894] Load MU model: Squad/Parts/Utility/Lights/Assets/light_02
[LOG 15:08:00.895] Load MU model: Squad/Parts/Utility/Lights/Assets/light_03
[LOG 15:08:00.895] Load MU model: Squad/Parts/Utility/Lights/Assets/light_04
[LOG 15:08:00.895] Load MU model: Squad/Parts/Utility/Lights/Assets/light_07
[LOG 15:08:00.896] Load MU model: Squad/Parts/Utility/Lights/Assets/light_08
[LOG 15:08:00.896] Load MU model: Squad/Parts/Utility/Lights/Assets/light_12
[LOG 15:08:00.896] Load MU model: Squad/Parts/Utility/linearVernorRCS/Assets/linearRCS
[LOG 15:08:00.896] Load MU model: Squad/Parts/Utility/linearVernorRCS/Assets/vernorEngine
[LOG 15:08:00.897] Load MU model: Squad/Parts/Utility/mk2CargoBay/BayLarge
[LOG 15:08:00.897] Load MU model: Squad/Parts/Utility/mk2CargoBay/BaySmall
[LOG 15:08:00.897] Load MU model: Squad/Parts/Utility/mk2CrewCabin/model
[LOG 15:08:00.897] Load MU model: Squad/Parts/Utility/mk2DockingPort/mk2Dockingport
[LOG 15:08:00.899] Load MU model: Squad/Parts/Utility/mk3CargoBay/long
[LOG 15:08:00.899] Load MU model: Squad/Parts/Utility/mk3CargoBay/medium
[LOG 15:08:00.900] Load MU model: Squad/Parts/Utility/mk3CargoBay/ramp
[LOG 15:08:00.901] Load MU model: Squad/Parts/Utility/mk3CargoBay/short
[LOG 15:08:00.901] Load MU model: Squad/Parts/Utility/parachuteMk1/model
[LOG 15:08:00.901] Load MU model: Squad/Parts/Utility/parachuteMk12-R/model
[LOG 15:08:00.902] Load MU model: Squad/Parts/Utility/parachuteMk16-XL/model
[LOG 15:08:00.902] Load MU model: Squad/Parts/Utility/parachuteMk2-R/model
[LOG 15:08:00.902] Load MU model: Squad/Parts/Utility/parachuteMk25/model
[LOG 15:08:00.903] Load MU model: Squad/Parts/Utility/radialAttachmentPoint/model
[LOG 15:08:00.903] Load MU model: Squad/Parts/Utility/rcsBlockRV-105_v2/rcsBlock105
[LOG 15:08:00.904] Load MU model: Squad/Parts/Utility/rcsSmallLinear/Assets/RCSLinearSmall
[LOG 15:08:00.904] Load MU model: Squad/Parts/Utility/RelayAntennas/HGAntenna
[LOG 15:08:00.905] Load MU model: Squad/Parts/Utility/RelayAntennas/RA-100
[LOG 15:08:00.905] Load MU model: Squad/Parts/Utility/RelayAntennas/RA-5
[LOG 15:08:00.905] Load MU model: Squad/Parts/Utility/RelayAntennas/RA-50
[LOG 15:08:00.905] Load MU model: Squad/Parts/Utility/rockomaxAdapters/Assets/brandAdapter
[LOG 15:08:00.905] Load MU model: Squad/Parts/Utility/rockomaxAdapters/Assets/brandAdapter02
[LOG 15:08:00.905] Load MU model: Squad/Parts/Utility/ServiceBay_v2/Assets/ServiceBay_125_v2
[LOG 15:08:00.906] Load MU model: Squad/Parts/Utility/ServiceBay_v2/Assets/ServiceBay_250_v2
[LOG 15:08:00.907] Load MU model: Squad/Parts/Utility/smallClaw/smallClaw
[LOG 15:08:00.910] Load MU model: Squad/Parts/Utility/spotLightMk1/model
[LOG 15:08:00.910] Load MU model: Squad/Parts/Utility/spotLightMk1_v2/model
[LOG 15:08:00.910] Load MU model: Squad/Parts/Utility/spotLightMk2/model
[LOG 15:08:00.910] Load MU model: Squad/Parts/Utility/spotLightMk2_v2/model
[LOG 15:08:00.911] Load MU model: Squad/Parts/Utility/stackCouplers/Assets/stackBiCoupler_v2
[LOG 15:08:00.912] Load MU model: Squad/Parts/Utility/stackCouplers/Assets/stackQuadCoupler
[LOG 15:08:00.912] Load MU model: Squad/Parts/Utility/stackCouplers/Assets/stackTriCoupler_v2
[LOG 15:08:00.912] Load MU model: Squad/Parts/Wheel/LandingGear/GearExtraLarge
[WRN 15:08:00.913] WheelCollider requires an attached Rigidbody to function.
[WRN 15:08:00.913] WheelCollider requires an attached Rigidbody to function.
[LOG 15:08:00.914] Load MU model: Squad/Parts/Wheel/LandingGear/GearFixed
[WRN 15:08:00.914] WheelCollider requires an attached Rigidbody to function.
[WRN 15:08:00.914] WheelCollider requires an attached Rigidbody to function.
[LOG 15:08:00.914] Load MU model: Squad/Parts/Wheel/LandingGear/GearFree
[WRN 15:08:00.914] WheelCollider requires an attached Rigidbody to function.
[WRN 15:08:00.914] WheelCollider requires an attached Rigidbody to function.
[LOG 15:08:00.915] Load MU model: Squad/Parts/Wheel/LandingGear/GearLarge
[WRN 15:08:00.915] WheelCollider requires an attached Rigidbody to function.
[WRN 15:08:00.915] WheelCollider requires an attached Rigidbody to function.
[LOG 15:08:00.915] Load MU model: Squad/Parts/Wheel/LandingGear/GearMedium
[WRN 15:08:00.916] WheelCollider requires an attached Rigidbody to function.
[WRN 15:08:00.916] WheelCollider requires an attached Rigidbody to function.
[LOG 15:08:00.916] Load MU model: Squad/Parts/Wheel/LandingGear/GearSmall
[WRN 15:08:00.916] WheelCollider requires an attached Rigidbody to function.
[WRN 15:08:00.916] WheelCollider requires an attached Rigidbody to function.
[LOG 15:08:00.916] Load MU model: Squad/Parts/Wheel/roverWheelM1/model
[WRN 15:08:00.917] WheelCollider requires an attached Rigidbody to function.
[WRN 15:08:00.917] WheelCollider requires an attached Rigidbody to function.
[LOG 15:08:00.917] Load MU model: Squad/Parts/Wheel/roverWheelS2/model
[WRN 15:08:00.917] WheelCollider requires an attached Rigidbody to function.
[WRN 15:08:00.917] WheelCollider requires an attached Rigidbody to function.
[LOG 15:08:00.917] Load MU model: Squad/Parts/Wheel/roverWheelTR-2L/model
[WRN 15:08:00.917] WheelCollider requires an attached Rigidbody to function.
[WRN 15:08:00.917] WheelCollider requires an attached Rigidbody to function.
[LOG 15:08:00.917] Load MU model: Squad/Parts/Wheel/roverWheelXL3/model
[WRN 15:08:00.919] WheelCollider requires an attached Rigidbody to function.
[WRN 15:08:00.919] WheelCollider requires an attached Rigidbody to function.
[LOG 15:08:00.919] Load MU model: Squad/Props/AltimeterThreeHands/model
[LOG 15:08:00.919] Load MU model: Squad/Props/AtmosphereDepth/model
[LOG 15:08:00.919] Load MU model: Squad/Props/AxisIndicator/model
[LOG 15:08:00.919] Load MU model: Squad/Props/buttonsGeneric/circularButton
[LOG 15:08:00.919] Load MU model: Squad/Props/buttonsGeneric/clusterButtons
[LOG 15:08:00.920] Load MU model: Squad/Props/buttonsGeneric/clusterButtons2
[LOG 15:08:00.920] Load MU model: Squad/Props/buttonsGeneric/clusterKnob
[LOG 15:08:00.920] Load MU model: Squad/Props/buttonsGeneric/clusterKnob2
[LOG 15:08:00.920] Load MU model: Squad/Props/buttonsGeneric/clusterMixed
[LOG 15:08:00.920] Load MU model: Squad/Props/buttonsGeneric/clusterSwitches01
[LOG 15:08:00.920] Load MU model: Squad/Props/buttonsGeneric/clusterSwitches02
[LOG 15:08:00.921] Load MU model: Squad/Props/buttonsGeneric/clusterSwitches03
[LOG 15:08:00.921] Load MU model: Squad/Props/buttonsGeneric/clusterSwitches04
[LOG 15:08:00.921] Load MU model: Squad/Props/buttonsGeneric/clusterSwitches05
[LOG 15:08:00.921] Load MU model: Squad/Props/buttonsGeneric/clusterSwitches06
[LOG 15:08:00.921] Load MU model: Squad/Props/buttonsGeneric/clusterSwitches07
[LOG 15:08:00.921] Load MU model: Squad/Props/buttonsGeneric/directionalKnob
[LOG 15:08:00.921] Load MU model: Squad/Props/buttonsGeneric/directionalKnob2
[LOG 15:08:00.922] Load MU model: Squad/Props/buttonsGeneric/pullSwitch
[LOG 15:08:00.922] Load MU model: Squad/Props/buttonsGeneric/squareButton
[LOG 15:08:00.922] Load MU model: Squad/Props/buttonsGeneric/standingSwitch
[LOG 15:08:00.922] Load MU model: Squad/Props/buttonsGeneric/switch
[LOG 15:08:00.922] Load MU model: Squad/Props/buttonsGeneric/switchWithGuards
[LOG 15:08:00.922] Load MU model: Squad/Props/ButtonSquare/model
[LOG 15:08:00.922] Load MU model: Squad/Props/circularButton/model
[LOG 15:08:00.922] Load MU model: Squad/Props/Compass/model
[LOG 15:08:00.922] Load MU model: Squad/Props/directionalKnob/model
[LOG 15:08:00.922] Load MU model: Squad/Props/directionalKnob2/model
[LOG 15:08:00.922] Load MU model: Squad/Props/IndicatorPanel/model
[LOG 15:08:00.923] Load MU model: Squad/Props/IVANavBall/model
[LOG 15:08:00.923] Load MU model: Squad/Props/IVANavBallNoBase/model
[LOG 15:08:00.923] Load MU model: Squad/Props/ledPanelSpeed/model
[LOG 15:08:00.923] Load MU model: Squad/Props/Monitor/MonitorDockingMode
[LOG 15:08:00.924] Load MU model: Squad/Props/NavBall/model
[LOG 15:08:00.924] Load MU model: Squad/Props/PropsGeneric/Button_DockingMode
[LOG 15:08:00.924] Load MU model: Squad/Props/PropsGeneric/CargoBagA
[LOG 15:08:00.925] Load MU model: Squad/Props/PropsGeneric/CargoBagB
[LOG 15:08:00.925] Load MU model: Squad/Props/PropsGeneric/CargoBagC
[LOG 15:08:00.925] Load MU model: Squad/Props/PropsGeneric/Hatch_Plane
[LOG 15:08:00.925] Load MU model: Squad/Props/PropsGeneric/Hatch_Plane_Curve90
[LOG 15:08:00.925] Load MU model: Squad/Props/PropsGeneric/Hatch_Plane_Frame
[LOG 15:08:00.925] Load MU model: Squad/Props/PropsGeneric/Seat_Passenger
[LOG 15:08:00.926] Load MU model: Squad/Props/PropsGeneric/Seat_Pilot
[LOG 15:08:00.926] Load MU model: Squad/Props/PropsGeneric/Seat_Pilot_Helmet
[LOG 15:08:00.926] Load MU model: Squad/Props/PropsGeneric/SideStick
[LOG 15:08:00.926] Load MU model: Squad/Props/pullSwitch/model
[LOG 15:08:00.926] Load MU model: Squad/Props/radarAltitude/model
[LOG 15:08:00.926] Load MU model: Squad/Props/squareButton/model
[LOG 15:08:00.926] Load MU model: Squad/Props/standingSwitch/model
[LOG 15:08:00.926] Load MU model: Squad/Props/switch/model
[LOG 15:08:00.926] Load MU model: Squad/Props/switchGuard/model
[LOG 15:08:00.926] Load MU model: Squad/Props/switchWithGuards/model
[LOG 15:08:00.927] Load MU model: Squad/Props/throttle/model
[LOG 15:08:00.927] Load MU model: Squad/Props/VSI/model
[LOG 15:08:00.927] Load MU model: Squad/Spaces/crewCabinInternals/model
[LOG 15:08:00.927] Load MU model: Squad/Spaces/cupolaInternal/model
[LOG 15:08:00.930] Load MU model: Squad/Spaces/GenericSpace1/model
[LOG 15:08:00.930] Load MU model: Squad/Spaces/GenericSpace3/model
[LOG 15:08:00.932] Load MU model: Squad/Spaces/landerCabinInternals/model
[LOG 15:08:00.932] Load MU model: Squad/Spaces/landerCabinSmallInternal/model
[LOG 15:08:00.933] Load MU model: Squad/Spaces/LargeCrewedLabInternals/Large_Crewed_lab_Int
[LOG 15:08:00.934] Load MU model: Squad/Spaces/Mk1-3/model
[LOG 15:08:00.936] Load MU model: Squad/Spaces/mk1CabinInternal/mk1cabin
[LOG 15:08:00.938] Load MU model: Squad/Spaces/mk1CockpitInternal/Mk1StandardIVA
[LOG 15:08:00.939] Load MU model: Squad/Spaces/mk1InlineInternal/Mk1InlineIVA
[LOG 15:08:00.939] Load MU model: Squad/Spaces/mk1PodCockpit/model
[LOG 15:08:00.940] Load MU model: Squad/Spaces/mk1pod_IVA/mk1pod_IVA
[LOG 15:08:00.941] Load MU model: Squad/Spaces/mk2CockpitStandardInternal/model
[LOG 15:08:00.941] Load MU model: Squad/Spaces/Mk2CrewCabinInternal/MK2_CrewCab_Int
[LOG 15:08:00.942] Load MU model: Squad/Spaces/mk2InlineInternal/mk2InlineIVA
[LOG 15:08:00.944] Load MU model: Squad/Spaces/mk2LanderCanInternal/mk2LanderCanInternal
[LOG 15:08:00.945] Load MU model: Squad/Spaces/MK3CockpitInternal/MK3_Cockpit_Int
[LOG 15:08:00.946] Load MU model: Squad/Spaces/MK3_CrewCab_Int/MK3_CrewCab_Int
[LOG 15:08:00.949] Load MU model: Squad/Spaces/OverlayMasks/CupolaMask
[LOG 15:08:00.949] Load MU model: Squad/Spaces/OverlayMasks/HitchhikerBorder
[LOG 15:08:00.949] Load MU model: Squad/Spaces/OverlayMasks/HitchhikerMask
[LOG 15:08:00.949] Load MU model: Squad/Spaces/OverlayMasks/LargeLabBorder
[LOG 15:08:00.949] Load MU model: Squad/Spaces/OverlayMasks/LargeLabMask
[LOG 15:08:00.950] Load MU model: Squad/Spaces/OverlayMasks/Mk1CabinBorder
[LOG 15:08:00.950] Load MU model: Squad/Spaces/OverlayMasks/Mk1CabinMask
[LOG 15:08:00.950] Load MU model: Squad/Spaces/OverlayMasks/Mk1InlineMask
[LOG 15:08:00.950] Load MU model: Squad/Spaces/OverlayMasks/Mk1InlineMask2
[LOG 15:08:00.950] Load MU model: Squad/Spaces/OverlayMasks/Mk1StandardBorder2
[LOG 15:08:00.950] Load MU model: Squad/Spaces/OverlayMasks/Mk1StandardBorder3
[LOG 15:08:00.950] Load MU model: Squad/Spaces/OverlayMasks/Mk1StandardMask
[LOG 15:08:00.950] Load MU model: Squad/Spaces/OverlayMasks/Mk1StandardMask2
[LOG 15:08:00.950] Load MU model: Squad/Spaces/OverlayMasks/Mk1StandardMask3
[LOG 15:08:00.950] Load MU model: Squad/Spaces/OverlayMasks/Mk2CabinBorder
[LOG 15:08:00.950] Load MU model: Squad/Spaces/OverlayMasks/Mk2CabinMask
[LOG 15:08:00.950] Load MU model: Squad/Spaces/OverlayMasks/Mk2InlineBorder
[LOG 15:08:00.950] Load MU model: Squad/Spaces/OverlayMasks/Mk2InlineMask
[LOG 15:08:00.950] Load MU model: Squad/Spaces/OverlayMasks/Mk2StandardBorder
[LOG 15:08:00.950] Load MU model: Squad/Spaces/OverlayMasks/Mk2StandardMask
[LOG 15:08:00.950] Load MU model: Squad/Spaces/OverlayMasks/Mk3CabinBorder
[LOG 15:08:00.951] Load MU model: Squad/Spaces/OverlayMasks/Mk3CabinMask
[LOG 15:08:00.951] Load MU model: Squad/Spaces/OverlayMasks/Mk3CabinMask2
[LOG 15:08:00.951] Load MU model: Squad/Spaces/OverlayMasks/Mk3ShuttleBorder
[LOG 15:08:00.951] Load MU model: Squad/Spaces/OverlayMasks/Mk3ShuttleMask
[LOG 15:08:00.951] Load MU model: Squad/Spaces/OverlayMasks/Size1LanderBorder
[LOG 15:08:00.951] Load MU model: Squad/Spaces/OverlayMasks/Size1LanderMask
[LOG 15:08:00.951] Load MU model: Squad/Spaces/OverlayMasks/Size1PodBorder
[LOG 15:08:00.951] Load MU model: Squad/Spaces/OverlayMasks/Size1PodMask
[LOG 15:08:00.951] Load MU model: Squad/Spaces/OverlayMasks/Size2LanderBorder
[LOG 15:08:00.951] Load MU model: Squad/Spaces/OverlayMasks/Size2LanderMask
[LOG 15:08:00.951] Load MU model: Squad/Spaces/OverlayMasks/Size2PodBorder
[LOG 15:08:00.951] Load MU model: Squad/Spaces/OverlayMasks/Size2PodMask
[LOG 15:08:00.951] Load MU model: Squad/Spaces/Placeholder/PlaceholderIVA
[LOG 15:08:00.952] Load MU model: Squad/Spaces/PodCockpit/model
[LOG 15:08:00.953] Load MU model: SquadExpansion/MakingHistory/Parts/Aero/protectiveRocketNoseMk5A/Size_1_5_Cone
[LOG 15:08:00.953] Load MU model: SquadExpansion/MakingHistory/Parts/Coupling/Assets/EnginePlate
[LOG 15:08:00.954] Load MU model: SquadExpansion/MakingHistory/Parts/Coupling/Assets/InflatableAirlock
[LOG 15:08:00.954] Load MU model: SquadExpansion/MakingHistory/Parts/Coupling/Assets/Size1_5_Decoupler
[LOG 15:08:00.955] Load MU model: SquadExpansion/MakingHistory/Parts/Engine/Assets/KE-1
[LOG 15:08:00.957] Load MU model: SquadExpansion/MakingHistory/Parts/Engine/Assets/LV-T87
[LOG 15:08:00.958] Load MU model: SquadExpansion/MakingHistory/Parts/Engine/Assets/LV-T91
[LOG 15:08:00.959] Load MU model: SquadExpansion/MakingHistory/Parts/Engine/Assets/RE-I2
[LOG 15:08:00.960] Load MU model: SquadExpansion/MakingHistory/Parts/Engine/Assets/RE-J10
[LOG 15:08:00.960] Load MU model: SquadExpansion/MakingHistory/Parts/Engine/Assets/RK-7
[LOG 15:08:00.962] Load MU model: SquadExpansion/MakingHistory/Parts/Engine/Assets/RV-1
[LOG 15:08:00.962] Load MU model: SquadExpansion/MakingHistory/Parts/Engine/solidBoosterTHK/solidBoosterTHK
[LOG 15:08:00.962] Load MU model: SquadExpansion/MakingHistory/Parts/FuelTank/Assets/MiniMonoTank
[LOG 15:08:00.962] Load MU model: SquadExpansion/MakingHistory/Parts/FuelTank/Assets/Size1_5_Size0_Adapter_01
[LOG 15:08:00.963] Load MU model: SquadExpansion/MakingHistory/Parts/FuelTank/Assets/Size1_5_Size1_Adapter_01
[LOG 15:08:00.963] Load MU model: SquadExpansion/MakingHistory/Parts/FuelTank/Assets/Size1_5_Size1_Adapter_02
[LOG 15:08:00.963] Load MU model: SquadExpansion/MakingHistory/Parts/FuelTank/Assets/Size1_5_Size2_Adapter_01
[LOG 15:08:00.963] Load MU model: SquadExpansion/MakingHistory/Parts/FuelTank/Assets/Size1_5_Tank_01
[LOG 15:08:00.963] Load MU model: SquadExpansion/MakingHistory/Parts/FuelTank/Assets/Size1_5_Tank_02
[LOG 15:08:00.963] Load MU model: SquadExpansion/MakingHistory/Parts/FuelTank/Assets/Size1_5_Tank_03
[LOG 15:08:00.964] Load MU model: SquadExpansion/MakingHistory/Parts/FuelTank/Assets/Size1_5_Tank_04
[LOG 15:08:00.964] Load MU model: SquadExpansion/MakingHistory/Parts/FuelTank/Assets/Size1_5_Tank_05
[LOG 15:08:00.964] Load MU model: SquadExpansion/MakingHistory/Parts/FuelTank/Assets/Size3_Size4_Adapter_01
[LOG 15:08:00.964] Load MU model: SquadExpansion/MakingHistory/Parts/FuelTank/Assets/Size4_EngineAdapter_01
[LOG 15:08:00.965] Load MU model: SquadExpansion/MakingHistory/Parts/FuelTank/Assets/Size4_Tank_01
[LOG 15:08:00.965] Load MU model: SquadExpansion/MakingHistory/Parts/FuelTank/Assets/Size4_Tank_02
[LOG 15:08:00.965] Load MU model: SquadExpansion/MakingHistory/Parts/FuelTank/Assets/Size4_Tank_03
[LOG 15:08:00.965] Load MU model: SquadExpansion/MakingHistory/Parts/FuelTank/Assets/Size4_Tank_04
[LOG 15:08:00.965] Load MU model: SquadExpansion/MakingHistory/Parts/FuelTank/Assets/Size_1p5_Monoprop
[LOG 15:08:00.966] Load MU model: SquadExpansion/MakingHistory/Parts/Ground/Assets/RoverWheel
[WRN 15:08:00.967] WheelCollider requires an attached Rigidbody to function.
[WRN 15:08:00.967] WheelCollider requires an attached Rigidbody to function.
[LOG 15:08:00.967] Load MU model: SquadExpansion/MakingHistory/Parts/Payload/Assets/ServiceModule18
[LOG 15:08:00.967] Load MU model: SquadExpansion/MakingHistory/Parts/Payload/Assets/ServiceModule25
[LOG 15:08:00.967] Load MU model: SquadExpansion/MakingHistory/Parts/Payload/Assets/Size1to0ServiceModule
[LOG 15:08:00.969] Load MU model: SquadExpansion/MakingHistory/Parts/Pods/Assets/Mk2Pod
[LOG 15:08:00.969] Load MU model: SquadExpansion/MakingHistory/Parts/Pods/Assets/RoundPod
[LOG 15:08:00.969] Load MU model: SquadExpansion/MakingHistory/Parts/Pods/Assets/Size1_5_Lander
[LOG 15:08:00.970] Load MU model: SquadExpansion/MakingHistory/Parts/SharedAssets/Shroud1p5x0
[LOG 15:08:00.970] Load MU model: SquadExpansion/MakingHistory/Parts/SharedAssets/Shroud1p5x1
[LOG 15:08:00.970] Load MU model: SquadExpansion/MakingHistory/Parts/SharedAssets/Shroud1p5x2
[LOG 15:08:00.970] Load MU model: SquadExpansion/MakingHistory/Parts/SharedAssets/Shroud1p5x3
[LOG 15:08:00.970] Load MU model: SquadExpansion/MakingHistory/Parts/SharedAssets/Shroud1p5x4
[LOG 15:08:00.970] Load MU model: SquadExpansion/MakingHistory/Parts/SharedAssets/Shroud1x0
[LOG 15:08:00.970] Load MU model: SquadExpansion/MakingHistory/Parts/SharedAssets/Shroud1x1
[LOG 15:08:00.970] Load MU model: SquadExpansion/MakingHistory/Parts/SharedAssets/Shroud1x2
[LOG 15:08:00.971] Load MU model: SquadExpansion/MakingHistory/Parts/SharedAssets/Shroud1x3
[LOG 15:08:00.971] Load MU model: SquadExpansion/MakingHistory/Parts/SharedAssets/Shroud1x4
[LOG 15:08:00.971] Load MU model: SquadExpansion/MakingHistory/Parts/SharedAssets/Shroud2x0
[LOG 15:08:00.971] Load MU model: SquadExpansion/MakingHistory/Parts/SharedAssets/Shroud2x1
[LOG 15:08:00.971] Load MU model: SquadExpansion/MakingHistory/Parts/SharedAssets/Shroud2x2
[LOG 15:08:00.971] Load MU model: SquadExpansion/MakingHistory/Parts/SharedAssets/Shroud2x3
[LOG 15:08:00.971] Load MU model: SquadExpansion/MakingHistory/Parts/SharedAssets/Shroud2x4
[LOG 15:08:00.971] Load MU model: SquadExpansion/MakingHistory/Parts/SharedAssets/Shroud3x0
[LOG 15:08:00.971] Load MU model: SquadExpansion/MakingHistory/Parts/SharedAssets/Shroud3x1
[LOG 15:08:00.971] Load MU model: SquadExpansion/MakingHistory/Parts/SharedAssets/Shroud3x2
[LOG 15:08:00.971] Load MU model: SquadExpansion/MakingHistory/Parts/SharedAssets/Shroud3x3
[LOG 15:08:00.971] Load MU model: SquadExpansion/MakingHistory/Parts/SharedAssets/Shroud3x4
[LOG 15:08:00.971] Load MU model: SquadExpansion/MakingHistory/Parts/SharedAssets/Shroud4x0
[LOG 15:08:00.972] Load MU model: SquadExpansion/MakingHistory/Parts/SharedAssets/Shroud4x1
[LOG 15:08:00.972] Load MU model: SquadExpansion/MakingHistory/Parts/SharedAssets/Shroud4x2
[LOG 15:08:00.972] Load MU model: SquadExpansion/MakingHistory/Parts/SharedAssets/Shroud4x3
[LOG 15:08:00.972] Load MU model: SquadExpansion/MakingHistory/Parts/SharedAssets/Shroud4x4
[LOG 15:08:00.972] Load MU model: SquadExpansion/MakingHistory/Parts/SharedAssets/ShroudCollider0
[LOG 15:08:00.972] Load MU model: SquadExpansion/MakingHistory/Parts/SharedAssets/ShroudCollider1
[LOG 15:08:00.972] Load MU model: SquadExpansion/MakingHistory/Parts/SharedAssets/ShroudCollider1p5
[LOG 15:08:00.972] Load MU model: SquadExpansion/MakingHistory/Parts/SharedAssets/ShroudCollider2
[LOG 15:08:00.973] Load MU model: SquadExpansion/MakingHistory/Parts/SharedAssets/ShroudCollider3
[LOG 15:08:00.973] Load MU model: SquadExpansion/MakingHistory/Parts/SharedAssets/ShroudCollider4
[LOG 15:08:00.973] Load MU model: SquadExpansion/MakingHistory/Parts/Structural/Assets/EquiTriangle0
[LOG 15:08:00.973] Load MU model: SquadExpansion/MakingHistory/Parts/Structural/Assets/EquiTriangle1
[LOG 15:08:00.973] Load MU model: SquadExpansion/MakingHistory/Parts/Structural/Assets/EquiTriangle1p5
[LOG 15:08:00.973] Load MU model: SquadExpansion/MakingHistory/Parts/Structural/Assets/EquiTriangle2
[LOG 15:08:00.973] Load MU model: SquadExpansion/MakingHistory/Parts/Structural/Assets/Panel0
[LOG 15:08:00.973] Load MU model: SquadExpansion/MakingHistory/Parts/Structural/Assets/Panel1
[LOG 15:08:00.974] Load MU model: SquadExpansion/MakingHistory/Parts/Structural/Assets/Panel1p5
[LOG 15:08:00.974] Load MU model: SquadExpansion/MakingHistory/Parts/Structural/Assets/Panel2
[LOG 15:08:00.974] Load MU model: SquadExpansion/MakingHistory/Parts/Structural/Assets/Triangle0
[LOG 15:08:00.974] Load MU model: SquadExpansion/MakingHistory/Parts/Structural/Assets/Triangle1
[LOG 15:08:00.974] Load MU model: SquadExpansion/MakingHistory/Parts/Structural/Assets/Triangle1p5
[LOG 15:08:00.974] Load MU model: SquadExpansion/MakingHistory/Parts/Structural/Assets/Triangle2
[LOG 15:08:00.974] Load MU model: SquadExpansion/MakingHistory/Parts/Utility/flags/flagSize1p5/flagSize1p5Meshes
[LOG 15:08:00.975] Load MU model: SquadExpansion/MakingHistory/Parts/Utility/flags/flagSize4/flagSize4Meshes
[LOG 15:08:00.976] Load MU model: SquadExpansion/MakingHistory/Spaces/KVPods/Airlock_IVA
[LOG 15:08:00.976] Load MU model: SquadExpansion/MakingHistory/Spaces/KVPods/KV1_IVA
[LOG 15:08:00.977] Load MU model: SquadExpansion/MakingHistory/Spaces/KVPods/KV2_IVA
[LOG 15:08:00.978] Load MU model: SquadExpansion/MakingHistory/Spaces/KVPods/KV3_IVA
[LOG 15:08:00.980] Load MU model: SquadExpansion/MakingHistory/Spaces/MEM/MEM_IVA
[LOG 15:08:00.981] Load MU model: SquadExpansion/MakingHistory/Spaces/Mk2Pod/MK2POD_IVA
[LOG 15:08:00.982] Load MU model: SquadExpansion/Serenity/Parts/Aero/Assets/FanShroud_01
[LOG 15:08:00.983] Load MU model: SquadExpansion/Serenity/Parts/Aero/Assets/FanShroud_02
[LOG 15:08:00.983] Load MU model: SquadExpansion/Serenity/Parts/Aero/Assets/FanShroud_03
[LOG 15:08:00.984] Load MU model: SquadExpansion/Serenity/Parts/Aero/Assets/noseconeTiny
[LOG 15:08:00.984] Load MU model: SquadExpansion/Serenity/Parts/Aero/Assets/noseconeVS
[LOG 15:08:00.984] Load MU model: SquadExpansion/Serenity/Parts/DeployedScience/Assets/CentralStation
[LOG 15:08:00.985] Load MU model: SquadExpansion/Serenity/Parts/DeployedScience/Assets/GoExOb
[LOG 15:08:00.987] Load MU model: SquadExpansion/Serenity/Parts/DeployedScience/Assets/IonExperiment
[LOG 15:08:00.987] Load MU model: SquadExpansion/Serenity/Parts/DeployedScience/Assets/RTGCask
[LOG 15:08:00.989] Load MU model: SquadExpansion/Serenity/Parts/DeployedScience/Assets/satDish
[LOG 15:08:00.991] Load MU model: SquadExpansion/Serenity/Parts/DeployedScience/Assets/seismicSensor
[LOG 15:08:00.993] Load MU model: SquadExpansion/Serenity/Parts/DeployedScience/Assets/solarPanel
[LOG 15:08:00.995] Load MU model: SquadExpansion/Serenity/Parts/DeployedScience/Assets/WeatherStation
[LOG 15:08:00.997] Load MU model: SquadExpansion/Serenity/Parts/Propellers/Assets/largeFanBlade
[LOG 15:08:00.997] Load MU model: SquadExpansion/Serenity/Parts/Propellers/Assets/largeHeliBlade
[LOG 15:08:00.997] Load MU model: SquadExpansion/Serenity/Parts/Propellers/Assets/largePropeller
[LOG 15:08:00.997] Load MU model: SquadExpansion/Serenity/Parts/Propellers/Assets/mediumFanBlade
[LOG 15:08:00.997] Load MU model: SquadExpansion/Serenity/Parts/Propellers/Assets/mediumHeliBlade
[LOG 15:08:00.997] Load MU model: SquadExpansion/Serenity/Parts/Propellers/Assets/mediumPropeller
[LOG 15:08:00.997] Load MU model: SquadExpansion/Serenity/Parts/Propellers/Assets/smallFanBlade
[LOG 15:08:00.998] Load MU model: SquadExpansion/Serenity/Parts/Propellers/Assets/smallHeliBlade
[LOG 15:08:00.998] Load MU model: SquadExpansion/Serenity/Parts/Propellers/Assets/smallPropeller
[LOG 15:08:00.998] Load MU model: SquadExpansion/Serenity/Parts/Robotics/Assets/hinge_01
[LOG 15:08:00.999] Load MU model: SquadExpansion/Serenity/Parts/Robotics/Assets/hinge_01_s
[LOG 15:08:00.999] Load MU model: SquadExpansion/Serenity/Parts/Robotics/Assets/hinge_03
[LOG 15:08:00.999] Load MU model: SquadExpansion/Serenity/Parts/Robotics/Assets/hinge_03_s
[LOG 15:08:00.999] Load MU model: SquadExpansion/Serenity/Parts/Robotics/Assets/hinge_04
[LOG 15:08:01.000] Load MU model: SquadExpansion/Serenity/Parts/Robotics/Assets/piston_01
[LOG 15:08:01.000] Load MU model: SquadExpansion/Serenity/Parts/Robotics/Assets/piston_02
[LOG 15:08:01.000] Load MU model: SquadExpansion/Serenity/Parts/Robotics/Assets/piston_03
[LOG 15:08:01.000] Load MU model: SquadExpansion/Serenity/Parts/Robotics/Assets/piston_04
[LOG 15:08:01.000] Load MU model: SquadExpansion/Serenity/Parts/Robotics/Assets/RotorEngine_02
[LOG 15:08:01.001] Load MU model: SquadExpansion/Serenity/Parts/Robotics/Assets/RotorEngine_03
[LOG 15:08:01.001] Load MU model: SquadExpansion/Serenity/Parts/Robotics/Assets/rotor_01
[LOG 15:08:01.002] Load MU model: SquadExpansion/Serenity/Parts/Robotics/Assets/rotor_01s
[LOG 15:08:01.002] Load MU model: SquadExpansion/Serenity/Parts/Robotics/Assets/rotor_02
[LOG 15:08:01.002] Load MU model: SquadExpansion/Serenity/Parts/Robotics/Assets/rotor_02s
[LOG 15:08:01.003] Load MU model: SquadExpansion/Serenity/Parts/Robotics/Assets/rotor_03
[LOG 15:08:01.004] Load MU model: SquadExpansion/Serenity/Parts/Robotics/Assets/rotor_03s
[LOG 15:08:01.004] Load MU model: SquadExpansion/Serenity/Parts/Robotics/Assets/RotoServo_00
[LOG 15:08:01.004] Load MU model: SquadExpansion/Serenity/Parts/Robotics/Assets/RotoServo_02
[LOG 15:08:01.004] Load MU model: SquadExpansion/Serenity/Parts/Robotics/Assets/RotoServo_03
[LOG 15:08:01.005] Load MU model: SquadExpansion/Serenity/Parts/Robotics/Assets/RotoServo_04
[LOG 15:08:01.005] Load MU model: SquadExpansion/Serenity/Parts/Robotics/Controllers/controller1000
[LOG 15:08:01.005] Load MU model: SquadExpansion/Serenity/Parts/Science/RobotArmScanner/Assets/ROCArm_01
[LOG 15:08:01.006] Load MU model: SquadExpansion/Serenity/Parts/Science/RobotArmScanner/Assets/ROCArm_02
[LOG 15:08:01.007] Load MU model: SquadExpansion/Serenity/Parts/Science/RobotArmScanner/Assets/ROCArm_03
[LOG 15:08:01.009] Load MU model: SquadExpansion/Serenity/Parts/Structural/gripPads/Assets/lGripPad
[LOG 15:08:01.009] Load MU model: SquadExpansion/Serenity/Parts/Structural/gripPads/Assets/lGripStrip
[LOG 15:08:01.009] Load MU model: SquadExpansion/Serenity/Parts/Structural/gripPads/Assets/mGripPad
[LOG 15:08:01.009] Load MU model: SquadExpansion/Serenity/Parts/Structural/gripPads/Assets/sGripPad
[LOG 15:08:01.009] Load MU model: SquadExpansion/Serenity/Parts/Structural/gripPads/Assets/sGripStrip
[LOG 15:08:01.009] Loading Asset Bundle Definitions
[LOG 15:08:01.010] AssetLoader: Loading bundle definitions
[LOG 15:08:01.110] AssetLoader: Loaded bundle 'squadcore'
[LOG 15:08:01.111] AssetLoader: Loaded bundle 'squadcorefx'
[LOG 15:08:01.111] AssetLoader: Loaded mod bundle 'kspedia'
[LOG 15:08:01.111] AssetLoader: Loaded mod bundle 'kspedia_actionsets'
[LOG 15:08:01.112] AssetLoader: Loaded mod bundle 'kspedia_aircraft'
[LOG 15:08:01.112] AssetLoader: Loaded mod bundle 'kspedia_aircraftbasics'
[LOG 15:08:01.112] AssetLoader: Loaded mod bundle 'kspedia_aircraftbasicsbalance'
[LOG 15:08:01.112] AssetLoader: Loaded mod bundle 'kspedia_aircraftbasicsbalance2'
[LOG 15:08:01.113] AssetLoader: Loaded mod bundle 'kspedia_aircraftbasicscol'
[LOG 15:08:01.113] AssetLoader: Loaded mod bundle 'kspedia_aircraftbasicscontrol'
[LOG 15:08:01.113] AssetLoader: Loaded mod bundle 'kspedia_aircraftbasicscontrolsurfaces'
[LOG 15:08:01.113] AssetLoader: Loaded mod bundle 'kspedia_aircraftbasicsdrag'
[LOG 15:08:01.114] AssetLoader: Loaded mod bundle 'kspedia_aircraftbasicsengines'
[LOG 15:08:01.114] AssetLoader: Loaded mod bundle 'kspedia_aircraftbasicsforces'
[LOG 15:08:01.114] AssetLoader: Loaded mod bundle 'kspedia_aircraftbasicsintakes'
[LOG 15:08:01.114] AssetLoader: Loaded mod bundle 'kspedia_aircraftbasicslandinggear'
[LOG 15:08:01.114] AssetLoader: Loaded mod bundle 'kspedia_aircraftbasicslift'
[LOG 15:08:01.114] AssetLoader: Loaded mod bundle 'kspedia_axisgroups'
[LOG 15:08:01.115] AssetLoader: Loaded mod bundle 'kspedia_career'
[LOG 15:08:01.115] AssetLoader: Loaded mod bundle 'kspedia_careerbasicscontracts'
[LOG 15:08:01.115] AssetLoader: Loaded mod bundle 'kspedia_careerbasicscrew'
[LOG 15:08:01.115] AssetLoader: Loaded mod bundle 'kspedia_careerbasicscurrencies'
[LOG 15:08:01.116] AssetLoader: Loaded mod bundle 'kspedia_careerbasicsexperience'
[LOG 15:08:01.116] AssetLoader: Loaded mod bundle 'kspedia_careerbasicsfacilities'
[LOG 15:08:01.116] AssetLoader: Loaded mod bundle 'kspedia_careerbasicsstrategies'
[LOG 15:08:01.116] AssetLoader: Loaded mod bundle 'kspedia_careerbasicstechnology'
[LOG 15:08:01.116] AssetLoader: Loaded mod bundle 'kspedia_careerui-ac'
[LOG 15:08:01.117] AssetLoader: Loaded mod bundle 'kspedia_careerui-admin'
[LOG 15:08:01.117] AssetLoader: Loaded mod bundle 'kspedia_careerui-ksc'
[LOG 15:08:01.117] AssetLoader: Loaded mod bundle 'kspedia_careerui-mc'
[LOG 15:08:01.117] AssetLoader: Loaded mod bundle 'kspedia_careerui-sciencearchives'
[LOG 15:08:01.117] AssetLoader: Loaded mod bundle 'kspedia_careerui-techtree'
[LOG 15:08:01.118] AssetLoader: Loaded mod bundle 'kspedia_careerui-ts'
[LOG 15:08:01.118] AssetLoader: Loaded mod bundle 'kspedia_careerui'
[LOG 15:08:01.118] AssetLoader: Loaded mod bundle 'kspedia_cargoapp'
[LOG 15:08:01.118] AssetLoader: Loaded mod bundle 'kspedia_cargomode'
[LOG 15:08:01.118] AssetLoader: Loaded mod bundle 'kspedia_cargosystem-placeableparts'
[LOG 15:08:01.119] AssetLoader: Loaded mod bundle 'kspedia_cargosystem'
[LOG 15:08:01.119] AssetLoader: Loaded mod bundle 'kspedia_chute'
[LOG 15:08:01.119] AssetLoader: Loaded mod bundle 'kspedia_commnet'
[LOG 15:08:01.119] AssetLoader: Loaded mod bundle 'kspedia_commnetbasics'
[LOG 15:08:01.119] AssetLoader: Loaded mod bundle 'kspedia_commnetbuildingeffectivenetworks'
[LOG 15:08:01.119] AssetLoader: Loaded mod bundle 'kspedia_commnetcalculatingrange'
[LOG 15:08:01.119] AssetLoader: Loaded mod bundle 'kspedia_commnetcontrollevels'
[LOG 15:08:01.119] AssetLoader: Loaded mod bundle 'kspedia_commnetcontrollinks'
[LOG 15:08:01.119] AssetLoader: Loaded mod bundle 'kspedia_commnetcontrolpoints'
[LOG 15:08:01.120] AssetLoader: Loaded mod bundle 'kspedia_commnetgui'
[LOG 15:08:01.120] AssetLoader: Loaded mod bundle 'kspedia_commnetgui01'
[LOG 15:08:01.120] AssetLoader: Loaded mod bundle 'kspedia_commnetgui02'
[LOG 15:08:01.120] AssetLoader: Loaded mod bundle 'kspedia_commnetrange'
[LOG 15:08:01.120] AssetLoader: Loaded mod bundle 'kspedia_commnetrelays'
[LOG 15:08:01.120] AssetLoader: Loaded mod bundle 'kspedia_commnetsciencetransmission'
[LOG 15:08:01.125] AssetLoader: Loaded mod bundle 'kspedia_commnetsignalstrength'
[LOG 15:08:01.125] AssetLoader: Loaded mod bundle 'kspedia_commnettransmission'
[LOG 15:08:01.125] AssetLoader: Loaded mod bundle 'kspedia_constructionui-actiongroups'
[LOG 15:08:01.125] AssetLoader: Loaded mod bundle 'kspedia_constructionui-applauncher'
[LOG 15:08:01.125] AssetLoader: Loaded mod bundle 'kspedia_constructionui-crew'
[LOG 15:08:01.125] AssetLoader: Loaded mod bundle 'kspedia_constructionui-engineersreport'
[LOG 15:08:01.125] AssetLoader: Loaded mod bundle 'kspedia_constructionui-gizmos'
[LOG 15:08:01.126] AssetLoader: Loaded mod bundle 'kspedia_constructionui-infos'
[LOG 15:08:01.126] AssetLoader: Loaded mod bundle 'kspedia_constructionui-partdetails'
[LOG 15:08:01.126] AssetLoader: Loaded mod bundle 'kspedia_constructionui-parts'
[LOG 15:08:01.126] AssetLoader: Loaded mod bundle 'kspedia_constructionui-symmetry'
[LOG 15:08:01.126] AssetLoader: Loaded mod bundle 'kspedia_constructionui-vesseldetails'
[LOG 15:08:01.127] AssetLoader: Loaded mod bundle 'kspedia_constructionui'
[LOG 15:08:01.127] AssetLoader: Loaded mod bundle 'kspedia_controls-dockingmode'
[LOG 15:08:01.127] AssetLoader: Loaded mod bundle 'kspedia_controls-editor'
[LOG 15:08:01.127] AssetLoader: Loaded mod bundle 'kspedia_controls-editorgizmos'
[LOG 15:08:01.127] AssetLoader: Loaded mod bundle 'kspedia_controls-eva'
[LOG 15:08:01.127] AssetLoader: Loaded mod bundle 'kspedia_controls-flight'
[LOG 15:08:01.127] AssetLoader: Loaded mod bundle 'kspedia_controls-flightactivities'
[LOG 15:08:01.129] AssetLoader: Loaded mod bundle 'kspedia_controls-flightdirections'
[LOG 15:08:01.129] AssetLoader: Loaded mod bundle 'kspedia_controls-general'
[LOG 15:08:01.129] AssetLoader: Loaded mod bundle 'kspedia_controls-mapandtime'
[LOG 15:08:01.129] AssetLoader: Loaded mod bundle 'kspedia_controls-mouseconstruction'
[LOG 15:08:01.129] AssetLoader: Loaded mod bundle 'kspedia_controls-mouseflight'
[LOG 15:08:01.130] AssetLoader: Loaded mod bundle 'kspedia_controls-rcs'
[LOG 15:08:01.130] AssetLoader: Loaded mod bundle 'kspedia_controls'
[LOG 15:08:01.130] AssetLoader: Loaded mod bundle 'kspedia_eastereggs'
[LOG 15:08:01.130] AssetLoader: Loaded mod bundle 'kspedia_evaconstructionmode'
[LOG 15:08:01.130] AssetLoader: Loaded mod bundle 'kspedia_facilities-ac'
[LOG 15:08:01.130] AssetLoader: Loaded mod bundle 'kspedia_facilities-admin'
[LOG 15:08:01.130] AssetLoader: Loaded mod bundle 'kspedia_facilities-context'
[LOG 15:08:01.130] AssetLoader: Loaded mod bundle 'kspedia_facilities-ksc'
[LOG 15:08:01.131] AssetLoader: Loaded mod bundle 'kspedia_facilities-launchpad'
[LOG 15:08:01.131] AssetLoader: Loaded mod bundle 'kspedia_facilities-mc'
[LOG 15:08:01.131] AssetLoader: Loaded mod bundle 'kspedia_facilities-randd'
[LOG 15:08:01.131] AssetLoader: Loaded mod bundle 'kspedia_facilities-runway'
[LOG 15:08:01.131] AssetLoader: Loaded mod bundle 'kspedia_facilities-sph'
[LOG 15:08:01.131] AssetLoader: Loaded mod bundle 'kspedia_facilities-ts'
[LOG 15:08:01.131] AssetLoader: Loaded mod bundle 'kspedia_facilities-vab'
[LOG 15:08:01.131] AssetLoader: Loaded mod bundle 'kspedia_flightui-altimeter'
[LOG 15:08:01.131] AssetLoader: Loaded mod bundle 'kspedia_flightui-applauncher'
[LOG 15:08:01.133] AssetLoader: Loaded mod bundle 'kspedia_flightui-evaactivities'
[LOG 15:08:01.133] AssetLoader: Loaded mod bundle 'kspedia_flightui-maneuvermodeeditor'
[LOG 15:08:01.133] AssetLoader: Loaded mod bundle 'kspedia_flightui-maneuvermodeeditorcont'
[LOG 15:08:01.133] AssetLoader: Loaded mod bundle 'kspedia_flightui-maneuvermodeorbit'
[LOG 15:08:01.133] AssetLoader: Loaded mod bundle 'kspedia_flightui-maneuvertoolinfo'
[LOG 15:08:01.133] AssetLoader: Loaded mod bundle 'kspedia_flightui-maneuvertoolmain'
[LOG 15:08:01.133] AssetLoader: Loaded mod bundle 'kspedia_flightui-modecontrol'
[LOG 15:08:01.133] AssetLoader: Loaded mod bundle 'kspedia_flightui-navball'
[LOG 15:08:01.135] AssetLoader: Loaded mod bundle 'kspedia_flightui-partrepairs'
[LOG 15:08:01.135] AssetLoader: Loaded mod bundle 'kspedia_flightui-portraits'
[LOG 15:08:01.135] AssetLoader: Loaded mod bundle 'kspedia_flightui-staging'
[LOG 15:08:01.135] AssetLoader: Loaded mod bundle 'kspedia_flightui-timeandaction'
[LOG 15:08:01.135] AssetLoader: Loaded mod bundle 'kspedia_flightui'
[LOG 15:08:01.135] AssetLoader: Loaded mod bundle 'kspedia_heat'
[LOG 15:08:01.135] AssetLoader: Loaded mod bundle 'kspedia_heatactiveradiators'
[LOG 15:08:01.135] AssetLoader: Loaded mod bundle 'kspedia_heatengines'
[LOG 15:08:01.136] AssetLoader: Loaded mod bundle 'kspedia_heatflow'
[LOG 15:08:01.136] AssetLoader: Loaded mod bundle 'kspedia_heatpart'
[LOG 15:08:01.136] AssetLoader: Loaded mod bundle 'kspedia_heatpassiveradiators'
[LOG 15:08:01.136] AssetLoader: Loaded mod bundle 'kspedia_heatshields'
[LOG 15:08:01.136] AssetLoader: Loaded mod bundle 'kspedia_kerbnet'
[LOG 15:08:01.136] AssetLoader: Loaded mod bundle 'kspedia_kerbnetinterface'
[LOG 15:08:01.136] AssetLoader: Loaded mod bundle 'kspedia_kerbnetmodes'
[LOG 15:08:01.136] AssetLoader: Loaded mod bundle 'kspedia_kerbnetwaypoints'
[LOG 15:08:01.138] AssetLoader: Loaded mod bundle 'kspedia_locations'
[LOG 15:08:01.138] AssetLoader: Loaded mod bundle 'kspedia_manual'
[LOG 15:08:01.138] AssetLoader: Loaded mod bundle 'kspedia_mapui-alarmclockcreation'
[LOG 15:08:01.138] AssetLoader: Loaded mod bundle 'kspedia_mapui-alarmclockmain'
[LOG 15:08:01.138] AssetLoader: Loaded mod bundle 'kspedia_mapui-burnindicator'
[LOG 15:08:01.139] AssetLoader: Loaded mod bundle 'kspedia_mapui-dvtoolsflight'
[LOG 15:08:01.139] AssetLoader: Loaded mod bundle 'kspedia_mapui-dvtoolsvab'
[LOG 15:08:01.139] AssetLoader: Loaded mod bundle 'kspedia_mapui-mannodes'
[LOG 15:08:01.139] AssetLoader: Loaded mod bundle 'kspedia_mapui-orbitnodes'
[LOG 15:08:01.139] AssetLoader: Loaded mod bundle 'kspedia_mapui-orbitnodes2'
[LOG 15:08:01.139] AssetLoader: Loaded mod bundle 'kspedia_mapui'
[LOG 15:08:01.139] AssetLoader: Loaded mod bundle 'kspedia_orbitalbasics-atmosphere'
[LOG 15:08:01.139] AssetLoader: Loaded mod bundle 'kspedia_orbitalbasics-gettingbackdown'
[LOG 15:08:01.140] AssetLoader: Loaded mod bundle 'kspedia_orbitalbasics-gettingupthere'
[LOG 15:08:01.140] AssetLoader: Loaded mod bundle 'kspedia_orbitalbasics-gravityturn'
[LOG 15:08:01.140] AssetLoader: Loaded mod bundle 'kspedia_orbitalbasics-orbits'
[LOG 15:08:01.140] AssetLoader: Loaded mod bundle 'kspedia_orbitalbasics-stayingupthere'
[LOG 15:08:01.140] AssetLoader: Loaded mod bundle 'kspedia_orbitalbasics'
[LOG 15:08:01.140] AssetLoader: Loaded mod bundle 'kspedia_orbitaldefinitions-appe'
[LOG 15:08:01.141] AssetLoader: Loaded mod bundle 'kspedia_orbitaldefinitions-dirandinc'
[LOG 15:08:01.141] AssetLoader: Loaded mod bundle 'kspedia_orbitaldefinitions-directions'
[LOG 15:08:01.141] AssetLoader: Loaded mod bundle 'kspedia_orbitaldefinitions-eccentricity'
[LOG 15:08:01.141] AssetLoader: Loaded mod bundle 'kspedia_orbitaldefinitions'
[LOG 15:08:01.142] AssetLoader: Loaded mod bundle 'kspedia_orbitalmaneuvers-adjustinginclination'
[LOG 15:08:01.142] AssetLoader: Loaded mod bundle 'kspedia_orbitalmaneuvers-deltav'
[LOG 15:08:01.142] AssetLoader: Loaded mod bundle 'kspedia_orbitalmaneuvers-efficiency'
[LOG 15:08:01.142] AssetLoader: Loaded mod bundle 'kspedia_orbitalmaneuvers-hohmanntransfer'
[LOG 15:08:01.142] AssetLoader: Loaded mod bundle 'kspedia_orbitalmaneuvers-hohmanntransfer2'
[LOG 15:08:01.143] AssetLoader: Loaded mod bundle 'kspedia_orbitalmaneuvers-orbittypes'
[LOG 15:08:01.143] AssetLoader: Loaded mod bundle 'kspedia_orbitalmaneuvers-radandantirad'
[LOG 15:08:01.143] AssetLoader: Loaded mod bundle 'kspedia_orbitalmaneuvers-shapingup'
[LOG 15:08:01.143] AssetLoader: Loaded mod bundle 'kspedia_orbitalmaneuvers'
[LOG 15:08:01.144] AssetLoader: Loaded mod bundle 'kspedia_planets-dres'
[LOG 15:08:01.144] AssetLoader: Loaded mod bundle 'kspedia_planets-duna'
[LOG 15:08:01.144] AssetLoader: Loaded mod bundle 'kspedia_planets-eeloo'
[LOG 15:08:01.144] AssetLoader: Loaded mod bundle 'kspedia_planets-eve'
[LOG 15:08:01.145] AssetLoader: Loaded mod bundle 'kspedia_planets-jool'
[LOG 15:08:01.145] AssetLoader: Loaded mod bundle 'kspedia_planets-kerbin'
[LOG 15:08:01.145] AssetLoader: Loaded mod bundle 'kspedia_planets-moho'
[LOG 15:08:01.145] AssetLoader: Loaded mod bundle 'kspedia_planets-sun'
[LOG 15:08:01.145] AssetLoader: Loaded mod bundle 'kspedia_planets-system'
[LOG 15:08:01.146] AssetLoader: Loaded mod bundle 'kspedia_resources-asteroidmining'
[LOG 15:08:01.146] AssetLoader: Loaded mod bundle 'kspedia_resources-conversionmanagement'
[LOG 15:08:01.146] AssetLoader: Loaded mod bundle 'kspedia_resources-drilling'
[LOG 15:08:01.146] AssetLoader: Loaded mod bundle 'kspedia_resources-findingit'
[LOG 15:08:01.146] AssetLoader: Loaded mod bundle 'kspedia_resources-findingit2'
[LOG 15:08:01.147] AssetLoader: Loaded mod bundle 'kspedia_resources-storageandconversion'
[LOG 15:08:01.147] AssetLoader: Loaded mod bundle 'kspedia_resources'
[LOG 15:08:01.147] AssetLoader: Loaded mod bundle 'kspedia_rocketry'
[LOG 15:08:01.147] AssetLoader: Loaded mod bundle 'kspedia_rocketryadvanced-fairings'
[LOG 15:08:01.147] AssetLoader: Loaded mod bundle 'kspedia_rocketryadvanced-girders'
[LOG 15:08:01.147] AssetLoader: Loaded mod bundle 'kspedia_rocketryadvanced'
[LOG 15:08:01.149] AssetLoader: Loaded mod bundle 'kspedia_rocketrybasics'
[LOG 15:08:01.149] AssetLoader: Loaded mod bundle 'kspedia_rocketrybasicsaero'
[LOG 15:08:01.149] AssetLoader: Loaded mod bundle 'kspedia_rocketrybasicscentered'
[LOG 15:08:01.149] AssetLoader: Loaded mod bundle 'kspedia_rocketrybasicschutes'
[LOG 15:08:01.150] AssetLoader: Loaded mod bundle 'kspedia_rocketrybasicscontrol'
[LOG 15:08:01.150] AssetLoader: Loaded mod bundle 'kspedia_rocketrybasicsecrecharging'
[LOG 15:08:01.150] AssetLoader: Loaded mod bundle 'kspedia_rocketrybasicsengines'
[LOG 15:08:01.151] AssetLoader: Loaded mod bundle 'kspedia_rocketrybasicsforces'
[LOG 15:08:01.151] AssetLoader: Loaded mod bundle 'kspedia_rocketrybasicshatchesandladders'
[LOG 15:08:01.151] AssetLoader: Loaded mod bundle 'kspedia_rocketrybasicshibernation'
[LOG 15:08:01.151] AssetLoader: Loaded mod bundle 'kspedia_rocketrybasicsresources'
[LOG 15:08:01.152] AssetLoader: Loaded mod bundle 'kspedia_rocketrybasicsservicecontainers'
[LOG 15:08:01.152] AssetLoader: Loaded mod bundle 'kspedia_rocketrybasicsstability'
[LOG 15:08:01.152] AssetLoader: Loaded mod bundle 'kspedia_rocketrybasicsstabilityassist'
[LOG 15:08:01.153] AssetLoader: Loaded mod bundle 'kspedia_rocketrybasicsstaging'
[LOG 15:08:01.153] AssetLoader: Loaded mod bundle 'kspedia_rocketrybasicssymmetry'
[LOG 15:08:01.153] AssetLoader: Loaded mod bundle 'kspedia_science'
[LOG 15:08:01.153] AssetLoader: Loaded mod bundle 'kspedia_sciencedata'
[LOG 15:08:01.154] AssetLoader: Loaded mod bundle 'kspedia_scienceexperiments'
[LOG 15:08:01.154] AssetLoader: Loaded mod bundle 'kspedia_sciencelab'
[LOG 15:08:01.154] AssetLoader: Loaded mod bundle 'kspedia_sciencetransmitted'
[LOG 15:08:01.154] AssetLoader: Loaded mod bundle 'kspedia_spacetravel'
[LOG 15:08:01.155] AssetLoader: Loaded mod bundle 'kspedia_variantswitcher'
[LOG 15:08:01.155] AssetLoader: Loaded mod bundle 'kspfonts'
[LOG 15:08:01.263] AssetLoader: Loaded bundle 'squadcore'
[LOG 15:08:01.264] AssetLoader: Loaded bundle 'squadcorefx'
[LOG 15:08:01.264] AssetLoader: Loaded mod bundle 'kspedia_builder'
[LOG 15:08:01.264] AssetLoader: Loaded mod bundle 'kspedia_buildertoolbar'
[LOG 15:08:01.264] AssetLoader: Loaded mod bundle 'kspedia_canvas'
[LOG 15:08:01.265] AssetLoader: Loaded mod bundle 'kspedia_exportingvalidation'
[LOG 15:08:01.265] AssetLoader: Loaded mod bundle 'kspedia_flight'
[LOG 15:08:01.265] AssetLoader: Loaded mod bundle 'kspedia_flightapp'
[LOG 15:08:01.265] AssetLoader: Loaded mod bundle 'kspedia_gap'
[LOG 15:08:01.265] AssetLoader: Loaded mod bundle 'kspedia_gaptools'
[LOG 15:08:01.266] AssetLoader: Loaded mod bundle 'kspedia_makinghistory'
[LOG 15:08:01.266] AssetLoader: Loaded mod bundle 'kspedia_missionbriefing'
[LOG 15:08:01.266] AssetLoader: Loaded mod bundle 'kspedia_nodedocking'
[LOG 15:08:01.266] AssetLoader: Loaded mod bundle 'kspedia_nodesconnectors'
[LOG 15:08:01.266] AssetLoader: Loaded mod bundle 'kspedia_sap'
[LOG 15:08:01.267] AssetLoader: Loaded mod bundle 'kspedia_sidebar'
[LOG 15:08:01.267] AssetLoader: Loaded mod bundle 'kspedia_testingcheckpoints'
[LOG 15:08:01.267] AssetLoader: Loaded bundle 'makinghistory'
[LOG 15:08:01.267] AssetLoader: Loaded mod bundle 'kspedia_bladecyclic-collective-behaviour'
[LOG 15:08:01.267] AssetLoader: Loaded mod bundle 'kspedia_bladecyclic-collective-controls'
[LOG 15:08:01.268] AssetLoader: Loaded mod bundle 'kspedia_deployedscience-experiments'
[LOG 15:08:01.268] AssetLoader: Loaded mod bundle 'kspedia_deployedscience'
[LOG 15:08:01.268] AssetLoader: Loaded mod bundle 'kspedia_grippads'
[LOG 15:08:01.268] AssetLoader: Loaded mod bundle 'kspedia_layindtracks'
[LOG 15:08:01.269] AssetLoader: Loaded mod bundle 'kspedia_propellers'
[LOG 15:08:01.269] AssetLoader: Loaded mod bundle 'kspedia_propellersaerodynamics'
[LOG 15:08:01.269] AssetLoader: Loaded mod bundle 'kspedia_roboticcontroller'
[LOG 15:08:01.269] AssetLoader: Loaded mod bundle 'kspedia_roboticparts'
[LOG 15:08:01.269] AssetLoader: Loaded mod bundle 'kspedia_surface features-overview'
[LOG 15:08:01.269] AssetLoader: Loaded mod bundle 'kspedia_surface features-roverarmdetails'
[LOG 15:08:01.269] AssetLoader: Loaded mod bundle 'kspedia_trackeditor'
[LOG 15:08:01.270] AssetLoader: Loaded mod bundle 'kspedia_trackeditortoolbar'
[LOG 15:08:01.270] AssetLoader: Loaded mod bundle 'serenity'
[LOG 15:08:01.270] AssetLoader: Finished loading. 226 bundle definitions loaded.
[LOG 15:08:01.271] Compiling Configs:
[LOG 15:08:01.271] Config(DRAG_TIP) /Physics/DRAG_TIP
[LOG 15:08:01.271] Config(DRAG_SURFACE) /Physics/DRAG_SURFACE
[LOG 15:08:01.271] Config(DRAG_TAIL) /Physics/DRAG_TAIL
[LOG 15:08:01.271] Config(DRAG_MULTIPLIER) /Physics/DRAG_MULTIPLIER
[LOG 15:08:01.271] Config(DRAG_CD) /Physics/DRAG_CD
[LOG 15:08:01.271] Config(DRAG_CD_POWER) /Physics/DRAG_CD_POWER
[LOG 15:08:01.271] Config(DRAG_PSEUDOREYNOLDS) /Physics/DRAG_PSEUDOREYNOLDS
[LOG 15:08:01.271] Config(LIFTING_SURFACE_CURVES) /Physics/LIFTING_SURFACE_CURVES
[LOG 15:08:01.271] Config(VesselRanges) /Physics/VesselRanges
[LOG 15:08:01.271] Config(KSP_COMMUNITY_FIXES) KSPCommunityFixes/Settings/KSP_COMMUNITY_FIXES
[LOG 15:08:01.271] Config(Localization) KSPCommunityFixes/Localization/en-us/Localization
[LOG 15:08:01.271] Config(Localization) KSPCommunityFixes/Localization/fr-fr/Localization
[LOG 15:08:01.271] Config(Localization) KSPCommunityFixes/Localization/ru/Localization
[LOG 15:08:01.271] Config(Localization) KSPCommunityFixes/Localization/zh-cn/Localization
[LOG 15:08:01.272] Config(@PART[*]:HAS[@MODULE[ModuleDockingNodeFixed]]:NEEDS[FixDockingNodes]:FINAL) KSPCommunityFixes/MMPatches/ModSupport/FixDockingNodes/@PART[*]:HAS[@MODULE[ModuleDockingNodeFixed]]:NEEDS[FixDockingNodes]:FINAL
[LOG 15:08:01.272] Config(@PART[*]:HAS[@MODULE[Refunding]]:LAST[999_KSP-Recall]) KSPCommunityFixes/MMPatches/ModSupport/KSPRecall/@PART[*]:HAS[@MODULE[Refunding]]:LAST[999_KSP-Recall]
[LOG 15:08:01.272] Config(@PART[*]:HAS[#hasRefundingOnRecovery[?rue]]:LAST[999_KSP-Recall]) KSPCommunityFixes/MMPatches/ModSupport/KSPRecall/@PART[*]:HAS[#hasRefundingOnRecovery[?rue]]:LAST[999_KSP-Recall]
[LOG 15:08:01.272] Config(@PART[*]:HAS[#hasRefundingOnRecovery]:LAST[999_KSP-Recall]) KSPCommunityFixes/MMPatches/ModSupport/KSPRecall/@PART[*]:HAS[#hasRefundingOnRecovery]:LAST[999_KSP-Recall]
[LOG 15:08:01.272] Config(@KSP-Recall:LAST[999_KSP-Recall]) KSPCommunityFixes/MMPatches/ModSupport/KSPRecall/@KSP-Recall:LAST[999_KSP-Recall]
[LOG 15:08:01.272] Config(@KSP-Recall:HAS[#hasRefundingOnRecovery[?rue]]:LAST[999_KSP-Recall]) KSPCommunityFixes/MMPatches/ModSupport/KSPRecall/@KSP-Recall:HAS[#hasRefundingOnRecovery[?rue]]:LAST[999_KSP-Recall]
[LOG 15:08:01.272] Config(@KSP-Recall:HAS[#hasRefundingOnRecovery]:LAST[999_KSP-Recall]) KSPCommunityFixes/MMPatches/ModSupport/KSPRecall/@KSP-Recall:HAS[#hasRefundingOnRecovery]:LAST[999_KSP-Recall]
[LOG 15:08:01.272] Config(@KSP_COMMUNITY_FIXES:NEEDS[AttachedOnEditor]) KSPCommunityFixes/MMPatches/ModSupport/KSPRecall/@KSP_COMMUNITY_FIXES:NEEDS[AttachedOnEditor]
[LOG 15:08:01.272] Config(@KSP_COMMUNITY_FIXES:NEEDS[UniversalStorage2]) KSPCommunityFixes/MMPatches/ModSupport/UniversalStorage/@KSP_COMMUNITY_FIXES:NEEDS[UniversalStorage2]
[LOG 15:08:01.272] Config(@PART[telescopicLadderBay]:FIRST) KSPCommunityFixes/MMPatches/StockTweaks/LadderToggleableLight/@PART[telescopicLadderBay]:FIRST
[LOG 15:08:01.272] Config(@PART[telescopicLadderBay]:HAS[#LadderToggleableLight[?rue]]:FIRST) KSPCommunityFixes/MMPatches/StockTweaks/LadderToggleableLight/@PART[telescopicLadderBay]:HAS[#LadderToggleableLight[?rue]]:FIRST
[LOG 15:08:01.272] Config(@PART[telescopicLadderBay]:HAS[#LadderToggleableLight]:FIRST) KSPCommunityFixes/MMPatches/StockTweaks/LadderToggleableLight/@PART[telescopicLadderBay]:HAS[#LadderToggleableLight]:FIRST
[LOG 15:08:01.272] Config(@PART[GearSmall]:FIRST) KSPCommunityFixes/MMPatches/StockTweaks/LandingGearLights/@PART[GearSmall]:FIRST
[LOG 15:08:01.272] Config(@PART[SmallGearBay]:FIRST) KSPCommunityFixes/MMPatches/StockTweaks/LandingGearLights/@PART[SmallGearBay]:FIRST
[LOG 15:08:01.272] Config(@PART[sasModule]:FOR[KSPCommunityFixes]) KSPCommunityFixes/MMPatches/StockTweaks/ManufacturerFixes/@PART[sasModule]:FOR[KSPCommunityFixes]
[LOG 15:08:01.272] Config(@PART[xenonTankRadial]:FOR[KSPCommunityFixes]) KSPCommunityFixes/MMPatches/StockTweaks/ManufacturerFixes/@PART[xenonTankRadial]:FOR[KSPCommunityFixes]
[LOG 15:08:01.272] Config(@PART[winglet|fireworksLauncherSmall|fireworksLauncherBig]:FOR[KSPCommunityFixes]) KSPCommunityFixes/MMPatches/StockTweaks/ManufacturerFixes/@PART[winglet|fireworksLauncherSmall|fireworksLauncherBig]:FOR[KSPCommunityFixes]
[LOG 15:08:01.272] Config(@PART[solidBooster_sm_v2|solidBooster_v2]:FOR[KSPCommunityFixes]) KSPCommunityFixes/MMPatches/StockTweaks/ManufacturerFixes/@PART[solidBooster_sm_v2|solidBooster_v2]:FOR[KSPCommunityFixes]
[LOG 15:08:01.272] Config(@PART[ServiceBay_125_v2|ServiceBay_250_v2]:FOR[KSPCommunityFixes]) KSPCommunityFixes/MMPatches/StockTweaks/ManufacturerFixes/@PART[ServiceBay_125_v2|ServiceBay_250_v2]:FOR[KSPCommunityFixes]
[LOG 15:08:01.272] Config(@PART[externalTankCapsule]:FOR[KSPCommunityFixes]) KSPCommunityFixes/MMPatches/StockTweaks/ManufacturerFixes/@PART[externalTankCapsule]:FOR[KSPCommunityFixes]
[LOG 15:08:01.272] Config(@PART[RCSFuelTank|rcsTankMini|RCSTank1-2]:FOR[KSPCommunityFixes]) KSPCommunityFixes/MMPatches/StockTweaks/ManufacturerFixes/@PART[RCSFuelTank|rcsTankMini|RCSTank1-2]:FOR[KSPCommunityFixes]
[LOG 15:08:01.272] Config(@PART[landerCabinSmall]:FOR[KSPCommunityFixes]) KSPCommunityFixes/MMPatches/StockTweaks/ManufacturerFixes/@PART[landerCabinSmall]:FOR[KSPCommunityFixes]
[LOG 15:08:01.272] Config(@PART[dockingPortLateral]:FOR[KSPCommunityFixes]) KSPCommunityFixes/MMPatches/StockTweaks/ManufacturerFixes/@PART[dockingPortLateral]:FOR[KSPCommunityFixes]
[LOG 15:08:01.272] Config(@PART[EnginePlate4]:FOR[KSPCommunityFixes]:NEEDS[SquadExpansion/MakingHistory]) KSPCommunityFixes/MMPatches/StockTweaks/ManufacturerFixes/@PART[EnginePlate4]:FOR[KSPCommunityFixes]:NEEDS[SquadExpansion/MakingHistory]
[LOG 15:08:01.272] Config(@PART[Mk2Pod]:FOR[KSPCommunityFixes]:NEEDS[SquadExpansion/MakingHistory]) KSPCommunityFixes/MMPatches/StockTweaks/ManufacturerFixes/@PART[Mk2Pod]:FOR[KSPCommunityFixes]:NEEDS[SquadExpansion/MakingHistory]
[LOG 15:08:01.272] Config(@PART[evaChute|parachuteSingle|parachuteRadial|radialDrogue|parachuteLarge|parachuteDrogue]:FOR[KSPCommunityFixes]) KSPCommunityFixes/MMPatches/StockTweaks/ManufacturerFixes/@PART[evaChute|parachuteSingle|parachuteRadial|radialDrogue|parachuteLarge|parachuteDrogue]:FOR[KSPCommunityFixes]
[LOG 15:08:01.272] Config(@PART[stackPoint1|dockingPort1|dockingPort2|dockingPort3|dockingPortLarge]:FOR[KSPCommunityFixes]) KSPCommunityFixes/MMPatches/StockTweaks/ManufacturerFixes/@PART[stackPoint1|dockingPort1|dockingPort2|dockingPort3|dockingPortLarge]:FOR[KSPCommunityFixes]
[LOG 15:08:01.272] Config(AGENT) KSPCommunityFixes/MMPatches/StockTweaks/ManufacturerFixes/Clamp-O-Tron
[LOG 15:08:01.272] Config(AGENT) KSPCommunityFixes/MMPatches/StockTweaks/ManufacturerFixes/FreeFall Parachutes
[LOG 15:08:01.272] Config(AGENT) KSPCommunityFixes/MMPatches/StockTweaks/ManufacturerFixes/LightYear Tire Company
[LOG 15:08:01.272] Config(AGENT) KSPCommunityFixes/MMPatches/StockTweaks/ManufacturerFixes/Stratus Corporation
[LOG 15:08:01.272] Config(Localization) KSPCommunityFixes/MMPatches/StockTweaks/ManufacturerFixes/Localization
[LOG 15:08:01.272] Config(AGENT) Squad/Agencies/Agents/C7 Aerospace Division
[LOG 15:08:01.272] Config(AGENT) Squad/Agencies/Agents/Dinkelstein Kerman's Construction Emporium
[LOG 15:08:01.272] Config(AGENT) Squad/Agencies/Agents/Experimental Engineering Group
[LOG 15:08:01.272] Config(AGENT) Squad/Agencies/Agents/FLOOYD Dynamics Research Labs
[LOG 15:08:01.272] Config(AGENT) Squad/Agencies/Agents/Goliath National Products
[LOG 15:08:01.272] Config(AGENT) Squad/Agencies/Agents/Integrated Integrals
[LOG 15:08:01.272] Config(AGENT) Squad/Agencies/Agents/Ionic Symphonic Protonic Electronics
[LOG 15:08:01.272] Config(AGENT) Squad/Agencies/Agents/Jebediah Kerman's Junkyard and Spacecraft Parts Co
[LOG 15:08:01.272] Config(AGENT) Squad/Agencies/Agents/Kerbal Motion LLC
[LOG 15:08:01.272] Config(AGENT) Squad/Agencies/Agents/Kerbin World-Firsts Record-Keeping Society
[LOG 15:08:01.272] Config(AGENT) Squad/Agencies/Agents/Kerbodyne
[LOG 15:08:01.272] Config(AGENT) Squad/Agencies/Agents/Kerlington Model Rockets and Paper Products Inc
[LOG 15:08:01.272] Config(AGENT) Squad/Agencies/Agents/Maxo Construction Toys
[LOG 15:08:01.273] Config(AGENT) Squad/Agencies/Agents/Moving Parts Experts Group
[LOG 15:08:01.273] Config(AGENT) Squad/Agencies/Agents/O.M.B. Demolition Enterprises
[LOG 15:08:01.273] Config(AGENT) Squad/Agencies/Agents/Periapsis Rocket Supplies Co
[LOG 15:08:01.273] Config(AGENT) Squad/Agencies/Agents/Probodobodyne Inc
[LOG 15:08:01.273] Config(AGENT) Squad/Agencies/Agents/Research & Development Department
[LOG 15:08:01.273] Config(AGENT) Squad/Agencies/Agents/Reaction Systems Ltd
[LOG 15:08:01.273] Config(AGENT) Squad/Agencies/Agents/Rockomax Conglomerate
[LOG 15:08:01.273] Config(AGENT) Squad/Agencies/Agents/Rokea Inc
[LOG 15:08:01.273] Config(AGENT) Squad/Agencies/Agents/Sean's Cannery
[LOG 15:08:01.273] Config(AGENT) Squad/Agencies/Agents/STEADLER Engineering Corps
[LOG 15:08:01.273] Config(AGENT) Squad/Agencies/Agents/StrutCo
[LOG 15:08:01.273] Config(AGENT) Squad/Agencies/Agents/Vac-Co Advanced Suction Systems
[LOG 15:08:01.273] Config(AGENT) Squad/Agencies/Agents/WinterOwl Aircraft Emporium
[LOG 15:08:01.273] Config(AGENT) Squad/Agencies/Agents/Zaltonic Electronics
[LOG 15:08:01.273] Config(CONTRACT_CONSTRUCTION_PARTS) Squad/Contracts/constructionContractParts/CONTRACT_CONSTRUCTION_PARTS
[LOG 15:08:01.273] Config(Contracts) Squad/Contracts/Contracts/Contracts
[LOG 15:08:01.273] Config(CONTRACTCRAFT) Squad/Contracts/PrebuiltCraft/prebuiltData/CONTRACTCRAFT
[LOG 15:08:01.273] Config(CONTRACTCRAFT) Squad/Contracts/PrebuiltCraft/OrbitalConstructionContract/orbitalConstructionContractCraft/CONTRACTCRAFT
[LOG 15:08:01.273] Config(CONTRACTCRAFT) Squad/Contracts/PrebuiltCraft/RepairContract/repairContractCraft/CONTRACTCRAFT
[LOG 15:08:01.273] Config(CONTRACTCRAFT) Squad/Contracts/PrebuiltCraft/RoverContract/roverContractCraft/CONTRACTCRAFT
[LOG 15:08:01.273] Config(KEYBOARD_LAYOUT) Squad/Controls/Azerty/#autoLOC_6001233
[LOG 15:08:01.273] Config(PITCH_DOWN) Squad/Controls/Azerty/PITCH_DOWN
[LOG 15:08:01.273] Config(PITCH_UP) Squad/Controls/Azerty/PITCH_UP
[LOG 15:08:01.273] Config(YAW_LEFT) Squad/Controls/Azerty/YAW_LEFT
[LOG 15:08:01.273] Config(YAW_RIGHT) Squad/Controls/Azerty/YAW_RIGHT
[LOG 15:08:01.273] Config(ROLL_LEFT) Squad/Controls/Azerty/ROLL_LEFT
[LOG 15:08:01.273] Config(ROLL_RIGHT) Squad/Controls/Azerty/ROLL_RIGHT
[LOG 15:08:01.273] Config(THROTTLE_UP) Squad/Controls/Azerty/THROTTLE_UP
[LOG 15:08:01.273] Config(THROTTLE_DOWN) Squad/Controls/Azerty/THROTTLE_DOWN
[LOG 15:08:01.273] Config(SAS_HOLD) Squad/Controls/Azerty/SAS_HOLD
[LOG 15:08:01.273] Config(SAS_TOGGLE) Squad/Controls/Azerty/SAS_TOGGLE
[LOG 15:08:01.273] Config(LAUNCH_STAGES) Squad/Controls/Azerty/LAUNCH_STAGES
[LOG 15:08:01.273] Config(Docking_toggleRotLin) Squad/Controls/Azerty/Docking_toggleRotLin
[LOG 15:08:01.273] Config(CAMERA_MODE) Squad/Controls/Azerty/CAMERA_MODE
[LOG 15:08:01.273] Config(CAMERA_NEXT) Squad/Controls/Azerty/CAMERA_NEXT
[LOG 15:08:01.273] Config(PAUSE) Squad/Controls/Azerty/PAUSE
[LOG 15:08:01.273] Config(PRECISION_CTRL) Squad/Controls/Azerty/PRECISION_CTRL
[LOG 15:08:01.273] Config(ZOOM_IN) Squad/Controls/Azerty/ZOOM_IN
[LOG 15:08:01.273] Config(ZOOM_OUT) Squad/Controls/Azerty/ZOOM_OUT
[LOG 15:08:01.273] Config(SCROLL_VIEW_UP) Squad/Controls/Azerty/SCROLL_VIEW_UP
[LOG 15:08:01.273] Config(SCROLL_VIEW_DOWN) Squad/Controls/Azerty/SCROLL_VIEW_DOWN
[LOG 15:08:01.273] Config(SCROLL_ICONS_UP) Squad/Controls/Azerty/SCROLL_ICONS_UP
[LOG 15:08:01.273] Config(SCROLL_ICONS_DOWN) Squad/Controls/Azerty/SCROLL_ICONS_DOWN
[LOG 15:08:01.273] Config(CAMERA_ORBIT_UP) Squad/Controls/Azerty/CAMERA_ORBIT_UP
[LOG 15:08:01.273] Config(CAMERA_ORBIT_DOWN) Squad/Controls/Azerty/CAMERA_ORBIT_DOWN
[LOG 15:08:01.273] Config(CAMERA_ORBIT_LEFT) Squad/Controls/Azerty/CAMERA_ORBIT_LEFT
[LOG 15:08:01.273] Config(CAMERA_ORBIT_RIGHT) Squad/Controls/Azerty/CAMERA_ORBIT_RIGHT
[LOG 15:08:01.273] Config(CAMERA_RESET) Squad/Controls/Azerty/CAMERA_RESET
[LOG 15:08:01.274] Config(CAMERA_MOUSE_TOGGLE) Squad/Controls/Azerty/CAMERA_MOUSE_TOGGLE
[LOG 15:08:01.274] Config(TIME_WARP_INCREASE) Squad/Controls/Azerty/TIME_WARP_INCREASE
[LOG 15:08:01.274] Config(TIME_WARP_DECREASE) Squad/Controls/Azerty/TIME_WARP_DECREASE
[LOG 15:08:01.274] Config(TIME_WARP_STOP) Squad/Controls/Azerty/TIME_WARP_STOP
[LOG 15:08:01.274] Config(MAP_VIEW_TOGGLE) Squad/Controls/Azerty/MAP_VIEW_TOGGLE
[LOG 15:08:01.274] Config(NAVBALL_TOGGLE) Squad/Controls/Azerty/NAVBALL_TOGGLE
[LOG 15:08:01.274] Config(UIMODE_STAGING) Squad/Controls/Azerty/UIMODE_STAGING
[LOG 15:08:01.274] Config(UIMODE_DOCKING) Squad/Controls/Azerty/UIMODE_DOCKING
[LOG 15:08:01.274] Config(TRANSLATE_DOWN) Squad/Controls/Azerty/TRANSLATE_DOWN
[LOG 15:08:01.274] Config(TRANSLATE_UP) Squad/Controls/Azerty/TRANSLATE_UP
[LOG 15:08:01.274] Config(TRANSLATE_LEFT) Squad/Controls/Azerty/TRANSLATE_LEFT
[LOG 15:08:01.274] Config(TRANSLATE_RIGHT) Squad/Controls/Azerty/TRANSLATE_RIGHT
[LOG 15:08:01.274] Config(TRANSLATE_FWD) Squad/Controls/Azerty/TRANSLATE_FWD
[LOG 15:08:01.274] Config(TRANSLATE_BACK) Squad/Controls/Azerty/TRANSLATE_BACK
[LOG 15:08:01.274] Config(RCS_TOGGLE) Squad/Controls/Azerty/RCS_TOGGLE
[LOG 15:08:01.274] Config(FOCUS_NEXT_VESSEL) Squad/Controls/Azerty/FOCUS_NEXT_VESSEL
[LOG 15:08:01.274] Config(FOCUS_PREV_VESSEL) Squad/Controls/Azerty/FOCUS_PREV_VESSEL
[LOG 15:08:01.274] Config(TOGGLE_UI) Squad/Controls/Azerty/TOGGLE_UI
[LOG 15:08:01.274] Config(TOGGLE_STATUS_SCREEN) Squad/Controls/Azerty/TOGGLE_STATUS_SCREEN
[LOG 15:08:01.274] Config(TAKE_SCREENSHOT) Squad/Controls/Azerty/TAKE_SCREENSHOT
[LOG 15:08:01.274] Config(TOGGLE_LABELS) Squad/Controls/Azerty/TOGGLE_LABELS
[LOG 15:08:01.274] Config(TOGGLE_TEMP_GAUGES) Squad/Controls/Azerty/TOGGLE_TEMP_GAUGES
[LOG 15:08:01.274] Config(TOGGLE_TEMP_OVERLAY) Squad/Controls/Azerty/TOGGLE_TEMP_OVERLAY
[LOG 15:08:01.274] Config(TOGGLE_FLIGHT_FORCES) Squad/Controls/Azerty/TOGGLE_FLIGHT_FORCES
[LOG 15:08:01.274] Config(QUICKSAVE) Squad/Controls/Azerty/QUICKSAVE
[LOG 15:08:01.274] Config(QUICKLOAD) Squad/Controls/Azerty/QUICKLOAD
[LOG 15:08:01.274] Config(THROTTLE_CUTOFF) Squad/Controls/Azerty/THROTTLE_CUTOFF
[LOG 15:08:01.274] Config(THROTTLE_FULL) Squad/Controls/Azerty/THROTTLE_FULL
[LOG 15:08:01.274] Config(LANDING_GEAR) Squad/Controls/Azerty/LANDING_GEAR
[LOG 15:08:01.274] Config(HEADLIGHT_TOGGLE) Squad/Controls/Azerty/HEADLIGHT_TOGGLE
[LOG 15:08:01.274] Config(BRAKES) Squad/Controls/Azerty/BRAKES
[LOG 15:08:01.274] Config(TOGGLE_SPACENAV_FLIGHT_CONTROL) Squad/Controls/Azerty/TOGGLE_SPACENAV_FLIGHT_CONTROL
[LOG 15:08:01.274] Config(TOGGLE_SPACENAV_ROLL_LOCK) Squad/Controls/Azerty/TOGGLE_SPACENAV_ROLL_LOCK
[LOG 15:08:01.274] Config(WHEEL_STEER_LEFT) Squad/Controls/Azerty/WHEEL_STEER_LEFT
[LOG 15:08:01.274] Config(WHEEL_STEER_RIGHT) Squad/Controls/Azerty/WHEEL_STEER_RIGHT
[LOG 15:08:01.274] Config(WHEEL_THROTTLE_DOWN) Squad/Controls/Azerty/WHEEL_THROTTLE_DOWN
[LOG 15:08:01.274] Config(WHEEL_THROTTLE_UP) Squad/Controls/Azerty/WHEEL_THROTTLE_UP
[LOG 15:08:01.274] Config(EVA_forward) Squad/Controls/Azerty/EVA_forward
[LOG 15:08:01.274] Config(EVA_back) Squad/Controls/Azerty/EVA_back
[LOG 15:08:01.274] Config(EVA_left) Squad/Controls/Azerty/EVA_left
[LOG 15:08:01.274] Config(EVA_right) Squad/Controls/Azerty/EVA_right
[LOG 15:08:01.274] Config(EVA_yaw_left) Squad/Controls/Azerty/EVA_yaw_left
[LOG 15:08:01.274] Config(EVA_yaw_right) Squad/Controls/Azerty/EVA_yaw_right
[LOG 15:08:01.274] Config(EVA_Pack_forward) Squad/Controls/Azerty/EVA_Pack_forward
[LOG 15:08:01.274] Config(EVA_Pack_back) Squad/Controls/Azerty/EVA_Pack_back
[LOG 15:08:01.274] Config(EVA_Pack_left) Squad/Controls/Azerty/EVA_Pack_left
[LOG 15:08:01.274] Config(EVA_Pack_right) Squad/Controls/Azerty/EVA_Pack_right
[LOG 15:08:01.274] Config(EVA_Pack_up) Squad/Controls/Azerty/EVA_Pack_up
[LOG 15:08:01.274] Config(EVA_Pack_down) Squad/Controls/Azerty/EVA_Pack_down
[LOG 15:08:01.274] Config(EVA_Jump) Squad/Controls/Azerty/EVA_Jump
[LOG 15:08:01.274] Config(EVA_Run) Squad/Controls/Azerty/EVA_Run
[LOG 15:08:01.274] Config(EVA_ToggleMovementMode) Squad/Controls/Azerty/EVA_ToggleMovementMode
[LOG 15:08:01.275] Config(EVA_TogglePack) Squad/Controls/Azerty/EVA_TogglePack
[LOG 15:08:01.275] Config(EVA_Use) Squad/Controls/Azerty/EVA_Use
[LOG 15:08:01.275] Config(EVA_Board) Squad/Controls/Azerty/EVA_Board
[LOG 15:08:01.275] Config(EVA_Orient) Squad/Controls/Azerty/EVA_Orient
[LOG 15:08:01.275] Config(EVA_Lights) Squad/Controls/Azerty/EVA_Lights
[LOG 15:08:01.275] Config(EVA_ChuteDeploy) Squad/Controls/Azerty/EVA_ChuteDeploy
[LOG 15:08:01.275] Config(Editor_pitchUp) Squad/Controls/Azerty/Editor_pitchUp
[LOG 15:08:01.275] Config(Editor_pitchDown) Squad/Controls/Azerty/Editor_pitchDown
[LOG 15:08:01.275] Config(Editor_yawLeft) Squad/Controls/Azerty/Editor_yawLeft
[LOG 15:08:01.275] Config(Editor_yawRight) Squad/Controls/Azerty/Editor_yawRight
[LOG 15:08:01.275] Config(Editor_rollLeft) Squad/Controls/Azerty/Editor_rollLeft
[LOG 15:08:01.275] Config(Editor_rollRight) Squad/Controls/Azerty/Editor_rollRight
[LOG 15:08:01.275] Config(Editor_resetRotation) Squad/Controls/Azerty/Editor_resetRotation
[LOG 15:08:01.275] Config(Editor_modePlace) Squad/Controls/Azerty/Editor_modePlace
[LOG 15:08:01.275] Config(Editor_modeOffset) Squad/Controls/Azerty/Editor_modeOffset
[LOG 15:08:01.275] Config(Editor_modeRotate) Squad/Controls/Azerty/Editor_modeRotate
[LOG 15:08:01.275] Config(Editor_modeRoot) Squad/Controls/Azerty/Editor_modeRoot
[LOG 15:08:01.275] Config(Editor_coordSystem) Squad/Controls/Azerty/Editor_coordSystem
[LOG 15:08:01.275] Config(Editor_toggleSymMethod) Squad/Controls/Azerty/Editor_toggleSymMethod
[LOG 15:08:01.275] Config(Editor_toggleSymMode) Squad/Controls/Azerty/Editor_toggleSymMode
[LOG 15:08:01.275] Config(Editor_toggleAngleSnap) Squad/Controls/Azerty/Editor_toggleAngleSnap
[LOG 15:08:01.275] Config(Editor_fineTweak) Squad/Controls/Azerty/Editor_fineTweak
[LOG 15:08:01.275] Config(Editor_partSearch) Squad/Controls/Azerty/Editor_partSearch
[LOG 15:08:01.275] Config(Editor_zoomScrollModifier) Squad/Controls/Azerty/Editor_zoomScrollModifier
[LOG 15:08:01.275] Config(MODIFIER_KEY) Squad/Controls/Azerty/MODIFIER_KEY
[LOG 15:08:01.275] Config(AbortActionGroup) Squad/Controls/Azerty/AbortActionGroup
[LOG 15:08:01.275] Config(CustomActionGroup1) Squad/Controls/Azerty/CustomActionGroup1
[LOG 15:08:01.275] Config(CustomActionGroup2) Squad/Controls/Azerty/CustomActionGroup2
[LOG 15:08:01.275] Config(CustomActionGroup3) Squad/Controls/Azerty/CustomActionGroup3
[LOG 15:08:01.275] Config(CustomActionGroup4) Squad/Controls/Azerty/CustomActionGroup4
[LOG 15:08:01.275] Config(CustomActionGroup5) Squad/Controls/Azerty/CustomActionGroup5
[LOG 15:08:01.275] Config(CustomActionGroup6) Squad/Controls/Azerty/CustomActionGroup6
[LOG 15:08:01.275] Config(CustomActionGroup7) Squad/Controls/Azerty/CustomActionGroup7
[LOG 15:08:01.275] Config(CustomActionGroup8) Squad/Controls/Azerty/CustomActionGroup8
[LOG 15:08:01.275] Config(CustomActionGroup9) Squad/Controls/Azerty/CustomActionGroup9
[LOG 15:08:01.275] Config(CustomActionGroup10) Squad/Controls/Azerty/CustomActionGroup10
[LOG 15:08:01.275] Config(KEY_MAP) Squad/Controls/Azerty/KEY_MAP
[LOG 15:08:01.275] Config(KEYBOARD_LAYOUT) Squad/Controls/Dvorak/#autoLOC_6001234
[LOG 15:08:01.275] Config(PITCH_DOWN) Squad/Controls/Dvorak/PITCH_DOWN
[LOG 15:08:01.275] Config(PITCH_UP) Squad/Controls/Dvorak/PITCH_UP
[LOG 15:08:01.275] Config(YAW_LEFT) Squad/Controls/Dvorak/YAW_LEFT
[LOG 15:08:01.275] Config(YAW_RIGHT) Squad/Controls/Dvorak/YAW_RIGHT
[LOG 15:08:01.275] Config(ROLL_LEFT) Squad/Controls/Dvorak/ROLL_LEFT
[LOG 15:08:01.275] Config(ROLL_RIGHT) Squad/Controls/Dvorak/ROLL_RIGHT
[LOG 15:08:01.275] Config(THROTTLE_UP) Squad/Controls/Dvorak/THROTTLE_UP
[LOG 15:08:01.275] Config(THROTTLE_DOWN) Squad/Controls/Dvorak/THROTTLE_DOWN
[LOG 15:08:01.275] Config(SAS_HOLD) Squad/Controls/Dvorak/SAS_HOLD
[LOG 15:08:01.275] Config(SAS_TOGGLE) Squad/Controls/Dvorak/SAS_TOGGLE
[LOG 15:08:01.275] Config(LAUNCH_STAGES) Squad/Controls/Dvorak/LAUNCH_STAGES
[LOG 15:08:01.275] Config(Docking_toggleRotLin) Squad/Controls/Dvorak/Docking_toggleRotLin
[LOG 15:08:01.275] Config(CAMERA_MODE) Squad/Controls/Dvorak/CAMERA_MODE
[LOG 15:08:01.276] Config(CAMERA_NEXT) Squad/Controls/Dvorak/CAMERA_NEXT
[LOG 15:08:01.276] Config(PAUSE) Squad/Controls/Dvorak/PAUSE
[LOG 15:08:01.276] Config(PRECISION_CTRL) Squad/Controls/Dvorak/PRECISION_CTRL
[LOG 15:08:01.276] Config(ZOOM_IN) Squad/Controls/Dvorak/ZOOM_IN
[LOG 15:08:01.276] Config(ZOOM_OUT) Squad/Controls/Dvorak/ZOOM_OUT
[LOG 15:08:01.276] Config(SCROLL_VIEW_UP) Squad/Controls/Dvorak/SCROLL_VIEW_UP
[LOG 15:08:01.276] Config(SCROLL_VIEW_DOWN) Squad/Controls/Dvorak/SCROLL_VIEW_DOWN
[LOG 15:08:01.276] Config(SCROLL_ICONS_UP) Squad/Controls/Dvorak/SCROLL_ICONS_UP
[LOG 15:08:01.276] Config(SCROLL_ICONS_DOWN) Squad/Controls/Dvorak/SCROLL_ICONS_DOWN
[LOG 15:08:01.276] Config(CAMERA_ORBIT_UP) Squad/Controls/Dvorak/CAMERA_ORBIT_UP
[LOG 15:08:01.276] Config(CAMERA_ORBIT_DOWN) Squad/Controls/Dvorak/CAMERA_ORBIT_DOWN
[LOG 15:08:01.276] Config(CAMERA_ORBIT_LEFT) Squad/Controls/Dvorak/CAMERA_ORBIT_LEFT
[LOG 15:08:01.276] Config(CAMERA_ORBIT_RIGHT) Squad/Controls/Dvorak/CAMERA_ORBIT_RIGHT
[LOG 15:08:01.276] Config(CAMERA_RESET) Squad/Controls/Dvorak/CAMERA_RESET
[LOG 15:08:01.276] Config(CAMERA_MOUSE_TOGGLE) Squad/Controls/Dvorak/CAMERA_MOUSE_TOGGLE
[LOG 15:08:01.276] Config(TIME_WARP_INCREASE) Squad/Controls/Dvorak/TIME_WARP_INCREASE
[LOG 15:08:01.276] Config(TIME_WARP_DECREASE) Squad/Controls/Dvorak/TIME_WARP_DECREASE
[LOG 15:08:01.276] Config(TIME_WARP_STOP) Squad/Controls/Dvorak/TIME_WARP_STOP
[LOG 15:08:01.276] Config(MAP_VIEW_TOGGLE) Squad/Controls/Dvorak/MAP_VIEW_TOGGLE
[LOG 15:08:01.276] Config(NAVBALL_TOGGLE) Squad/Controls/Dvorak/NAVBALL_TOGGLE
[LOG 15:08:01.276] Config(UIMODE_STAGING) Squad/Controls/Dvorak/UIMODE_STAGING
[LOG 15:08:01.276] Config(UIMODE_DOCKING) Squad/Controls/Dvorak/UIMODE_DOCKING
[LOG 15:08:01.276] Config(TRANSLATE_DOWN) Squad/Controls/Dvorak/TRANSLATE_DOWN
[LOG 15:08:01.276] Config(TRANSLATE_UP) Squad/Controls/Dvorak/TRANSLATE_UP
[LOG 15:08:01.276] Config(TRANSLATE_LEFT) Squad/Controls/Dvorak/TRANSLATE_LEFT
[LOG 15:08:01.276] Config(TRANSLATE_RIGHT) Squad/Controls/Dvorak/TRANSLATE_RIGHT
[LOG 15:08:01.276] Config(TRANSLATE_FWD) Squad/Controls/Dvorak/TRANSLATE_FWD
[LOG 15:08:01.276] Config(TRANSLATE_BACK) Squad/Controls/Dvorak/TRANSLATE_BACK
[LOG 15:08:01.276] Config(RCS_TOGGLE) Squad/Controls/Dvorak/RCS_TOGGLE
[LOG 15:08:01.276] Config(FOCUS_NEXT_VESSEL) Squad/Controls/Dvorak/FOCUS_NEXT_VESSEL
[LOG 15:08:01.276] Config(FOCUS_PREV_VESSEL) Squad/Controls/Dvorak/FOCUS_PREV_VESSEL
[LOG 15:08:01.276] Config(TOGGLE_UI) Squad/Controls/Dvorak/TOGGLE_UI
[LOG 15:08:01.276] Config(TOGGLE_STATUS_SCREEN) Squad/Controls/Dvorak/TOGGLE_STATUS_SCREEN
[LOG 15:08:01.276] Config(TAKE_SCREENSHOT) Squad/Controls/Dvorak/TAKE_SCREENSHOT
[LOG 15:08:01.276] Config(TOGGLE_LABELS) Squad/Controls/Dvorak/TOGGLE_LABELS
[LOG 15:08:01.276] Config(TOGGLE_TEMP_GAUGES) Squad/Controls/Dvorak/TOGGLE_TEMP_GAUGES
[LOG 15:08:01.276] Config(TOGGLE_TEMP_OVERLAY) Squad/Controls/Dvorak/TOGGLE_TEMP_OVERLAY
[LOG 15:08:01.276] Config(TOGGLE_FLIGHT_FORCES) Squad/Controls/Dvorak/TOGGLE_FLIGHT_FORCES
[LOG 15:08:01.276] Config(QUICKSAVE) Squad/Controls/Dvorak/QUICKSAVE
[LOG 15:08:01.276] Config(QUICKLOAD) Squad/Controls/Dvorak/QUICKLOAD
[LOG 15:08:01.276] Config(THROTTLE_CUTOFF) Squad/Controls/Dvorak/THROTTLE_CUTOFF
[LOG 15:08:01.276] Config(THROTTLE_FULL) Squad/Controls/Dvorak/THROTTLE_FULL
[LOG 15:08:01.276] Config(LANDING_GEAR) Squad/Controls/Dvorak/LANDING_GEAR
[LOG 15:08:01.276] Config(HEADLIGHT_TOGGLE) Squad/Controls/Dvorak/HEADLIGHT_TOGGLE
[LOG 15:08:01.276] Config(BRAKES) Squad/Controls/Dvorak/BRAKES
[LOG 15:08:01.276] Config(TOGGLE_SPACENAV_FLIGHT_CONTROL) Squad/Controls/Dvorak/TOGGLE_SPACENAV_FLIGHT_CONTROL
[LOG 15:08:01.276] Config(TOGGLE_SPACENAV_ROLL_LOCK) Squad/Controls/Dvorak/TOGGLE_SPACENAV_ROLL_LOCK
[LOG 15:08:01.276] Config(WHEEL_STEER_LEFT) Squad/Controls/Dvorak/WHEEL_STEER_LEFT
[LOG 15:08:01.276] Config(WHEEL_STEER_RIGHT) Squad/Controls/Dvorak/WHEEL_STEER_RIGHT
[LOG 15:08:01.276] Config(WHEEL_THROTTLE_DOWN) Squad/Controls/Dvorak/WHEEL_THROTTLE_DOWN
[LOG 15:08:01.276] Config(WHEEL_THROTTLE_UP) Squad/Controls/Dvorak/WHEEL_THROTTLE_UP
[LOG 15:08:01.276] Config(EVA_forward) Squad/Controls/Dvorak/EVA_forward
[LOG 15:08:01.276] Config(EVA_back) Squad/Controls/Dvorak/EVA_back
[LOG 15:08:01.277] Config(EVA_left) Squad/Controls/Dvorak/EVA_left
[LOG 15:08:01.277] Config(EVA_right) Squad/Controls/Dvorak/EVA_right
[LOG 15:08:01.277] Config(EVA_yaw_left) Squad/Controls/Dvorak/EVA_yaw_left
[LOG 15:08:01.277] Config(EVA_yaw_right) Squad/Controls/Dvorak/EVA_yaw_right
[LOG 15:08:01.277] Config(EVA_Pack_forward) Squad/Controls/Dvorak/EVA_Pack_forward
[LOG 15:08:01.277] Config(EVA_Pack_back) Squad/Controls/Dvorak/EVA_Pack_back
[LOG 15:08:01.277] Config(EVA_Pack_left) Squad/Controls/Dvorak/EVA_Pack_left
[LOG 15:08:01.277] Config(EVA_Pack_right) Squad/Controls/Dvorak/EVA_Pack_right
[LOG 15:08:01.277] Config(EVA_Pack_up) Squad/Controls/Dvorak/EVA_Pack_up
[LOG 15:08:01.277] Config(EVA_Pack_down) Squad/Controls/Dvorak/EVA_Pack_down
[LOG 15:08:01.277] Config(EVA_Jump) Squad/Controls/Dvorak/EVA_Jump
[LOG 15:08:01.277] Config(EVA_Run) Squad/Controls/Dvorak/EVA_Run
[LOG 15:08:01.277] Config(EVA_ToggleMovementMode) Squad/Controls/Dvorak/EVA_ToggleMovementMode
[LOG 15:08:01.277] Config(EVA_TogglePack) Squad/Controls/Dvorak/EVA_TogglePack
[LOG 15:08:01.277] Config(EVA_Use) Squad/Controls/Dvorak/EVA_Use
[LOG 15:08:01.277] Config(EVA_Board) Squad/Controls/Dvorak/EVA_Board
[LOG 15:08:01.277] Config(EVA_Orient) Squad/Controls/Dvorak/EVA_Orient
[LOG 15:08:01.277] Config(EVA_Lights) Squad/Controls/Dvorak/EVA_Lights
[LOG 15:08:01.277] Config(EVA_ChuteDeploy) Squad/Controls/Dvorak/EVA_ChuteDeploy
[LOG 15:08:01.277] Config(Editor_pitchUp) Squad/Controls/Dvorak/Editor_pitchUp
[LOG 15:08:01.277] Config(Editor_pitchDown) Squad/Controls/Dvorak/Editor_pitchDown
[LOG 15:08:01.277] Config(Editor_yawLeft) Squad/Controls/Dvorak/Editor_yawLeft
[LOG 15:08:01.277] Config(Editor_yawRight) Squad/Controls/Dvorak/Editor_yawRight
[LOG 15:08:01.277] Config(Editor_rollLeft) Squad/Controls/Dvorak/Editor_rollLeft
[LOG 15:08:01.277] Config(Editor_rollRight) Squad/Controls/Dvorak/Editor_rollRight
[LOG 15:08:01.277] Config(Editor_resetRotation) Squad/Controls/Dvorak/Editor_resetRotation
[LOG 15:08:01.277] Config(Editor_modePlace) Squad/Controls/Dvorak/Editor_modePlace
[LOG 15:08:01.277] Config(Editor_modeOffset) Squad/Controls/Dvorak/Editor_modeOffset
[LOG 15:08:01.277] Config(Editor_modeRotate) Squad/Controls/Dvorak/Editor_modeRotate
[LOG 15:08:01.277] Config(Editor_modeRoot) Squad/Controls/Dvorak/Editor_modeRoot
[LOG 15:08:01.277] Config(Editor_coordSystem) Squad/Controls/Dvorak/Editor_coordSystem
[LOG 15:08:01.277] Config(Editor_toggleSymMethod) Squad/Controls/Dvorak/Editor_toggleSymMethod
[LOG 15:08:01.277] Config(Editor_toggleSymMode) Squad/Controls/Dvorak/Editor_toggleSymMode
[LOG 15:08:01.277] Config(Editor_toggleAngleSnap) Squad/Controls/Dvorak/Editor_toggleAngleSnap
[LOG 15:08:01.277] Config(Editor_fineTweak) Squad/Controls/Dvorak/Editor_fineTweak
[LOG 15:08:01.277] Config(Editor_partSearch) Squad/Controls/Dvorak/Editor_partSearch
[LOG 15:08:01.277] Config(Editor_zoomScrollModifier) Squad/Controls/Dvorak/Editor_zoomScrollModifier
[LOG 15:08:01.277] Config(MODIFIER_KEY) Squad/Controls/Dvorak/MODIFIER_KEY
[LOG 15:08:01.277] Config(AbortActionGroup) Squad/Controls/Dvorak/AbortActionGroup
[LOG 15:08:01.277] Config(CustomActionGroup1) Squad/Controls/Dvorak/CustomActionGroup1
[LOG 15:08:01.277] Config(CustomActionGroup2) Squad/Controls/Dvorak/CustomActionGroup2
[LOG 15:08:01.277] Config(CustomActionGroup3) Squad/Controls/Dvorak/CustomActionGroup3
[LOG 15:08:01.277] Config(CustomActionGroup4) Squad/Controls/Dvorak/CustomActionGroup4
[LOG 15:08:01.277] Config(CustomActionGroup5) Squad/Controls/Dvorak/CustomActionGroup5
[LOG 15:08:01.277] Config(CustomActionGroup6) Squad/Controls/Dvorak/CustomActionGroup6
[LOG 15:08:01.277] Config(CustomActionGroup7) Squad/Controls/Dvorak/CustomActionGroup7
[LOG 15:08:01.277] Config(CustomActionGroup8) Squad/Controls/Dvorak/CustomActionGroup8
[LOG 15:08:01.277] Config(CustomActionGroup9) Squad/Controls/Dvorak/CustomActionGroup9
[LOG 15:08:01.277] Config(CustomActionGroup10) Squad/Controls/Dvorak/CustomActionGroup10
[LOG 15:08:01.277] Config(KEY_MAP) Squad/Controls/Dvorak/KEY_MAP
[LOG 15:08:01.277] Config(KEYBOARD_LAYOUT) Squad/Controls/Qwerty/#autoLOC_6001227
[LOG 15:08:01.277] Config(PITCH_DOWN) Squad/Controls/Qwerty/PITCH_DOWN
[LOG 15:08:01.277] Config(PITCH_UP) Squad/Controls/Qwerty/PITCH_UP
[LOG 15:08:01.277] Config(YAW_LEFT) Squad/Controls/Qwerty/YAW_LEFT
[LOG 15:08:01.277] Config(YAW_RIGHT) Squad/Controls/Qwerty/YAW_RIGHT
[LOG 15:08:01.277] Config(ROLL_LEFT) Squad/Controls/Qwerty/ROLL_LEFT
[LOG 15:08:01.277] Config(ROLL_RIGHT) Squad/Controls/Qwerty/ROLL_RIGHT
[LOG 15:08:01.277] Config(THROTTLE_UP) Squad/Controls/Qwerty/THROTTLE_UP
[LOG 15:08:01.277] Config(THROTTLE_DOWN) Squad/Controls/Qwerty/THROTTLE_DOWN
[LOG 15:08:01.277] Config(SAS_HOLD) Squad/Controls/Qwerty/SAS_HOLD
[LOG 15:08:01.277] Config(SAS_TOGGLE) Squad/Controls/Qwerty/SAS_TOGGLE
[LOG 15:08:01.277] Config(LAUNCH_STAGES) Squad/Controls/Qwerty/LAUNCH_STAGES
[LOG 15:08:01.277] Config(Docking_toggleRotLin) Squad/Controls/Qwerty/Docking_toggleRotLin
[LOG 15:08:01.277] Config(CAMERA_MODE) Squad/Controls/Qwerty/CAMERA_MODE
[LOG 15:08:01.277] Config(CAMERA_NEXT) Squad/Controls/Qwerty/CAMERA_NEXT
[LOG 15:08:01.277] Config(PAUSE) Squad/Controls/Qwerty/PAUSE
[LOG 15:08:01.277] Config(PRECISION_CTRL) Squad/Controls/Qwerty/PRECISION_CTRL
[LOG 15:08:01.277] Config(ZOOM_IN) Squad/Controls/Qwerty/ZOOM_IN
[LOG 15:08:01.277] Config(ZOOM_OUT) Squad/Controls/Qwerty/ZOOM_OUT
[LOG 15:08:01.277] Config(SCROLL_VIEW_UP) Squad/Controls/Qwerty/SCROLL_VIEW_UP
[LOG 15:08:01.277] Config(SCROLL_VIEW_DOWN) Squad/Controls/Qwerty/SCROLL_VIEW_DOWN
[LOG 15:08:01.277] Config(SCROLL_ICONS_UP) Squad/Controls/Qwerty/SCROLL_ICONS_UP
[LOG 15:08:01.279] Config(SCROLL_ICONS_DOWN) Squad/Controls/Qwerty/SCROLL_ICONS_DOWN
[LOG 15:08:01.279] Config(CAMERA_ORBIT_UP) Squad/Controls/Qwerty/CAMERA_ORBIT_UP
[LOG 15:08:01.279] Config(CAMERA_ORBIT_DOWN) Squad/Controls/Qwerty/CAMERA_ORBIT_DOWN
[LOG 15:08:01.279] Config(CAMERA_ORBIT_LEFT) Squad/Controls/Qwerty/CAMERA_ORBIT_LEFT
[LOG 15:08:01.279] Config(CAMERA_ORBIT_RIGHT) Squad/Controls/Qwerty/CAMERA_ORBIT_RIGHT
[LOG 15:08:01.279] Config(CAMERA_RESET) Squad/Controls/Qwerty/CAMERA_RESET
[LOG 15:08:01.279] Config(CAMERA_MOUSE_TOGGLE) Squad/Controls/Qwerty/CAMERA_MOUSE_TOGGLE
[LOG 15:08:01.279] Config(TIME_WARP_INCREASE) Squad/Controls/Qwerty/TIME_WARP_INCREASE
[LOG 15:08:01.279] Config(TIME_WARP_DECREASE) Squad/Controls/Qwerty/TIME_WARP_DECREASE
[LOG 15:08:01.279] Config(TIME_WARP_STOP) Squad/Controls/Qwerty/TIME_WARP_STOP
[LOG 15:08:01.279] Config(MAP_VIEW_TOGGLE) Squad/Controls/Qwerty/MAP_VIEW_TOGGLE
[LOG 15:08:01.279] Config(NAVBALL_TOGGLE) Squad/Controls/Qwerty/NAVBALL_TOGGLE
[LOG 15:08:01.279] Config(UIMODE_STAGING) Squad/Controls/Qwerty/UIMODE_STAGING
[LOG 15:08:01.279] Config(UIMODE_DOCKING) Squad/Controls/Qwerty/UIMODE_DOCKING
[LOG 15:08:01.279] Config(TRANSLATE_DOWN) Squad/Controls/Qwerty/TRANSLATE_DOWN
[LOG 15:08:01.279] Config(TRANSLATE_UP) Squad/Controls/Qwerty/TRANSLATE_UP
[LOG 15:08:01.279] Config(TRANSLATE_LEFT) Squad/Controls/Qwerty/TRANSLATE_LEFT
[LOG 15:08:01.279] Config(TRANSLATE_RIGHT) Squad/Controls/Qwerty/TRANSLATE_RIGHT
[LOG 15:08:01.279] Config(TRANSLATE_FWD) Squad/Controls/Qwerty/TRANSLATE_FWD
[LOG 15:08:01.279] Config(TRANSLATE_BACK) Squad/Controls/Qwerty/TRANSLATE_BACK
[LOG 15:08:01.279] Config(RCS_TOGGLE) Squad/Controls/Qwerty/RCS_TOGGLE
[LOG 15:08:01.279] Config(FOCUS_NEXT_VESSEL) Squad/Controls/Qwerty/FOCUS_NEXT_VESSEL
[LOG 15:08:01.279] Config(FOCUS_PREV_VESSEL) Squad/Controls/Qwerty/FOCUS_PREV_VESSEL
[LOG 15:08:01.279] Config(TOGGLE_UI) Squad/Controls/Qwerty/TOGGLE_UI
[LOG 15:08:01.279] Config(TOGGLE_STATUS_SCREEN) Squad/Controls/Qwerty/TOGGLE_STATUS_SCREEN
[LOG 15:08:01.279] Config(TAKE_SCREENSHOT) Squad/Controls/Qwerty/TAKE_SCREENSHOT
[LOG 15:08:01.279] Config(TOGGLE_LABELS) Squad/Controls/Qwerty/TOGGLE_LABELS
[LOG 15:08:01.279] Config(TOGGLE_TEMP_GAUGES) Squad/Controls/Qwerty/TOGGLE_TEMP_GAUGES
[LOG 15:08:01.279] Config(TOGGLE_TEMP_OVERLAY) Squad/Controls/Qwerty/TOGGLE_TEMP_OVERLAY
[LOG 15:08:01.279] Config(TOGGLE_FLIGHT_FORCES) Squad/Controls/Qwerty/TOGGLE_FLIGHT_FORCES
[LOG 15:08:01.279] Config(QUICKSAVE) Squad/Controls/Qwerty/QUICKSAVE
[LOG 15:08:01.279] Config(QUICKLOAD) Squad/Controls/Qwerty/QUICKLOAD
[LOG 15:08:01.279] Config(THROTTLE_CUTOFF) Squad/Controls/Qwerty/THROTTLE_CUTOFF
[LOG 15:08:01.279] Config(THROTTLE_FULL) Squad/Controls/Qwerty/THROTTLE_FULL
[LOG 15:08:01.279] Config(LANDING_GEAR) Squad/Controls/Qwerty/LANDING_GEAR
[LOG 15:08:01.279] Config(HEADLIGHT_TOGGLE) Squad/Controls/Qwerty/HEADLIGHT_TOGGLE
[LOG 15:08:01.279] Config(BRAKES) Squad/Controls/Qwerty/BRAKES
[LOG 15:08:01.279] Config(TOGGLE_SPACENAV_FLIGHT_CONTROL) Squad/Controls/Qwerty/TOGGLE_SPACENAV_FLIGHT_CONTROL
[LOG 15:08:01.279] Config(TOGGLE_SPACENAV_ROLL_LOCK) Squad/Controls/Qwerty/TOGGLE_SPACENAV_ROLL_LOCK
[LOG 15:08:01.279] Config(WHEEL_STEER_LEFT) Squad/Controls/Qwerty/WHEEL_STEER_LEFT
[LOG 15:08:01.279] Config(WHEEL_STEER_RIGHT) Squad/Controls/Qwerty/WHEEL_STEER_RIGHT
[LOG 15:08:01.279] Config(WHEEL_THROTTLE_DOWN) Squad/Controls/Qwerty/WHEEL_THROTTLE_DOWN
[LOG 15:08:01.279] Config(WHEEL_THROTTLE_UP) Squad/Controls/Qwerty/WHEEL_THROTTLE_UP
[LOG 15:08:01.279] Config(EVA_forward) Squad/Controls/Qwerty/EVA_forward
[LOG 15:08:01.279] Config(EVA_back) Squad/Controls/Qwerty/EVA_back
[LOG 15:08:01.279] Config(EVA_left) Squad/Controls/Qwerty/EVA_left
[LOG 15:08:01.279] Config(EVA_right) Squad/Controls/Qwerty/EVA_right
[LOG 15:08:01.279] Config(EVA_yaw_left) Squad/Controls/Qwerty/EVA_yaw_left
[LOG 15:08:01.279] Config(EVA_yaw_right) Squad/Controls/Qwerty/EVA_yaw_right
[LOG 15:08:01.279] Config(EVA_Pack_forward) Squad/Controls/Qwerty/EVA_Pack_forward
[LOG 15:08:01.279] Config(EVA_Pack_back) Squad/Controls/Qwerty/EVA_Pack_back
[LOG 15:08:01.280] Config(EVA_Pack_left) Squad/Controls/Qwerty/EVA_Pack_left
[LOG 15:08:01.280] Config(EVA_Pack_right) Squad/Controls/Qwerty/EVA_Pack_right
[LOG 15:08:01.280] Config(EVA_Pack_up) Squad/Controls/Qwerty/EVA_Pack_up
[LOG 15:08:01.280] Config(EVA_Pack_down) Squad/Controls/Qwerty/EVA_Pack_down
[LOG 15:08:01.280] Config(EVA_Jump) Squad/Controls/Qwerty/EVA_Jump
[LOG 15:08:01.280] Config(EVA_Run) Squad/Controls/Qwerty/EVA_Run
[LOG 15:08:01.280] Config(EVA_ToggleMovementMode) Squad/Controls/Qwerty/EVA_ToggleMovementMode
[LOG 15:08:01.280] Config(EVA_TogglePack) Squad/Controls/Qwerty/EVA_TogglePack
[LOG 15:08:01.280] Config(EVA_Use) Squad/Controls/Qwerty/EVA_Use
[LOG 15:08:01.280] Config(EVA_Board) Squad/Controls/Qwerty/EVA_Board
[LOG 15:08:01.280] Config(EVA_Orient) Squad/Controls/Qwerty/EVA_Orient
[LOG 15:08:01.280] Config(EVA_Lights) Squad/Controls/Qwerty/EVA_Lights
[LOG 15:08:01.280] Config(EVA_ChuteDeploy) Squad/Controls/Qwerty/EVA_ChuteDeploy
[LOG 15:08:01.280] Config(Editor_pitchUp) Squad/Controls/Qwerty/Editor_pitchUp
[LOG 15:08:01.280] Config(Editor_pitchDown) Squad/Controls/Qwerty/Editor_pitchDown
[LOG 15:08:01.280] Config(Editor_yawLeft) Squad/Controls/Qwerty/Editor_yawLeft
[LOG 15:08:01.280] Config(Editor_yawRight) Squad/Controls/Qwerty/Editor_yawRight
[LOG 15:08:01.280] Config(Editor_rollLeft) Squad/Controls/Qwerty/Editor_rollLeft
[LOG 15:08:01.280] Config(Editor_rollRight) Squad/Controls/Qwerty/Editor_rollRight
[LOG 15:08:01.280] Config(Editor_resetRotation) Squad/Controls/Qwerty/Editor_resetRotation
[LOG 15:08:01.280] Config(Editor_modePlace) Squad/Controls/Qwerty/Editor_modePlace
[LOG 15:08:01.280] Config(Editor_modeOffset) Squad/Controls/Qwerty/Editor_modeOffset
[LOG 15:08:01.280] Config(Editor_modeRotate) Squad/Controls/Qwerty/Editor_modeRotate
[LOG 15:08:01.280] Config(Editor_modeRoot) Squad/Controls/Qwerty/Editor_modeRoot
[LOG 15:08:01.280] Config(Editor_coordSystem) Squad/Controls/Qwerty/Editor_coordSystem
[LOG 15:08:01.280] Config(Editor_toggleSymMethod) Squad/Controls/Qwerty/Editor_toggleSymMethod
[LOG 15:08:01.280] Config(Editor_toggleSymMode) Squad/Controls/Qwerty/Editor_toggleSymMode
[LOG 15:08:01.280] Config(Editor_toggleAngleSnap) Squad/Controls/Qwerty/Editor_toggleAngleSnap
[LOG 15:08:01.280] Config(Editor_fineTweak) Squad/Controls/Qwerty/Editor_fineTweak
[LOG 15:08:01.280] Config(Editor_partSearch) Squad/Controls/Qwerty/Editor_partSearch
[LOG 15:08:01.280] Config(Editor_zoomScrollModifier) Squad/Controls/Qwerty/Editor_zoomScrollModifier
[LOG 15:08:01.280] Config(MODIFIER_KEY) Squad/Controls/Qwerty/MODIFIER_KEY
[LOG 15:08:01.280] Config(AbortActionGroup) Squad/Controls/Qwerty/AbortActionGroup
[LOG 15:08:01.280] Config(CustomActionGroup1) Squad/Controls/Qwerty/CustomActionGroup1
[LOG 15:08:01.280] Config(CustomActionGroup2) Squad/Controls/Qwerty/CustomActionGroup2
[LOG 15:08:01.280] Config(CustomActionGroup3) Squad/Controls/Qwerty/CustomActionGroup3
[LOG 15:08:01.280] Config(CustomActionGroup4) Squad/Controls/Qwerty/CustomActionGroup4
[LOG 15:08:01.280] Config(CustomActionGroup5) Squad/Controls/Qwerty/CustomActionGroup5
[LOG 15:08:01.280] Config(CustomActionGroup6) Squad/Controls/Qwerty/CustomActionGroup6
[LOG 15:08:01.280] Config(CustomActionGroup7) Squad/Controls/Qwerty/CustomActionGroup7
[LOG 15:08:01.280] Config(CustomActionGroup8) Squad/Controls/Qwerty/CustomActionGroup8
[LOG 15:08:01.280] Config(CustomActionGroup9) Squad/Controls/Qwerty/CustomActionGroup9
[LOG 15:08:01.280] Config(CustomActionGroup10) Squad/Controls/Qwerty/CustomActionGroup10
[LOG 15:08:01.280] Config(KEY_MAP) Squad/Controls/Qwerty/KEY_MAP
[LOG 15:08:01.280] Config(KEYBOARD_LAYOUT) Squad/Controls/Qwerty_en-GB/#autoLOC_6001228
[LOG 15:08:01.280] Config(KEY_MAP) Squad/Controls/Qwerty_en-GB/KEY_MAP
[LOG 15:08:01.280] Config(KEYBOARD_LAYOUT) Squad/Controls/Qwerty_es-LA/#autoLOC_6001229
[LOG 15:08:01.280] Config(CAMERA_MOUSE_TOGGLE) Squad/Controls/Qwerty_es-LA/CAMERA_MOUSE_TOGGLE
[LOG 15:08:01.280] Config(TIME_WARP_STOP) Squad/Controls/Qwerty_es-LA/TIME_WARP_STOP
[LOG 15:08:01.280] Config(FOCUS_NEXT_VESSEL) Squad/Controls/Qwerty_es-LA/FOCUS_NEXT_VESSEL
[LOG 15:08:01.281] Config(FOCUS_PREV_VESSEL) Squad/Controls/Qwerty_es-LA/FOCUS_PREV_VESSEL
[LOG 15:08:01.281] Config(CAMERA_RESET) Squad/Controls/Qwerty_es-LA/CAMERA_RESET
[LOG 15:08:01.281] Config(Editor_partSearch) Squad/Controls/Qwerty_es-LA/Editor_partSearch
[LOG 15:08:01.281] Config(KEY_MAP) Squad/Controls/Qwerty_es-LA/KEY_MAP
[LOG 15:08:01.281] Config(KEYBOARD_LAYOUT) Squad/Controls/Qwerty_it-IT/#autoLOC_6001230
[LOG 15:08:01.281] Config(FOCUS_NEXT_VESSEL) Squad/Controls/Qwerty_it-IT/FOCUS_NEXT_VESSEL
[LOG 15:08:01.281] Config(FOCUS_PREV_VESSEL) Squad/Controls/Qwerty_it-IT/FOCUS_PREV_VESSEL
[LOG 15:08:01.281] Config(CAMERA_MOUSE_TOGGLE) Squad/Controls/Qwerty_it-IT/CAMERA_MOUSE_TOGGLE
[LOG 15:08:01.281] Config(TIME_WARP_STOP) Squad/Controls/Qwerty_it-IT/TIME_WARP_STOP
[LOG 15:08:01.281] Config(CAMERA_RESET) Squad/Controls/Qwerty_it-IT/CAMERA_RESET
[LOG 15:08:01.281] Config(Editor_partSearch) Squad/Controls/Qwerty_it-IT/Editor_partSearch
[LOG 15:08:01.281] Config(KEY_MAP) Squad/Controls/Qwerty_it-IT/KEY_MAP
[LOG 15:08:01.281] Config(KEYBOARD_LAYOUT) Squad/Controls/Qwerty_ja-JP/#autoLOC_6001231
[LOG 15:08:01.281] Config(FOCUS_NEXT_VESSEL) Squad/Controls/Qwerty_ja-JP/FOCUS_NEXT_VESSEL
[LOG 15:08:01.281] Config(FOCUS_PREV_VESSEL) Squad/Controls/Qwerty_ja-JP/FOCUS_PREV_VESSEL
[LOG 15:08:01.281] Config(PRECISION_CTRL) Squad/Controls/Qwerty_ja-JP/PRECISION_CTRL
[LOG 15:08:01.281] Config(CAMERA_MOUSE_TOGGLE) Squad/Controls/Qwerty_ja-JP/CAMERA_MOUSE_TOGGLE
[LOG 15:08:01.281] Config(Editor_partSearch) Squad/Controls/Qwerty_ja-JP/Editor_partSearch
[LOG 15:08:01.281] Config(CAMERA_RESET) Squad/Controls/Qwerty_ja-JP/CAMERA_RESET
[LOG 15:08:01.281] Config(KEY_MAP) Squad/Controls/Qwerty_ja-JP/KEY_MAP
[LOG 15:08:01.281] Config(KEYBOARD_LAYOUT) Squad/Controls/Qwerty_pt-PT/#autoLOC_6001230
[LOG 15:08:01.281] Config(FOCUS_NEXT_VESSEL) Squad/Controls/Qwerty_pt-PT/FOCUS_NEXT_VESSEL
[LOG 15:08:01.281] Config(FOCUS_PREV_VESSEL) Squad/Controls/Qwerty_pt-PT/FOCUS_PREV_VESSEL
[LOG 15:08:01.281] Config(CAMERA_MOUSE_TOGGLE) Squad/Controls/Qwerty_pt-PT/CAMERA_MOUSE_TOGGLE
[LOG 15:08:01.281] Config(TIME_WARP_STOP) Squad/Controls/Qwerty_pt-PT/TIME_WARP_STOP
[LOG 15:08:01.281] Config(CAMERA_RESET) Squad/Controls/Qwerty_pt-PT/CAMERA_RESET
[LOG 15:08:01.281] Config(Editor_partSearch) Squad/Controls/Qwerty_pt-PT/Editor_partSearch
[LOG 15:08:01.281] Config(KEY_MAP) Squad/Controls/Qwerty_pt-PT/KEY_MAP
[LOG 15:08:01.281] Config(KEYBOARD_LAYOUT) Squad/Controls/Qwertz/#autoLOC_6001232
[LOG 15:08:01.281] Config(PITCH_DOWN) Squad/Controls/Qwertz/PITCH_DOWN
[LOG 15:08:01.281] Config(PITCH_UP) Squad/Controls/Qwertz/PITCH_UP
[LOG 15:08:01.281] Config(YAW_LEFT) Squad/Controls/Qwertz/YAW_LEFT
[LOG 15:08:01.281] Config(YAW_RIGHT) Squad/Controls/Qwertz/YAW_RIGHT
[LOG 15:08:01.281] Config(ROLL_LEFT) Squad/Controls/Qwertz/ROLL_LEFT
[LOG 15:08:01.281] Config(ROLL_RIGHT) Squad/Controls/Qwertz/ROLL_RIGHT
[LOG 15:08:01.281] Config(THROTTLE_UP) Squad/Controls/Qwertz/THROTTLE_UP
[LOG 15:08:01.281] Config(THROTTLE_DOWN) Squad/Controls/Qwertz/THROTTLE_DOWN
[LOG 15:08:01.281] Config(SAS_HOLD) Squad/Controls/Qwertz/SAS_HOLD
[LOG 15:08:01.281] Config(SAS_TOGGLE) Squad/Controls/Qwertz/SAS_TOGGLE
[LOG 15:08:01.281] Config(LAUNCH_STAGES) Squad/Controls/Qwertz/LAUNCH_STAGES
[LOG 15:08:01.281] Config(Docking_toggleRotLin) Squad/Controls/Qwertz/Docking_toggleRotLin
[LOG 15:08:01.281] Config(CAMERA_MODE) Squad/Controls/Qwertz/CAMERA_MODE
[LOG 15:08:01.281] Config(CAMERA_NEXT) Squad/Controls/Qwertz/CAMERA_NEXT
[LOG 15:08:01.281] Config(PAUSE) Squad/Controls/Qwertz/PAUSE
[LOG 15:08:01.281] Config(PRECISION_CTRL) Squad/Controls/Qwertz/PRECISION_CTRL
[LOG 15:08:01.281] Config(ZOOM_IN) Squad/Controls/Qwertz/ZOOM_IN
[LOG 15:08:01.281] Config(ZOOM_OUT) Squad/Controls/Qwertz/ZOOM_OUT
[LOG 15:08:01.281] Config(SCROLL_VIEW_UP) Squad/Controls/Qwertz/SCROLL_VIEW_UP
[LOG 15:08:01.281] Config(SCROLL_VIEW_DOWN) Squad/Controls/Qwertz/SCROLL_VIEW_DOWN
[LOG 15:08:01.281] Config(SCROLL_ICONS_UP) Squad/Controls/Qwertz/SCROLL_ICONS_UP
[LOG 15:08:01.281] Config(SCROLL_ICONS_DOWN) Squad/Controls/Qwertz/SCROLL_ICONS_DOWN
[LOG 15:08:01.282] Config(CAMERA_ORBIT_UP) Squad/Controls/Qwertz/CAMERA_ORBIT_UP
[LOG 15:08:01.282] Config(CAMERA_ORBIT_DOWN) Squad/Controls/Qwertz/CAMERA_ORBIT_DOWN
[LOG 15:08:01.282] Config(CAMERA_ORBIT_LEFT) Squad/Controls/Qwertz/CAMERA_ORBIT_LEFT
[LOG 15:08:01.282] Config(CAMERA_ORBIT_RIGHT) Squad/Controls/Qwertz/CAMERA_ORBIT_RIGHT
[LOG 15:08:01.282] Config(CAMERA_RESET) Squad/Controls/Qwertz/CAMERA_RESET
[LOG 15:08:01.282] Config(CAMERA_MOUSE_TOGGLE) Squad/Controls/Qwertz/CAMERA_MOUSE_TOGGLE
[LOG 15:08:01.282] Config(TIME_WARP_INCREASE) Squad/Controls/Qwertz/TIME_WARP_INCREASE
[LOG 15:08:01.282] Config(TIME_WARP_DECREASE) Squad/Controls/Qwertz/TIME_WARP_DECREASE
[LOG 15:08:01.282] Config(TIME_WARP_STOP) Squad/Controls/Qwertz/TIME_WARP_STOP
[LOG 15:08:01.282] Config(MAP_VIEW_TOGGLE) Squad/Controls/Qwertz/MAP_VIEW_TOGGLE
[LOG 15:08:01.282] Config(NAVBALL_TOGGLE) Squad/Controls/Qwertz/NAVBALL_TOGGLE
[LOG 15:08:01.282] Config(UIMODE_STAGING) Squad/Controls/Qwertz/UIMODE_STAGING
[LOG 15:08:01.282] Config(UIMODE_DOCKING) Squad/Controls/Qwertz/UIMODE_DOCKING
[LOG 15:08:01.282] Config(TRANSLATE_DOWN) Squad/Controls/Qwertz/TRANSLATE_DOWN
[LOG 15:08:01.282] Config(TRANSLATE_UP) Squad/Controls/Qwertz/TRANSLATE_UP
[LOG 15:08:01.282] Config(TRANSLATE_LEFT) Squad/Controls/Qwertz/TRANSLATE_LEFT
[LOG 15:08:01.282] Config(TRANSLATE_RIGHT) Squad/Controls/Qwertz/TRANSLATE_RIGHT
[LOG 15:08:01.282] Config(TRANSLATE_FWD) Squad/Controls/Qwertz/TRANSLATE_FWD
[LOG 15:08:01.282] Config(TRANSLATE_BACK) Squad/Controls/Qwertz/TRANSLATE_BACK
[LOG 15:08:01.282] Config(RCS_TOGGLE) Squad/Controls/Qwertz/RCS_TOGGLE
[LOG 15:08:01.282] Config(FOCUS_NEXT_VESSEL) Squad/Controls/Qwertz/FOCUS_NEXT_VESSEL
[LOG 15:08:01.282] Config(FOCUS_PREV_VESSEL) Squad/Controls/Qwertz/FOCUS_PREV_VESSEL
[LOG 15:08:01.282] Config(TOGGLE_UI) Squad/Controls/Qwertz/TOGGLE_UI
[LOG 15:08:01.282] Config(TOGGLE_STATUS_SCREEN) Squad/Controls/Qwertz/TOGGLE_STATUS_SCREEN
[LOG 15:08:01.282] Config(TAKE_SCREENSHOT) Squad/Controls/Qwertz/TAKE_SCREENSHOT
[LOG 15:08:01.282] Config(TOGGLE_LABELS) Squad/Controls/Qwertz/TOGGLE_LABELS
[LOG 15:08:01.282] Config(TOGGLE_TEMP_GAUGES) Squad/Controls/Qwertz/TOGGLE_TEMP_GAUGES
[LOG 15:08:01.282] Config(TOGGLE_TEMP_OVERLAY) Squad/Controls/Qwertz/TOGGLE_TEMP_OVERLAY
[LOG 15:08:01.282] Config(TOGGLE_FLIGHT_FORCES) Squad/Controls/Qwertz/TOGGLE_FLIGHT_FORCES
[LOG 15:08:01.282] Config(QUICKSAVE) Squad/Controls/Qwertz/QUICKSAVE
[LOG 15:08:01.282] Config(QUICKLOAD) Squad/Controls/Qwertz/QUICKLOAD
[LOG 15:08:01.282] Config(THROTTLE_CUTOFF) Squad/Controls/Qwertz/THROTTLE_CUTOFF
[LOG 15:08:01.282] Config(THROTTLE_FULL) Squad/Controls/Qwertz/THROTTLE_FULL
[LOG 15:08:01.282] Config(LANDING_GEAR) Squad/Controls/Qwertz/LANDING_GEAR
[LOG 15:08:01.282] Config(HEADLIGHT_TOGGLE) Squad/Controls/Qwertz/HEADLIGHT_TOGGLE
[LOG 15:08:01.282] Config(BRAKES) Squad/Controls/Qwertz/BRAKES
[LOG 15:08:01.282] Config(TOGGLE_SPACENAV_FLIGHT_CONTROL) Squad/Controls/Qwertz/TOGGLE_SPACENAV_FLIGHT_CONTROL
[LOG 15:08:01.282] Config(TOGGLE_SPACENAV_ROLL_LOCK) Squad/Controls/Qwertz/TOGGLE_SPACENAV_ROLL_LOCK
[LOG 15:08:01.282] Config(WHEEL_STEER_LEFT) Squad/Controls/Qwertz/WHEEL_STEER_LEFT
[LOG 15:08:01.282] Config(WHEEL_STEER_RIGHT) Squad/Controls/Qwertz/WHEEL_STEER_RIGHT
[LOG 15:08:01.282] Config(WHEEL_THROTTLE_DOWN) Squad/Controls/Qwertz/WHEEL_THROTTLE_DOWN
[LOG 15:08:01.282] Config(WHEEL_THROTTLE_UP) Squad/Controls/Qwertz/WHEEL_THROTTLE_UP
[LOG 15:08:01.282] Config(EVA_forward) Squad/Controls/Qwertz/EVA_forward
[LOG 15:08:01.282] Config(EVA_back) Squad/Controls/Qwertz/EVA_back
[LOG 15:08:01.282] Config(EVA_left) Squad/Controls/Qwertz/EVA_left
[LOG 15:08:01.282] Config(EVA_right) Squad/Controls/Qwertz/EVA_right
[LOG 15:08:01.282] Config(EVA_yaw_left) Squad/Controls/Qwertz/EVA_yaw_left
[LOG 15:08:01.282] Config(EVA_yaw_right) Squad/Controls/Qwertz/EVA_yaw_right
[LOG 15:08:01.282] Config(EVA_Pack_forward) Squad/Controls/Qwertz/EVA_Pack_forward
[LOG 15:08:01.282] Config(EVA_Pack_back) Squad/Controls/Qwertz/EVA_Pack_back
[LOG 15:08:01.283] Config(EVA_Pack_left) Squad/Controls/Qwertz/EVA_Pack_left
[LOG 15:08:01.283] Config(EVA_Pack_right) Squad/Controls/Qwertz/EVA_Pack_right
[LOG 15:08:01.283] Config(EVA_Pack_up) Squad/Controls/Qwertz/EVA_Pack_up
[LOG 15:08:01.283] Config(EVA_Pack_down) Squad/Controls/Qwertz/EVA_Pack_down
[LOG 15:08:01.283] Config(EVA_Jump) Squad/Controls/Qwertz/EVA_Jump
[LOG 15:08:01.283] Config(EVA_Run) Squad/Controls/Qwertz/EVA_Run
[LOG 15:08:01.283] Config(EVA_ToggleMovementMode) Squad/Controls/Qwertz/EVA_ToggleMovementMode
[LOG 15:08:01.283] Config(EVA_TogglePack) Squad/Controls/Qwertz/EVA_TogglePack
[LOG 15:08:01.283] Config(EVA_Use) Squad/Controls/Qwertz/EVA_Use
[LOG 15:08:01.283] Config(EVA_Board) Squad/Controls/Qwertz/EVA_Board
[LOG 15:08:01.283] Config(EVA_Orient) Squad/Controls/Qwertz/EVA_Orient
[LOG 15:08:01.283] Config(EVA_Lights) Squad/Controls/Qwertz/EVA_Lights
[LOG 15:08:01.283] Config(Editor_pitchUp) Squad/Controls/Qwertz/Editor_pitchUp
[LOG 15:08:01.283] Config(Editor_pitchDown) Squad/Controls/Qwertz/Editor_pitchDown
[LOG 15:08:01.283] Config(Editor_yawLeft) Squad/Controls/Qwertz/Editor_yawLeft
[LOG 15:08:01.283] Config(Editor_yawRight) Squad/Controls/Qwertz/Editor_yawRight
[LOG 15:08:01.283] Config(Editor_rollLeft) Squad/Controls/Qwertz/Editor_rollLeft
[LOG 15:08:01.283] Config(Editor_rollRight) Squad/Controls/Qwertz/Editor_rollRight
[LOG 15:08:01.283] Config(Editor_resetRotation) Squad/Controls/Qwertz/Editor_resetRotation
[LOG 15:08:01.283] Config(Editor_modePlace) Squad/Controls/Qwertz/Editor_modePlace
[LOG 15:08:01.283] Config(Editor_modeOffset) Squad/Controls/Qwertz/Editor_modeOffset
[LOG 15:08:01.283] Config(Editor_modeRotate) Squad/Controls/Qwertz/Editor_modeRotate
[LOG 15:08:01.283] Config(Editor_modeRoot) Squad/Controls/Qwertz/Editor_modeRoot
[LOG 15:08:01.283] Config(Editor_coordSystem) Squad/Controls/Qwertz/Editor_coordSystem
[LOG 15:08:01.283] Config(Editor_toggleSymMethod) Squad/Controls/Qwertz/Editor_toggleSymMethod
[LOG 15:08:01.283] Config(Editor_toggleSymMode) Squad/Controls/Qwertz/Editor_toggleSymMode
[LOG 15:08:01.283] Config(Editor_toggleAngleSnap) Squad/Controls/Qwertz/Editor_toggleAngleSnap
[LOG 15:08:01.283] Config(Editor_fineTweak) Squad/Controls/Qwertz/Editor_fineTweak
[LOG 15:08:01.283] Config(Editor_partSearch) Squad/Controls/Qwertz/Editor_partSearch
[LOG 15:08:01.283] Config(Editor_zoomScrollModifier) Squad/Controls/Qwertz/Editor_zoomScrollModifier
[LOG 15:08:01.283] Config(MODIFIER_KEY) Squad/Controls/Qwertz/MODIFIER_KEY
[LOG 15:08:01.283] Config(AbortActionGroup) Squad/Controls/Qwertz/AbortActionGroup
[LOG 15:08:01.283] Config(CustomActionGroup1) Squad/Controls/Qwertz/CustomActionGroup1
[LOG 15:08:01.283] Config(CustomActionGroup2) Squad/Controls/Qwertz/CustomActionGroup2
[LOG 15:08:01.283] Config(CustomActionGroup3) Squad/Controls/Qwertz/CustomActionGroup3
[LOG 15:08:01.283] Config(CustomActionGroup4) Squad/Controls/Qwertz/CustomActionGroup4
[LOG 15:08:01.283] Config(CustomActionGroup5) Squad/Controls/Qwertz/CustomActionGroup5
[LOG 15:08:01.283] Config(CustomActionGroup6) Squad/Controls/Qwertz/CustomActionGroup6
[LOG 15:08:01.283] Config(CustomActionGroup7) Squad/Controls/Qwertz/CustomActionGroup7
[LOG 15:08:01.283] Config(CustomActionGroup8) Squad/Controls/Qwertz/CustomActionGroup8
[LOG 15:08:01.283] Config(CustomActionGroup9) Squad/Controls/Qwertz/CustomActionGroup9
[LOG 15:08:01.283] Config(CustomActionGroup10) Squad/Controls/Qwertz/CustomActionGroup10
[LOG 15:08:01.283] Config(KEY_MAP) Squad/Controls/Qwertz/KEY_MAP
[LOG 15:08:01.283] Config(EXPERIENCE_TRAIT) Squad/Experience/Traits/Pilot
[LOG 15:08:01.283] Config(EXPERIENCE_TRAIT) Squad/Experience/Traits/Engineer
[LOG 15:08:01.283] Config(EXPERIENCE_TRAIT) Squad/Experience/Traits/Scientist
[LOG 15:08:01.283] Config(EXPERIENCE_TRAIT) Squad/Experience/Traits/Tourist
[LOG 15:08:01.283] Config(Localization) Squad/Localization/dictionary/Localization
[LOG 15:08:01.284] Config(MISSIONPACK) Squad/Missions/MissionPacks/squad_ESA
[LOG 15:08:01.284] Config(VARIANTTHEME) Squad/Parts/VariantThemes/White
[LOG 15:08:01.284] Config(VARIANTTHEME) Squad/Parts/VariantThemes/BlackAndWhite
[LOG 15:08:01.284] Config(VARIANTTHEME) Squad/Parts/VariantThemes/GrayAndOrange
[LOG 15:08:01.284] Config(VARIANTTHEME) Squad/Parts/VariantThemes/Dark
[LOG 15:08:01.284] Config(VARIANTTHEME) Squad/Parts/VariantThemes/Gray
[LOG 15:08:01.284] Config(VARIANTTHEME) Squad/Parts/VariantThemes/Orange
[LOG 15:08:01.284] Config(VARIANTTHEME) Squad/Parts/VariantThemes/Gold
[LOG 15:08:01.284] Config(VARIANTTHEME) Squad/Parts/VariantThemes/Bare
[LOG 15:08:01.284] Config(VARIANTTHEME) Squad/Parts/VariantThemes/Shroud
[LOG 15:08:01.284] Config(VARIANTTHEME) Squad/Parts/VariantThemes/GrayAndWhite
[LOG 15:08:01.284] Config(VARIANTTHEME) Squad/Parts/VariantThemes/YellowAndWhite
[LOG 15:08:01.284] Config(VARIANTTHEME) Squad/Parts/VariantThemes/Silver
[LOG 15:08:01.284] Config(VARIANTTHEME) Squad/Parts/VariantThemes/Gray with Stripes
[LOG 15:08:01.284] Config(PART) Squad/Parts/Aero/aerodynamicNoseCone/aerodynamicNoseCone/noseCone
[LOG 15:08:01.284] Config(PART) Squad/Parts/Aero/airbrake/Airbrake/airbrake1
[LOG 15:08:01.284] Config(PART) Squad/Parts/Aero/airIntakeRadialXM-G50/airIntakeRadialXM-G50/airScoop
[LOG 15:08:01.284] Config(PART) Squad/Parts/Aero/airlinerWings/ControlSurface/airlinerCtrlSrf
[LOG 15:08:01.284] Config(PART) Squad/Parts/Aero/airlinerWings/MainWing/airlinerMainWing
[LOG 15:08:01.284] Config(PART) Squad/Parts/Aero/airlinerWings/TailFin/airlinerTailFin
[LOG 15:08:01.284] Config(PART) Squad/Parts/Aero/airplaneFins/advancedCanard/AdvancedCanard
[LOG 15:08:01.284] Config(PART) Squad/Parts/Aero/airplaneFins/standardCanard/CanardController
[LOG 15:08:01.284] Config(PART) Squad/Parts/Aero/airplaneFins/sweptWing/sweptWing
[LOG 15:08:01.284] Config(PART) Squad/Parts/Aero/airplaneFins/tailfin/tailfin
[LOG 15:08:01.284] Config(PART) Squad/Parts/Aero/basicFin/basicFin/basicFin
[LOG 15:08:01.284] Config(PART) Squad/Parts/Aero/circularIntake/circularIntake/CircularIntake
[LOG 15:08:01.284] Config(PART) Squad/Parts/Aero/circularIntake/intakeShockCone/shockConeIntake
[LOG 15:08:01.284] Config(PART) Squad/Parts/Aero/cones/avionicsNoseCone/avionicsNoseCone
[LOG 15:08:01.284] Config(PART) Squad/Parts/Aero/cones/ConeA/pointyNoseConeA
[LOG 15:08:01.284] Config(PART) Squad/Parts/Aero/cones/ConeB/pointyNoseConeB
[LOG 15:08:01.284] Config(PART) Squad/Parts/Aero/cones/noseConeAdapter/noseConeAdapter
[LOG 15:08:01.284] Config(PART) Squad/Parts/Aero/cones/protectiveRocketNoseMk7_v2/rocketNoseCone_v2
[LOG 15:08:01.284] Config(PART) Squad/Parts/Aero/cones/protectiveRocketNoseMk7_v3/rocketNoseCone_v3
[LOG 15:08:01.284] Config(PART) Squad/Parts/Aero/cones/rocketNoseCone_size3/rocketNoseConeSize3
[LOG 15:08:01.284] Config(PART) Squad/Parts/Aero/cones/smallNoseCone/standardNoseCone
[LOG 15:08:01.284] Config(PART) Squad/Parts/Aero/cones/tailConnectorA/airplaneTail
[LOG 15:08:01.284] Config(PART) Squad/Parts/Aero/cones/tailConnectorB/airplaneTailB
[LOG 15:08:01.284] Config(PART) Squad/Parts/Aero/fairings/fairingSize1/fairingSize1
[LOG 15:08:01.284] Config(PART) Squad/Parts/Aero/fairings/fairingSize2/fairingSize2
[LOG 15:08:01.284] Config(PART) Squad/Parts/Aero/fairings/fairingSize3/fairingSize3
[LOG 15:08:01.284] Config(PART) Squad/Parts/Aero/HeatShield/HeatShield0/HeatShield0
[LOG 15:08:01.285] Config(PART) Squad/Parts/Aero/HeatShield/HeatShield1/HeatShield1
[LOG 15:08:01.285] Config(PART) Squad/Parts/Aero/HeatShield/HeatShield2/HeatShield2
[LOG 15:08:01.285] Config(PART) Squad/Parts/Aero/HeatShield/HeatShield3/HeatShield3
[LOG 15:08:01.285] Config(PART) Squad/Parts/Aero/InflatableHeatShield/HeatShield/InflatableHeatShield
[LOG 15:08:01.285] Config(PART) Squad/Parts/Aero/intakeRadialLong/intakeRadialLong/IntakeRadialLong
[LOG 15:08:01.285] Config(PART) Squad/Parts/Aero/miniIntake/SmallIntake/miniIntake
[LOG 15:08:01.285] Config(PART) Squad/Parts/Aero/ramAirIntake/ramAirIntake/ramAirIntake
[LOG 15:08:01.285] Config(PART) Squad/Parts/Aero/shuttleWings/delta/wingShuttleDelta
[LOG 15:08:01.285] Config(PART) Squad/Parts/Aero/shuttleWings/elevon1/wingShuttleElevon1
[LOG 15:08:01.285] Config(PART) Squad/Parts/Aero/shuttleWings/elevon2/wingShuttleElevon2
[LOG 15:08:01.285] Config(PART) Squad/Parts/Aero/shuttleWings/rudder/wingShuttleRudder
[LOG 15:08:01.285] Config(PART) Squad/Parts/Aero/shuttleWings/strake/wingShuttleStrake
[LOG 15:08:01.285] Config(PART) Squad/Parts/Aero/wingletAV-R8/wingletAV-R8/R8winglet
[LOG 15:08:01.285] Config(PART) Squad/Parts/Aero/wingletAV-T1/wingletAV-T1/winglet
[LOG 15:08:01.285] Config(PART) Squad/Parts/Aero/wingletDeltaDeluxe/wingletDeltaDeluxe/winglet3
[LOG 15:08:01.285] Config(PART) Squad/Parts/Aero/wings/connector1/wingConnector
[LOG 15:08:01.285] Config(PART) Squad/Parts/Aero/wings/connector2/wingConnector2
[LOG 15:08:01.285] Config(PART) Squad/Parts/Aero/wings/connector3/wingConnector3
[LOG 15:08:01.285] Config(PART) Squad/Parts/Aero/wings/connector4/wingConnector4
[LOG 15:08:01.285] Config(PART) Squad/Parts/Aero/wings/connector5/wingConnector5
[LOG 15:08:01.285] Config(PART) Squad/Parts/Aero/wings/delta/deltaWing
[LOG 15:08:01.285] Config(PART) Squad/Parts/Aero/wings/delta_small/delta_small
[LOG 15:08:01.285] Config(PART) Squad/Parts/Aero/wings/elevon1/StandardCtrlSrf
[LOG 15:08:01.285] Config(PART) Squad/Parts/Aero/wings/elevon2/elevon2
[LOG 15:08:01.285] Config(PART) Squad/Parts/Aero/wings/elevon3/elevon3
[LOG 15:08:01.285] Config(PART) Squad/Parts/Aero/wings/elevon4/smallCtrlSrf
[LOG 15:08:01.285] Config(PART) Squad/Parts/Aero/wings/elevon5/elevon5
[LOG 15:08:01.285] Config(PART) Squad/Parts/Aero/wings/strake/wingStrake
[LOG 15:08:01.285] Config(PART) Squad/Parts/Aero/wings/structural1/structuralWing
[LOG 15:08:01.285] Config(PART) Squad/Parts/Aero/wings/structural2/structuralWing2
[LOG 15:08:01.285] Config(PART) Squad/Parts/Aero/wings/structural3/structuralWing3
[LOG 15:08:01.285] Config(PART) Squad/Parts/Aero/wings/structural4/structuralWing4
[LOG 15:08:01.285] Config(PART) Squad/Parts/Aero/wings/swept1/sweptWing1
[LOG 15:08:01.285] Config(PART) Squad/Parts/Aero/wings/swept2/sweptWing2
[LOG 15:08:01.285] Config(PART) Squad/Parts/Cargo/CargoContainers/cargoContainer/cargoContainer
[LOG 15:08:01.285] Config(PART) Squad/Parts/Cargo/CargoContainers/smallCargoContainer/smallCargoContainer
[LOG 15:08:01.285] Config(PART) Squad/Parts/Cargo/Cylinder/Cylinder/evaCylinder
[LOG 15:08:01.285] Config(PART) Squad/Parts/Cargo/GroundAnchor/groundAnchor/groundAnchor
[LOG 15:08:01.285] Config(PART) Squad/Parts/Cargo/Jetpack/Jetpack/evaJetpack
[LOG 15:08:01.285] Config(PART) Squad/Parts/Cargo/Parachute/Parachute/evaChute
[LOG 15:08:01.285] Config(PART) Squad/Parts/Cargo/RepairKit/RepairKit/evaRepairKit
[LOG 15:08:01.285] Config(PART) Squad/Parts/Cargo/ScienceKit/evaScienceKit/evaScienceKit
[LOG 15:08:01.285] Config(PART) Squad/Parts/Cargo/StorageUnits/CargoStorageUnit/CargoStorageUnit
[LOG 15:08:01.285] Config(PART) Squad/Parts/Cargo/StorageUnits/ConformalStorageUnit/ConformalStorageUnit
[LOG 15:08:01.286] Config(PART) Squad/Parts/Command/advancedSasModuleLarge/advSasModuleLarge/asasmodule1-2
[LOG 15:08:01.286] Config(PART) Squad/Parts/Command/cupola/cupola/cupola
[LOG 15:08:01.286] Config(PART) Squad/Parts/Command/externalCommandSeat/externalCommandSeat/seatExternalCmd
[LOG 15:08:01.286] Config(PART) Squad/Parts/Command/hitchhikerStorageContainer/hitchikerStorageContainer/crewCabin
[LOG 15:08:01.286] Config(PART) Squad/Parts/Command/inlineAdvancedStabilizer/inlineAdvancedStabilizer/advSasModule
[LOG 15:08:01.286] Config(PART) Squad/Parts/Command/inlineReactionWheel/inlineReactionWheel/sasModule
[LOG 15:08:01.286] Config(PART) Squad/Parts/Command/Mk1-3Pod/mk1-3/mk1-3pod
[LOG 15:08:01.286] Config(PART) Squad/Parts/Command/mk1Cockpits/mk1Cockpit/Mark1Cockpit
[LOG 15:08:01.286] Config(PART) Squad/Parts/Command/mk1Cockpits/mk1CrewCabin/MK1CrewCabin
[LOG 15:08:01.286] Config(PART) Squad/Parts/Command/mk1Cockpits/mk1InlineCockpit/Mark2Cockpit
[LOG 15:08:01.286] Config(PART) Squad/Parts/Command/mk1LanderCan/mk1LanderCan/landerCabinSmall
[LOG 15:08:01.286] Config(PART) Squad/Parts/Command/mk1pod_v2/mk1Pod_v2/mk1pod_v2
[LOG 15:08:01.286] Config(PART) Squad/Parts/Command/mk2CockpitInline/mk2CockpitInline/mk2Cockpit_Inline
[LOG 15:08:01.286] Config(PART) Squad/Parts/Command/mk2CockpitStandard/mk2CockpitStandard/mk2Cockpit_Standard
[LOG 15:08:01.286] Config(PART) Squad/Parts/Command/mk2DroneCore/mk2Dronecore/mk2DroneCore
[LOG 15:08:01.286] Config(PART) Squad/Parts/Command/mk2LanderCan/mk2LanderCan/mk2LanderCabin
[LOG 15:08:01.286] Config(PART) Squad/Parts/Command/mk2LanderCan_v2/mk2LanderCan_v2/mk2LanderCabin_v2
[LOG 15:08:01.286] Config(PART) Squad/Parts/Command/mk3CockpitShuttle/mk3CockpitShuttle/mk3Cockpit_Shuttle
[LOG 15:08:01.286] Config(PART) Squad/Parts/Command/MpoProbe/MpoProbe/MpoProbe
[LOG 15:08:01.286] Config(PART) Squad/Parts/Command/MtmStage/MTM_Stage/MtmStage
[LOG 15:08:01.286] Config(PART) Squad/Parts/Command/probeCoreCube/probeCoreCube/probeCoreCube
[LOG 15:08:01.286] Config(PART) Squad/Parts/Command/probeCoreHex/probeCoreHex/probeCoreHex
[LOG 15:08:01.286] Config(PART) Squad/Parts/Command/probeCoreHex_v2/probeCoreHex_v2/probeCoreHex_v2
[LOG 15:08:01.286] Config(PART) Squad/Parts/Command/probeCoreOcto2_v2/probeCoreOcto2_v2/probeCoreOcto2_v2
[LOG 15:08:01.286] Config(PART) Squad/Parts/Command/probeCoreOcto_v2/probeCoreOcto_v2/probeCoreOcto_v2
[LOG 15:08:01.286] Config(PART) Squad/Parts/Command/probeRoverBody/probeRoverBody/roverBody
[LOG 15:08:01.286] Config(PART) Squad/Parts/Command/probeRoverBody_v2/probeRoverBody_v2/roverBody_v2
[LOG 15:08:01.286] Config(PART) Squad/Parts/Command/probeStackLarge/probeStackLarge/probeStackLarge
[LOG 15:08:01.286] Config(PART) Squad/Parts/Command/probeStackSmall/probeStackSmall/probeStackSmall
[LOG 15:08:01.286] Config(PART) Squad/Parts/Command/probeStackSphere_v2/probeStackSphere_v2/probeCoreSphere_v2
[LOG 15:08:01.286] Config(PART) Squad/Parts/CompoundParts/FuelLine/fuelLine/fuelLine
[LOG 15:08:01.286] Config(PART) Squad/Parts/CompoundParts/strutConnector/strutConnector/strutConnector
[LOG 15:08:01.286] Config(PART) Squad/Parts/Coupling/Decoupler_0/Decoupler_0
[LOG 15:08:01.286] Config(PART) Squad/Parts/Coupling/Decoupler_1/Decoupler_1
[LOG 15:08:01.286] Config(PART) Squad/Parts/Coupling/Decoupler_2/Decoupler_2
[LOG 15:08:01.286] Config(PART) Squad/Parts/Coupling/Decoupler_3/Decoupler_3
[LOG 15:08:01.286] Config(PART) Squad/Parts/Coupling/Separator_0/Separator_0
[LOG 15:08:01.286] Config(PART) Squad/Parts/Coupling/Separator_1/Separator_1
[LOG 15:08:01.286] Config(PART) Squad/Parts/Coupling/Separator_2/Separator_2
[LOG 15:08:01.286] Config(PART) Squad/Parts/Coupling/Separator_3/Separator_3
[LOG 15:08:01.286] Config(PART) Squad/Parts/Electrical/10CSolarPanels/OX-10C/solarPanelOX10C
[LOG 15:08:01.286] Config(PART) Squad/Parts/Electrical/10CSolarPanels/SP-10C/solarPanelSP10C
[LOG 15:08:01.286] Config(PART) Squad/Parts/Electrical/10LSolarPanels/OX-10L/solarPanelOX10L
[LOG 15:08:01.286] Config(PART) Squad/Parts/Electrical/10LSolarPanels/SP-10L/solarPanelSP10L
[LOG 15:08:01.287] Config(PART) Squad/Parts/Electrical/1x6ShroudSolarPanels/1x6ShroudSolarPanels/solarPanels2
[LOG 15:08:01.287] Config(PART) Squad/Parts/Electrical/1x6SolarPanels/1x6SolarPanels/solarPanels4
[LOG 15:08:01.287] Config(PART) Squad/Parts/Electrical/3x2ShroudSolarPanels/3x2ShroudSolarPanels/solarPanels1
[LOG 15:08:01.287] Config(PART) Squad/Parts/Electrical/3x2SolarPanels/3x2SolarPanels/solarPanels3
[LOG 15:08:01.287] Config(PART) Squad/Parts/Electrical/gigantorXlSolarArray/gigantorXlSolarArray/largeSolarPanel
[LOG 15:08:01.287] Config(PART) Squad/Parts/Electrical/radialFlatSolarPanel/radialFlatSolarPanel/solarPanels5
[LOG 15:08:01.287] Config(PART) Squad/Parts/Electrical/RTG/RTG/rtg
[LOG 15:08:01.287] Config(PART) Squad/Parts/Electrical/z-100Battery/z-100Battery/batteryPack
[LOG 15:08:01.287] Config(PART) Squad/Parts/Electrical/z-1kBattery/z-1kBattery/batteryBank
[LOG 15:08:01.287] Config(PART) Squad/Parts/Electrical/z-200Battery/z-200Battery/batteryBankMini
[LOG 15:08:01.287] Config(PART) Squad/Parts/Electrical/z-400Battery/z-400Battery/ksp_r_largeBatteryPack
[LOG 15:08:01.287] Config(PART) Squad/Parts/Electrical/z-4kBattery/z-4kBattery/batteryBankLarge
[LOG 15:08:01.287] Config(PART) Squad/Parts/Engine/ionEngine/ionEngine/ionEngine
[LOG 15:08:01.287] Config(PART) Squad/Parts/Engine/jetEngines/jetEngineAfterburning/turboJet
[LOG 15:08:01.287] Config(PART) Squad/Parts/Engine/jetEngines/jetEngineBasic/JetEngine
[LOG 15:08:01.287] Config(PART) Squad/Parts/Engine/jetEngines/jetEngineBig/turboFanSize2
[LOG 15:08:01.287] Config(PART) Squad/Parts/Engine/jetEngines/jetEngineTurbo/turboFanEngine
[LOG 15:08:01.287] Config(PART) Squad/Parts/Engine/liquidEngine24-77/liquidEngine24-77/smallRadialEngine
[LOG 15:08:01.287] Config(PART) Squad/Parts/Engine/liquidEngine24-77_v2/liquidEngine24-77_v2/smallRadialEngine_v2
[LOG 15:08:01.287] Config(PART) Squad/Parts/Engine/liquidEngine48-7S_v2/liquidEngine48-7S_v2/liquidEngineMini_v2
[LOG 15:08:01.287] Config(PART) Squad/Parts/Engine/liquidEngineAerospike/liquidEngineAerospike/toroidalAerospike
[LOG 15:08:01.287] Config(PART) Squad/Parts/Engine/liquidEngineLV-1_v2/liquidEngineLV-1R _v2/radialEngineMini_v2
[LOG 15:08:01.287] Config(PART) Squad/Parts/Engine/liquidEngineLV-1_v2/liquidEngineLV-1_v2/microEngine_v2
[LOG 15:08:01.287] Config(PART) Squad/Parts/Engine/liquidEngineLV-909_v2/liquidEngineLV-909_v2/liquidEngine3_v2
[LOG 15:08:01.287] Config(PART) Squad/Parts/Engine/liquidEngineLV-N/liquidEngineLV-N/nuclearEngine
[LOG 15:08:01.287] Config(PART) Squad/Parts/Engine/liquidEngineLV-T30/liquidEngineLV-T30/liquidEngine
[LOG 15:08:01.287] Config(PART) Squad/Parts/Engine/liquidEngineLV-T30_v2/liquidEngineLV-T30_v2/liquidEngine_v2
[LOG 15:08:01.287] Config(PART) Squad/Parts/Engine/liquidEngineLV-T45/liquidEngineLV-T45/liquidEngine2
[LOG 15:08:01.287] Config(PART) Squad/Parts/Engine/liquidEngineLV-T45_v2/liquidEngineLV-T45_v2/liquidEngine2_v2
[LOG 15:08:01.287] Config(PART) Squad/Parts/Engine/liquidEngineMainsail_v2/liquidEngineMainsail_v2/liquidEngineMainsail_v2
[LOG 15:08:01.287] Config(PART) Squad/Parts/Engine/liquidEngineMk55/liquidEngineMk55/radialLiquidEngine1-2
[LOG 15:08:01.287] Config(PART) Squad/Parts/Engine/liquidEnginePoodle_v2/liquidEnginePoodle_v2/liquidEngine2-2_v2
[LOG 15:08:01.287] Config(PART) Squad/Parts/Engine/liquidEngineSkipper_v2/skipperLiquidEngine_v2/engineLargeSkipper_v2
[LOG 15:08:01.287] Config(PART) Squad/Parts/Engine/liquidEngineSSME/SSME/SSME
[LOG 15:08:01.287] Config(PART) Squad/Parts/Engine/MassiveSRB/part/MassiveBooster
[LOG 15:08:01.287] Config(PART) Squad/Parts/Engine/miniJet/SmallJetEngine/miniJetEngine
[LOG 15:08:01.287] Config(PART) Squad/Parts/Engine/OMSEngine/omsEngine/omsEngine
[LOG 15:08:01.287] Config(PART) Squad/Parts/Engine/rapierEngine/rapierEngine/RAPIER
[LOG 15:08:01.287] Config(PART) Squad/Parts/Engine/Size1_SRBs/solidBoosterRT-10_v2/solidBooster_v2
[LOG 15:08:01.287] Config(PART) Squad/Parts/Engine/Size1_SRBs/solidBoosterRT-5_v2/solidBooster_sm_v2
[LOG 15:08:01.287] Config(PART) Squad/Parts/Engine/Size2LFB/part/Size2LFB
[LOG 15:08:01.288] Config(PART) Squad/Parts/Engine/Size2LFB_v2/part/Size2LFB_v2
[LOG 15:08:01.288] Config(PART) Squad/Parts/Engine/Size3AdvancedEngine/part/Size3AdvancedEngine
[LOG 15:08:01.288] Config(PART) Squad/Parts/Engine/Size3EngineCluster/part/Size3EngineCluster
[LOG 15:08:01.288] Config(PART) Squad/Parts/Engine/solidBoosterBACC/solidBoosterBACC/solidBooster1-1
[LOG 15:08:01.288] Config(PART) Squad/Parts/Engine/solidBoosterS2-17/solidBoosterS2-17/Thoroughbred
[LOG 15:08:01.288] Config(PART) Squad/Parts/Engine/solidBoosterS2-33/solidBoosterS2-33/Clydesdale
[LOG 15:08:01.288] Config(PART) Squad/Parts/Engine/solidBoosterSep/solidBoosterSep/sepMotor1
[LOG 15:08:01.288] Config(PART) Squad/Parts/Engine/SolidBoostersF/SolidBoosterF3S0/Shrimp
[LOG 15:08:01.288] Config(PART) Squad/Parts/Engine/SolidBoostersF/SolidBoosterFM1/Mite
[LOG 15:08:01.288] Config(PART) Squad/Parts/FuelTank/adapterTanks/Mk3-Mk2/adapterMk3-Mk2
[LOG 15:08:01.288] Config(PART) Squad/Parts/FuelTank/adapterTanks/Mk3-ShuttleAdapter/adapterEngines
[LOG 15:08:01.288] Config(PART) Squad/Parts/FuelTank/adapterTanks/Mk3-Size2/adapterMk3-Size2
[LOG 15:08:01.288] Config(PART) Squad/Parts/FuelTank/adapterTanks/Mk3-Size2Slant/adapterMk3-Size2Slant
[LOG 15:08:01.288] Config(PART) Squad/Parts/FuelTank/adapterTanks/Size2-Mk2/adapterSize2-Mk2
[LOG 15:08:01.288] Config(PART) Squad/Parts/FuelTank/adapterTanks/Size2-Size1/adapterSize2-Size1
[LOG 15:08:01.288] Config(PART) Squad/Parts/FuelTank/adapterTanks/Size2-Size1Slant/adapterSize2-Size1Slant
[LOG 15:08:01.288] Config(PART) Squad/Parts/FuelTank/adapterTanks/Size3-Mk3/adapterSize3-Mk3
[LOG 15:08:01.288] Config(PART) Squad/Parts/FuelTank/drainTankFTE-1/ReleaseValve/ReleaseValve
[LOG 15:08:01.288] Config(PART) Squad/Parts/FuelTank/FoilTanks/RadialTank_Capsule/externalTankCapsule
[LOG 15:08:01.288] Config(PART) Squad/Parts/FuelTank/FoilTanks/RadialTank_Round/externalTankRound
[LOG 15:08:01.288] Config(PART) Squad/Parts/FuelTank/FoilTanks/ToroidTank/externalTankToroid
[LOG 15:08:01.288] Config(PART) Squad/Parts/FuelTank/fuelTankOscarB/fuelTankOscarB/miniFuelTank
[LOG 15:08:01.288] Config(PART) Squad/Parts/FuelTank/miniFuselage/miniFuselage/miniFuselage
[LOG 15:08:01.288] Config(PART) Squad/Parts/FuelTank/mk2Adapters/bicoupler/mk2_1m_Bicoupler
[LOG 15:08:01.288] Config(PART) Squad/Parts/FuelTank/mk2Adapters/long/mk2_1m_AdapterLong
[LOG 15:08:01.288] Config(PART) Squad/Parts/FuelTank/mk2Adapters/standard/mk2SpacePlaneAdapter
[LOG 15:08:01.288] Config(PART) Squad/Parts/FuelTank/mk2FuselageLong/LFO_long/mk2FuselageLongLFO
[LOG 15:08:01.288] Config(PART) Squad/Parts/FuelTank/mk2FuselageLong/L_long/mk2Fuselage
[LOG 15:08:01.288] Config(PART) Squad/Parts/FuelTank/mk2FuselageShort/LFO_short/mk2FuselageShortLFO
[LOG 15:08:01.288] Config(PART) Squad/Parts/FuelTank/mk2FuselageShort/L_short/mk2FuselageShortLiquid
[LOG 15:08:01.288] Config(PART) Squad/Parts/FuelTank/mk2FuselageShort/Mono_short/mk2FuselageShortMono
[LOG 15:08:01.288] Config(PART) Squad/Parts/FuelTank/mk3Fuselage/CREW/mk3CrewCabin
[LOG 15:08:01.288] Config(PART) Squad/Parts/FuelTank/mk3Fuselage/LFO_100/mk3FuselageLFO_100
[LOG 15:08:01.288] Config(PART) Squad/Parts/FuelTank/mk3Fuselage/LFO_25/mk3FuselageLFO_25
[LOG 15:08:01.288] Config(PART) Squad/Parts/FuelTank/mk3Fuselage/LFO_50/mk3FuselageLFO_50
[LOG 15:08:01.288] Config(PART) Squad/Parts/FuelTank/mk3Fuselage/LF_100/mk3FuselageLF_100
[LOG 15:08:01.288] Config(PART) Squad/Parts/FuelTank/mk3Fuselage/LF_25/mk3FuselageLF_25
[LOG 15:08:01.288] Config(PART) Squad/Parts/FuelTank/mk3Fuselage/LF_50/mk3FuselageLF_50
[LOG 15:08:01.288] Config(PART) Squad/Parts/FuelTank/mk3Fuselage/MONO/mk3FuselageMONO
[LOG 15:08:01.288] Config(PART) Squad/Parts/FuelTank/RCSFuelTankR1/RCSFuelTankR1/RCSTank1-2
[LOG 15:08:01.288] Config(PART) Squad/Parts/FuelTank/RCSFuelTankR10/RCSFuelTankR10/rcsTankMini
[LOG 15:08:01.288] Config(PART) Squad/Parts/FuelTank/RCSFuelTankR25/RCSFuelTankR25/RCSFuelTank
[LOG 15:08:01.288] Config(PART) Squad/Parts/FuelTank/RCSTankRadial/radialRCSTank/radialRCSTank
[LOG 15:08:01.288] Config(PART) Squad/Parts/FuelTank/RCStankRadialLong/RCSTankRadialLong/rcsTankRadialLong
[LOG 15:08:01.288] Config(PART) Squad/Parts/FuelTank/RockomaxTanks/Rockomax16/Rockomax16_BW
[LOG 15:08:01.288] Config(PART) Squad/Parts/FuelTank/RockomaxTanks/Rockomax32/Rockomax32_BW
[LOG 15:08:01.288] Config(PART) Squad/Parts/FuelTank/RockomaxTanks/Rockomax64/Rockomax64_BW
[LOG 15:08:01.289] Config(PART) Squad/Parts/FuelTank/RockomaxTanks/Rockomax8/Rockomax8BW
[LOG 15:08:01.289] Config(PART) Squad/Parts/FuelTank/Size1_Tanks/fuelTankT100/fuelTankSmallFlat
[LOG 15:08:01.289] Config(PART) Squad/Parts/FuelTank/Size1_Tanks/fuelTankT200/fuelTankSmall
[LOG 15:08:01.289] Config(PART) Squad/Parts/FuelTank/Size1_Tanks/fuelTankT400/fuelTank
[LOG 15:08:01.289] Config(PART) Squad/Parts/FuelTank/Size1_Tanks/fuelTankT800/fuelTank_long
[LOG 15:08:01.289] Config(PART) Squad/Parts/FuelTank/Size3Tanks/large/Size3LargeTank
[LOG 15:08:01.289] Config(PART) Squad/Parts/FuelTank/Size3Tanks/medium/Size3MediumTank
[LOG 15:08:01.289] Config(PART) Squad/Parts/FuelTank/Size3Tanks/small/Size3SmallTank
[LOG 15:08:01.289] Config(PART) Squad/Parts/FuelTank/xenonTank/xenonTank/xenonTank
[LOG 15:08:01.289] Config(PART) Squad/Parts/FuelTank/xenonTankLarge/xenonTankLarge/xenonTankLarge
[LOG 15:08:01.289] Config(PART) Squad/Parts/FuelTank/xenonTankRadial/xenonTankRadial/xenonTankRadial
[LOG 15:08:01.289] Config(PART) Squad/Parts/Misc/AsteroidDay/CamSat/InfraredTelescope
[LOG 15:08:01.289] Config(PART) Squad/Parts/Misc/AsteroidDay/HECS2/HECS2_ProbeCore
[LOG 15:08:01.289] Config(PART) Squad/Parts/Misc/AsteroidDay/HighGainAntenna/HighGainAntenna
[LOG 15:08:01.289] Config(PART) Squad/Parts/Misc/AsteroidDay/LgRadialSolar/LgRadialSolarPanel
[LOG 15:08:01.289] Config(PART) Squad/Parts/Misc/PotatoComet/part/PotatoComet
[LOG 15:08:01.289] Config(PART) Squad/Parts/Misc/PotatoRoid/part/PotatoRoid
[LOG 15:08:01.289] Config(PART) Squad/Parts/Prebuilt/flag/flag
[LOG 15:08:01.289] Config(PART) Squad/Parts/Prebuilt/kerbalEVA/kerbalEVA
[LOG 15:08:01.289] Config(PART) Squad/Parts/Prebuilt/kerbalEVAfemale/kerbalEVAfemale
[LOG 15:08:01.289] Config(PART) Squad/Parts/Prebuilt/kerbalEVASlimSuit/kerbalEVASlimSuit
[LOG 15:08:01.289] Config(PART) Squad/Parts/Prebuilt/kerbalEVASlimSuitFemale/kerbalEVASlimSuitFemale
[LOG 15:08:01.289] Config(PART) Squad/Parts/Resources/FuelCell/FuelCell/FuelCell
[LOG 15:08:01.289] Config(PART) Squad/Parts/Resources/FuelCell/FuelCellArray/FuelCellArray
[LOG 15:08:01.289] Config(PART) Squad/Parts/Resources/ISRU/ISRU/ISRU
[LOG 15:08:01.289] Config(PART) Squad/Parts/Resources/LargeTank/LargeTank/LargeTank
[LOG 15:08:01.289] Config(PART) Squad/Parts/Resources/MiniDrill/MiniDrill/MiniDrill
[LOG 15:08:01.289] Config(PART) Squad/Parts/Resources/MiniISRU/MiniISRU/MiniISRU
[LOG 15:08:01.289] Config(PART) Squad/Parts/Resources/OrbitalScanner/OrbitalScanner/OrbitalScanner
[LOG 15:08:01.289] Config(PART) Squad/Parts/Resources/RadialDrill/RadialDrill/RadialDrill
[LOG 15:08:01.289] Config(PART) Squad/Parts/Resources/RadialTank/RadialTank/RadialOreTank
[LOG 15:08:01.289] Config(PART) Squad/Parts/Resources/SmallTank/SmallTank/SmallTank
[LOG 15:08:01.289] Config(PART) Squad/Parts/Resources/SurfaceScanner/SurfaceScanner/SurfaceScanner
[LOG 15:08:01.289] Config(PART) Squad/Parts/Resources/SurveyScanner/SurveyScanner/SurveyScanner
[LOG 15:08:01.289] Config(PART) Squad/Parts/Science/AtmosphereSensor/sensorAtmosphere/sensorAtmosphere
[LOG 15:08:01.289] Config(PART) Squad/Parts/Science/GooExperiment/gooExperiment/GooExperiment
[LOG 15:08:01.289] Config(PART) Squad/Parts/Science/LargeCrewedLab/largeCrewedLab/Large_Crewed_Lab
[LOG 15:08:01.289] Config(PART) Squad/Parts/Science/Magnetometer/Magnetometer/Magnetometer
[LOG 15:08:01.289] Config(PART) Squad/Parts/Science/MaterialBay/materialBay/science_module
[LOG 15:08:01.289] Config(PART) Squad/Parts/Science/ScienceBox/ScienceBox/ScienceBox
[LOG 15:08:01.289] Config(PART) Squad/Parts/Science/sensorAccelerometer/sensorAccelerometer/sensorAccelerometer
[LOG 15:08:01.289] Config(PART) Squad/Parts/Science/sensorBarometer/sensorBarometer/sensorBarometer
[LOG 15:08:01.289] Config(PART) Squad/Parts/Science/sensorGravimeter/sensorGravimeter/sensorGravimeter
[LOG 15:08:01.289] Config(PART) Squad/Parts/Science/sensorThermometer/sensorThermometer/sensorThermometer
[LOG 15:08:01.289] Config(PART) Squad/Parts/Structural/FLAdapters/adapterSmallMiniShort/adapterSmallMiniShort
[LOG 15:08:01.289] Config(PART) Squad/Parts/Structural/FLAdapters/adapterSmallMiniTall/adapterSmallMiniTall
[LOG 15:08:01.290] Config(PART) Squad/Parts/Structural/mk1Parts/engineBodyRadial/radialEngineBody
[LOG 15:08:01.290] Config(PART) Squad/Parts/Structural/mk1Parts/engineNacelle/nacelleBody
[LOG 15:08:01.290] Config(PART) Squad/Parts/Structural/mk1Parts/mk1Fuselage/MK1Fuselage
[LOG 15:08:01.290] Config(PART) Squad/Parts/Structural/mk1Parts/mk1FuselageIntake/MK1IntakeFuselage
[LOG 15:08:01.290] Config(PART) Squad/Parts/Structural/mk1Parts/mk1Structural/Mk1FuselageStructural
[LOG 15:08:01.290] Config(PART) Squad/Parts/Structural/Size3To2Adapter_v2/Size2to3_v2/Size3To2Adapter_v2
[LOG 15:08:01.290] Config(PART) Squad/Parts/Structural/stackAdapters/adapterLargeSmallBi/adapterLargeSmallBi
[LOG 15:08:01.290] Config(PART) Squad/Parts/Structural/stackAdapters/adapterLargeSmallQuad/adapterLargeSmallQuad
[LOG 15:08:01.290] Config(PART) Squad/Parts/Structural/stackAdapters/adapterLargeSmallTri/adapterLargeSmallTri
[LOG 15:08:01.290] Config(PART) Squad/Parts/Structural/stationHub/stationHub/stationHub
[LOG 15:08:01.290] Config(PART) Squad/Parts/Structural/structuralIBeam200/structuralIBeam200/structuralIBeam2
[LOG 15:08:01.290] Config(PART) Squad/Parts/Structural/structuralIBeam200Pocket/structuralIBeam200Pocket/structuralIBeam3
[LOG 15:08:01.290] Config(PART) Squad/Parts/Structural/structuralIBeam650/structuralIBeam650/structuralIBeam1
[LOG 15:08:01.290] Config(PART) Squad/Parts/Structural/structuralMicronode/structuralMicronode/structuralMiniNode
[LOG 15:08:01.290] Config(PART) Squad/Parts/Structural/structuralPanel1x1/structuralPanel1x1/structuralPanel1
[LOG 15:08:01.290] Config(PART) Squad/Parts/Structural/structuralPanel2x2/structuralPanel2x2/structuralPanel2
[LOG 15:08:01.290] Config(PART) Squad/Parts/Structural/structuralPylons/smallHardpoint/smallHardpoint
[LOG 15:08:01.290] Config(PART) Squad/Parts/Structural/structuralPylons/structuralPylon/structuralPylon
[LOG 15:08:01.290] Config(PART) Squad/Parts/Structural/strutCubicOcto/strutCubicOcto/strutCube
[LOG 15:08:01.290] Config(PART) Squad/Parts/Structural/strutOcto/strutOcto/strutOcto
[LOG 15:08:01.290] Config(PART) Squad/Parts/Structural/trussGirderAdapter/trussGirderAdapter/trussAdapter
[LOG 15:08:01.290] Config(PART) Squad/Parts/Structural/trussGirderL/trussGirderL/trussPiece1x
[LOG 15:08:01.290] Config(PART) Squad/Parts/Structural/trussGirderXL/trussGirderXL/trussPiece3x
[LOG 15:08:01.290] Config(PART) Squad/Parts/Thermal/FoldingRadiators/foldingRadLarge/foldingRadLarge
[LOG 15:08:01.290] Config(PART) Squad/Parts/Thermal/FoldingRadiators/foldingRadMed/foldingRadMed
[LOG 15:08:01.290] Config(PART) Squad/Parts/Thermal/FoldingRadiators/foldingRadSmall/foldingRadSmall
[LOG 15:08:01.290] Config(PART) Squad/Parts/Thermal/RadiatorPanels/radPanelEdge/radPanelEdge
[LOG 15:08:01.290] Config(PART) Squad/Parts/Thermal/RadiatorPanels/radPanelLg/radPanelLg
[LOG 15:08:01.290] Config(PART) Squad/Parts/Thermal/RadiatorPanels/radPanelSm/radPanelSm
[LOG 15:08:01.290] Config(PART) Squad/Parts/Utility/commDish88-88/commDish88-88/commDish
[LOG 15:08:01.290] Config(PART) Squad/Parts/Utility/commsAntennaDTS-M1/commsAntennaDTS-M1/mediumDishAntenna
[LOG 15:08:01.290] Config(PART) Squad/Parts/Utility/commsDish16/commsAntenna16/longAntenna
[LOG 15:08:01.290] Config(PART) Squad/Parts/Utility/decouplerRadialHDM/decouplerRadialHDM/radialDecoupler1-2
[LOG 15:08:01.290] Config(PART) Squad/Parts/Utility/decouplerRadialTT-38K/decouplerRadialTT-38K/radialDecoupler
[LOG 15:08:01.290] Config(PART) Squad/Parts/Utility/decouplerRadialTT-70/decouplerRadialTT-70/radialDecoupler2
[LOG 15:08:01.290] Config(PART) Squad/Parts/Utility/DirectAntennas/C16S/SurfAntenna
[LOG 15:08:01.290] Config(PART) Squad/Parts/Utility/DirectAntennas/HG-5/HighGainAntenna5
[LOG 15:08:01.290] Config(PART) Squad/Parts/Utility/DirectAntennas/HG-5_v2/HighGainAntenna5_v2
[LOG 15:08:01.290] Config(PART) Squad/Parts/Utility/dockingPort/dockingPort/dockingPort2
[LOG 15:08:01.290] Config(PART) Squad/Parts/Utility/dockingPortInline/dockingPortInline/dockingPortLateral
[LOG 15:08:01.290] Config(PART) Squad/Parts/Utility/dockingPortJr/dockingPortJr/dockingPort3
[LOG 15:08:01.290] Config(PART) Squad/Parts/Utility/dockingPortShielded/dockingPortShielded/dockingPort1
[LOG 15:08:01.290] Config(PART) Squad/Parts/Utility/dockingPortSr/dockingPortSr/dockingPortLarge
[LOG 15:08:01.290] Config(PART) Squad/Parts/Utility/Fireworks/fireworksLauncherBig/fireworksLauncherBig
[LOG 15:08:01.290] Config(PART) Squad/Parts/Utility/Fireworks/fireworksLauncherSmall/fireworksLauncherSmall
[LOG 15:08:01.290] Config(PART) Squad/Parts/Utility/flags/flagFlat/flagFlat/flagPartFlat
[LOG 15:08:01.290] Config(PART) Squad/Parts/Utility/flags/flagSize0/flagSize0/flagPartSize0
[LOG 15:08:01.290] Config(PART) Squad/Parts/Utility/flags/flagSize1/flagSize1/flagPartSize1
[LOG 15:08:01.290] Config(PART) Squad/Parts/Utility/flags/flagSize2/flagSize2/flagPartSize2
[LOG 15:08:01.290] Config(PART) Squad/Parts/Utility/flags/flagSize3/flagSize3/flagPartSize3
[LOG 15:08:01.290] Config(PART) Squad/Parts/Utility/GrapplingDevice/part/GrapplingDevice
[LOG 15:08:01.290] Config(PART) Squad/Parts/Utility/ladderRadial/ladderRadial/ladder1
[LOG 15:08:01.290] Config(PART) Squad/Parts/Utility/ladderTelescopic/ladderTelescopic/telescopicLadder
[LOG 15:08:01.290] Config(PART) Squad/Parts/Utility/ladderTelescopicBay/ladderTelescopicBay/telescopicLadderBay
[LOG 15:08:01.290] Config(PART) Squad/Parts/Utility/landingLegLT-1/landingLegLT-1/landingLeg1
[LOG 15:08:01.290] Config(PART) Squad/Parts/Utility/landingLegLT-2/landingLegLT-2/landingLeg1-2
[LOG 15:08:01.290] Config(PART) Squad/Parts/Utility/landingLegLT-5/landingLegLT-5/miniLandingLeg
[LOG 15:08:01.290] Config(PART) Squad/Parts/Utility/launchClamp1/launchClamp1/launchClamp1
[LOG 15:08:01.290] Config(PART) Squad/Parts/Utility/launchEscapeSystem/part/LaunchEscapeSystem
[LOG 15:08:01.290] Config(PART) Squad/Parts/Utility/Lights/domeLight1/domeLight1
[LOG 15:08:01.290] Config(PART) Squad/Parts/Utility/Lights/groundLight1/groundLight1
[LOG 15:08:01.290] Config(PART) Squad/Parts/Utility/Lights/groundLight2/groundLight2
[LOG 15:08:01.290] Config(PART) Squad/Parts/Utility/Lights/navLight1/navLight1
[LOG 15:08:01.290] Config(PART) Squad/Parts/Utility/Lights/spotLight1/spotLight3
[LOG 15:08:01.290] Config(PART) Squad/Parts/Utility/Lights/stripLight1/stripLight1
[LOG 15:08:01.290] Config(PART) Squad/Parts/Utility/linearVernorRCS/linearRCS/linearRcs
[LOG 15:08:01.290] Config(PART) Squad/Parts/Utility/linearVernorRCS/vernorEngine/vernierEngine
[LOG 15:08:01.290] Config(PART) Squad/Parts/Utility/mk2CargoBay/BayL/mk2CargoBayL
[LOG 15:08:01.290] Config(PART) Squad/Parts/Utility/mk2CargoBay/BayS/mk2CargoBayS
[LOG 15:08:01.290] Config(PART) Squad/Parts/Utility/mk2CrewCabin/mk2CrewCabin/mk2CrewCabin
[LOG 15:08:01.290] Config(PART) Squad/Parts/Utility/mk2DockingPort/mk2DockingPort/mk2DockingPort
[LOG 15:08:01.290] Config(PART) Squad/Parts/Utility/mk3CargoBay/long/mk3CargoBayL
[LOG 15:08:01.290] Config(PART) Squad/Parts/Utility/mk3CargoBay/medium/mk3CargoBayM
[LOG 15:08:01.290] Config(PART) Squad/Parts/Utility/mk3CargoBay/ramp/mk3CargoRamp
[LOG 15:08:01.290] Config(PART) Squad/Parts/Utility/mk3CargoBay/short/mk3CargoBayS
[LOG 15:08:01.291] Config(PART) Squad/Parts/Utility/parachuteMk1/parachuteMk1/parachuteSingle
[LOG 15:08:01.291] Config(PART) Squad/Parts/Utility/parachuteMk12-R/parachuteMk12-R/radialDrogue
[LOG 15:08:01.291] Config(PART) Squad/Parts/Utility/parachuteMk16-XL/parachuteMk16-XL/parachuteLarge
[LOG 15:08:01.291] Config(PART) Squad/Parts/Utility/parachuteMk2-R/parachuteMk2-R/parachuteRadial
[LOG 15:08:01.291] Config(PART) Squad/Parts/Utility/parachuteMk25/parachuteMk25/parachuteDrogue
[LOG 15:08:01.291] Config(PART) Squad/Parts/Utility/radialAttachmentPoint/radialAttachmentPoint/stackPoint1
[LOG 15:08:01.291] Config(PART) Squad/Parts/Utility/rcsBlockRV-105_v2/rcsBlockRV-105/RCSBlock_v2
[LOG 15:08:01.291] Config(PART) Squad/Parts/Utility/rcsBlockRV-105_v2/RCSblock_01_small/RCSblock_01_small
[LOG 15:08:01.291] Config(PART) Squad/Parts/Utility/rcsSmallLinear/RCSLinearSmall/RCSLinearSmall
[LOG 15:08:01.291] Config(PART) Squad/Parts/Utility/RelayAntennas/RA-100/RelayAntenna100
[LOG 15:08:01.291] Config(PART) Squad/Parts/Utility/RelayAntennas/RA-5/RelayAntenna5
[LOG 15:08:01.291] Config(PART) Squad/Parts/Utility/RelayAntennas/RA-50/RelayAntenna50
[LOG 15:08:01.291] Config(PART) Squad/Parts/Utility/rockomaxAdapters/largeAdapter/largeAdapter
[LOG 15:08:01.291] Config(PART) Squad/Parts/Utility/rockomaxAdapters/largeAdapterShort/largeAdapter2
[LOG 15:08:01.291] Config(PART) Squad/Parts/Utility/ServiceBay_v2/ServiceBay_125_v2/ServiceBay_125_v2
[LOG 15:08:01.291] Config(PART) Squad/Parts/Utility/ServiceBay_v2/ServiceBay_250_v2/ServiceBay_250_v2
[LOG 15:08:01.291] Config(PART) Squad/Parts/Utility/smallClaw/smallClaw/smallClaw
[LOG 15:08:01.291] Config(PART) Squad/Parts/Utility/spotLightMk1/spotLightMk1/spotLight1
[LOG 15:08:01.291] Config(PART) Squad/Parts/Utility/spotLightMk1_v2/spotLightMk1_v2/spotLight1_v2
[LOG 15:08:01.291] Config(PART) Squad/Parts/Utility/spotLightMk2/spotLightMk2/spotLight2
[LOG 15:08:01.291] Config(PART) Squad/Parts/Utility/spotLightMk2_v2/spotLightMk2_v2/spotLight2_v2
[LOG 15:08:01.291] Config(PART) Squad/Parts/Utility/stackCouplers/stackBiCoupler_v2/stackBiCoupler_v2
[LOG 15:08:01.291] Config(PART) Squad/Parts/Utility/stackCouplers/stackQuadCoupler/stackQuadCoupler
[LOG 15:08:01.291] Config(PART) Squad/Parts/Utility/stackCouplers/stackTriCoupler_v2/stackTriCoupler_v2
[LOG 15:08:01.291] Config(PART) Squad/Parts/Wheel/LandingGear/GearExtraLarge/GearLarge
[LOG 15:08:01.291] Config(PART) Squad/Parts/Wheel/LandingGear/GearFixed/GearFixed
[LOG 15:08:01.291] Config(PART) Squad/Parts/Wheel/LandingGear/GearFree/GearFree
[LOG 15:08:01.291] Config(PART) Squad/Parts/Wheel/LandingGear/GearLarge/GearMedium
[LOG 15:08:01.291] Config(PART) Squad/Parts/Wheel/LandingGear/GearMedium/GearSmall
[LOG 15:08:01.291] Config(PART) Squad/Parts/Wheel/LandingGear/GearSmall/SmallGearBay
[LOG 15:08:01.291] Config(PART) Squad/Parts/Wheel/roverWheelM1/roverWheelM1/roverWheel1
[LOG 15:08:01.291] Config(PART) Squad/Parts/Wheel/roverWheelS2/roverWheelS2/roverWheel2
[LOG 15:08:01.291] Config(PART) Squad/Parts/Wheel/roverWheelTR-2L/roverWheelTR-2L/wheelMed
[LOG 15:08:01.291] Config(PART) Squad/Parts/Wheel/roverWheelXL3/roverWheelXL3/roverWheel3
[LOG 15:08:01.291] Config(PROP) Squad/Props/AltimeterThreeHands/prop/AltimeterThreeHands
[LOG 15:08:01.291] Config(PROP) Squad/Props/AtmosphereDepth/prop/AtmosphereDepth
[LOG 15:08:01.291] Config(PROP) Squad/Props/AxisIndicator/pitchConfig/AxisIndicatorPitch
[LOG 15:08:01.291] Config(PROP) Squad/Props/AxisIndicator/rollConfig/AxisIndicatorRoll
[LOG 15:08:01.291] Config(PROP) Squad/Props/AxisIndicator/yawConfig/AxisIndicatorYaw
[LOG 15:08:01.291] Config(PROP) Squad/Props/buttonsGeneric/circularButton/genericCircularButton
[LOG 15:08:01.291] Config(PROP) Squad/Props/buttonsGeneric/clusterButtons/genericClusterButtons
[LOG 15:08:01.291] Config(PROP) Squad/Props/buttonsGeneric/clusterButtons2/genericClusterButtons2
[LOG 15:08:01.291] Config(PROP) Squad/Props/buttonsGeneric/clusterKnob/genericClusterKnobs
[LOG 15:08:01.291] Config(PROP) Squad/Props/buttonsGeneric/clusterKnob2/genericClusterKnobs2
[LOG 15:08:01.291] Config(PROP) Squad/Props/buttonsGeneric/clusterMixed/genericClusterMixed
[LOG 15:08:01.292] Config(PROP) Squad/Props/buttonsGeneric/clusterSwitches01/genericClusterSwitches01
[LOG 15:08:01.292] Config(PROP) Squad/Props/buttonsGeneric/clusterSwitches02/genericClusterSwitches02
[LOG 15:08:01.292] Config(PROP) Squad/Props/buttonsGeneric/clusterSwitches03/genericClusterSwitches03
[LOG 15:08:01.292] Config(PROP) Squad/Props/buttonsGeneric/clusterSwitches04/genericClusterSwitches04
[LOG 15:08:01.292] Config(PROP) Squad/Props/buttonsGeneric/clusterSwitches05/genericClusterSwitches05
[LOG 15:08:01.292] Config(PROP) Squad/Props/buttonsGeneric/clusterSwitches06/genericClusterSwitches06
[LOG 15:08:01.292] Config(PROP) Squad/Props/buttonsGeneric/clusterSwitches07/genericClusterSwitches07
[LOG 15:08:01.292] Config(PROP) Squad/Props/buttonsGeneric/directionalKnob/genericDirectionalKnob
[LOG 15:08:01.292] Config(PROP) Squad/Props/buttonsGeneric/directionalKnob2/genericDirectionalKnob2
[LOG 15:08:01.292] Config(PROP) Squad/Props/buttonsGeneric/pullSwitch/genericPullSwitch
[LOG 15:08:01.292] Config(PROP) Squad/Props/buttonsGeneric/squareButton/genericSquareButton
[LOG 15:08:01.292] Config(PROP) Squad/Props/buttonsGeneric/standingSwitch/genericStandingSwitch
[LOG 15:08:01.292] Config(PROP) Squad/Props/buttonsGeneric/switch/genericSwitch
[LOG 15:08:01.292] Config(PROP) Squad/Props/buttonsGeneric/switchWithGuards/genericSwitchWithGuards
[LOG 15:08:01.292] Config(PROP) Squad/Props/ButtonSquare/prop/ButtonSquare
[LOG 15:08:01.292] Config(PROP) Squad/Props/circularButton/prop/circularButton
[LOG 15:08:01.292] Config(PROP) Squad/Props/Compass/prop/Compass
[LOG 15:08:01.292] Config(PROP) Squad/Props/directionalKnob/prop/directionalKnob
[LOG 15:08:01.292] Config(PROP) Squad/Props/directionalKnob2/prop/directionalKnob2
[LOG 15:08:01.292] Config(PROP) Squad/Props/IndicatorPanel/prop/IndicatorPanel
[LOG 15:08:01.292] Config(PROP) Squad/Props/IVANavBall/prop/NavBall
[LOG 15:08:01.292] Config(PROP) Squad/Props/IVANavBallNoBase/prop/NavBallNoBase
[LOG 15:08:01.292] Config(PROP) Squad/Props/ledPanelSpeed/prop/ledPanelSpeed
[LOG 15:08:01.292] Config(PROP) Squad/Props/Monitor/DockingMode/MonitorDockingMode
[LOG 15:08:01.292] Config(PROP) Squad/Props/NavBall/prop/NavBall
[LOG 15:08:01.292] Config(PROP) Squad/Props/PropsGeneric/Button_DockingMode/Button_DockingMode
[LOG 15:08:01.292] Config(PROP) Squad/Props/PropsGeneric/CargoBagA/CargoBagA
[LOG 15:08:01.292] Config(PROP) Squad/Props/PropsGeneric/CargoBagB/CargoBagB
[LOG 15:08:01.292] Config(PROP) Squad/Props/PropsGeneric/CargoBagC/CargoBagC
[LOG 15:08:01.292] Config(PROP) Squad/Props/PropsGeneric/Hatch_Plane/Hatch_Plane
[LOG 15:08:01.292] Config(PROP) Squad/Props/PropsGeneric/Hatch_Plane_Curve90/Hatch_Plane_Curve90
[LOG 15:08:01.292] Config(PROP) Squad/Props/PropsGeneric/Hatch_Plane_Frame/Hatch_Plane_Frame
[LOG 15:08:01.292] Config(PROP) Squad/Props/PropsGeneric/Seat_Passenger/Seat_Passenger
[LOG 15:08:01.292] Config(PROP) Squad/Props/PropsGeneric/Seat_Pilot/Seat_Pilot
[LOG 15:08:01.292] Config(PROP) Squad/Props/PropsGeneric/Seat_Pilot_Helmet/Seat_Pilot_Helmet
[LOG 15:08:01.292] Config(PROP) Squad/Props/PropsGeneric/SideStick/SideStick
[LOG 15:08:01.292] Config(PROP) Squad/Props/pullSwitch/prop/pullSwitch
[LOG 15:08:01.292] Config(PROP) Squad/Props/radarAltitude/prop/RadarAltimeter
[LOG 15:08:01.292] Config(PROP) Squad/Props/squareButton/prop/squareButton
[LOG 15:08:01.292] Config(PROP) Squad/Props/standingSwitch/prop/standingSwitch
[LOG 15:08:01.292] Config(PROP) Squad/Props/switch/prop/switch
[LOG 15:08:01.292] Config(PROP) Squad/Props/switchGuard/prop/switchGuard
[LOG 15:08:01.292] Config(PROP) Squad/Props/switchWithGuards/prop/switchWithGuards
[LOG 15:08:01.292] Config(PROP) Squad/Props/throttle/prop/throttle
[LOG 15:08:01.292] Config(PROP) Squad/Props/VSI/prop/VSI
[LOG 15:08:01.292] Config(SPACEOBJECTS_LIMITS) Squad/Resources/CometDefs/SPACEOBJECTS_LIMITS
[LOG 15:08:01.292] Config(COMET_MANAGER) Squad/Resources/CometDefs/COMET_MANAGER
[LOG 15:08:01.292] Config(COMET_ORBIT_TYPE) Squad/Resources/CometDefs/short
[LOG 15:08:01.292] Config(COMET_ORBIT_TYPE) Squad/Resources/CometDefs/intermediate
[LOG 15:08:01.292] Config(COMET_ORBIT_TYPE) Squad/Resources/CometDefs/long
[LOG 15:08:01.293] Config(COMET_ORBIT_TYPE) Squad/Resources/CometDefs/interstellar
[LOG 15:08:01.293] Config(FIREWORKFX_DEFINITION) Squad/Resources/FireworkFXDefinitions/classicTrail
[LOG 15:08:01.293] Config(FIREWORKFX_DEFINITION) Squad/Resources/FireworkFXDefinitions/whirlyTrail
[LOG 15:08:01.293] Config(FIREWORKFX_DEFINITION) Squad/Resources/FireworkFXDefinitions/strobeTrail
[LOG 15:08:01.293] Config(FIREWORKFX_DEFINITION) Squad/Resources/FireworkFXDefinitions/bareTrail
[LOG 15:08:01.293] Config(FIREWORKFX_DEFINITION) Squad/Resources/FireworkFXDefinitions/classicBurst
[LOG 15:08:01.293] Config(FIREWORKFX_DEFINITION) Squad/Resources/FireworkFXDefinitions/chrysBurst
[LOG 15:08:01.293] Config(FIREWORKFX_DEFINITION) Squad/Resources/FireworkFXDefinitions/palmBurst
[LOG 15:08:01.293] Config(FIREWORKFX_DEFINITION) Squad/Resources/FireworkFXDefinitions/ringBurst
[LOG 15:08:01.293] Config(FIREWORKFX_DEFINITION) Squad/Resources/FireworkFXDefinitions/crosetteBurst
[LOG 15:08:01.293] Config(FIREWORKFX_DEFINITION) Squad/Resources/FireworkFXDefinitions/willowBurst
[LOG 15:08:01.293] Config(FIREWORKFX_DEFINITION) Squad/Resources/FireworkFXDefinitions/crackeBurst
[LOG 15:08:01.293] Config(FIREWORKFX_DEFINITION) Squad/Resources/FireworkFXDefinitions/palmCrackleBurst
[LOG 15:08:01.293] Config(FIREWORKFX_DEFINITION) Squad/Resources/FireworkFXDefinitions/dragonBurst
[LOG 15:08:01.293] Config(GLOBAL_RESOURCE) Squad/Resources/Ore/GLOBAL_RESOURCE
[LOG 15:08:01.293] Config(PLANETARY_RESOURCE) Squad/Resources/Ore/PLANETARY_RESOURCE
[LOG 15:08:01.293] Config(PLANETARY_RESOURCE) Squad/Resources/Ore/PLANETARY_RESOURCE
[LOG 15:08:01.293] Config(RESOURCE_OVERLAY_CONFIGURATION_SOLID) Squad/Resources/Overlay/RESOURCE_OVERLAY_CONFIGURATION_SOLID
[LOG 15:08:01.293] Config(RESOURCE_OVERLAY_CONFIGURATION_LINES) Squad/Resources/Overlay/RESOURCE_OVERLAY_CONFIGURATION_LINES
[LOG 15:08:01.293] Config(RESOURCE_OVERLAY_CONFIGURATION_DOTS) Squad/Resources/Overlay/RESOURCE_OVERLAY_CONFIGURATION_DOTS
[LOG 15:08:01.293] Config(RESOURCE_CONFIGURATION) Squad/Resources/ResourceDefaults/RESOURCE_CONFIGURATION
[LOG 15:08:01.293] Config(RESOURCE_DEFINITION) Squad/Resources/ResourcesGeneric/LiquidFuel
[LOG 15:08:01.293] Config(RESOURCE_DEFINITION) Squad/Resources/ResourcesGeneric/Oxidizer
[LOG 15:08:01.293] Config(RESOURCE_DEFINITION) Squad/Resources/ResourcesGeneric/SolidFuel
[LOG 15:08:01.293] Config(RESOURCE_DEFINITION) Squad/Resources/ResourcesGeneric/MonoPropellant
[LOG 15:08:01.293] Config(RESOURCE_DEFINITION) Squad/Resources/ResourcesGeneric/XenonGas
[LOG 15:08:01.293] Config(RESOURCE_DEFINITION) Squad/Resources/ResourcesGeneric/ElectricCharge
[LOG 15:08:01.293] Config(RESOURCE_DEFINITION) Squad/Resources/ResourcesGeneric/IntakeAir
[LOG 15:08:01.293] Config(RESOURCE_DEFINITION) Squad/Resources/ResourcesGeneric/EVA Propellant
[LOG 15:08:01.293] Config(RESOURCE_DEFINITION) Squad/Resources/ResourcesGeneric/Ore
[LOG 15:08:01.293] Config(RESOURCE_DEFINITION) Squad/Resources/ResourcesGeneric/Ablator
[LOG 15:08:01.293] Config(EXPERIMENT_DEFINITION) Squad/Resources/ScienceDefs/EXPERIMENT_DEFINITION
[LOG 15:08:01.293] Config(EXPERIMENT_DEFINITION) Squad/Resources/ScienceDefs/EXPERIMENT_DEFINITION
[LOG 15:08:01.293] Config(EXPERIMENT_DEFINITION) Squad/Resources/ScienceDefs/EXPERIMENT_DEFINITION
[LOG 15:08:01.293] Config(EXPERIMENT_DEFINITION) Squad/Resources/ScienceDefs/EXPERIMENT_DEFINITION
[LOG 15:08:01.293] Config(EXPERIMENT_DEFINITION) Squad/Resources/ScienceDefs/EXPERIMENT_DEFINITION
[LOG 15:08:01.293] Config(EXPERIMENT_DEFINITION) Squad/Resources/ScienceDefs/EXPERIMENT_DEFINITION
[LOG 15:08:01.293] Config(EXPERIMENT_DEFINITION) Squad/Resources/ScienceDefs/EXPERIMENT_DEFINITION
[LOG 15:08:01.293] Config(EXPERIMENT_DEFINITION) Squad/Resources/ScienceDefs/EXPERIMENT_DEFINITION
[LOG 15:08:01.293] Config(EXPERIMENT_DEFINITION) Squad/Resources/ScienceDefs/EXPERIMENT_DEFINITION
[LOG 15:08:01.293] Config(EXPERIMENT_DEFINITION) Squad/Resources/ScienceDefs/EXPERIMENT_DEFINITION
[LOG 15:08:01.293] Config(EXPERIMENT_DEFINITION) Squad/Resources/ScienceDefs/EXPERIMENT_DEFINITION
[LOG 15:08:01.293] Config(EXPERIMENT_DEFINITION) Squad/Resources/ScienceDefs/EXPERIMENT_DEFINITION
[LOG 15:08:01.293] Config(EXPERIMENT_DEFINITION) Squad/Resources/ScienceDefs/EXPERIMENT_DEFINITION
[LOG 15:08:01.293] Config(EXPERIMENT_DEFINITION) Squad/Resources/ScienceDefs/EXPERIMENT_DEFINITION
[LOG 15:08:01.293] Config(EXPERIMENT_DEFINITION) Squad/Resources/ScienceDefs/EXPERIMENT_DEFINITION
[LOG 15:08:01.293] Config(EXPERIMENT_DEFINITION) Squad/Resources/ScienceDefs/EXPERIMENT_DEFINITION
[LOG 15:08:01.293] Config(EXPERIMENT_DEFINITION) Squad/Resources/ScienceDefs/EXPERIMENT_DEFINITION
[LOG 15:08:01.293] Config(EXPERIMENT_DEFINITION) Squad/Resources/ScienceDefs/EXPERIMENT_DEFINITION
[LOG 15:08:01.294] Config(STORY_DEF) Squad/Resources/StoryDefs/STORY_DEF
[LOG 15:08:01.294] Config(TechTree) Squad/Resources/TechTree/TechTree
[LOG 15:08:01.294] Config(INTERNAL) Squad/Spaces/crewCabinInternals/internal/crewCabinInternals
[LOG 15:08:01.294] Config(INTERNAL) Squad/Spaces/cupolaInternal/internal/cupolaInternal
[LOG 15:08:01.294] Config(INTERNAL) Squad/Spaces/GenericSpace1/internal/GenericSpace1
[LOG 15:08:01.294] Config(INTERNAL) Squad/Spaces/GenericSpace3/internal/GenericSpace3
[LOG 15:08:01.294] Config(INTERNAL) Squad/Spaces/landerCabinInternals/internal/landerCabinInternals
[LOG 15:08:01.294] Config(INTERNAL) Squad/Spaces/landerCabinSmallInternal/internal/landerCabinSmallInternal
[LOG 15:08:01.294] Config(INTERNAL) Squad/Spaces/LargeCrewedLabInternals/internal/Mobile_Processing_Lab_Int
[LOG 15:08:01.294] Config(INTERNAL) Squad/Spaces/Mk1-3/internal/Mk1-3
[LOG 15:08:01.294] Config(INTERNAL) Squad/Spaces/mk1CabinInternal/internal/mk1CabinInternal
[LOG 15:08:01.294] Config(INTERNAL) Squad/Spaces/mk1CockpitInternal/internal/mk1CockpitInternal
[LOG 15:08:01.294] Config(INTERNAL) Squad/Spaces/mk1InlineInternal/internal/mk1InlineInternal
[LOG 15:08:01.294] Config(INTERNAL) Squad/Spaces/mk1PodCockpit/internal/mk1PodCockpit
[LOG 15:08:01.294] Config(INTERNAL) Squad/Spaces/mk1pod_IVA/mk1pod_Internal/mk1pod_IVA
[LOG 15:08:01.294] Config(INTERNAL) Squad/Spaces/mk2CockpitStandardInternal/internal/mk2CockpitStandardInternals
[LOG 15:08:01.294] Config(INTERNAL) Squad/Spaces/Mk2CrewCabinInternal/internal_MK2_CrewCab/MK2_CrewCab_Int
[LOG 15:08:01.294] Config(INTERNAL) Squad/Spaces/mk2InlineInternal/internal/mk2InlineInternal
[LOG 15:08:01.294] Config(INTERNAL) Squad/Spaces/mk2LanderCanInternal/internal/mk2LanderCanInternal
[LOG 15:08:01.294] Config(INTERNAL) Squad/Spaces/MK3CockpitInternal/internal_MK3/MK3_Cockpit_Int
[LOG 15:08:01.294] Config(INTERNAL) Squad/Spaces/MK3_CrewCab_Int/internal_MK3_CrewCab/MK3_CrewCab_Int
[LOG 15:08:01.294] Config(INTERNAL) Squad/Spaces/Placeholder/internal/Placeholder
[LOG 15:08:01.294] Config(INTERNAL) Squad/Spaces/PodCockpit/internal/PodCockpit
[LOG 15:08:01.294] Config(STRATEGY_DEPARTMENT) Squad/Strategies/Departments/Finances
[LOG 15:08:01.294] Config(STRATEGY_DEPARTMENT) Squad/Strategies/Departments/Science
[LOG 15:08:01.294] Config(STRATEGY_DEPARTMENT) Squad/Strategies/Departments/Public Relations
[LOG 15:08:01.294] Config(STRATEGY_DEPARTMENT) Squad/Strategies/Departments/Operations
[LOG 15:08:01.294] Config(STRATEGY) Squad/Strategies/Strategies/AppreciationCampaignCfg
[LOG 15:08:01.294] Config(STRATEGY) Squad/Strategies/Strategies/FundraisingCampaignCfg
[LOG 15:08:01.294] Config(STRATEGY) Squad/Strategies/Strategies/OpenSourceTechProgramCfg
[LOG 15:08:01.294] Config(STRATEGY) Squad/Strategies/Strategies/UnpaidResearchProgramCfg
[LOG 15:08:01.294] Config(STRATEGY) Squad/Strategies/Strategies/OutsourcedResearchCfg
[LOG 15:08:01.294] Config(STRATEGY) Squad/Strategies/Strategies/PatentsLicensingCfg
[LOG 15:08:01.294] Config(STRATEGY) Squad/Strategies/Strategies/AgressiveNegotiations
[LOG 15:08:01.294] Config(STRATEGY) Squad/Strategies/Strategies/RecoveryTransponders
[LOG 15:08:01.294] Config(STRATEGY) Squad/Strategies/Strategies/BailoutGrant
[LOG 15:08:01.294] Config(STRATEGY) Squad/Strategies/Strategies/researchIPsellout
[LOG 15:08:01.294] Config(STRATEGY) Squad/Strategies/Strategies/LeadershipInitiative
[LOG 15:08:01.294] Config(TUTORIAL) Squad/Tutorials/FlightSuborbital/FlightSuborbital
[LOG 15:08:01.294] Config(TUTORIAL) Squad/Tutorials/FromMun/FromMun
[LOG 15:08:01.294] Config(TUTORIAL) Squad/Tutorials/GoForOrbit/GoForOrbit
[LOG 15:08:01.295] Config(MISSIONPACK) SquadExpansion/MakingHistory/Missions/MissionPacks/squad_MakingHistory
[LOG 15:08:01.295] Config(MISSIONPACK) SquadExpansion/MakingHistory/Missions/MissionPacks/squad_MakingHistory_Other
[LOG 15:08:01.295] Config(MISSIONPACK) SquadExpansion/MakingHistory/Missions/MissionPacks/squad_MakingHistory_Tutorial
[LOG 15:08:01.295] Config(MEBASICNODE) SquadExpansion/MakingHistory/Nodes/AccuracyLogic/TestAccuracyLogic
[LOG 15:08:01.295] Config(MEBASICNODE) SquadExpansion/MakingHistory/Nodes/ActionChancePartResourceLevels/ActionPartResourceAmount
[LOG 15:08:01.295] Config(MEBASICNODE) SquadExpansion/MakingHistory/Nodes/ActionExplode/ActionVesselExplode
[LOG 15:08:01.295] Config(MEBASICNODE) SquadExpansion/MakingHistory/Nodes/ActionMissionScore/MissionScore
[LOG 15:08:01.295] Config(MEBASICNODE) SquadExpansion/MakingHistory/Nodes/ActionModifierFunds/ModifyFunds
[LOG 15:08:01.295] Config(MEBASICNODE) SquadExpansion/MakingHistory/Nodes/ActionModifierScore/MissionScore
[LOG 15:08:01.295] Config(MEBASICNODE) SquadExpansion/MakingHistory/Nodes/ActionPartExplode/ActionPartExplode
[LOG 15:08:01.295] Config(MEBASICNODE) SquadExpansion/MakingHistory/Nodes/ActionPartResourceDrain/ActionPartResourceDrain
[LOG 15:08:01.295] Config(MEBASICNODE) SquadExpansion/MakingHistory/Nodes/ActionVesselActionGroup/ActionVesselActionGroup
[LOG 15:08:01.295] Config(MEBASICNODE) SquadExpansion/MakingHistory/Nodes/ActionVesselStage/ActionVesselStage
[LOG 15:08:01.295] Config(MEBASICNODE) SquadExpansion/MakingHistory/Nodes/CreateAsteroid/CreateAsteroid
[LOG 15:08:01.295] Config(MEBASICNODE) SquadExpansion/MakingHistory/Nodes/CreateComet/CreateComet
[LOG 15:08:01.295] Config(MEBASICNODE) SquadExpansion/MakingHistory/Nodes/CreateFlag/CreateFlag
[LOG 15:08:01.295] Config(MEBASICNODE) SquadExpansion/MakingHistory/Nodes/CreateLaunchSite/CreateLaunchSite
[LOG 15:08:01.295] Config(MEBASICNODE) SquadExpansion/MakingHistory/Nodes/CreateVessel/CreateVessel
[LOG 15:08:01.295] Config(MEBASICNODE) SquadExpansion/MakingHistory/Nodes/CrewAssignment/TestCrewAssignment
[LOG 15:08:01.295] Config(MEBASICNODE) SquadExpansion/MakingHistory/Nodes/Destroyed/Crashed
[LOG 15:08:01.295] Config(MEBASICNODE) SquadExpansion/MakingHistory/Nodes/DialogMessage/DialogMessage
[LOG 15:08:01.295] Config(MEBASICNODE) SquadExpansion/MakingHistory/Nodes/Distance/Distance
[LOG 15:08:01.295] Config(MEBASICNODE) SquadExpansion/MakingHistory/Nodes/EmptyFalse/EmptyFalse
[LOG 15:08:01.295] Config(MEBASICNODE) SquadExpansion/MakingHistory/Nodes/EmptyTrue/EmptyTrue
[LOG 15:08:01.295] Config(MEBASICNODE) SquadExpansion/MakingHistory/Nodes/EscapeSOI/SOILeft
[LOG 15:08:01.295] Config(MEBASICNODE) SquadExpansion/MakingHistory/Nodes/EVA/EVA
[LOG 15:08:01.295] Config(MEBASICNODE) SquadExpansion/MakingHistory/Nodes/Flying/Flying
[LOG 15:08:01.295] Config(MEBASICNODE) SquadExpansion/MakingHistory/Nodes/FundsRecovery/FundsRecovery
[LOG 15:08:01.295] Config(MEBASICNODE) SquadExpansion/MakingHistory/Nodes/KerbalBoarded/TestKerbalBoarded
[LOG 15:08:01.295] Config(MEBASICNODE) SquadExpansion/MakingHistory/Nodes/KerbalKilled/EVA
[LOG 15:08:01.295] Config(MEBASICNODE) SquadExpansion/MakingHistory/Nodes/KerbalRecovery/KerbalRecovery
[LOG 15:08:01.295] Config(MEBASICNODE) SquadExpansion/MakingHistory/Nodes/KerbalRescue/KerbalRescue
[LOG 15:08:01.295] Config(MEBASICNODE) SquadExpansion/MakingHistory/Nodes/Landed/Landed
[LOG 15:08:01.295] Config(MEBASICNODE) SquadExpansion/MakingHistory/Nodes/Message/Message
[LOG 15:08:01.295] Config(MEBASICNODE) SquadExpansion/MakingHistory/Nodes/MissionFunds/MissionFunds
[LOG 15:08:01.295] Config(MEBASICNODE) SquadExpansion/MakingHistory/Nodes/MissionScore/MissionScore
[LOG 15:08:01.295] Config(MEBASICNODE) SquadExpansion/MakingHistory/Nodes/Orbit/Orbit
[LOG 15:08:01.295] Config(MEBASICNODE) SquadExpansion/MakingHistory/Nodes/OrbitParams/OrbitParams
[LOG 15:08:01.295] Config(MEBASICNODE) SquadExpansion/MakingHistory/Nodes/PartDocking/TestPartDocking
[LOG 15:08:01.295] Config(MEBASICNODE) SquadExpansion/MakingHistory/Nodes/PartFailure/PartFailure
[LOG 15:08:01.295] Config(MEBASICNODE) SquadExpansion/MakingHistory/Nodes/PartGrapple/TestGrapple
[LOG 15:08:01.295] Config(MEBASICNODE) SquadExpansion/MakingHistory/Nodes/PartRepair/PartRepair
[LOG 15:08:01.295] Config(MEBASICNODE) SquadExpansion/MakingHistory/Nodes/PlaceKerbal/CreateKerbal
[LOG 15:08:01.295] Config(MEBASICNODE) SquadExpansion/MakingHistory/Nodes/PlantFlag/PlantFlag
[LOG 15:08:01.295] Config(MEBASICNODE) SquadExpansion/MakingHistory/Nodes/ReachSOI/ReachSOI
[LOG 15:08:01.295] Config(MEBASICNODE) SquadExpansion/MakingHistory/Nodes/Resource/ResourceAmount
[LOG 15:08:01.295] Config(MEBASICNODE) SquadExpansion/MakingHistory/Nodes/ResourceRecovery/TestResourcesRecovery
[LOG 15:08:01.296] Config(MEBASICNODE) SquadExpansion/MakingHistory/Nodes/ScienceExperiment/ScienceExperiment
[LOG 15:08:01.296] Config(MEBASICNODE) SquadExpansion/MakingHistory/Nodes/SetCamera/SetCamera
[LOG 15:08:01.296] Config(MEBASICNODE) SquadExpansion/MakingHistory/Nodes/SplashDown/SplashDown
[LOG 15:08:01.296] Config(MEBASICNODE) SquadExpansion/MakingHistory/Nodes/StageActivated/TestVesselStageActivated
[LOG 15:08:01.296] Config(MEBASICNODE) SquadExpansion/MakingHistory/Nodes/TakeKerbal/TestTakeKerbal
[LOG 15:08:01.296] Config(MEBASICNODE) SquadExpansion/MakingHistory/Nodes/TestFlyThrough/TestFlyThrough
[LOG 15:08:01.296] Config(MEBASICNODE) SquadExpansion/MakingHistory/Nodes/TestGoTo/TestGoTo
[LOG 15:08:01.296] Config(MEBASICNODE) SquadExpansion/MakingHistory/Nodes/TimeMET/TimeMET
[LOG 15:08:01.296] Config(MEBASICNODE) SquadExpansion/MakingHistory/Nodes/TimeOfMission/TimeOfMission
[LOG 15:08:01.296] Config(MEBASICNODE) SquadExpansion/MakingHistory/Nodes/TimeSinceNode/TestTimeSinceNode
[LOG 15:08:01.296] Config(MEBASICNODE) SquadExpansion/MakingHistory/Nodes/VesselActiveCount/TestVesselActiveCount
[LOG 15:08:01.296] Config(MEBASICNODE) SquadExpansion/MakingHistory/Nodes/VesselAltitudeGoal/VesselAltitudeGoal
[LOG 15:08:01.296] Config(MEBASICNODE) SquadExpansion/MakingHistory/Nodes/VesselCrewCount/VeselCrewCount
[LOG 15:08:01.296] Config(MEBASICNODE) SquadExpansion/MakingHistory/Nodes/VesselMassLogic/VesselMass
[LOG 15:08:01.296] Config(MEBASICNODE) SquadExpansion/MakingHistory/Nodes/VesselPartCount/PartCount
[LOG 15:08:01.296] Config(MEBASICNODE) SquadExpansion/MakingHistory/Nodes/VesselRecovery/TestVesselRecovery
[LOG 15:08:01.296] Config(MEBASICNODE) SquadExpansion/MakingHistory/Nodes/VesselStage/TestVesselStage
[LOG 15:08:01.296] Config(MEBASICNODE) SquadExpansion/MakingHistory/Nodes/VesselVelocity/VesselVelocity
[LOG 15:08:01.296] Config(PART) SquadExpansion/MakingHistory/Parts/Aero/protectiveRocketNoseMk16/rocketNoseCone_size4/rocketNoseConeSize4
[LOG 15:08:01.296] Config(PART) SquadExpansion/MakingHistory/Parts/Aero/protectiveRocketNoseMk5A/Size_1_5_Cone/Size_1_5_Cone
[LOG 15:08:01.296] Config(PART) SquadExpansion/MakingHistory/Parts/Coupling/Decoupler_1p5/Decoupler_1p5
[LOG 15:08:01.296] Config(PART) SquadExpansion/MakingHistory/Parts/Coupling/Decoupler_4/Decoupler_4
[LOG 15:08:01.296] Config(PART) SquadExpansion/MakingHistory/Parts/Coupling/EnginePlate_1p5/EnginePlate1p5
[LOG 15:08:01.296] Config(PART) SquadExpansion/MakingHistory/Parts/Coupling/EnginePlate_2/EnginePlate2
[LOG 15:08:01.296] Config(PART) SquadExpansion/MakingHistory/Parts/Coupling/EnginePlate_3/EnginePlate3
[LOG 15:08:01.296] Config(PART) SquadExpansion/MakingHistory/Parts/Coupling/EnginePlate_4/EnginePlate4
[LOG 15:08:01.296] Config(PART) SquadExpansion/MakingHistory/Parts/Coupling/EnginePlate_5/EnginePlate5
[LOG 15:08:01.296] Config(PART) SquadExpansion/MakingHistory/Parts/Coupling/InflatableAirlock/InflatableAirlock
[LOG 15:08:01.296] Config(PART) SquadExpansion/MakingHistory/Parts/Coupling/Separator_1p5/Separator_1p5
[LOG 15:08:01.296] Config(PART) SquadExpansion/MakingHistory/Parts/Coupling/Separator_4/Separator_4
[LOG 15:08:01.296] Config(PART) SquadExpansion/MakingHistory/Parts/Coupling/Size1p5_Strut_Decoupler/Size1p5_Strut_Decoupler
[LOG 15:08:01.296] Config(PART) SquadExpansion/MakingHistory/Parts/Engine/LiquidEngineKE-1/LiquidEngineKE-1
[LOG 15:08:01.296] Config(PART) SquadExpansion/MakingHistory/Parts/Engine/LiquidEngineLV-T91/LiquidEngineLV-T91
[LOG 15:08:01.296] Config(PART) SquadExpansion/MakingHistory/Parts/Engine/LiquidEngineLV-TX87/LiquidEngineLV-TX87
[LOG 15:08:01.296] Config(PART) SquadExpansion/MakingHistory/Parts/Engine/LiquidEngineRE-I2/LiquidEngineRE-I2
[LOG 15:08:01.296] Config(PART) SquadExpansion/MakingHistory/Parts/Engine/LiquidEngineRE-J10/LiquidEngineRE-J10
[LOG 15:08:01.296] Config(PART) SquadExpansion/MakingHistory/Parts/Engine/LiquidEngineRK-7/LiquidEngineRK-7
[LOG 15:08:01.296] Config(PART) SquadExpansion/MakingHistory/Parts/Engine/LiquidEngineRV-1/LiquidEngineRV-1
[LOG 15:08:01.296] Config(PART) SquadExpansion/MakingHistory/Parts/Engine/solidBoosterTHK/solidBoosterTHK/Pollux
[LOG 15:08:01.296] Config(PART) SquadExpansion/MakingHistory/Parts/FuelTank/MonoPropMini/monopropMiniSphere
[LOG 15:08:01.296] Config(PART) SquadExpansion/MakingHistory/Parts/FuelTank/Size1p5_Monoprop/Size1p5_Monoprop
[LOG 15:08:01.296] Config(PART) SquadExpansion/MakingHistory/Parts/FuelTank/Size1p5_Size0_Adapter_01/Size1p5_Size0_Adapter_01
[LOG 15:08:01.296] Config(PART) SquadExpansion/MakingHistory/Parts/FuelTank/Size1p5_Size1_Adapter_01/Size1p5_Size1_Adapter_01
[LOG 15:08:01.296] Config(PART) SquadExpansion/MakingHistory/Parts/FuelTank/Size1p5_Size1_Adapter_02/Size1p5_Size1_Adapter_02
[LOG 15:08:01.296] Config(PART) SquadExpansion/MakingHistory/Parts/FuelTank/Size1p5_Size2_Adapter_01/Size1p5_Size2_Adapter_01
[LOG 15:08:01.297] Config(PART) SquadExpansion/MakingHistory/Parts/FuelTank/Size1p5_Tank_01/Size1p5_Tank_01
[LOG 15:08:01.297] Config(PART) SquadExpansion/MakingHistory/Parts/FuelTank/Size1p5_Tank_02/Size1p5_Tank_02
[LOG 15:08:01.297] Config(PART) SquadExpansion/MakingHistory/Parts/FuelTank/Size1p5_Tank_03/Size1p5_Tank_03
[LOG 15:08:01.297] Config(PART) SquadExpansion/MakingHistory/Parts/FuelTank/Size1p5_Tank_04/Size1p5_Tank_04
[LOG 15:08:01.297] Config(PART) SquadExpansion/MakingHistory/Parts/FuelTank/Size1p5_Tank_05/Size1p5_Tank_05
[LOG 15:08:01.297] Config(PART) SquadExpansion/MakingHistory/Parts/FuelTank/Size3_Size4_Adapter_01/Size3_Size4_Adapter_01
[LOG 15:08:01.297] Config(PART) SquadExpansion/MakingHistory/Parts/FuelTank/Size4_EngineAdapter_01/Size4_EngineAdapter_01
[LOG 15:08:01.297] Config(PART) SquadExpansion/MakingHistory/Parts/FuelTank/Size4_Tank_01/Size4_Tank_01
[LOG 15:08:01.297] Config(PART) SquadExpansion/MakingHistory/Parts/FuelTank/Size4_Tank_02/Size4_Tank_02
[LOG 15:08:01.297] Config(PART) SquadExpansion/MakingHistory/Parts/FuelTank/Size4_Tank_03/Size4_Tank_03
[LOG 15:08:01.297] Config(PART) SquadExpansion/MakingHistory/Parts/FuelTank/Size4_Tank_04/Size4_Tank_04
[LOG 15:08:01.297] Config(PART) SquadExpansion/MakingHistory/Parts/Ground/RoverWheel/roverWheelM1-F
[LOG 15:08:01.297] Config(PART) SquadExpansion/MakingHistory/Parts/Payload/fairingSize1p5/fairingSize1p5
[LOG 15:08:01.297] Config(PART) SquadExpansion/MakingHistory/Parts/Payload/fairingSize4/fairingSize4
[LOG 15:08:01.297] Config(PART) SquadExpansion/MakingHistory/Parts/Payload/Size1to0ServiceModule/Size1to0ServiceModule
[LOG 15:08:01.297] Config(PART) SquadExpansion/MakingHistory/Parts/Payload/SM18/ServiceModule18
[LOG 15:08:01.297] Config(PART) SquadExpansion/MakingHistory/Parts/Payload/SM25/ServiceModule25
[LOG 15:08:01.297] Config(PART) SquadExpansion/MakingHistory/Parts/Pods/KV1Pod/kv1Pod
[LOG 15:08:01.297] Config(PART) SquadExpansion/MakingHistory/Parts/Pods/KV2Pod/kv2Pod
[LOG 15:08:01.297] Config(PART) SquadExpansion/MakingHistory/Parts/Pods/KV3Pod/kv3Pod
[LOG 15:08:01.297] Config(PART) SquadExpansion/MakingHistory/Parts/Pods/Mk2Pod/Mk2Pod
[LOG 15:08:01.297] Config(PART) SquadExpansion/MakingHistory/Parts/Pods/Size1_5_Lander/MEMLander
[LOG 15:08:01.297] Config(PART) SquadExpansion/MakingHistory/Parts/Prebuilt/kerbalEVAfemaleVintage/kerbalEVAfemaleVintage
[LOG 15:08:01.297] Config(PART) SquadExpansion/MakingHistory/Parts/Prebuilt/kerbalEVAVintage/kerbalEVAVintage
[LOG 15:08:01.297] Config(PART) SquadExpansion/MakingHistory/Parts/Structural/EquiTriangle0/EquiTriangle0
[LOG 15:08:01.297] Config(PART) SquadExpansion/MakingHistory/Parts/Structural/EquiTriangle1/EquiTriangle1
[LOG 15:08:01.297] Config(PART) SquadExpansion/MakingHistory/Parts/Structural/EquiTriangle1p5/EquiTriangle1p5
[LOG 15:08:01.297] Config(PART) SquadExpansion/MakingHistory/Parts/Structural/EquiTriangle2/EquiTriangle2
[LOG 15:08:01.297] Config(PART) SquadExpansion/MakingHistory/Parts/Structural/Panel0/Panel0
[LOG 15:08:01.297] Config(PART) SquadExpansion/MakingHistory/Parts/Structural/Panel1/Panel1
[LOG 15:08:01.297] Config(PART) SquadExpansion/MakingHistory/Parts/Structural/Panel1p5/Panel1p5
[LOG 15:08:01.297] Config(PART) SquadExpansion/MakingHistory/Parts/Structural/Panel2/Panel2
[LOG 15:08:01.297] Config(PART) SquadExpansion/MakingHistory/Parts/Structural/Triangle0/Triangle0
[LOG 15:08:01.297] Config(PART) SquadExpansion/MakingHistory/Parts/Structural/Triangle1/Triangle1
[LOG 15:08:01.297] Config(PART) SquadExpansion/MakingHistory/Parts/Structural/Triangle1p5/Triangle1p5
[LOG 15:08:01.297] Config(PART) SquadExpansion/MakingHistory/Parts/Structural/Triangle2/Triangle2
[LOG 15:08:01.297] Config(PART) SquadExpansion/MakingHistory/Parts/Structural/Tube1/Tube1
[LOG 15:08:01.297] Config(PART) SquadExpansion/MakingHistory/Parts/Structural/Tube1p5/Tube1p5
[LOG 15:08:01.297] Config(PART) SquadExpansion/MakingHistory/Parts/Structural/Tube2/Tube2
[LOG 15:08:01.297] Config(PART) SquadExpansion/MakingHistory/Parts/Structural/Tube3/Tube3
[LOG 15:08:01.297] Config(PART) SquadExpansion/MakingHistory/Parts/Structural/Tube4/Tube4
[LOG 15:08:01.297] Config(PART) SquadExpansion/MakingHistory/Parts/Thermal/HeatShield1p5/HeatShield1p5
[LOG 15:08:01.297] Config(PART) SquadExpansion/MakingHistory/Parts/Utility/flags/flagSize1p5/flagSize1p5/flagPartSize1p5
[LOG 15:08:01.297] Config(PART) SquadExpansion/MakingHistory/Parts/Utility/flags/flagSize4/flagSize4/flagPartSize4
[LOG 15:08:01.297] Config(INTERNAL) SquadExpansion/MakingHistory/Spaces/KVPods/Airlock_Internal/Airlock_IVA
[LOG 15:08:01.297] Config(INTERNAL) SquadExpansion/MakingHistory/Spaces/KVPods/KV1_Internal/KV1_IVA
[LOG 15:08:01.297] Config(INTERNAL) SquadExpansion/MakingHistory/Spaces/KVPods/KV2_Internal/KV2_IVA
[LOG 15:08:01.297] Config(INTERNAL) SquadExpansion/MakingHistory/Spaces/KVPods/KV3_Internal/KV3_IVA
[LOG 15:08:01.297] Config(INTERNAL) SquadExpansion/MakingHistory/Spaces/MEM/MEM_IVA/MEM_IVA
[LOG 15:08:01.297] Config(INTERNAL) SquadExpansion/MakingHistory/Spaces/Mk2Pod/Mk2Pod_Internal/MK2POD_IVA
[LOG 15:08:01.297] Config(Contracts) SquadExpansion/Serenity/Contracts/contracts/Contracts
[LOG 15:08:01.297] Config(EXPERIENCE_TRAIT) SquadExpansion/Serenity/Experience/Traits/Engineer
[LOG 15:08:01.297] Config(EXPERIENCE_TRAIT) SquadExpansion/Serenity/Experience/Traits/Scientist
[LOG 15:08:01.297] Config(Localization) SquadExpansion/Serenity/Localization/dictionary/Localization
[LOG 15:08:01.297] Config(PART) SquadExpansion/Serenity/Parts/Aero/FanShroud_01/FanShroud_01
[LOG 15:08:01.297] Config(PART) SquadExpansion/Serenity/Parts/Aero/FanShroud_02/FanShroud_02
[LOG 15:08:01.297] Config(PART) SquadExpansion/Serenity/Parts/Aero/FanShroud_03/FanShroud_03
[LOG 15:08:01.297] Config(PART) SquadExpansion/Serenity/Parts/Aero/noseconeTiny/noseconeTiny
[LOG 15:08:01.297] Config(PART) SquadExpansion/Serenity/Parts/Aero/noseconeVS/noseconeVS
[LOG 15:08:01.297] Config(PART) SquadExpansion/Serenity/Parts/DeployedScience/centralStation/DeployedCentralStation
[LOG 15:08:01.297] Config(PART) SquadExpansion/Serenity/Parts/DeployedScience/gooObservation/DeployedGoExOb
[LOG 15:08:01.297] Config(PART) SquadExpansion/Serenity/Parts/DeployedScience/ionCollector/DeployedIONExp
[LOG 15:08:01.297] Config(PART) SquadExpansion/Serenity/Parts/DeployedScience/rtg/DeployedRTG
[LOG 15:08:01.297] Config(PART) SquadExpansion/Serenity/Parts/DeployedScience/satDish/DeployedSatDish
[LOG 15:08:01.297] Config(PART) SquadExpansion/Serenity/Parts/DeployedScience/seismicSensor/DeployedSeismicSensor
[LOG 15:08:01.297] Config(PART) SquadExpansion/Serenity/Parts/DeployedScience/solarPanel/DeployedSolarPanel
[LOG 15:08:01.297] Config(PART) SquadExpansion/Serenity/Parts/DeployedScience/weatherStation/DeployedWeatherStn
[LOG 15:08:01.297] Config(PART) SquadExpansion/Serenity/Parts/Prebuilt/kerbalEVA/kerbalEVA
[LOG 15:08:01.299] Config(PART) SquadExpansion/Serenity/Parts/Prebuilt/kerbalEVAfemale/kerbalEVAfemale
[LOG 15:08:01.299] Config(PART) SquadExpansion/Serenity/Parts/Prebuilt/kerbalEVAfemaleFuture/kerbalEVAfemaleFuture
[LOG 15:08:01.299] Config(PART) SquadExpansion/Serenity/Parts/Prebuilt/kerbalEVAfemaleVintage/kerbalEVAfemaleVintage
[LOG 15:08:01.299] Config(PART) SquadExpansion/Serenity/Parts/Prebuilt/kerbalEVAFuture/kerbalEVAFuture
[LOG 15:08:01.299] Config(PART) SquadExpansion/Serenity/Parts/Prebuilt/kerbalEVASlimSuit/kerbalEVASlimSuit
[LOG 15:08:01.299] Config(PART) SquadExpansion/Serenity/Parts/Prebuilt/kerbalEVASlimSuitFemale/kerbalEVASlimSuitFemale
[LOG 15:08:01.299] Config(PART) SquadExpansion/Serenity/Parts/Prebuilt/kerbalEVAVintage/kerbalEVAVintage
[LOG 15:08:01.299] Config(PART) SquadExpansion/Serenity/Parts/Propellers/largeFanBlade/largeFanBlade
[LOG 15:08:01.299] Config(PART) SquadExpansion/Serenity/Parts/Propellers/largeHeliBlade/largeHeliBlade
[LOG 15:08:01.299] Config(PART) SquadExpansion/Serenity/Parts/Propellers/largePropeller/largePropeller
[LOG 15:08:01.299] Config(PART) SquadExpansion/Serenity/Parts/Propellers/mediumFanBlade/mediumFanBlade
[LOG 15:08:01.299] Config(PART) SquadExpansion/Serenity/Parts/Propellers/mediumHeliBlade/mediumHeliBlade
[LOG 15:08:01.299] Config(PART) SquadExpansion/Serenity/Parts/Propellers/mediumPropeller/mediumPropeller
[LOG 15:08:01.299] Config(PART) SquadExpansion/Serenity/Parts/Propellers/smallFanBlade/smallFanBlade
[LOG 15:08:01.299] Config(PART) SquadExpansion/Serenity/Parts/Propellers/smallHeliBlade/smallHeliBlade
[LOG 15:08:01.299] Config(PART) SquadExpansion/Serenity/Parts/Propellers/smallPropeller/smallPropeller
[LOG 15:08:01.299] Config(PART) SquadExpansion/Serenity/Parts/Robotics/hinge_01/hinge_01
[LOG 15:08:01.299] Config(PART) SquadExpansion/Serenity/Parts/Robotics/hinge_01_s/hinge_01_s
[LOG 15:08:01.299] Config(PART) SquadExpansion/Serenity/Parts/Robotics/hinge_03/hinge_03
[LOG 15:08:01.299] Config(PART) SquadExpansion/Serenity/Parts/Robotics/hinge_03_s/hinge_03_s
[LOG 15:08:01.299] Config(PART) SquadExpansion/Serenity/Parts/Robotics/hinge_04/hinge_04
[LOG 15:08:01.299] Config(PART) SquadExpansion/Serenity/Parts/Robotics/piston_01/piston_01
[LOG 15:08:01.299] Config(PART) SquadExpansion/Serenity/Parts/Robotics/piston_02/piston_02
[LOG 15:08:01.299] Config(PART) SquadExpansion/Serenity/Parts/Robotics/piston_03/piston_03
[LOG 15:08:01.299] Config(PART) SquadExpansion/Serenity/Parts/Robotics/piston_04/piston_04
[LOG 15:08:01.299] Config(PART) SquadExpansion/Serenity/Parts/Robotics/RotorEngine_02/RotorEngine_02
[LOG 15:08:01.299] Config(PART) SquadExpansion/Serenity/Parts/Robotics/RotorEngine_03/RotorEngine_03
[LOG 15:08:01.299] Config(PART) SquadExpansion/Serenity/Parts/Robotics/rotor_01/rotor_01
[LOG 15:08:01.299] Config(PART) SquadExpansion/Serenity/Parts/Robotics/rotor_01s/rotor_01s
[LOG 15:08:01.299] Config(PART) SquadExpansion/Serenity/Parts/Robotics/rotor_02/rotor_02
[LOG 15:08:01.299] Config(PART) SquadExpansion/Serenity/Parts/Robotics/rotor_02s/rotor_02s
[LOG 15:08:01.299] Config(PART) SquadExpansion/Serenity/Parts/Robotics/rotor_03/rotor_03
[LOG 15:08:01.299] Config(PART) SquadExpansion/Serenity/Parts/Robotics/rotor_03s/rotor_03s
[LOG 15:08:01.299] Config(PART) SquadExpansion/Serenity/Parts/Robotics/rotoServo_00/rotoServo_00
[LOG 15:08:01.299] Config(PART) SquadExpansion/Serenity/Parts/Robotics/rotoServo_02/rotoServo_02
[LOG 15:08:01.299] Config(PART) SquadExpansion/Serenity/Parts/Robotics/rotoServo_03/rotoServo_03
[LOG 15:08:01.299] Config(PART) SquadExpansion/Serenity/Parts/Robotics/rotoServo_04/rotoServo_04
[LOG 15:08:01.299] Config(PART) SquadExpansion/Serenity/Parts/Robotics/Controllers/KAL1000/controller1000
[LOG 15:08:01.299] Config(PART) SquadExpansion/Serenity/Parts/Science/RobotArmScanner/RobotArmScanner_S1/RobotArmScanner_S1
[LOG 15:08:01.299] Config(PART) SquadExpansion/Serenity/Parts/Science/RobotArmScanner/RobotArmScanner_S2/RobotArmScanner_S2
[LOG 15:08:01.300] Config(PART) SquadExpansion/Serenity/Parts/Science/RobotArmScanner/RobotArmScanner_S3/RobotArmScanner_S3
[LOG 15:08:01.300] Config(PART) SquadExpansion/Serenity/Parts/Structural/gripPads/lGripPad/lGripPad
[LOG 15:08:01.300] Config(PART) SquadExpansion/Serenity/Parts/Structural/gripPads/lGripStrip/lGripStrip
[LOG 15:08:01.300] Config(PART) SquadExpansion/Serenity/Parts/Structural/gripPads/mGripPad/mGripPad
[LOG 15:08:01.300] Config(PART) SquadExpansion/Serenity/Parts/Structural/gripPads/sGripPad/sGripPad
[LOG 15:08:01.300] Config(PART) SquadExpansion/Serenity/Parts/Structural/gripPads/sGripStrip/sGripStrip
[LOG 15:08:01.300] Config(DEPLOYEDSCIENCE) SquadExpansion/Serenity/Resources/DeployedScience/DEPLOYEDSCIENCE
[LOG 15:08:01.300] Config(PHYSICMATERIAL_DEFINITION) SquadExpansion/Serenity/Resources/PhysicsMaterials/MediumGrip
[LOG 15:08:01.300] Config(PHYSICMATERIAL_DEFINITION) SquadExpansion/Serenity/Resources/PhysicsMaterials/HighGrip
[LOG 15:08:01.300] Config(PHYSICMATERIAL_DEFINITION) SquadExpansion/Serenity/Resources/PhysicsMaterials/ExtremeGrip
[LOG 15:08:01.300] Config(PHYSICMATERIAL_DEFINITION) SquadExpansion/Serenity/Resources/PhysicsMaterials/LowGrip
[LOG 15:08:01.300] Config(PHYSICMATERIAL_DEFINITION) SquadExpansion/Serenity/Resources/PhysicsMaterials/Default
[LOG 15:08:01.300] Config(ROC_DEFINITION) SquadExpansion/Serenity/Resources/rocsdef/ROC_DEFINITION
[LOG 15:08:01.300] Config(ROC_DEFINITION) SquadExpansion/Serenity/Resources/rocsdef/ROC_DEFINITION
[LOG 15:08:01.300] Config(ROC_DEFINITION) SquadExpansion/Serenity/Resources/rocsdef/ROC_DEFINITION
[LOG 15:08:01.300] Config(ROC_DEFINITION) SquadExpansion/Serenity/Resources/rocsdef/ROC_DEFINITION
[LOG 15:08:01.300] Config(ROC_DEFINITION) SquadExpansion/Serenity/Resources/rocsdef/ROC_DEFINITION
[LOG 15:08:01.300] Config(ROC_DEFINITION) SquadExpansion/Serenity/Resources/rocsdef/ROC_DEFINITION
[LOG 15:08:01.300] Config(ROC_DEFINITION) SquadExpansion/Serenity/Resources/rocsdef/ROC_DEFINITION
[LOG 15:08:01.300] Config(ROC_DEFINITION) SquadExpansion/Serenity/Resources/rocsdef/ROC_DEFINITION
[LOG 15:08:01.300] Config(ROC_DEFINITION) SquadExpansion/Serenity/Resources/rocsdef/ROC_DEFINITION
[LOG 15:08:01.300] Config(ROC_DEFINITION) SquadExpansion/Serenity/Resources/rocsdef/ROC_DEFINITION
[LOG 15:08:01.300] Config(ROC_DEFINITION) SquadExpansion/Serenity/Resources/rocsdef/ROC_DEFINITION
[LOG 15:08:01.300] Config(ROC_DEFINITION) SquadExpansion/Serenity/Resources/rocsdef/ROC_DEFINITION
[LOG 15:08:01.300] Config(ROC_DEFINITION) SquadExpansion/Serenity/Resources/rocsdef/ROC_DEFINITION
[LOG 15:08:01.300] Config(ROC_DEFINITION) SquadExpansion/Serenity/Resources/rocsdef/ROC_DEFINITION
[LOG 15:08:01.300] Config(ROC_DEFINITION) SquadExpansion/Serenity/Resources/rocsdef/ROC_DEFINITION
[LOG 15:08:01.300] Config(ROC_DEFINITION) SquadExpansion/Serenity/Resources/rocsdef/ROC_DEFINITION
[LOG 15:08:01.300] Config(ROC_DEFINITION) SquadExpansion/Serenity/Resources/rocsdef/ROC_DEFINITION
[LOG 15:08:01.300] Config(ROC_DEFINITION) SquadExpansion/Serenity/Resources/rocsdef/ROC_DEFINITION
[LOG 15:08:01.300] Config(ROC_DEFINITION) SquadExpansion/Serenity/Resources/rocsdef/ROC_DEFINITION
[LOG 15:08:01.300] Config(ROC_DEFINITION) SquadExpansion/Serenity/Resources/rocsdef/ROC_DEFINITION
[LOG 15:08:01.300] Config(ROC_DEFINITION) SquadExpansion/Serenity/Resources/rocsdef/ROC_DEFINITION
[LOG 15:08:01.300] Config(ROC_DEFINITION) SquadExpansion/Serenity/Resources/rocsdef/ROC_DEFINITION
[LOG 15:08:01.300] Config(ROC_DEFINITION) SquadExpansion/Serenity/Resources/rocsdef/ROC_DEFINITION
[LOG 15:08:01.300] Config(ROC_DEFINITION) SquadExpansion/Serenity/Resources/rocsdef/ROC_DEFINITION
[LOG 15:08:01.300] Config(ROC_DEFINITION) SquadExpansion/Serenity/Resources/rocsdef/ROC_DEFINITION
[LOG 15:08:01.300] Config(ROC_DEFINITION) SquadExpansion/Serenity/Resources/rocsdef/ROC_DEFINITION
[LOG 15:08:01.300] Config(ROC_DEFINITION) SquadExpansion/Serenity/Resources/rocsdef/ROC_DEFINITION
[LOG 15:08:01.300] Config(ROC_DEFINITION) SquadExpansion/Serenity/Resources/rocsdef/ROC_DEFINITION
[LOG 15:08:01.300] Config(ROC_DEFINITION) SquadExpansion/Serenity/Resources/rocsdef/ROC_DEFINITION
[LOG 15:08:01.300] Config(ROC_DEFINITION) SquadExpansion/Serenity/Resources/rocsdef/ROC_DEFINITION
[LOG 15:08:01.300] Config(ROC_DEFINITION) SquadExpansion/Serenity/Resources/rocsdef/ROC_DEFINITION
[LOG 15:08:01.300] Config(ROC_DEFINITION) SquadExpansion/Serenity/Resources/rocsdef/ROC_DEFINITION
[LOG 15:08:01.300] Config(ROC_DEFINITION) SquadExpansion/Serenity/Resources/rocsdef/ROC_DEFINITION
[LOG 15:08:01.300] Config(ROC_DEFINITION) SquadExpansion/Serenity/Resources/rocsdef/ROC_DEFINITION
[LOG 15:08:01.300] Config(EXPERIMENT_DEFINITION) SquadExpansion/Serenity/Resources/ScienceDefs/EXPERIMENT_DEFINITION
[LOG 15:08:01.300] Config(EXPERIMENT_DEFINITION) SquadExpansion/Serenity/Resources/ScienceDefs/EXPERIMENT_DEFINITION
[LOG 15:08:01.300] Config(EXPERIMENT_DEFINITION) SquadExpansion/Serenity/Resources/ScienceDefs/EXPERIMENT_DEFINITION
[LOG 15:08:01.301] Config(EXPERIMENT_DEFINITION) SquadExpansion/Serenity/Resources/ScienceDefs/EXPERIMENT_DEFINITION
[LOG 15:08:01.301] Config(EXPERIMENT_DEFINITION) SquadExpansion/Serenity/Resources/ScienceDefs/EXPERIMENT_DEFINITION
[LOG 15:08:01.301] Config(EXPERIMENT_DEFINITION) SquadExpansion/Serenity/Resources/ScienceDefs/EXPERIMENT_DEFINITION
[LOG 15:08:01.301] Config(EXPERIMENT_DEFINITION) SquadExpansion/Serenity/Resources/ScienceDefs/EXPERIMENT_DEFINITION
[LOG 15:08:01.301] Config(EXPERIMENT_DEFINITION) SquadExpansion/Serenity/Resources/ScienceDefs/EXPERIMENT_DEFINITION
[LOG 15:08:01.301] Config(EXPERIMENT_DEFINITION) SquadExpansion/Serenity/Resources/ScienceDefs/EXPERIMENT_DEFINITION
[LOG 15:08:01.301] Config(EXPERIMENT_DEFINITION) SquadExpansion/Serenity/Resources/ScienceDefs/EXPERIMENT_DEFINITION
[LOG 15:08:01.301] Config(EXPERIMENT_DEFINITION) SquadExpansion/Serenity/Resources/ScienceDefs/EXPERIMENT_DEFINITION
[LOG 15:08:01.301] Config(EXPERIMENT_DEFINITION) SquadExpansion/Serenity/Resources/ScienceDefs/EXPERIMENT_DEFINITION
[LOG 15:08:01.301] Config(EXPERIMENT_DEFINITION) SquadExpansion/Serenity/Resources/ScienceDefs/EXPERIMENT_DEFINITION
[LOG 15:08:01.301] Config(EXPERIMENT_DEFINITION) SquadExpansion/Serenity/Resources/ScienceDefs/EXPERIMENT_DEFINITION
[LOG 15:08:01.301] Config(EXPERIMENT_DEFINITION) SquadExpansion/Serenity/Resources/ScienceDefs/EXPERIMENT_DEFINITION
[LOG 15:08:01.301] Config(EXPERIMENT_DEFINITION) SquadExpansion/Serenity/Resources/ScienceDefs/EXPERIMENT_DEFINITION
[LOG 15:08:01.301] Config(EXPERIMENT_DEFINITION) SquadExpansion/Serenity/Resources/ScienceDefs/EXPERIMENT_DEFINITION
[LOG 15:08:01.301] Config(EXPERIMENT_DEFINITION) SquadExpansion/Serenity/Resources/ScienceDefs/EXPERIMENT_DEFINITION
[LOG 15:08:01.301] Config(EXPERIMENT_DEFINITION) SquadExpansion/Serenity/Resources/ScienceDefs/EXPERIMENT_DEFINITION
[LOG 15:08:01.301] Config(EXPERIMENT_DEFINITION) SquadExpansion/Serenity/Resources/ScienceDefs/EXPERIMENT_DEFINITION
[LOG 15:08:01.301] Config(EXPERIMENT_DEFINITION) SquadExpansion/Serenity/Resources/ScienceDefs/EXPERIMENT_DEFINITION
[LOG 15:08:01.301] Config(EXPERIMENT_DEFINITION) SquadExpansion/Serenity/Resources/ScienceDefs/EXPERIMENT_DEFINITION
[LOG 15:08:01.301] Config(EXPERIMENT_DEFINITION) SquadExpansion/Serenity/Resources/ScienceDefs/EXPERIMENT_DEFINITION
[LOG 15:08:01.301] Config(EXPERIMENT_DEFINITION) SquadExpansion/Serenity/Resources/ScienceDefs/EXPERIMENT_DEFINITION
[LOG 15:08:01.301] Config(EXPERIMENT_DEFINITION) SquadExpansion/Serenity/Resources/ScienceDefs/EXPERIMENT_DEFINITION
[LOG 15:08:01.301] Config(EXPERIMENT_DEFINITION) SquadExpansion/Serenity/Resources/ScienceDefs/EXPERIMENT_DEFINITION
[LOG 15:08:01.301] Config(EXPERIMENT_DEFINITION) SquadExpansion/Serenity/Resources/ScienceDefs/EXPERIMENT_DEFINITION
[LOG 15:08:01.301] Config(EXPERIMENT_DEFINITION) SquadExpansion/Serenity/Resources/ScienceDefs/EXPERIMENT_DEFINITION
[LOG 15:08:01.301] Config(EXPERIMENT_DEFINITION) SquadExpansion/Serenity/Resources/ScienceDefs/EXPERIMENT_DEFINITION
[LOG 15:08:01.301] Config(EXPERIMENT_DEFINITION) SquadExpansion/Serenity/Resources/ScienceDefs/EXPERIMENT_DEFINITION
[LOG 15:08:01.301] Config(EXPERIMENT_DEFINITION) SquadExpansion/Serenity/Resources/ScienceDefs/EXPERIMENT_DEFINITION
[LOG 15:08:01.301] Config(EXPERIMENT_DEFINITION) SquadExpansion/Serenity/Resources/ScienceDefs/EXPERIMENT_DEFINITION
[LOG 15:08:01.301] Config(EXPERIMENT_DEFINITION) SquadExpansion/Serenity/Resources/ScienceDefs/EXPERIMENT_DEFINITION
[LOG 15:08:01.301] Config(EXPERIMENT_DEFINITION) SquadExpansion/Serenity/Resources/ScienceDefs/EXPERIMENT_DEFINITION
[LOG 15:08:01.301] Config(EXPERIMENT_DEFINITION) SquadExpansion/Serenity/Resources/ScienceDefs/EXPERIMENT_DEFINITION
[LOG 15:08:01.301] Config(EXPERIMENT_DEFINITION) SquadExpansion/Serenity/Resources/ScienceDefs/EXPERIMENT_DEFINITION
[LOG 15:08:01.301] Config(EXPERIMENT_DEFINITION) SquadExpansion/Serenity/Resources/ScienceDefs/EXPERIMENT_DEFINITION
[LOG 15:08:01.301] Config(EXPERIMENT_DEFINITION) SquadExpansion/Serenity/Resources/ScienceDefs/EXPERIMENT_DEFINITION
[LOG 15:08:01.301] Config(STORY_DEF) SquadExpansion/Serenity/Resources/StoryDefs/STORY_DEF
[LOG 15:08:01.301] Compiling Configs Completed.
[LOG 15:08:01.303] Resource LiquidFuel added to database
[LOG 15:08:01.303] Resource Oxidizer added to database
[LOG 15:08:01.303] Resource SolidFuel added to database
[LOG 15:08:01.304] Resource MonoPropellant added to database
[LOG 15:08:01.304] Resource XenonGas added to database
[LOG 15:08:01.304] Resource ElectricCharge added to database
[LOG 15:08:01.304] Resource IntakeAir added to database
[LOG 15:08:01.304] Resource EVA Propellant added to database
[LOG 15:08:01.304] Resource Ore added to database
[LOG 15:08:01.304] Resource Ablator added to database
[LOG 15:08:01.305] Resource MediumGrip added to database
[LOG 15:08:01.305] Resource HighGrip added to database
[LOG 15:08:01.305] Resource ExtremeGrip added to database
[LOG 15:08:01.305] Resource LowGrip added to database
[LOG 15:08:01.305] Resource Default added to database
[LOG 15:08:01.306] CodeAssetLoader: Compiling all code assets
[LOG 15:08:01.309] ExperienceSystemConfig: Added Effect 'DeployedSciencePowerSkill' to Trait 'Ingénieur'
[LOG 15:08:01.309] ExperienceSystemConfig: Added Effect 'DeployedScienceExpSkill' to Trait 'Scientifique'
[LOG 15:08:01.312] ConfigNode[]
[LOG 15:08:01.313] GameDatabase: Assets loaded in 5.294s
[LOG 15:08:01.314] [ModuleManager] Waited 0.000s for patching to finish
[LOG 15:08:01.314] [ModuleManager] Applying patched game database
[LOG 15:08:01.316] [ModuleManager] Dumping ModuleManager log to main log
[LOG 15:08:01.316] [ModuleManager] 
#### BEGIN MODULEMANAGER LOG ####


[LOG 15:07:57.102] Log started at 2026-09-15 15:07:57.102
[LOG 15:07:59.057] Checking Cache
[LOG 15:07:59.290] SHA generated in 0.230s
[LOG 15:07:59.290]       SHA = A5-B1-D7-FF-53-07-86-9E-10-D5-F1-A5-13-15-CE-09-68-4A-64-3E-3D-F1-F3-E3-E7-58-D6-0E-22-A3-B1-CE
[LOG 15:07:59.301] Cache SHA = A5-B1-D7-FF-53-07-86-9E-10-D5-F1-A5-13-15-CE-09-68-4A-64-3E-3D-F1-F3-E3-E7-58-D6-0E-22-A3-B1-CE
[LOG 15:07:59.301] useCache = True
[LOG 15:07:59.301] Loading from Cache
[LOG 15:07:59.389] Cache Loaded
[LOG 15:07:59.389] Dumping patch log
[LOG 15:07:59.390] 
#### BEGIN PATCH LOG ####


[LOG 14:58:56.839] Log started at 2026-09-15 14:58:56.839
[LOG 14:58:56.839] Pre patch init
[LOG 14:58:56.955] compiling list of loaded mods...
Mod DLLs found:
  Name                                    Assembly Version         Assembly File Version    KSPAssembly Version      SHA256

  Assembly-CSharp                         0.0.0.0                  0.0.0.0                  1.12                     d9e42483f25ee80a9c11d6c1c0a0d29b4ec78c1e08d76c971b71580c9cce51e4
  ModuleManager                           4.2.3.0                  4.2.3.0                  2.5                      95847827ab293b9e82a19b7efb97ffea3e98cc03b181862536ac8eb572e30d7d
  0Harmony                                2.2.1.0                  2.2.1.0                                           19ce60ac3280f72ec1751d36a40cb7e2fece2934df8345969dc7feb83bd633e4
  HarmonyInstallChecker                   2.2.1.0                  2.2.1.0                  1.0                      f11e659e91a52c21c5bda78e52b82a7bdc246bcab6a999733af3c69a11a9dc0e
  0_MultipleModuleInPartAPI               1.0.0.0                  1.0.0.0                  1.0                      df4a22fb0535de7fa154ca234b50dd7c2fc6be879e4a877d9bad1f87bafafcbf
  KSPCommunityFixes                       1.41.0.0                 1.41.1.0                 1.41                     e08ebbec7ab34f4f7ff56d6e900051bb0d259a4bc092881d7db3ca2f9f2e9a11
  PQSBenchMod                             0.1.0.0                  0.1.0.0                                           4be3d9044dd69ed29544526c82de027819d787529c83053c1cf0e2fffeb89e1a
  KSPSteamCtrlr                           0.0.1.35                 0.0.1.35                                          1675fa4fcb61d014eb1babe7eed703e7f76a1008537ee57ca7cec65cd9ff94ac
Non-DLL mods added (:FOR[xxx]):
Mods by directory (sub directories of GameData):
  000_Harmony
  Squad
  SquadExpansion
Mods added by assemblies:

[LOG 14:58:56.958] Extracting patches
[LOG 14:58:56.965] Deleting root node in file KSPCommunityFixes/MMPatches/ModSupport/FixDockingNodes node: @PART[*]:HAS[@MODULE[ModuleDockingNodeFixed]]:NEEDS[FixDockingNodes]:FINAL as it can't satisfy its NEEDS
[LOG 14:58:56.966] Deleting root node in file KSPCommunityFixes/MMPatches/ModSupport/KSPRecall node: @KSP_COMMUNITY_FIXES:NEEDS[AttachedOnEditor] as it can't satisfy its NEEDS
[LOG 14:58:56.966] Deleting root node in file KSPCommunityFixes/MMPatches/ModSupport/UniversalStorage node: @KSP_COMMUNITY_FIXES:NEEDS[UniversalStorage2] as it can't satisfy its NEEDS
[LOG 14:58:57.011] Applying patches
[LOG 14:58:57.012] :INSERT (initial) pass
[LOG 14:58:57.034] :FIRST pass
[LOG 14:58:57.037] Applying update KSPCommunityFixes/MMPatches/StockTweaks/LadderToggleableLight/@PART[telescopicLadderBay]:FIRST to Squad/Parts/Utility/ladderTelescopicBay/ladderTelescopicBay.cfg/PART[telescopicLadderBay]
[LOG 14:58:57.042] Applying update KSPCommunityFixes/MMPatches/StockTweaks/LadderToggleableLight/@PART[telescopicLadderBay]:HAS[#LadderToggleableLight[?rue]]:FIRST to Squad/Parts/Utility/ladderTelescopicBay/ladderTelescopicBay.cfg/PART[telescopicLadderBay]
[LOG 14:58:57.043] Applying update KSPCommunityFixes/MMPatches/StockTweaks/LadderToggleableLight/@PART[telescopicLadderBay]:HAS[#LadderToggleableLight]:FIRST to Squad/Parts/Utility/ladderTelescopicBay/ladderTelescopicBay.cfg/PART[telescopicLadderBay]
[LOG 14:58:57.043] Applying update KSPCommunityFixes/MMPatches/StockTweaks/LandingGearLights/@PART[GearSmall]:FIRST to Squad/Parts/Wheel/LandingGear/GearMedium.cfg/PART[GearSmall]
[LOG 14:58:57.045] Applying update KSPCommunityFixes/MMPatches/StockTweaks/LandingGearLights/@PART[SmallGearBay]:FIRST to Squad/Parts/Wheel/LandingGear/GearSmall.cfg/PART[SmallGearBay]
[LOG 14:58:57.045] :LEGACY (default) pass
[LOG 14:58:57.046] :BEFORE[0_MULTIPLEMODULEINPARTAPI] pass
[LOG 14:58:57.046] :FOR[0_MULTIPLEMODULEINPARTAPI] pass
[LOG 14:58:57.046] :AFTER[0_MULTIPLEMODULEINPARTAPI] pass
[LOG 14:58:57.046] :BEFORE[000_HARMONY] pass
[LOG 14:58:57.046] :FOR[000_HARMONY] pass
[LOG 14:58:57.046] :AFTER[000_HARMONY] pass
[LOG 14:58:57.046] :BEFORE[0HARMONY] pass
[LOG 14:58:57.046] :FOR[0HARMONY] pass
[LOG 14:58:57.046] :AFTER[0HARMONY] pass
[LOG 14:58:57.046] :BEFORE[ASSEMBLY-CSHARP] pass
[LOG 14:58:57.046] :FOR[ASSEMBLY-CSHARP] pass
[LOG 14:58:57.046] :AFTER[ASSEMBLY-CSHARP] pass
[LOG 14:58:57.046] :BEFORE[HARMONYINSTALLCHECKER] pass
[LOG 14:58:57.046] :FOR[HARMONYINSTALLCHECKER] pass
[LOG 14:58:57.046] :AFTER[HARMONYINSTALLCHECKER] pass
[LOG 14:58:57.046] :BEFORE[KSPCOMMUNITYFIXES] pass
[LOG 14:58:57.046] :FOR[KSPCOMMUNITYFIXES] pass
[LOG 14:58:57.046] Applying update KSPCommunityFixes/MMPatches/StockTweaks/ManufacturerFixes/@PART[sasModule]:FOR[KSPCommunityFixes] to Squad/Parts/Command/inlineReactionWheel/inlineReactionWheel.cfg/PART[sasModule]
[LOG 14:58:57.046] Applying update KSPCommunityFixes/MMPatches/StockTweaks/ManufacturerFixes/@PART[xenonTankRadial]:FOR[KSPCommunityFixes] to Squad/Parts/FuelTank/xenonTankRadial/xenonTankRadial.cfg/PART[xenonTankRadial]
[LOG 14:58:57.048] Applying update KSPCommunityFixes/MMPatches/StockTweaks/ManufacturerFixes/@PART[winglet|fireworksLauncherSmall|fireworksLauncherBig]:FOR[KSPCommunityFixes] to Squad/Parts/Aero/wingletAV-T1/wingletAV-T1.cfg/PART[winglet]
[LOG 14:58:57.048] Applying update KSPCommunityFixes/MMPatches/StockTweaks/ManufacturerFixes/@PART[winglet|fireworksLauncherSmall|fireworksLauncherBig]:FOR[KSPCommunityFixes] to Squad/Parts/Utility/Fireworks/fireworksLauncherBig.cfg/PART[fireworksLauncherBig]
[LOG 14:58:57.048] Applying update KSPCommunityFixes/MMPatches/StockTweaks/ManufacturerFixes/@PART[winglet|fireworksLauncherSmall|fireworksLauncherBig]:FOR[KSPCommunityFixes] to Squad/Parts/Utility/Fireworks/fireworksLauncherSmall.cfg/PART[fireworksLauncherSmall]
[LOG 14:58:57.048] Applying update KSPCommunityFixes/MMPatches/StockTweaks/ManufacturerFixes/@PART[solidBooster_sm_v2|solidBooster_v2]:FOR[KSPCommunityFixes] to Squad/Parts/Engine/Size1_SRBs/solidBoosterRT-10_v2.cfg/PART[solidBooster_v2]
[LOG 14:58:57.048] Applying update KSPCommunityFixes/MMPatches/StockTweaks/ManufacturerFixes/@PART[solidBooster_sm_v2|solidBooster_v2]:FOR[KSPCommunityFixes] to Squad/Parts/Engine/Size1_SRBs/solidBoosterRT-5_v2.cfg/PART[solidBooster_sm_v2]
[LOG 14:58:57.049] Applying update KSPCommunityFixes/MMPatches/StockTweaks/ManufacturerFixes/@PART[ServiceBay_125_v2|ServiceBay_250_v2]:FOR[KSPCommunityFixes] to Squad/Parts/Utility/ServiceBay_v2/ServiceBay_125_v2.cfg/PART[ServiceBay_125_v2]
[LOG 14:58:57.049] Applying update KSPCommunityFixes/MMPatches/StockTweaks/ManufacturerFixes/@PART[ServiceBay_125_v2|ServiceBay_250_v2]:FOR[KSPCommunityFixes] to Squad/Parts/Utility/ServiceBay_v2/ServiceBay_250_v2.cfg/PART[ServiceBay_250_v2]
[LOG 14:58:57.049] Applying update KSPCommunityFixes/MMPatches/StockTweaks/ManufacturerFixes/@PART[externalTankCapsule]:FOR[KSPCommunityFixes] to Squad/Parts/FuelTank/FoilTanks/RadialTank_Capsule.cfg/PART[externalTankCapsule]
[LOG 14:58:57.050] Applying update KSPCommunityFixes/MMPatches/StockTweaks/ManufacturerFixes/@PART[RCSFuelTank|rcsTankMini|RCSTank1-2]:FOR[KSPCommunityFixes] to Squad/Parts/FuelTank/RCSFuelTankR1/RCSFuelTankR1.cfg/PART[RCSTank1-2]
[LOG 14:58:57.050] Applying update KSPCommunityFixes/MMPatches/StockTweaks/ManufacturerFixes/@PART[RCSFuelTank|rcsTankMini|RCSTank1-2]:FOR[KSPCommunityFixes] to Squad/Parts/FuelTank/RCSFuelTankR10/RCSFuelTankR10.cfg/PART[rcsTankMini]
[LOG 14:58:57.050] Applying update KSPCommunityFixes/MMPatches/StockTweaks/ManufacturerFixes/@PART[RCSFuelTank|rcsTankMini|RCSTank1-2]:FOR[KSPCommunityFixes] to Squad/Parts/FuelTank/RCSFuelTankR25/RCSFuelTankR25.cfg/PART[RCSFuelTank]
[LOG 14:58:57.051] Applying update KSPCommunityFixes/MMPatches/StockTweaks/ManufacturerFixes/@PART[landerCabinSmall]:FOR[KSPCommunityFixes] to Squad/Parts/Command/mk1LanderCan/mk1LanderCan.cfg/PART[landerCabinSmall]
[LOG 14:58:57.052] Applying update KSPCommunityFixes/MMPatches/StockTweaks/ManufacturerFixes/@PART[dockingPortLateral]:FOR[KSPCommunityFixes] to Squad/Parts/Utility/dockingPortInline/dockingPortInline.cfg/PART[dockingPortLateral]
[LOG 14:58:57.052] Applying update KSPCommunityFixes/MMPatches/StockTweaks/ManufacturerFixes/@PART[EnginePlate4]:FOR[KSPCommunityFixes]:NEEDS[SquadExpansion/MakingHistory] to SquadExpansion/MakingHistory/Parts/Coupling/EnginePlate_4.cfg/PART[EnginePlate4]
[LOG 14:58:57.053] Applying update KSPCommunityFixes/MMPatches/StockTweaks/ManufacturerFixes/@PART[Mk2Pod]:FOR[KSPCommunityFixes]:NEEDS[SquadExpansion/MakingHistory] to SquadExpansion/MakingHistory/Parts/Pods/Mk2Pod.cfg/PART[Mk2Pod]
[LOG 14:58:57.053] Applying update KSPCommunityFixes/MMPatches/StockTweaks/ManufacturerFixes/@PART[evaChute|parachuteSingle|parachuteRadial|radialDrogue|parachuteLarge|parachuteDrogue]:FOR[KSPCommunityFixes] to Squad/Parts/Cargo/Parachute/Parachute.cfg/PART[evaChute]
[LOG 14:58:57.054] Applying update KSPCommunityFixes/MMPatches/StockTweaks/ManufacturerFixes/@PART[evaChute|parachuteSingle|parachuteRadial|radialDrogue|parachuteLarge|parachuteDrogue]:FOR[KSPCommunityFixes] to Squad/Parts/Utility/parachuteMk1/parachuteMk1.cfg/PART[parachuteSingle]
[LOG 14:58:57.054] Applying update KSPCommunityFixes/MMPatches/StockTweaks/ManufacturerFixes/@PART[evaChute|parachuteSingle|parachuteRadial|radialDrogue|parachuteLarge|parachuteDrogue]:FOR[KSPCommunityFixes] to Squad/Parts/Utility/parachuteMk12-R/parachuteMk12-R.cfg/PART[radialDrogue]
[LOG 14:58:57.054] Applying update KSPCommunityFixes/MMPatches/StockTweaks/ManufacturerFixes/@PART[evaChute|parachuteSingle|parachuteRadial|radialDrogue|parachuteLarge|parachuteDrogue]:FOR[KSPCommunityFixes] to Squad/Parts/Utility/parachuteMk16-XL/parachuteMk16-XL.cfg/PART[parachuteLarge]
[LOG 14:58:57.054] Applying update KSPCommunityFixes/MMPatches/StockTweaks/ManufacturerFixes/@PART[evaChute|parachuteSingle|parachuteRadial|radialDrogue|parachuteLarge|parachuteDrogue]:FOR[KSPCommunityFixes] to Squad/Parts/Utility/parachuteMk2-R/parachuteMk2-R.cfg/PART[parachuteRadial]
[LOG 14:58:57.054] Applying update KSPCommunityFixes/MMPatches/StockTweaks/ManufacturerFixes/@PART[evaChute|parachuteSingle|parachuteRadial|radialDrogue|parachuteLarge|parachuteDrogue]:FOR[KSPCommunityFixes] to Squad/Parts/Utility/parachuteMk25/parachuteMk25.cfg/PART[parachuteDrogue]
[LOG 14:58:57.055] Applying update KSPCommunityFixes/MMPatches/StockTweaks/ManufacturerFixes/@PART[stackPoint1|dockingPort1|dockingPort2|dockingPort3|dockingPortLarge]:FOR[KSPCommunityFixes] to Squad/Parts/Utility/dockingPort/dockingPort.cfg/PART[dockingPort2]
[LOG 14:58:57.055] Applying update KSPCommunityFixes/MMPatches/StockTweaks/ManufacturerFixes/@PART[stackPoint1|dockingPort1|dockingPort2|dockingPort3|dockingPortLarge]:FOR[KSPCommunityFixes] to Squad/Parts/Utility/dockingPortJr/dockingPortJr.cfg/PART[dockingPort3]
[LOG 14:58:57.055] Applying update KSPCommunityFixes/MMPatches/StockTweaks/ManufacturerFixes/@PART[stackPoint1|dockingPort1|dockingPort2|dockingPort3|dockingPortLarge]:FOR[KSPCommunityFixes] to Squad/Parts/Utility/dockingPortShielded/dockingPortShielded.cfg/PART[dockingPort1]
[LOG 14:58:57.055] Applying update KSPCommunityFixes/MMPatches/StockTweaks/ManufacturerFixes/@PART[stackPoint1|dockingPort1|dockingPort2|dockingPort3|dockingPortLarge]:FOR[KSPCommunityFixes] to Squad/Parts/Utility/dockingPortSr/dockingPortSr.cfg/PART[dockingPortLarge]
[LOG 14:58:57.055] Applying update KSPCommunityFixes/MMPatches/StockTweaks/ManufacturerFixes/@PART[stackPoint1|dockingPort1|dockingPort2|dockingPort3|dockingPortLarge]:FOR[KSPCommunityFixes] to Squad/Parts/Utility/radialAttachmentPoint/radialAttachmentPoint.cfg/PART[stackPoint1]
[LOG 14:58:57.055] :AFTER[KSPCOMMUNITYFIXES] pass
[LOG 14:58:57.055] :BEFORE[KSPSTEAMCTRLR] pass
[LOG 14:58:57.055] :FOR[KSPSTEAMCTRLR] pass
[LOG 14:58:57.055] :AFTER[KSPSTEAMCTRLR] pass
[LOG 14:58:57.055] :BEFORE[MODULEMANAGER] pass
[LOG 14:58:57.055] :FOR[MODULEMANAGER] pass
[LOG 14:58:57.055] :AFTER[MODULEMANAGER] pass
[LOG 14:58:57.055] :BEFORE[PQSBENCHMOD] pass
[LOG 14:58:57.055] :FOR[PQSBENCHMOD] pass
[LOG 14:58:57.055] :AFTER[PQSBENCHMOD] pass
[LOG 14:58:57.055] :BEFORE[SQUAD] pass
[LOG 14:58:57.055] :FOR[SQUAD] pass
[LOG 14:58:57.055] :AFTER[SQUAD] pass
[LOG 14:58:57.055] :BEFORE[SQUADEXPANSION] pass
[LOG 14:58:57.055] :FOR[SQUADEXPANSION] pass
[LOG 14:58:57.055] :AFTER[SQUADEXPANSION] pass
[LOG 14:58:57.056] :LAST[999_KSP-RECALL] pass
[LOG 14:58:57.068] :FINAL pass
[LOG 14:58:57.068] Done patching
[LOG 14:58:57.068] Saving Cache
[LOG 14:58:57.141] Done!



#### END PATCH LOG ####
[LOG 15:07:59.646] ModuleManager: 33 patches loaded from cache

[LOG 15:07:59.646] Ran in 0.588s
[LOG 15:07:59.683] Done!



#### END MODULEMANAGER LOG ####
[LOG 15:08:01.317] [ModuleManager] Running tests...
[LOG 15:08:01.319] [ModuleManager] tests complete.
[LOG 15:08:01.320] [ModuleManager] Reloading resources definitions
[LOG 15:08:01.321] Resource LiquidFuel added to database
[LOG 15:08:01.321] Resource Oxidizer added to database
[LOG 15:08:01.321] Resource SolidFuel added to database
[LOG 15:08:01.321] Resource MonoPropellant added to database
[LOG 15:08:01.321] Resource XenonGas added to database
[LOG 15:08:01.321] Resource ElectricCharge added to database
[LOG 15:08:01.321] Resource IntakeAir added to database
[LOG 15:08:01.321] Resource EVA Propellant added to database
[LOG 15:08:01.321] Resource Ore added to database
[LOG 15:08:01.321] Resource Ablator added to database
[LOG 15:08:01.321] [ModuleManager] Reloading Trait configs
[LOG 15:08:01.321] ExperienceSystemConfig: Added Effect 'DeployedSciencePowerSkill' to Trait 'Ingénieur'
[LOG 15:08:01.321] ExperienceSystemConfig: Added Effect 'DeployedScienceExpSkill' to Trait 'Scientifique'
[LOG 15:08:01.321] [ModuleManager] Reloading Part Upgrades
[LOG 15:08:01.321] [ModuleManager] Setting modded physics as the active one
[LOG 15:08:01.323] PhysicsGlobals: Loading database
[LOG 15:08:01.324] [ModuleManager] Running post patch callbacks
[LOG 15:08:01.331] [KSPCommunityFixes] Patch AutoStrutDrift applied.
[LOG 15:08:01.334] [KSPCommunityFixes] Patch EditorAnimatedPartsShipModified applied.
[LOG 15:08:01.339] [KSPCommunityFixes] Patch DragCubeLoadException applied.
[LOG 15:08:01.342] [KSPCommunityFixes] Patch DoubleCurvePreserveTangents applied.
[LOG 15:08:01.374] [KSPCommunityFixes] Patch DockingPortRotationDriftAndFixes applied.
[LOG 15:08:01.407] [KSPCommunityFixes] Patch DockingPortConserveMomentum applied.
[LOG 15:08:01.412] [KSPCommunityFixes] Patch DebugConsoleDontStealInput applied.
[LOG 15:08:01.415] [KSPCommunityFixes] Patch CorrectDragForFlags applied.
[LOG 15:08:01.416] [KSPCommunityFixes] Patch CometMiningNotRemovingMass applied.
[LOG 15:08:01.420] [KSPCommunityFixes] Patch ChutePhantomSymmetry applied.
[LOG 15:08:01.422] [KSPCommunityFixes] Patch CometSpawnerUniqueFlightId applied.
[LOG 15:08:01.423] [KSPCommunityFixes] Patch AsteroidSpawnerUniqueFlightId applied.
[LOG 15:08:01.424] [KSPCommunityFixes] Patch AsteroidInfiniteMining applied.
[LOG 15:08:01.445] [KSPCommunityFixes] Patch PersistentIConfigNode applied.
[LOG 15:08:01.446] [KSPCommunityFixes] Patch OnSymmetryFieldChanged not applied (not enabled in Settings.cfg)
[LOG 15:08:01.446] [KSPCommunityFixes] Patch ModUpgradePipeline not applied (not enabled in Settings.cfg)
[LOG 15:08:01.446] [KSPCommunityFixes] Patch KSPFieldEnumDesc not applied (not enabled in Settings.cfg)
[LOG 15:08:01.447] [KSPCommunityFixes] Patch EventProfilerMarkers not applied (not enabled in Settings.cfg)
[LOG 15:08:01.447] [KSPCommunityFixes] Patch DockingPortLockedEvents not applied (not enabled in Settings.cfg)
[LOG 15:08:01.449] [KSPCommunityFixes] Patch DepartmentHeadImage applied.
[LOG 15:08:01.457] [KSPCommunityFixes] Patch BaseFieldListUseFieldHost applied.
[LOG 15:08:01.482] [KSPCommunityFixes] Patch ResourceConverterPerf applied.
[LOG 15:08:01.489] [KSPCommunityFixes] Patch ProgressTrackingSpeedBoost applied.
[LOG 15:08:01.494] [KSPCommunityFixes] Patch PQSUpdateNoMemoryAlloc applied.
[LOG 15:08:01.495] [KSPCommunityFixes] Patch PQSOnlyStartOnce not applied (not enabled in Settings.cfg)
[LOG 15:08:01.503] [KSPCommunityFixes] Patch PQSCoroutineLeak applied.
[LOG 15:08:01.524] [KSPCommunityFixes] Patch PartSystemsFastUpdate applied.
[LOG 15:08:01.539] [KSPCommunityFixes] Patch PartParsingPerf applied.
[LOG 15:08:01.541] [KSPCommunityFixes] Patch EnginePlateAirstreamShieldedTopPart applied.
[LOG 15:08:01.546] [KSPCommunityFixes] Patch EVAConstructionMass applied.
[LOG 15:08:01.551] [KSPCommunityFixes] Patch EVAConstructionUninitializedInventory applied.
[LOG 15:08:01.555] [KSPCommunityFixes] Patch EVAKerbalRecovery applied.
[LOG 15:08:01.558] [KSPCommunityFixes] Patch TimeWarpOrbitShift applied.
[LOG 15:08:01.560] [KSPCommunityFixes] Patch TimeWarpBodyCollision applied.
[LOG 15:08:01.569] [KSPCommunityFixes] Patch ThumbnailSpotlight applied.
[LOG 15:08:01.572] [KSPCommunityFixes] Patch SymmetryReferenceOnDelete applied.
[LOG 15:08:01.572] [KSPCommunityFixes] Patch StrategyDuration not applied (not enabled in Settings.cfg)
[LOG 15:08:01.574] [KSPCommunityFixes] Patch StockAlarmDescPreserveLineBreak applied.
[LOG 15:08:01.594] [KSPCommunityFixes] Patch StickySplashedFixer applied.
[LOG 15:08:01.599] [KSPCommunityFixes] Patch ScatterDistribution applied.
[LOG 15:08:01.619] [KSPCommunityFixes] Patch RoboticsDrift applied.
[LOG 15:08:01.621] [KSPCommunityFixes] Patch RestoreMaxPhysicsDT applied.
[LOG 15:08:01.633] [KSPCommunityFixes] Patch RespawnDeadKerbals applied.
[LOG 15:08:01.636] [KSPCommunityFixes] Patch RescaledRoboticParts applied.
[LOG 15:08:01.639] [KSPCommunityFixes] Patch ReRootPreserveSurfaceAttach applied.
[LOG 15:08:01.656] [KSPCommunityFixes] Patch OptimizedModuleRaycasts applied.
[LOG 15:08:01.662] GetSubclassesOfParentClass: Found 1 types with ModuleInventoryPart parent in 8 assemblies.
[LOG 15:08:01.667] [KSPCommunityFixes] Patch RefundingOnRecovery applied.
[LOG 15:08:01.667] [KSPCommunityFixes] Patch PatchedConicEncounterFlickering applied.
[LOG 15:08:01.675] [KSPCommunityFixes] Patch PartListTooltipIconSpin applied.
[LOG 15:08:01.680] [KSPCommunityFixes] Patch PackedPartsRotation applied.
[LOG 15:08:01.694] [KSPCommunityFixes] Patch ModulePartVariantsNodePersistence applied.
[LOG 15:08:01.696] [KSPCommunityFixes] Patch ModuleAnimateGenericCrewModSpawnIVA applied.
[LOG 15:08:01.697] [KSPCommunityFixes] Patch ModuleActiveRadiatorNoParentException applied.
[LOG 15:08:01.699] [KSPCommunityFixes] Patch MapTargetBodyWithEncounter applied.
[LOG 15:08:01.701] [KSPCommunityFixes] Patch LostSoundAfterSceneSwitch applied.
[LOG 15:08:01.706] [KSPCommunityFixes] Patch LadderToggleableLight applied.
[LOG 15:08:01.716] [KSPCommunityFixes] Patch InventoryPartMass applied.
[LOG 15:08:01.722] [KSPCommunityFixes] Patch HarvesterECConsumption applied.
[LOG 15:08:01.723] [KSPCommunityFixes] Patch FixGetUnivseralTime applied.
[LOG 15:08:01.730] [KSPCommunityFixes] Patch ExtendedDeployableParts applied.
[LOG 15:08:01.732] [KSPCommunityFixes] Patch PropellantFlowDescription applied.
[LOG 15:08:01.748] [KSPCommunityFixes] Patch OptimisedVectorLines applied.
[LOG 15:08:01.753] [KSPCommunityFixes] Patch ModuleDockingNodeFindOtherNodesFaster applied.
[LOG 15:08:01.756] [KSPCommunityFixes] Patch ModuleColorChangerOptimization applied.
[LOG 15:08:01.761] [KSPCommunityFixes] Patch AutoSavedCraftNameAtLaunch applied.
[LOG 15:08:01.778] [KSPCommunityFixes] Patch PAWCollapsedInventories applied.
[LOG 15:08:01.781] [KSPCommunityFixes] Patch UIFloatEditNumericInput applied.
[LOG 15:08:01.801] [KSPCommunityFixes] Patch PAWStockGroups applied.
[LOG 15:08:01.809] [KSPCommunityFixes] Patch AltimeterHorizontalPosition applied.
[LOG 15:08:01.817] [KSPCommunityFixes] Patch SceneLoadSpeedBoost applied.
[LOG 15:08:01.847] [KSPCommunityFixes] Patch OnDemandPartBuoyancy applied.
[LOG 15:08:01.848] [KSPCommunityFixes] Patch ForceSyncSceneSwitch applied.
[LOG 15:08:01.848] [KSPCommunityFixes] Patch FewerSaves not applied (not enabled in Settings.cfg)
[LOG 15:08:01.849] [KSPCommunityFixes] Patch WheelInertiaLimit applied.
[LOG 15:08:01.850] [KSPCommunityFixes] Patch StockAlarmCustomFormatterDate isn't applicable to this KSP version.
[LOG 15:08:01.862] [KSPCommunityFixes] Patch ROCValidationOOR applied.
[LOG 15:08:01.866] [KSPCommunityFixes] Patch ZeroCostTechNodes applied.
[LOG 15:08:01.867] [KSPCommunityFixes] Patch ReactionWheelsPotentialTorque applied.
[LOG 15:08:01.870] [KSPCommunityFixes] Patch PAWGroupMemory applied.
[LOG 15:08:01.901] [KSPCommunityFixes] Patch PartStartStability applied.
[LOG 15:08:01.907] [KSPCommunityFixes] Patch PartBoundsIgnoreDisabledTransforms applied.
[LOG 15:08:01.938] [KSPCommunityFixes] Patch ModuleIndexingMismatch applied.
[LOG 15:08:01.943] [KSPCommunityFixes] Patch MapSOCorrectWrapping applied.
[LOG 15:08:01.943] [KSPCommunityFixes] Patch KerbalTooltipMaxSustainedG applied.
[LOG 15:08:01.945] [KSPCommunityFixes] Patch KerbalInventoryPersistence applied.
[LOG 15:08:01.946] [KSPCommunityFixes] Patch FlightSceneLoadKraken not applied (not enabled in Settings.cfg)
[LOG 15:08:01.948] [KSPCommunityFixes] Patch FIUpdateRadiation applied.
[LOG 15:08:01.951] [KSPCommunityFixes] Patch FastAndFixedEnumExtensions applied.
[LOG 15:08:01.978] [KSPCommunityFixes] Patch DeltaVHideWhenDisabled applied.
[LOG 15:08:01.981] [KSPCommunityFixes] Patch BlockMapViewPartClick applied.
[LOG 15:08:01.984] [KSPCommunityFixes] Patch PAWItemsOrder applied.
[LOG 15:08:02.024] [KSPCommunityFixes] Patch BetterEditorUndoRedo applied.
[LOG 15:08:02.036] [KSPCommunityFixes] Patch AutostrutActions applied.
[LOG 15:08:02.036] [KSPCommunityFixes] Patch DisableNewGameIntro not applied (not enabled in Settings.cfg)
[LOG 15:08:02.072] [KSPCommunityFixes] Patch MinorPerfTweaks applied.
[LOG 15:08:02.130] [KSPCommunityFixes] Patch MemoryLeaks applied.
[LOG 15:08:02.136] [KSPCommunityFixes] Patch LowerMinPhysicsDTPerFrame applied.
[LOG 15:08:02.139] [KSPCommunityFixes] Patch LocalizerPerf applied.
[LOG 15:08:02.141] [KSPCommunityFixes] Patch IMGUIOptimization applied.
[LOG 15:08:02.153] [KSPCommunityFixes] Patch FloatingOriginPerf applied.
[LOG 15:08:02.197] [KSPCommunityFixes] Patch FlightIntegratorPerf applied.
[LOG 15:08:02.202] [KSPCommunityFixes] Patch FasterPartFindTransform applied.
[LOG 15:08:02.212] [KSPCommunityFixes] Patch FasterEditorPartList applied.
[LOG 15:08:02.214] [KSPCommunityFixes] Patch ExpansionBundlePreload applied.
[LOG 15:08:02.225] [KSPCommunityFixes] Patch DragCubeGeneration applied.
[LOG 15:08:02.229] [KSPCommunityFixes] Patch DisableMapUpdateInFlight applied.
[LOG 15:08:02.230] [KSPCommunityFixes] Patch DisableHiddenPortraits applied.
[LOG 15:08:02.232] [KSPCommunityFixes] Patch DisableManeuverTool applied.
[LOG 15:08:02.254] [KSPCommunityFixes] Patch CraftBrowserOptimisations applied.
[LOG 15:08:02.257] [KSPCommunityFixes] Patch CommNetThrottling applied.
[LOG 15:08:02.267] [KSPCommunityFixes] Patch FairingMouseOverPersistence applied.
[LOG 15:08:02.284] [KSPCommunityFixes] Patch OptionalMakingHistoryDLCFeatures applied.
[LOG 15:08:02.287] [KSPCommunityFixes] Patch ResourceLockActions applied.
[LOG 15:08:02.293] [KSPCommunityFixes] Patch ShowContractFinishDates applied.
[LOG 15:08:02.300] [KSPCommunityFixes] Patch TargetParentBody applied.
[LOG 15:08:02.313] [KSPCommunityFixes] Patch ToolbarShowHide applied.
[LOG 15:08:02.315] [KSPCommunityFixes] Patch ContractProgressEnumCache applied.
[LOG 15:08:02.326] [KSPCommunityFixes] Patch ActiveRadiatorPerf applied.
[LOG 15:08:02.331] [KSPCommunityFixes] Patch CargoBayPerf applied.
[LOG 15:08:02.337] [KSPCommunityFixes] Patch CollisionEnhancerFastUpdate applied.
[LOG 15:08:02.342] [KSPCommunityFixes] Patch CollisionManagerFastUpdate applied.
[LOG 15:08:02.346] [KSPCommunityFixes] Patch AsteroidAndCometDrillCache applied.
[LOG 15:08:02.356] [KSPCommunityFixes] Patch TweakableWheelsAutostrut applied.
[LOG 15:08:02.376] [KSPCommunityFixes] Patch PatchSettings applied.
[LOG 15:08:02.412] [KSPCommunityFixes] Patch UpgradeBugs applied.
[LOG 15:08:02.413] [KSPCommunityFixes] Patch PartTooltipUpgradesApplyToSubstituteParts not applied (not enabled in Settings.cfg)
[LOG 15:08:02.474] [ModuleManager] Calling ConfigNodePerf.ModuleManagerPostLoad()
[LOG 15:08:02.479] [ModuleManager] Post patch ran in 1.164s
[LOG 15:08:02.523] PartLoader: Loading part database
[LOG 15:08:02.524] PartLoader: Compiling Part 'Squad/Parts/Aero/aerodynamicNoseCone/aerodynamicNoseCone/noseCone'
[LOG 15:08:02.545] EffectList: Created 15 effect types
[LOG 15:08:02.625] PartLoader: Compiling Part 'Squad/Parts/Aero/airbrake/Airbrake/airbrake1'
[LOG 15:08:02.653] PartLoader: Compiling Part 'Squad/Parts/Aero/airIntakeRadialXM-G50/airIntakeRadialXM-G50/airScoop'
[LOG 15:08:02.662] PartLoader: Compiling Part 'Squad/Parts/Aero/airlinerWings/ControlSurface/airlinerCtrlSrf'
[LOG 15:08:02.670] PartLoader: Compiling Part 'Squad/Parts/Aero/airlinerWings/MainWing/airlinerMainWing'
[LOG 15:08:02.674] PartLoader: Compiling Part 'Squad/Parts/Aero/airlinerWings/TailFin/airlinerTailFin'
[LOG 15:08:02.680] PartLoader: Compiling Part 'Squad/Parts/Aero/airplaneFins/advancedCanard/AdvancedCanard'
[LOG 15:08:02.683] PartLoader: Compiling Part 'Squad/Parts/Aero/airplaneFins/standardCanard/CanardController'
[LOG 15:08:02.687] PartLoader: Compiling Part 'Squad/Parts/Aero/airplaneFins/sweptWing/sweptWing'
[LOG 15:08:02.691] PartLoader: Compiling Part 'Squad/Parts/Aero/airplaneFins/tailfin/tailfin'
[LOG 15:08:02.694] PartLoader: Compiling Part 'Squad/Parts/Aero/basicFin/basicFin/basicFin'
[LOG 15:08:02.696] PartLoader: Compiling Part 'Squad/Parts/Aero/circularIntake/circularIntake/CircularIntake'
[LOG 15:08:02.701] PartLoader: Compiling Part 'Squad/Parts/Aero/circularIntake/intakeShockCone/shockConeIntake'
[LOG 15:08:02.704] PartLoader: Compiling Part 'Squad/Parts/Aero/cones/avionicsNoseCone/avionicsNoseCone'
[LOG 15:08:02.713] PartLoader: Compiling Part 'Squad/Parts/Aero/cones/ConeA/pointyNoseConeA'
[LOG 15:08:02.715] PartLoader: Compiling Part 'Squad/Parts/Aero/cones/ConeB/pointyNoseConeB'
[LOG 15:08:02.717] PartLoader: Compiling Part 'Squad/Parts/Aero/cones/noseConeAdapter/noseConeAdapter'
[LOG 15:08:02.720] PartLoader: Compiling Part 'Squad/Parts/Aero/cones/protectiveRocketNoseMk7_v2/rocketNoseCone_v2'
[LOG 15:08:02.723] PartLoader: Compiling Part 'Squad/Parts/Aero/cones/protectiveRocketNoseMk7_v3/rocketNoseCone_v3'
[LOG 15:08:02.725] PartLoader: Compiling Part 'Squad/Parts/Aero/cones/rocketNoseCone_size3/rocketNoseConeSize3'
[LOG 15:08:02.727] PartLoader: Compiling Part 'Squad/Parts/Aero/cones/smallNoseCone/standardNoseCone'
[LOG 15:08:02.729] PartLoader: Compiling Part 'Squad/Parts/Aero/cones/tailConnectorA/airplaneTail'
[LOG 15:08:02.731] PartLoader: Compiling Part 'Squad/Parts/Aero/cones/tailConnectorB/airplaneTailB'
[LOG 15:08:02.732] PartLoader: Compiling Part 'Squad/Parts/Aero/fairings/fairingSize1/fairingSize1'
[LOG 15:08:02.754] PartLoader: Compiling Part 'Squad/Parts/Aero/fairings/fairingSize2/fairingSize2'
[LOG 15:08:02.761] PartLoader: Compiling Part 'Squad/Parts/Aero/fairings/fairingSize3/fairingSize3'
[LOG 15:08:02.767] PartLoader: Compiling Part 'Squad/Parts/Aero/HeatShield/HeatShield0/HeatShield0'
[LOG 15:08:02.781] PartLoader: Compiling Part 'Squad/Parts/Aero/HeatShield/HeatShield1/HeatShield1'
[LOG 15:08:02.786] PartLoader: Compiling Part 'Squad/Parts/Aero/HeatShield/HeatShield2/HeatShield2'
[LOG 15:08:02.790] PartLoader: Compiling Part 'Squad/Parts/Aero/HeatShield/HeatShield3/HeatShield3'
[LOG 15:08:02.794] PartLoader: Compiling Part 'Squad/Parts/Aero/InflatableHeatShield/HeatShield/InflatableHeatShield'
[LOG 15:08:02.799] PartLoader: Compiling Part 'Squad/Parts/Aero/intakeRadialLong/intakeRadialLong/IntakeRadialLong'
[LOG 15:08:02.802] PartLoader: Compiling Part 'Squad/Parts/Aero/miniIntake/SmallIntake/miniIntake'
[LOG 15:08:02.804] PartLoader: Compiling Part 'Squad/Parts/Aero/ramAirIntake/ramAirIntake/ramAirIntake'
[LOG 15:08:02.807] PartLoader: Compiling Part 'Squad/Parts/Aero/shuttleWings/delta/wingShuttleDelta'
[LOG 15:08:02.808] PartLoader: Compiling Part 'Squad/Parts/Aero/shuttleWings/elevon1/wingShuttleElevon1'
[LOG 15:08:02.810] PartLoader: Compiling Part 'Squad/Parts/Aero/shuttleWings/elevon2/wingShuttleElevon2'
[LOG 15:08:02.813] PartLoader: Compiling Part 'Squad/Parts/Aero/shuttleWings/rudder/wingShuttleRudder'
[LOG 15:08:02.815] PartLoader: Compiling Part 'Squad/Parts/Aero/shuttleWings/strake/wingShuttleStrake'
[LOG 15:08:02.817] PartLoader: Compiling Part 'Squad/Parts/Aero/wingletAV-R8/wingletAV-R8/R8winglet'
[LOG 15:08:02.819] PartLoader: Compiling Part 'Squad/Parts/Aero/wingletAV-T1/wingletAV-T1/winglet'
[LOG 15:08:02.821] PartLoader: Compiling Part 'Squad/Parts/Aero/wingletDeltaDeluxe/wingletDeltaDeluxe/winglet3'
[LOG 15:08:02.823] PartLoader: Compiling Part 'Squad/Parts/Aero/wings/connector1/wingConnector'
[LOG 15:08:02.825] PartLoader: Compiling Part 'Squad/Parts/Aero/wings/connector2/wingConnector2'
[LOG 15:08:02.826] PartLoader: Compiling Part 'Squad/Parts/Aero/wings/connector3/wingConnector3'
[LOG 15:08:02.827] PartLoader: Compiling Part 'Squad/Parts/Aero/wings/connector4/wingConnector4'
[LOG 15:08:02.830] PartLoader: Compiling Part 'Squad/Parts/Aero/wings/connector5/wingConnector5'
[LOG 15:08:02.831] PartLoader: Compiling Part 'Squad/Parts/Aero/wings/delta/deltaWing'
[LOG 15:08:02.834] PartLoader: Compiling Part 'Squad/Parts/Aero/wings/delta_small/delta_small'
[LOG 15:08:02.835] PartLoader: Compiling Part 'Squad/Parts/Aero/wings/elevon1/StandardCtrlSrf'
[LOG 15:08:02.838] PartLoader: Compiling Part 'Squad/Parts/Aero/wings/elevon2/elevon2'
[LOG 15:08:02.839] PartLoader: Compiling Part 'Squad/Parts/Aero/wings/elevon3/elevon3'
[LOG 15:08:02.842] PartLoader: Compiling Part 'Squad/Parts/Aero/wings/elevon4/smallCtrlSrf'
[LOG 15:08:02.844] PartLoader: Compiling Part 'Squad/Parts/Aero/wings/elevon5/elevon5'
[LOG 15:08:02.846] PartLoader: Compiling Part 'Squad/Parts/Aero/wings/strake/wingStrake'
[LOG 15:08:02.847] PartLoader: Compiling Part 'Squad/Parts/Aero/wings/structural1/structuralWing'
[LOG 15:08:02.850] PartLoader: Compiling Part 'Squad/Parts/Aero/wings/structural2/structuralWing2'
[LOG 15:08:02.851] PartLoader: Compiling Part 'Squad/Parts/Aero/wings/structural3/structuralWing3'
[LOG 15:08:02.852] PartLoader: Compiling Part 'Squad/Parts/Aero/wings/structural4/structuralWing4'
[LOG 15:08:02.854] PartLoader: Compiling Part 'Squad/Parts/Aero/wings/swept1/sweptWing1'
[LOG 15:08:02.856] PartLoader: Compiling Part 'Squad/Parts/Aero/wings/swept2/sweptWing2'
[LOG 15:08:02.857] PartLoader: Compiling Part 'Squad/Parts/Cargo/CargoContainers/cargoContainer/cargoContainer'
[WRN 15:08:02.858] [Part]: Cannot have ModuleCargoPart and ModuleInventoryPart on same Part [cargoContainer'. Removed ModuleCargoPart
[LOG 15:08:02.863] PartLoader: Compiling Part 'Squad/Parts/Cargo/CargoContainers/smallCargoContainer/smallCargoContainer'
[WRN 15:08:02.863] [Part]: Cannot have ModuleCargoPart and ModuleInventoryPart on same Part [smallCargoContainer'. Removed ModuleCargoPart
[LOG 15:08:02.865] PartLoader: Compiling Part 'Squad/Parts/Cargo/Cylinder/Cylinder/evaCylinder'
[LOG 15:08:02.867] PartLoader: Compiling Part 'Squad/Parts/Cargo/GroundAnchor/groundAnchor/groundAnchor'
[LOG 15:08:02.879] PartLoader: Compiling Part 'Squad/Parts/Cargo/Jetpack/Jetpack/evaJetpack'
[LOG 15:08:02.880] PartLoader: Compiling Part 'Squad/Parts/Cargo/Parachute/Parachute/evaChute'
[LOG 15:08:02.881] PartLoader: Compiling Part 'Squad/Parts/Cargo/RepairKit/RepairKit/evaRepairKit'
[LOG 15:08:02.883] PartLoader: Compiling Part 'Squad/Parts/Cargo/ScienceKit/evaScienceKit/evaScienceKit'
[LOG 15:08:02.884] PartLoader: Compiling Part 'Squad/Parts/Cargo/StorageUnits/CargoStorageUnit/CargoStorageUnit'
[WRN 15:08:02.885] [Part]: Cannot have ModuleCargoPart and ModuleInventoryPart on same Part [CargoStorageUnit'. Removed ModuleCargoPart
[LOG 15:08:02.886] PartLoader: Compiling Part 'Squad/Parts/Cargo/StorageUnits/ConformalStorageUnit/ConformalStorageUnit'
[WRN 15:08:02.886] [Part]: Cannot have ModuleCargoPart and ModuleInventoryPart on same Part [ConformalStorageUnit'. Removed ModuleCargoPart
[LOG 15:08:02.887] PartLoader: Compiling Part 'Squad/Parts/Command/advancedSasModuleLarge/advSasModuleLarge/asasmodule1-2'
[LOG 15:08:02.892] PartLoader: Compiling Part 'Squad/Parts/Command/cupola/cupola/cupola'
[LOG 15:08:02.911] PartLoader: Compiling Part 'Squad/Parts/Command/externalCommandSeat/externalCommandSeat/seatExternalCmd'
[LOG 15:08:02.915] PartLoader: Compiling Part 'Squad/Parts/Command/hitchhikerStorageContainer/hitchikerStorageContainer/crewCabin'
[LOG 15:08:02.919] PartLoader: Compiling Part 'Squad/Parts/Command/inlineAdvancedStabilizer/inlineAdvancedStabilizer/advSasModule'
[LOG 15:08:02.921] PartLoader: Compiling Part 'Squad/Parts/Command/inlineReactionWheel/inlineReactionWheel/sasModule'
[LOG 15:08:02.922] PartLoader: Compiling Part 'Squad/Parts/Command/Mk1-3Pod/mk1-3/mk1-3pod'
[LOG 15:08:02.938] PartLoader: Compiling Part 'Squad/Parts/Command/mk1Cockpits/mk1Cockpit/Mark1Cockpit'
[WRN 15:08:02.939] [Part]: Cannot have ModuleCargoPart and ModuleInventoryPart on same Part [Mark1Cockpit'. Removed ModuleCargoPart
[LOG 15:08:02.943] PartLoader: Compiling Part 'Squad/Parts/Command/mk1Cockpits/mk1CrewCabin/MK1CrewCabin'
[WRN 15:08:02.945] [Part]: Cannot have ModuleCargoPart and ModuleInventoryPart on same Part [MK1CrewCabin'. Removed ModuleCargoPart
[LOG 15:08:02.947] PartLoader: Compiling Part 'Squad/Parts/Command/mk1Cockpits/mk1InlineCockpit/Mark2Cockpit'
[WRN 15:08:02.949] [Part]: Cannot have ModuleCargoPart and ModuleInventoryPart on same Part [Mark2Cockpit'. Removed ModuleCargoPart
[LOG 15:08:02.955] PartLoader: Compiling Part 'Squad/Parts/Command/mk1LanderCan/mk1LanderCan/landerCabinSmall'
[WRN 15:08:02.956] [Part]: Cannot have ModuleCargoPart and ModuleInventoryPart on same Part [landerCabinSmall'. Removed ModuleCargoPart
[LOG 15:08:02.959] PartLoader: Compiling Part 'Squad/Parts/Command/mk1pod_v2/mk1Pod_v2/mk1pod_v2'
[WRN 15:08:02.961] [Part]: Cannot have ModuleCargoPart and ModuleInventoryPart on same Part [mk1pod.v2'. Removed ModuleCargoPart
[LOG 15:08:02.964] PartLoader: Compiling Part 'Squad/Parts/Command/mk2CockpitInline/mk2CockpitInline/mk2Cockpit_Inline'
[WRN 15:08:02.966] [Part]: Cannot have ModuleCargoPart and ModuleInventoryPart on same Part [mk2Cockpit.Inline'. Removed ModuleCargoPart
[LOG 15:08:02.970] PartLoader: Compiling Part 'Squad/Parts/Command/mk2CockpitStandard/mk2CockpitStandard/mk2Cockpit_Standard'
[WRN 15:08:02.971] [Part]: Cannot have ModuleCargoPart and ModuleInventoryPart on same Part [mk2Cockpit.Standard'. Removed ModuleCargoPart
[LOG 15:08:02.974] PartLoader: Compiling Part 'Squad/Parts/Command/mk2DroneCore/mk2Dronecore/mk2DroneCore'
[LOG 15:08:02.978] PartLoader: Compiling Part 'Squad/Parts/Command/mk2LanderCan/mk2LanderCan/mk2LanderCabin'
[WRN 15:08:02.980] [Part]: Cannot have ModuleCargoPart and ModuleInventoryPart on same Part [mk2LanderCabin'. Removed ModuleCargoPart
[LOG 15:08:02.984] PartLoader: Compiling Part 'Squad/Parts/Command/mk2LanderCan_v2/mk2LanderCan_v2/mk2LanderCabin_v2'
[WRN 15:08:02.986] [Part]: Cannot have ModuleCargoPart and ModuleInventoryPart on same Part [mk2LanderCabin.v2'. Removed ModuleCargoPart
[LOG 15:08:02.990] PartLoader: Compiling Part 'Squad/Parts/Command/mk3CockpitShuttle/mk3CockpitShuttle/mk3Cockpit_Shuttle'
[LOG 15:08:02.995] PartLoader: Compiling Part 'Squad/Parts/Command/MpoProbe/MpoProbe/MpoProbe'
[LOG 15:08:02.999] PartLoader: Compiling Part 'Squad/Parts/Command/MtmStage/MTM_Stage/MtmStage'
[LOG 15:08:03.002] PartLoader: Compiling Part 'Squad/Parts/Command/probeCoreCube/probeCoreCube/probeCoreCube'
[LOG 15:08:03.005] PartLoader: Compiling Part 'Squad/Parts/Command/probeCoreHex/probeCoreHex/probeCoreHex'
[LOG 15:08:03.009] PartLoader: Compiling Part 'Squad/Parts/Command/probeCoreHex_v2/probeCoreHex_v2/probeCoreHex_v2'
[LOG 15:08:03.012] PartLoader: Compiling Part 'Squad/Parts/Command/probeCoreOcto2_v2/probeCoreOcto2_v2/probeCoreOcto2_v2'
[LOG 15:08:03.017] PartLoader: Compiling Part 'Squad/Parts/Command/probeCoreOcto_v2/probeCoreOcto_v2/probeCoreOcto_v2'
[LOG 15:08:03.021] PartLoader: Compiling Part 'Squad/Parts/Command/probeRoverBody/probeRoverBody/roverBody'
[LOG 15:08:03.024] PartLoader: Compiling Part 'Squad/Parts/Command/probeRoverBody_v2/probeRoverBody_v2/roverBody_v2'
[LOG 15:08:03.028] PartLoader: Compiling Part 'Squad/Parts/Command/probeStackLarge/probeStackLarge/probeStackLarge'
[LOG 15:08:03.031] PartLoader: Compiling Part 'Squad/Parts/Command/probeStackSmall/probeStackSmall/probeStackSmall'
[LOG 15:08:03.035] PartLoader: Compiling Part 'Squad/Parts/Command/probeStackSphere_v2/probeStackSphere_v2/probeCoreSphere_v2'
[LOG 15:08:03.037] PartLoader: Compiling Part 'Squad/Parts/CompoundParts/FuelLine/fuelLine/fuelLine'
[LOG 15:08:03.051] PartLoader: Compiling Part 'Squad/Parts/CompoundParts/strutConnector/strutConnector/strutConnector'
[LOG 15:08:03.056] PartLoader: Compiling Part 'Squad/Parts/Coupling/Decoupler_0/Decoupler_0'
[LOG 15:08:03.061] PartLoader: Compiling Part 'Squad/Parts/Coupling/Decoupler_1/Decoupler_1'
[LOG 15:08:03.065] PartLoader: Compiling Part 'Squad/Parts/Coupling/Decoupler_2/Decoupler_2'
[LOG 15:08:03.067] PartLoader: Compiling Part 'Squad/Parts/Coupling/Decoupler_3/Decoupler_3'
[LOG 15:08:03.069] PartLoader: Compiling Part 'Squad/Parts/Coupling/Separator_0/Separator_0'
[LOG 15:08:03.072] PartLoader: Compiling Part 'Squad/Parts/Coupling/Separator_1/Separator_1'
[LOG 15:08:03.075] PartLoader: Compiling Part 'Squad/Parts/Coupling/Separator_2/Separator_2'
[LOG 15:08:03.077] PartLoader: Compiling Part 'Squad/Parts/Coupling/Separator_3/Separator_3'
[LOG 15:08:03.080] PartLoader: Compiling Part 'Squad/Parts/Electrical/10CSolarPanels/OX-10C/solarPanelOX10C'
[LOG 15:08:03.089] PartLoader: Compiling Part 'Squad/Parts/Electrical/10CSolarPanels/SP-10C/solarPanelSP10C'
[LOG 15:08:03.093] PartLoader: Compiling Part 'Squad/Parts/Electrical/10LSolarPanels/OX-10L/solarPanelOX10L'
[LOG 15:08:03.096] PartLoader: Compiling Part 'Squad/Parts/Electrical/10LSolarPanels/SP-10L/solarPanelSP10L'
[LOG 15:08:03.100] PartLoader: Compiling Part 'Squad/Parts/Electrical/1x6ShroudSolarPanels/1x6ShroudSolarPanels/solarPanels2'
[LOG 15:08:03.103] PartLoader: Compiling Part 'Squad/Parts/Electrical/1x6SolarPanels/1x6SolarPanels/solarPanels4'
[LOG 15:08:03.105] PartLoader: Compiling Part 'Squad/Parts/Electrical/3x2ShroudSolarPanels/3x2ShroudSolarPanels/solarPanels1'
[LOG 15:08:03.107] PartLoader: Compiling Part 'Squad/Parts/Electrical/3x2SolarPanels/3x2SolarPanels/solarPanels3'
[LOG 15:08:03.110] PartLoader: Compiling Part 'Squad/Parts/Electrical/gigantorXlSolarArray/gigantorXlSolarArray/largeSolarPanel'
[LOG 15:08:03.114] PartLoader: Compiling Part 'Squad/Parts/Electrical/radialFlatSolarPanel/radialFlatSolarPanel/solarPanels5'
[LOG 15:08:03.116] PartLoader: Compiling Part 'Squad/Parts/Electrical/RTG/RTG/rtg'
[LOG 15:08:03.127] PartLoader: Compiling Part 'Squad/Parts/Electrical/z-100Battery/z-100Battery/batteryPack'
[LOG 15:08:03.130] PartLoader: Compiling Part 'Squad/Parts/Electrical/z-1kBattery/z-1kBattery/batteryBank'
[LOG 15:08:03.132] PartLoader: Compiling Part 'Squad/Parts/Electrical/z-200Battery/z-200Battery/batteryBankMini'
[LOG 15:08:03.133] PartLoader: Compiling Part 'Squad/Parts/Electrical/z-400Battery/z-400Battery/ksp_r_largeBatteryPack'
[LOG 15:08:03.138] PartLoader: Compiling Part 'Squad/Parts/Electrical/z-4kBattery/z-4kBattery/batteryBankLarge'
[LOG 15:08:03.139] PartLoader: Compiling Part 'Squad/Parts/Engine/ionEngine/ionEngine/ionEngine'
[LOG 15:08:03.151] PartLoader: Compiling Part 'Squad/Parts/Engine/jetEngines/jetEngineAfterburning/turboJet'
[LOG 15:08:03.174] PartLoader: Compiling Part 'Squad/Parts/Engine/jetEngines/jetEngineBasic/JetEngine'
[LOG 15:08:03.180] PartLoader: Compiling Part 'Squad/Parts/Engine/jetEngines/jetEngineBig/turboFanSize2'
[LOG 15:08:03.187] PartLoader: Compiling Part 'Squad/Parts/Engine/jetEngines/jetEngineTurbo/turboFanEngine'
[LOG 15:08:03.195] PartLoader: Compiling Part 'Squad/Parts/Engine/liquidEngine24-77/liquidEngine24-77/smallRadialEngine'
[LOG 15:08:03.200] PartLoader: Compiling Part 'Squad/Parts/Engine/liquidEngine24-77_v2/liquidEngine24-77_v2/smallRadialEngine_v2'
[LOG 15:08:03.213] PartLoader: Compiling Part 'Squad/Parts/Engine/liquidEngine48-7S_v2/liquidEngine48-7S_v2/liquidEngineMini_v2'
[LOG 15:08:03.219] PartLoader: Compiling Part 'Squad/Parts/Engine/liquidEngineAerospike/liquidEngineAerospike/toroidalAerospike'
[LOG 15:08:03.229] PartLoader: Compiling Part 'Squad/Parts/Engine/liquidEngineLV-1_v2/liquidEngineLV-1R _v2/radialEngineMini_v2'
[LOG 15:08:03.234] PartLoader: Compiling Part 'Squad/Parts/Engine/liquidEngineLV-1_v2/liquidEngineLV-1_v2/microEngine_v2'
[LOG 15:08:03.239] PartLoader: Compiling Part 'Squad/Parts/Engine/liquidEngineLV-909_v2/liquidEngineLV-909_v2/liquidEngine3_v2'
[LOG 15:08:03.246] PartLoader: Compiling Part 'Squad/Parts/Engine/liquidEngineLV-N/liquidEngineLV-N/nuclearEngine'
[LOG 15:08:03.250] PartLoader: Compiling Part 'Squad/Parts/Engine/liquidEngineLV-T30/liquidEngineLV-T30/liquidEngine'
[LOG 15:08:03.255] PartLoader: Compiling Part 'Squad/Parts/Engine/liquidEngineLV-T30_v2/liquidEngineLV-T30_v2/liquidEngine_v2'
[LOG 15:08:03.259] PartLoader: Compiling Part 'Squad/Parts/Engine/liquidEngineLV-T45/liquidEngineLV-T45/liquidEngine2'
[LOG 15:08:03.263] PartLoader: Compiling Part 'Squad/Parts/Engine/liquidEngineLV-T45_v2/liquidEngineLV-T45_v2/liquidEngine2_v2'
[LOG 15:08:03.270] PartLoader: Compiling Part 'Squad/Parts/Engine/liquidEngineMainsail_v2/liquidEngineMainsail_v2/liquidEngineMainsail_v2'
[LOG 15:08:03.276] PartLoader: Compiling Part 'Squad/Parts/Engine/liquidEngineMk55/liquidEngineMk55/radialLiquidEngine1-2'
[LOG 15:08:03.281] PartLoader: Compiling Part 'Squad/Parts/Engine/liquidEnginePoodle_v2/liquidEnginePoodle_v2/liquidEngine2-2_v2'
[LOG 15:08:03.287] PartLoader: Compiling Part 'Squad/Parts/Engine/liquidEngineSkipper_v2/skipperLiquidEngine_v2/engineLargeSkipper_v2'
[LOG 15:08:03.293] PartLoader: Compiling Part 'Squad/Parts/Engine/liquidEngineSSME/SSME/SSME'
[LOG 15:08:03.297] PartLoader: Compiling Part 'Squad/Parts/Engine/MassiveSRB/part/MassiveBooster'
[LOG 15:08:03.302] PartLoader: Compiling Part 'Squad/Parts/Engine/miniJet/SmallJetEngine/miniJetEngine'
[LOG 15:08:03.307] PartLoader: Compiling Part 'Squad/Parts/Engine/OMSEngine/omsEngine/omsEngine'
[LOG 15:08:03.310] PartLoader: Compiling Part 'Squad/Parts/Engine/rapierEngine/rapierEngine/RAPIER'
[LOG 15:08:03.319] PartLoader: Compiling Part 'Squad/Parts/Engine/Size1_SRBs/solidBoosterRT-10_v2/solidBooster_v2'
[LOG 15:08:03.324] PartLoader: Compiling Part 'Squad/Parts/Engine/Size1_SRBs/solidBoosterRT-5_v2/solidBooster_sm_v2'
[LOG 15:08:03.329] PartLoader: Compiling Part 'Squad/Parts/Engine/Size2LFB/part/Size2LFB'
[LOG 15:08:03.334] PartLoader: Compiling Part 'Squad/Parts/Engine/Size2LFB_v2/part/Size2LFB_v2'
[LOG 15:08:03.338] PartLoader: Compiling Part 'Squad/Parts/Engine/Size3AdvancedEngine/part/Size3AdvancedEngine'
[LOG 15:08:03.343] PartLoader: Compiling Part 'Squad/Parts/Engine/Size3EngineCluster/part/Size3EngineCluster'
[LOG 15:08:03.349] PartLoader: Compiling Part 'Squad/Parts/Engine/solidBoosterBACC/solidBoosterBACC/solidBooster1-1'
[LOG 15:08:03.353] PartLoader: Compiling Part 'Squad/Parts/Engine/solidBoosterS2-17/solidBoosterS2-17/Thoroughbred'
[LOG 15:08:03.358] PartLoader: Compiling Part 'Squad/Parts/Engine/solidBoosterS2-33/solidBoosterS2-33/Clydesdale'
[LOG 15:08:03.362] PartLoader: Compiling Part 'Squad/Parts/Engine/solidBoosterSep/solidBoosterSep/sepMotor1'
[LOG 15:08:03.364] [ModuleCargoPart]: Setting stackableQuantity to 1 as sepMotor1 contains resources
[LOG 15:08:03.366] PartLoader: Compiling Part 'Squad/Parts/Engine/SolidBoostersF/SolidBoosterF3S0/Shrimp'
[LOG 15:08:03.371] PartLoader: Compiling Part 'Squad/Parts/Engine/SolidBoostersF/SolidBoosterFM1/Mite'
[LOG 15:08:03.375] PartLoader: Compiling Part 'Squad/Parts/FuelTank/adapterTanks/Mk3-Mk2/adapterMk3-Mk2'
[LOG 15:08:03.376] PartLoader: Compiling Part 'Squad/Parts/FuelTank/adapterTanks/Mk3-ShuttleAdapter/adapterEngines'
[LOG 15:08:03.377] PartLoader: Compiling Part 'Squad/Parts/FuelTank/adapterTanks/Mk3-Size2/adapterMk3-Size2'
[LOG 15:08:03.378] PartLoader: Compiling Part 'Squad/Parts/FuelTank/adapterTanks/Mk3-Size2Slant/adapterMk3-Size2Slant'
[LOG 15:08:03.380] PartLoader: Compiling Part 'Squad/Parts/FuelTank/adapterTanks/Size2-Mk2/adapterSize2-Mk2'
[LOG 15:08:03.381] PartLoader: Compiling Part 'Squad/Parts/FuelTank/adapterTanks/Size2-Size1/adapterSize2-Size1'
[LOG 15:08:03.383] PartLoader: Compiling Part 'Squad/Parts/FuelTank/adapterTanks/Size2-Size1Slant/adapterSize2-Size1Slant'
[LOG 15:08:03.384] PartLoader: Compiling Part 'Squad/Parts/FuelTank/adapterTanks/Size3-Mk3/adapterSize3-Mk3'
[LOG 15:08:03.386] PartLoader: Compiling Part 'Squad/Parts/FuelTank/drainTankFTE-1/ReleaseValve/ReleaseValve'
[LOG 15:08:03.395] PartLoader: Compiling Part 'Squad/Parts/FuelTank/FoilTanks/RadialTank_Capsule/externalTankCapsule'
[LOG 15:08:03.397] PartLoader: Compiling Part 'Squad/Parts/FuelTank/FoilTanks/RadialTank_Round/externalTankRound'
[LOG 15:08:03.398] PartLoader: Compiling Part 'Squad/Parts/FuelTank/FoilTanks/ToroidTank/externalTankToroid'
[LOG 15:08:03.400] PartLoader: Compiling Part 'Squad/Parts/FuelTank/fuelTankOscarB/fuelTankOscarB/miniFuelTank'
[LOG 15:08:03.402] PartLoader: Compiling Part 'Squad/Parts/FuelTank/miniFuselage/miniFuselage/miniFuselage'
[LOG 15:08:03.403] PartLoader: Compiling Part 'Squad/Parts/FuelTank/mk2Adapters/bicoupler/mk2_1m_Bicoupler'
[LOG 15:08:03.405] PartLoader: Compiling Part 'Squad/Parts/FuelTank/mk2Adapters/long/mk2_1m_AdapterLong'
[LOG 15:08:03.407] PartLoader: Compiling Part 'Squad/Parts/FuelTank/mk2Adapters/standard/mk2SpacePlaneAdapter'
[LOG 15:08:03.409] PartLoader: Compiling Part 'Squad/Parts/FuelTank/mk2FuselageLong/LFO_long/mk2FuselageLongLFO'
[LOG 15:08:03.411] PartLoader: Compiling Part 'Squad/Parts/FuelTank/mk2FuselageLong/L_long/mk2Fuselage'
[LOG 15:08:03.413] PartLoader: Compiling Part 'Squad/Parts/FuelTank/mk2FuselageShort/LFO_short/mk2FuselageShortLFO'
[LOG 15:08:03.415] PartLoader: Compiling Part 'Squad/Parts/FuelTank/mk2FuselageShort/L_short/mk2FuselageShortLiquid'
[LOG 15:08:03.416] PartLoader: Compiling Part 'Squad/Parts/FuelTank/mk2FuselageShort/Mono_short/mk2FuselageShortMono'
[LOG 15:08:03.417] PartLoader: Compiling Part 'Squad/Parts/FuelTank/mk3Fuselage/CREW/mk3CrewCabin'
[LOG 15:08:03.422] PartLoader: Compiling Part 'Squad/Parts/FuelTank/mk3Fuselage/LFO_100/mk3FuselageLFO_100'
[LOG 15:08:03.424] PartLoader: Compiling Part 'Squad/Parts/FuelTank/mk3Fuselage/LFO_25/mk3FuselageLFO_25'
[LOG 15:08:03.425] PartLoader: Compiling Part 'Squad/Parts/FuelTank/mk3Fuselage/LFO_50/mk3FuselageLFO_50'
[LOG 15:08:03.426] PartLoader: Compiling Part 'Squad/Parts/FuelTank/mk3Fuselage/LF_100/mk3FuselageLF_100'
[LOG 15:08:03.427] PartLoader: Compiling Part 'Squad/Parts/FuelTank/mk3Fuselage/LF_25/mk3FuselageLF_25'
[LOG 15:08:03.429] PartLoader: Compiling Part 'Squad/Parts/FuelTank/mk3Fuselage/LF_50/mk3FuselageLF_50'
[LOG 15:08:03.430] PartLoader: Compiling Part 'Squad/Parts/FuelTank/mk3Fuselage/MONO/mk3FuselageMONO'
[LOG 15:08:03.431] PartLoader: Compiling Part 'Squad/Parts/FuelTank/RCSFuelTankR1/RCSFuelTankR1/RCSTank1-2'
[LOG 15:08:03.433] PartLoader: Compiling Part 'Squad/Parts/FuelTank/RCSFuelTankR10/RCSFuelTankR10/rcsTankMini'
[LOG 15:08:03.434] PartLoader: Compiling Part 'Squad/Parts/FuelTank/RCSFuelTankR25/RCSFuelTankR25/RCSFuelTank'
[LOG 15:08:03.436] PartLoader: Compiling Part 'Squad/Parts/FuelTank/RCSTankRadial/radialRCSTank/radialRCSTank'
[LOG 15:08:03.437] PartLoader: Compiling Part 'Squad/Parts/FuelTank/RCStankRadialLong/RCSTankRadialLong/rcsTankRadialLong'
[LOG 15:08:03.438] PartLoader: Compiling Part 'Squad/Parts/FuelTank/RockomaxTanks/Rockomax16/Rockomax16_BW'
[LOG 15:08:03.440] PartLoader: Compiling Part 'Squad/Parts/FuelTank/RockomaxTanks/Rockomax32/Rockomax32_BW'
[LOG 15:08:03.442] PartLoader: Compiling Part 'Squad/Parts/FuelTank/RockomaxTanks/Rockomax64/Rockomax64_BW'
[LOG 15:08:03.444] PartLoader: Compiling Part 'Squad/Parts/FuelTank/RockomaxTanks/Rockomax8/Rockomax8BW'
[LOG 15:08:03.446] PartLoader: Compiling Part 'Squad/Parts/FuelTank/Size1_Tanks/fuelTankT100/fuelTankSmallFlat'
[LOG 15:08:03.448] PartLoader: Compiling Part 'Squad/Parts/FuelTank/Size1_Tanks/fuelTankT200/fuelTankSmall'
[LOG 15:08:03.450] PartLoader: Compiling Part 'Squad/Parts/FuelTank/Size1_Tanks/fuelTankT400/fuelTank'
[LOG 15:08:03.452] PartLoader: Compiling Part 'Squad/Parts/FuelTank/Size1_Tanks/fuelTankT800/fuelTank_long'
[LOG 15:08:03.454] PartLoader: Compiling Part 'Squad/Parts/FuelTank/Size3Tanks/large/Size3LargeTank'
[LOG 15:08:03.457] PartLoader: Compiling Part 'Squad/Parts/FuelTank/Size3Tanks/medium/Size3MediumTank'
[LOG 15:08:03.459] PartLoader: Compiling Part 'Squad/Parts/FuelTank/Size3Tanks/small/Size3SmallTank'
[LOG 15:08:03.461] PartLoader: Compiling Part 'Squad/Parts/FuelTank/xenonTank/xenonTank/xenonTank'
[LOG 15:08:03.462] PartLoader: Compiling Part 'Squad/Parts/FuelTank/xenonTankLarge/xenonTankLarge/xenonTankLarge'
[LOG 15:08:03.464] PartLoader: Compiling Part 'Squad/Parts/FuelTank/xenonTankRadial/xenonTankRadial/xenonTankRadial'
[LOG 15:08:03.465] PartLoader: Compiling Part 'Squad/Parts/Misc/AsteroidDay/CamSat/InfraredTelescope'
[LOG 15:08:03.470] PartLoader: Compiling Part 'Squad/Parts/Misc/AsteroidDay/HECS2/HECS2_ProbeCore'
[LOG 15:08:03.474] PartLoader: Compiling Part 'Squad/Parts/Misc/AsteroidDay/HighGainAntenna/HighGainAntenna'
[LOG 15:08:03.479] PartLoader: Compiling Part 'Squad/Parts/Misc/AsteroidDay/LgRadialSolar/LgRadialSolarPanel'
[LOG 15:08:03.481] PartLoader: Compiling Part 'Squad/Parts/Misc/PotatoComet/part/PotatoComet'
[LOG 15:08:03.489] PartLoader: Compiling Part 'Squad/Parts/Misc/PotatoRoid/part/PotatoRoid'
[LOG 15:08:03.495] PartLoader: Compiling Part 'Squad/Parts/Prebuilt/flag/flag'
[LOG 15:08:03.497] PartLoader: Compiling Part 'Squad/Parts/Prebuilt/kerbalEVA/kerbalEVA'
[LOG 15:08:03.509] PartLoader: Compiling Part 'Squad/Parts/Prebuilt/kerbalEVAfemale/kerbalEVAfemale'
[LOG 15:08:03.513] PartLoader: Compiling Part 'Squad/Parts/Prebuilt/kerbalEVASlimSuit/kerbalEVASlimSuit'
[LOG 15:08:03.516] PartLoader: Compiling Part 'Squad/Parts/Prebuilt/kerbalEVASlimSuitFemale/kerbalEVASlimSuitFemale'
[LOG 15:08:03.520] PartLoader: Compiling Part 'Squad/Parts/Resources/FuelCell/FuelCell/FuelCell'
[LOG 15:08:03.527] PartLoader: Compiling Part 'Squad/Parts/Resources/FuelCell/FuelCellArray/FuelCellArray'
[LOG 15:08:03.530] PartLoader: Compiling Part 'Squad/Parts/Resources/ISRU/ISRU/ISRU'
[LOG 15:08:03.536] PartLoader: Compiling Part 'Squad/Parts/Resources/LargeTank/LargeTank/LargeTank'
[LOG 15:08:03.539] PartLoader: Compiling Part 'Squad/Parts/Resources/MiniDrill/MiniDrill/MiniDrill'
[LOG 15:08:03.551] PartLoader: Compiling Part 'Squad/Parts/Resources/MiniISRU/MiniISRU/MiniISRU'
[LOG 15:08:03.557] PartLoader: Compiling Part 'Squad/Parts/Resources/OrbitalScanner/OrbitalScanner/OrbitalScanner'
[LOG 15:08:03.564] PartLoader: Compiling Part 'Squad/Parts/Resources/RadialDrill/RadialDrill/RadialDrill'
[LOG 15:08:03.569] PartLoader: Compiling Part 'Squad/Parts/Resources/RadialTank/RadialTank/RadialOreTank'
[LOG 15:08:03.571] PartLoader: Compiling Part 'Squad/Parts/Resources/SmallTank/SmallTank/SmallTank'
[LOG 15:08:03.572] PartLoader: Compiling Part 'Squad/Parts/Resources/SurfaceScanner/SurfaceScanner/SurfaceScanner'
[LOG 15:08:03.579] PartLoader: Compiling Part 'Squad/Parts/Resources/SurveyScanner/SurveyScanner/SurveyScanner'
[LOG 15:08:03.585] PartLoader: Compiling Part 'Squad/Parts/Science/AtmosphereSensor/sensorAtmosphere/sensorAtmosphere'
[LOG 15:08:03.592] PartLoader: Compiling Part 'Squad/Parts/Science/GooExperiment/gooExperiment/GooExperiment'
[LOG 15:08:03.595] PartLoader: Compiling Part 'Squad/Parts/Science/LargeCrewedLab/largeCrewedLab/Large_Crewed_Lab'
[LOG 15:08:03.606] PartLoader: Compiling Part 'Squad/Parts/Science/Magnetometer/Magnetometer/Magnetometer'
[LOG 15:08:03.611] PartLoader: Compiling Part 'Squad/Parts/Science/MaterialBay/materialBay/science_module'
[LOG 15:08:03.613] PartLoader: Compiling Part 'Squad/Parts/Science/ScienceBox/ScienceBox/ScienceBox'
[LOG 15:08:03.615] PartLoader: Compiling Part 'Squad/Parts/Science/sensorAccelerometer/sensorAccelerometer/sensorAccelerometer'
[LOG 15:08:03.620] PartLoader: Compiling Part 'Squad/Parts/Science/sensorBarometer/sensorBarometer/sensorBarometer'
[LOG 15:08:03.622] PartLoader: Compiling Part 'Squad/Parts/Science/sensorGravimeter/sensorGravimeter/sensorGravimeter'
[LOG 15:08:03.624] PartLoader: Compiling Part 'Squad/Parts/Science/sensorThermometer/sensorThermometer/sensorThermometer'
[LOG 15:08:03.626] PartLoader: Compiling Part 'Squad/Parts/Structural/FLAdapters/adapterSmallMiniShort/adapterSmallMiniShort'
[LOG 15:08:03.628] PartLoader: Compiling Part 'Squad/Parts/Structural/FLAdapters/adapterSmallMiniTall/adapterSmallMiniTall'
[LOG 15:08:03.630] PartLoader: Compiling Part 'Squad/Parts/Structural/mk1Parts/engineBodyRadial/radialEngineBody'
[LOG 15:08:03.632] PartLoader: Compiling Part 'Squad/Parts/Structural/mk1Parts/engineNacelle/nacelleBody'
[LOG 15:08:03.634] PartLoader: Compiling Part 'Squad/Parts/Structural/mk1Parts/mk1Fuselage/MK1Fuselage'
[LOG 15:08:03.635] PartLoader: Compiling Part 'Squad/Parts/Structural/mk1Parts/mk1FuselageIntake/MK1IntakeFuselage'
[LOG 15:08:03.637] PartLoader: Compiling Part 'Squad/Parts/Structural/mk1Parts/mk1Structural/Mk1FuselageStructural'
[LOG 15:08:03.638] PartLoader: Compiling Part 'Squad/Parts/Structural/Size3To2Adapter_v2/Size2to3_v2/Size3To2Adapter_v2'
[LOG 15:08:03.639] PartLoader: Compiling Part 'Squad/Parts/Structural/stackAdapters/adapterLargeSmallBi/adapterLargeSmallBi'
[LOG 15:08:03.642] PartLoader: Compiling Part 'Squad/Parts/Structural/stackAdapters/adapterLargeSmallQuad/adapterLargeSmallQuad'
[LOG 15:08:03.644] PartLoader: Compiling Part 'Squad/Parts/Structural/stackAdapters/adapterLargeSmallTri/adapterLargeSmallTri'
[LOG 15:08:03.646] PartLoader: Compiling Part 'Squad/Parts/Structural/stationHub/stationHub/stationHub'
[LOG 15:08:03.647] PartLoader: Compiling Part 'Squad/Parts/Structural/structuralIBeam200/structuralIBeam200/structuralIBeam2'
[LOG 15:08:03.649] PartLoader: Compiling Part 'Squad/Parts/Structural/structuralIBeam200Pocket/structuralIBeam200Pocket/structuralIBeam3'
[LOG 15:08:03.651] PartLoader: Compiling Part 'Squad/Parts/Structural/structuralIBeam650/structuralIBeam650/structuralIBeam1'
[LOG 15:08:03.652] PartLoader: Compiling Part 'Squad/Parts/Structural/structuralMicronode/structuralMicronode/structuralMiniNode'
[LOG 15:08:03.653] PartLoader: Compiling Part 'Squad/Parts/Structural/structuralPanel1x1/structuralPanel1x1/structuralPanel1'
[LOG 15:08:03.655] PartLoader: Compiling Part 'Squad/Parts/Structural/structuralPanel2x2/structuralPanel2x2/structuralPanel2'
[LOG 15:08:03.656] PartLoader: Compiling Part 'Squad/Parts/Structural/structuralPylons/smallHardpoint/smallHardpoint'
[LOG 15:08:03.658] PartLoader: Compiling Part 'Squad/Parts/Structural/structuralPylons/structuralPylon/structuralPylon'
[LOG 15:08:03.660] PartLoader: Compiling Part 'Squad/Parts/Structural/strutCubicOcto/strutCubicOcto/strutCube'
[LOG 15:08:03.662] PartLoader: Compiling Part 'Squad/Parts/Structural/strutOcto/strutOcto/strutOcto'
[LOG 15:08:03.664] PartLoader: Compiling Part 'Squad/Parts/Structural/trussGirderAdapter/trussGirderAdapter/trussAdapter'
[LOG 15:08:03.665] PartLoader: Compiling Part 'Squad/Parts/Structural/trussGirderL/trussGirderL/trussPiece1x'
[LOG 15:08:03.667] PartLoader: Compiling Part 'Squad/Parts/Structural/trussGirderXL/trussGirderXL/trussPiece3x'
[LOG 15:08:03.668] PartLoader: Compiling Part 'Squad/Parts/Thermal/FoldingRadiators/foldingRadLarge/foldingRadLarge'
[LOG 15:08:03.677] PartLoader: Compiling Part 'Squad/Parts/Thermal/FoldingRadiators/foldingRadMed/foldingRadMed'
[LOG 15:08:03.681] PartLoader: Compiling Part 'Squad/Parts/Thermal/FoldingRadiators/foldingRadSmall/foldingRadSmall'
[LOG 15:08:03.685] PartLoader: Compiling Part 'Squad/Parts/Thermal/RadiatorPanels/radPanelEdge/radPanelEdge'
[LOG 15:08:03.688] PartLoader: Compiling Part 'Squad/Parts/Thermal/RadiatorPanels/radPanelLg/radPanelLg'
[LOG 15:08:03.691] PartLoader: Compiling Part 'Squad/Parts/Thermal/RadiatorPanels/radPanelSm/radPanelSm'
[LOG 15:08:03.693] PartLoader: Compiling Part 'Squad/Parts/Utility/commDish88-88/commDish88-88/commDish'
[LOG 15:08:03.698] PartLoader: Compiling Part 'Squad/Parts/Utility/commsAntennaDTS-M1/commsAntennaDTS-M1/mediumDishAntenna'
[LOG 15:08:03.703] PartLoader: Compiling Part 'Squad/Parts/Utility/commsDish16/commsAntenna16/longAntenna'
[LOG 15:08:03.707] PartLoader: Compiling Part 'Squad/Parts/Utility/decouplerRadialHDM/decouplerRadialHDM/radialDecoupler1-2'
[LOG 15:08:03.716] PartLoader: Compiling Part 'Squad/Parts/Utility/decouplerRadialTT-38K/decouplerRadialTT-38K/radialDecoupler'
[LOG 15:08:03.718] PartLoader: Compiling Part 'Squad/Parts/Utility/decouplerRadialTT-70/decouplerRadialTT-70/radialDecoupler2'
[LOG 15:08:03.720] PartLoader: Compiling Part 'Squad/Parts/Utility/DirectAntennas/C16S/SurfAntenna'
[LOG 15:08:03.723] PartLoader: Compiling Part 'Squad/Parts/Utility/DirectAntennas/HG-5/HighGainAntenna5'
[LOG 15:08:03.728] PartLoader: Compiling Part 'Squad/Parts/Utility/DirectAntennas/HG-5_v2/HighGainAntenna5_v2'
[LOG 15:08:03.732] PartLoader: Compiling Part 'Squad/Parts/Utility/dockingPort/dockingPort/dockingPort2'
[LOG 15:08:03.741] PartLoader: Compiling Part 'Squad/Parts/Utility/dockingPortInline/dockingPortInline/dockingPortLateral'
[LOG 15:08:03.744] PartLoader: Compiling Part 'Squad/Parts/Utility/dockingPortJr/dockingPortJr/dockingPort3'
[LOG 15:08:03.746] PartLoader: Compiling Part 'Squad/Parts/Utility/dockingPortShielded/dockingPortShielded/dockingPort1'
[LOG 15:08:03.749] PartLoader: Compiling Part 'Squad/Parts/Utility/dockingPortSr/dockingPortSr/dockingPortLarge'
[LOG 15:08:03.751] PartLoader: Compiling Part 'Squad/Parts/Utility/Fireworks/fireworksLauncherBig/fireworksLauncherBig'
[LOG 15:08:03.765] PartLoader: Compiling Part 'Squad/Parts/Utility/Fireworks/fireworksLauncherSmall/fireworksLauncherSmall'
[LOG 15:08:03.770] PartLoader: Compiling Part 'Squad/Parts/Utility/flags/flagFlat/flagFlat/flagPartFlat'
[LOG 15:08:03.776] PartLoader: Compiling Part 'Squad/Parts/Utility/flags/flagSize0/flagSize0/flagPartSize0'
[LOG 15:08:03.781] PartLoader: Compiling Part 'Squad/Parts/Utility/flags/flagSize1/flagSize1/flagPartSize1'
[LOG 15:08:03.784] PartLoader: Compiling Part 'Squad/Parts/Utility/flags/flagSize2/flagSize2/flagPartSize2'
[LOG 15:08:03.787] PartLoader: Compiling Part 'Squad/Parts/Utility/flags/flagSize3/flagSize3/flagPartSize3'
[LOG 15:08:03.791] PartLoader: Compiling Part 'Squad/Parts/Utility/GrapplingDevice/part/GrapplingDevice'
[LOG 15:08:03.804] PartLoader: Compiling Part 'Squad/Parts/Utility/ladderRadial/ladderRadial/ladder1'
[LOG 15:08:03.807] PartLoader: Compiling Part 'Squad/Parts/Utility/ladderTelescopic/ladderTelescopic/telescopicLadder'
[LOG 15:08:03.817] PartLoader: Compiling Part 'Squad/Parts/Utility/ladderTelescopicBay/ladderTelescopicBay/telescopicLadderBay'
[LOG 15:08:03.825] PartLoader: Compiling Part 'Squad/Parts/Utility/landingLegLT-1/landingLegLT-1/landingLeg1'
[LOG 15:08:03.844] PartLoader: Compiling Part 'Squad/Parts/Utility/landingLegLT-2/landingLegLT-2/landingLeg1-2'
[LOG 15:08:03.848] PartLoader: Compiling Part 'Squad/Parts/Utility/landingLegLT-5/landingLegLT-5/miniLandingLeg'
[LOG 15:08:03.851] PartLoader: Compiling Part 'Squad/Parts/Utility/launchClamp1/launchClamp1/launchClamp1'
[LOG 15:08:03.855] PartLoader: Compiling Part 'Squad/Parts/Utility/launchEscapeSystem/part/LaunchEscapeSystem'
[LOG 15:08:03.859] PartLoader: Compiling Part 'Squad/Parts/Utility/Lights/domeLight1/domeLight1'
[LOG 15:08:03.862] PartLoader: Compiling Part 'Squad/Parts/Utility/Lights/groundLight1/groundLight1'
[LOG 15:08:03.864] PartLoader: Compiling Part 'Squad/Parts/Utility/Lights/groundLight2/groundLight2'
[LOG 15:08:03.867] PartLoader: Compiling Part 'Squad/Parts/Utility/Lights/navLight1/navLight1'
[LOG 15:08:03.870] PartLoader: Compiling Part 'Squad/Parts/Utility/Lights/spotLight1/spotLight3'
[LOG 15:08:03.874] PartLoader: Compiling Part 'Squad/Parts/Utility/Lights/stripLight1/stripLight1'
[LOG 15:08:03.878] PartLoader: Compiling Part 'Squad/Parts/Utility/linearVernorRCS/linearRCS/linearRcs'
[LOG 15:08:03.883] PartLoader: Compiling Part 'Squad/Parts/Utility/linearVernorRCS/vernorEngine/vernierEngine'
[LOG 15:08:03.886] PartLoader: Compiling Part 'Squad/Parts/Utility/mk2CargoBay/BayL/mk2CargoBayL'
[LOG 15:08:03.888] PartLoader: Compiling Part 'Squad/Parts/Utility/mk2CargoBay/BayS/mk2CargoBayS'
[LOG 15:08:03.890] PartLoader: Compiling Part 'Squad/Parts/Utility/mk2CrewCabin/mk2CrewCabin/mk2CrewCabin'
[WRN 15:08:03.891] [Part]: Cannot have ModuleCargoPart and ModuleInventoryPart on same Part [mk2CrewCabin'. Removed ModuleCargoPart
[LOG 15:08:03.893] PartLoader: Compiling Part 'Squad/Parts/Utility/mk2DockingPort/mk2DockingPort/mk2DockingPort'
[LOG 15:08:03.896] PartLoader: Compiling Part 'Squad/Parts/Utility/mk3CargoBay/long/mk3CargoBayL'
[LOG 15:08:03.900] PartLoader: Compiling Part 'Squad/Parts/Utility/mk3CargoBay/medium/mk3CargoBayM'
[LOG 15:08:03.901] PartLoader: Compiling Part 'Squad/Parts/Utility/mk3CargoBay/ramp/mk3CargoRamp'
[LOG 15:08:03.905] PartLoader: Compiling Part 'Squad/Parts/Utility/mk3CargoBay/short/mk3CargoBayS'
[LOG 15:08:03.906] PartLoader: Compiling Part 'Squad/Parts/Utility/parachuteMk1/parachuteMk1/parachuteSingle'
[LOG 15:08:03.914] PartLoader: Compiling Part 'Squad/Parts/Utility/parachuteMk12-R/parachuteMk12-R/radialDrogue'
[LOG 15:08:03.917] PartLoader: Compiling Part 'Squad/Parts/Utility/parachuteMk16-XL/parachuteMk16-XL/parachuteLarge'
[LOG 15:08:03.920] PartLoader: Compiling Part 'Squad/Parts/Utility/parachuteMk2-R/parachuteMk2-R/parachuteRadial'
[LOG 15:08:03.923] PartLoader: Compiling Part 'Squad/Parts/Utility/parachuteMk25/parachuteMk25/parachuteDrogue'
[LOG 15:08:03.925] PartLoader: Compiling Part 'Squad/Parts/Utility/radialAttachmentPoint/radialAttachmentPoint/stackPoint1'
[LOG 15:08:03.927] PartLoader: Compiling Part 'Squad/Parts/Utility/rcsBlockRV-105_v2/rcsBlockRV-105/RCSBlock_v2'
[LOG 15:08:03.933] PartLoader: Compiling Part 'Squad/Parts/Utility/rcsBlockRV-105_v2/RCSblock_01_small/RCSblock_01_small'
[LOG 15:08:03.937] PartLoader: Compiling Part 'Squad/Parts/Utility/rcsSmallLinear/RCSLinearSmall/RCSLinearSmall'
[LOG 15:08:03.940] PartLoader: Compiling Part 'Squad/Parts/Utility/RelayAntennas/RA-100/RelayAntenna100'
[LOG 15:08:03.942] PartLoader: Compiling Part 'Squad/Parts/Utility/RelayAntennas/RA-5/RelayAntenna5'
[LOG 15:08:03.944] PartLoader: Compiling Part 'Squad/Parts/Utility/RelayAntennas/RA-50/RelayAntenna50'
[LOG 15:08:03.947] PartLoader: Compiling Part 'Squad/Parts/Utility/rockomaxAdapters/largeAdapter/largeAdapter'
[LOG 15:08:03.950] PartLoader: Compiling Part 'Squad/Parts/Utility/rockomaxAdapters/largeAdapterShort/largeAdapter2'
[LOG 15:08:03.951] PartLoader: Compiling Part 'Squad/Parts/Utility/ServiceBay_v2/ServiceBay_125_v2/ServiceBay_125_v2'
[LOG 15:08:03.954] PartLoader: Compiling Part 'Squad/Parts/Utility/ServiceBay_v2/ServiceBay_250_v2/ServiceBay_250_v2'
[LOG 15:08:03.956] PartLoader: Compiling Part 'Squad/Parts/Utility/smallClaw/smallClaw/smallClaw'
[LOG 15:08:03.961] PartLoader: Compiling Part 'Squad/Parts/Utility/spotLightMk1/spotLightMk1/spotLight1'
[LOG 15:08:03.964] PartLoader: Compiling Part 'Squad/Parts/Utility/spotLightMk1_v2/spotLightMk1_v2/spotLight1_v2'
[LOG 15:08:03.967] PartLoader: Compiling Part 'Squad/Parts/Utility/spotLightMk2/spotLightMk2/spotLight2'
[LOG 15:08:03.971] PartLoader: Compiling Part 'Squad/Parts/Utility/spotLightMk2_v2/spotLightMk2_v2/spotLight2_v2'
[LOG 15:08:03.974] PartLoader: Compiling Part 'Squad/Parts/Utility/stackCouplers/stackBiCoupler_v2/stackBiCoupler_v2'
[LOG 15:08:03.977] PartLoader: Compiling Part 'Squad/Parts/Utility/stackCouplers/stackQuadCoupler/stackQuadCoupler'
[LOG 15:08:03.979] PartLoader: Compiling Part 'Squad/Parts/Utility/stackCouplers/stackTriCoupler_v2/stackTriCoupler_v2'
[LOG 15:08:03.982] PartLoader: Compiling Part 'Squad/Parts/Wheel/LandingGear/GearExtraLarge/GearLarge'
[LOG 15:08:03.991] PartLoader: Compiling Part 'Squad/Parts/Wheel/LandingGear/GearFixed/GearFixed'
[LOG 15:08:03.994] PartLoader: Compiling Part 'Squad/Parts/Wheel/LandingGear/GearFree/GearFree'
[LOG 15:08:03.999] PartLoader: Compiling Part 'Squad/Parts/Wheel/LandingGear/GearLarge/GearMedium'
[LOG 15:08:04.004] PartLoader: Compiling Part 'Squad/Parts/Wheel/LandingGear/GearMedium/GearSmall'
[LOG 15:08:04.010] PartLoader: Compiling Part 'Squad/Parts/Wheel/LandingGear/GearSmall/SmallGearBay'
[LOG 15:08:04.017] PartLoader: Compiling Part 'Squad/Parts/Wheel/roverWheelM1/roverWheelM1/roverWheel1'
[LOG 15:08:04.025] PartLoader: Compiling Part 'Squad/Parts/Wheel/roverWheelS2/roverWheelS2/roverWheel2'
[LOG 15:08:04.029] PartLoader: Compiling Part 'Squad/Parts/Wheel/roverWheelTR-2L/roverWheelTR-2L/wheelMed'
[LOG 15:08:04.033] PartLoader: Compiling Part 'Squad/Parts/Wheel/roverWheelXL3/roverWheelXL3/roverWheel3'
[LOG 15:08:04.038] PartLoader: Compiling Part 'SquadExpansion/MakingHistory/Parts/Aero/protectiveRocketNoseMk16/rocketNoseCone_size4/rocketNoseConeSize4'
[LOG 15:08:04.039] PartLoader: Compiling Part 'SquadExpansion/MakingHistory/Parts/Aero/protectiveRocketNoseMk5A/Size_1_5_Cone/Size_1_5_Cone'
[LOG 15:08:04.040] PartLoader: Compiling Part 'SquadExpansion/MakingHistory/Parts/Coupling/Decoupler_1p5/Decoupler_1p5'
[LOG 15:08:04.043] PartLoader: Compiling Part 'SquadExpansion/MakingHistory/Parts/Coupling/Decoupler_4/Decoupler_4'
[LOG 15:08:04.046] PartLoader: Compiling Part 'SquadExpansion/MakingHistory/Parts/Coupling/EnginePlate_1p5/EnginePlate1p5'
[LOG 15:08:04.053] PartLoader: Compiling Part 'SquadExpansion/MakingHistory/Parts/Coupling/EnginePlate_2/EnginePlate2'
[LOG 15:08:04.057] PartLoader: Compiling Part 'SquadExpansion/MakingHistory/Parts/Coupling/EnginePlate_3/EnginePlate3'
[LOG 15:08:04.060] PartLoader: Compiling Part 'SquadExpansion/MakingHistory/Parts/Coupling/EnginePlate_4/EnginePlate4'
[LOG 15:08:04.063] PartLoader: Compiling Part 'SquadExpansion/MakingHistory/Parts/Coupling/EnginePlate_5/EnginePlate5'
[LOG 15:08:04.066] PartLoader: Compiling Part 'SquadExpansion/MakingHistory/Parts/Coupling/InflatableAirlock/InflatableAirlock'
[LOG 15:08:04.070] PartLoader: Compiling Part 'SquadExpansion/MakingHistory/Parts/Coupling/Separator_1p5/Separator_1p5'
[LOG 15:08:04.073] PartLoader: Compiling Part 'SquadExpansion/MakingHistory/Parts/Coupling/Separator_4/Separator_4'
[LOG 15:08:04.075] PartLoader: Compiling Part 'SquadExpansion/MakingHistory/Parts/Coupling/Size1p5_Strut_Decoupler/Size1p5_Strut_Decoupler'
[LOG 15:08:04.077] PartLoader: Compiling Part 'SquadExpansion/MakingHistory/Parts/Engine/LiquidEngineKE-1/LiquidEngineKE-1'
[LOG 15:08:04.084] PartLoader: Compiling Part 'SquadExpansion/MakingHistory/Parts/Engine/LiquidEngineLV-T91/LiquidEngineLV-T91'
[LOG 15:08:04.089] PartLoader: Compiling Part 'SquadExpansion/MakingHistory/Parts/Engine/LiquidEngineLV-TX87/LiquidEngineLV-TX87'
[LOG 15:08:04.095] PartLoader: Compiling Part 'SquadExpansion/MakingHistory/Parts/Engine/LiquidEngineRE-I2/LiquidEngineRE-I2'
[LOG 15:08:04.101] PartLoader: Compiling Part 'SquadExpansion/MakingHistory/Parts/Engine/LiquidEngineRE-J10/LiquidEngineRE-J10'
[LOG 15:08:04.106] PartLoader: Compiling Part 'SquadExpansion/MakingHistory/Parts/Engine/LiquidEngineRK-7/LiquidEngineRK-7'
[LOG 15:08:04.111] PartLoader: Compiling Part 'SquadExpansion/MakingHistory/Parts/Engine/LiquidEngineRV-1/LiquidEngineRV-1'
[LOG 15:08:04.115] PartLoader: Compiling Part 'SquadExpansion/MakingHistory/Parts/Engine/solidBoosterTHK/solidBoosterTHK/Pollux'
[LOG 15:08:04.118] PartLoader: Compiling Part 'SquadExpansion/MakingHistory/Parts/FuelTank/MonoPropMini/monopropMiniSphere'
[LOG 15:08:04.119] PartLoader: Compiling Part 'SquadExpansion/MakingHistory/Parts/FuelTank/Size1p5_Monoprop/Size1p5_Monoprop'
[LOG 15:08:04.122] PartLoader: Compiling Part 'SquadExpansion/MakingHistory/Parts/FuelTank/Size1p5_Size0_Adapter_01/Size1p5_Size0_Adapter_01'
[LOG 15:08:04.125] PartLoader: Compiling Part 'SquadExpansion/MakingHistory/Parts/FuelTank/Size1p5_Size1_Adapter_01/Size1p5_Size1_Adapter_01'
[LOG 15:08:04.127] PartLoader: Compiling Part 'SquadExpansion/MakingHistory/Parts/FuelTank/Size1p5_Size1_Adapter_02/Size1p5_Size1_Adapter_02'
[LOG 15:08:04.130] PartLoader: Compiling Part 'SquadExpansion/MakingHistory/Parts/FuelTank/Size1p5_Size2_Adapter_01/Size1p5_Size2_Adapter_01'
[LOG 15:08:04.131] PartLoader: Compiling Part 'SquadExpansion/MakingHistory/Parts/FuelTank/Size1p5_Tank_01/Size1p5_Tank_01'
[LOG 15:08:04.133] PartLoader: Compiling Part 'SquadExpansion/MakingHistory/Parts/FuelTank/Size1p5_Tank_02/Size1p5_Tank_02'
[LOG 15:08:04.135] PartLoader: Compiling Part 'SquadExpansion/MakingHistory/Parts/FuelTank/Size1p5_Tank_03/Size1p5_Tank_03'
[LOG 15:08:04.137] PartLoader: Compiling Part 'SquadExpansion/MakingHistory/Parts/FuelTank/Size1p5_Tank_04/Size1p5_Tank_04'
[LOG 15:08:04.138] PartLoader: Compiling Part 'SquadExpansion/MakingHistory/Parts/FuelTank/Size1p5_Tank_05/Size1p5_Tank_05'
[LOG 15:08:04.141] PartLoader: Compiling Part 'SquadExpansion/MakingHistory/Parts/FuelTank/Size3_Size4_Adapter_01/Size3_Size4_Adapter_01'
[LOG 15:08:04.142] PartLoader: Compiling Part 'SquadExpansion/MakingHistory/Parts/FuelTank/Size4_EngineAdapter_01/Size4_EngineAdapter_01'
[LOG 15:08:04.143] PartLoader: Compiling Part 'SquadExpansion/MakingHistory/Parts/FuelTank/Size4_Tank_01/Size4_Tank_01'
[LOG 15:08:04.145] PartLoader: Compiling Part 'SquadExpansion/MakingHistory/Parts/FuelTank/Size4_Tank_02/Size4_Tank_02'
[LOG 15:08:04.146] PartLoader: Compiling Part 'SquadExpansion/MakingHistory/Parts/FuelTank/Size4_Tank_03/Size4_Tank_03'
[LOG 15:08:04.147] PartLoader: Compiling Part 'SquadExpansion/MakingHistory/Parts/FuelTank/Size4_Tank_04/Size4_Tank_04'
[LOG 15:08:04.149] PartLoader: Compiling Part 'SquadExpansion/MakingHistory/Parts/Ground/RoverWheel/roverWheelM1-F'
[LOG 15:08:04.154] PartLoader: Compiling Part 'SquadExpansion/MakingHistory/Parts/Payload/fairingSize1p5/fairingSize1p5'
[LOG 15:08:04.160] PartLoader: Compiling Part 'SquadExpansion/MakingHistory/Parts/Payload/fairingSize4/fairingSize4'
[LOG 15:08:04.168] PartLoader: Compiling Part 'SquadExpansion/MakingHistory/Parts/Payload/Size1to0ServiceModule/Size1to0ServiceModule'
[LOG 15:08:04.173] PartLoader: Compiling Part 'SquadExpansion/MakingHistory/Parts/Payload/SM18/ServiceModule18'
[LOG 15:08:04.176] PartLoader: Compiling Part 'SquadExpansion/MakingHistory/Parts/Payload/SM25/ServiceModule25'
[LOG 15:08:04.179] PartLoader: Compiling Part 'SquadExpansion/MakingHistory/Parts/Pods/KV1Pod/kv1Pod'
[WRN 15:08:04.181] [Part]: Cannot have ModuleCargoPart and ModuleInventoryPart on same Part [kv1Pod'. Removed ModuleCargoPart
[LOG 15:08:04.184] PartLoader: Compiling Part 'SquadExpansion/MakingHistory/Parts/Pods/KV2Pod/kv2Pod'
[WRN 15:08:04.186] [Part]: Cannot have ModuleCargoPart and ModuleInventoryPart on same Part [kv2Pod'. Removed ModuleCargoPart
[LOG 15:08:04.190] PartLoader: Compiling Part 'SquadExpansion/MakingHistory/Parts/Pods/KV3Pod/kv3Pod'
[WRN 15:08:04.191] [Part]: Cannot have ModuleCargoPart and ModuleInventoryPart on same Part [kv3Pod'. Removed ModuleCargoPart
[LOG 15:08:04.195] PartLoader: Compiling Part 'SquadExpansion/MakingHistory/Parts/Pods/Mk2Pod/Mk2Pod'
[WRN 15:08:04.197] [Part]: Cannot have ModuleCargoPart and ModuleInventoryPart on same Part [Mk2Pod'. Removed ModuleCargoPart
[LOG 15:08:04.200] PartLoader: Compiling Part 'SquadExpansion/MakingHistory/Parts/Pods/Size1_5_Lander/MEMLander'
[WRN 15:08:04.204] [Part]: Cannot add ModuleCargoPart as this Part 'MEMLander' already has a ModuleInventoryPart PartModule and they are mutually exclusive.
[LOG 15:08:04.208] PartLoader: Compiling Part 'SquadExpansion/MakingHistory/Parts/Prebuilt/kerbalEVAfemaleVintage/kerbalEVAfemaleVintage'
[LOG 15:08:04.213] PartLoader: Compiling Part 'SquadExpansion/MakingHistory/Parts/Prebuilt/kerbalEVAVintage/kerbalEVAVintage'
[LOG 15:08:04.217] PartLoader: Compiling Part 'SquadExpansion/MakingHistory/Parts/Structural/EquiTriangle0/EquiTriangle0'
[LOG 15:08:04.222] PartLoader: Compiling Part 'SquadExpansion/MakingHistory/Parts/Structural/EquiTriangle1/EquiTriangle1'
[LOG 15:08:04.224] PartLoader: Compiling Part 'SquadExpansion/MakingHistory/Parts/Structural/EquiTriangle1p5/EquiTriangle1p5'
[LOG 15:08:04.226] PartLoader: Compiling Part 'SquadExpansion/MakingHistory/Parts/Structural/EquiTriangle2/EquiTriangle2'
[LOG 15:08:04.228] PartLoader: Compiling Part 'SquadExpansion/MakingHistory/Parts/Structural/Panel0/Panel0'
[LOG 15:08:04.230] PartLoader: Compiling Part 'SquadExpansion/MakingHistory/Parts/Structural/Panel1/Panel1'
[LOG 15:08:04.233] PartLoader: Compiling Part 'SquadExpansion/MakingHistory/Parts/Structural/Panel1p5/Panel1p5'
[LOG 15:08:04.235] PartLoader: Compiling Part 'SquadExpansion/MakingHistory/Parts/Structural/Panel2/Panel2'
[LOG 15:08:04.237] PartLoader: Compiling Part 'SquadExpansion/MakingHistory/Parts/Structural/Triangle0/Triangle0'
[LOG 15:08:04.239] PartLoader: Compiling Part 'SquadExpansion/MakingHistory/Parts/Structural/Triangle1/Triangle1'
[LOG 15:08:04.241] PartLoader: Compiling Part 'SquadExpansion/MakingHistory/Parts/Structural/Triangle1p5/Triangle1p5'
[LOG 15:08:04.243] PartLoader: Compiling Part 'SquadExpansion/MakingHistory/Parts/Structural/Triangle2/Triangle2'
[LOG 15:08:04.245] PartLoader: Compiling Part 'SquadExpansion/MakingHistory/Parts/Structural/Tube1/Tube1'
[LOG 15:08:04.247] PartLoader: Compiling Part 'SquadExpansion/MakingHistory/Parts/Structural/Tube1p5/Tube1p5'
[LOG 15:08:04.250] PartLoader: Compiling Part 'SquadExpansion/MakingHistory/Parts/Structural/Tube2/Tube2'
[LOG 15:08:04.252] PartLoader: Compiling Part 'SquadExpansion/MakingHistory/Parts/Structural/Tube3/Tube3'
[LOG 15:08:04.254] PartLoader: Compiling Part 'SquadExpansion/MakingHistory/Parts/Structural/Tube4/Tube4'
[LOG 15:08:04.255] PartLoader: Compiling Part 'SquadExpansion/MakingHistory/Parts/Thermal/HeatShield1p5/HeatShield1p5'
[LOG 15:08:04.260] PartLoader: Compiling Part 'SquadExpansion/MakingHistory/Parts/Utility/flags/flagSize1p5/flagSize1p5/flagPartSize1p5'
[LOG 15:08:04.264] PartLoader: Compiling Part 'SquadExpansion/MakingHistory/Parts/Utility/flags/flagSize4/flagSize4/flagPartSize4'
[LOG 15:08:04.269] PartLoader: Compiling Part 'SquadExpansion/Serenity/Parts/Aero/FanShroud_01/FanShroud_01'
[LOG 15:08:04.271] PartLoader: Compiling Part 'SquadExpansion/Serenity/Parts/Aero/FanShroud_02/FanShroud_02'
[LOG 15:08:04.273] PartLoader: Compiling Part 'SquadExpansion/Serenity/Parts/Aero/FanShroud_03/FanShroud_03'
[LOG 15:08:04.275] PartLoader: Compiling Part 'SquadExpansion/Serenity/Parts/Aero/noseconeTiny/noseconeTiny'
[LOG 15:08:04.276] PartLoader: Compiling Part 'SquadExpansion/Serenity/Parts/Aero/noseconeVS/noseconeVS'
[LOG 15:08:04.277] PartLoader: Compiling Part 'SquadExpansion/Serenity/Parts/DeployedScience/centralStation/DeployedCentralStation'
[LOG 15:08:04.285] PartLoader: Compiling Part 'SquadExpansion/Serenity/Parts/DeployedScience/gooObservation/DeployedGoExOb'
[LOG 15:08:04.292] PartLoader: Compiling Part 'SquadExpansion/Serenity/Parts/DeployedScience/ionCollector/DeployedIONExp'
[LOG 15:08:04.294] PartLoader: Compiling Part 'SquadExpansion/Serenity/Parts/DeployedScience/rtg/DeployedRTG'
[LOG 15:08:04.299] PartLoader: Compiling Part 'SquadExpansion/Serenity/Parts/DeployedScience/satDish/DeployedSatDish'
[LOG 15:08:04.306] PartLoader: Compiling Part 'SquadExpansion/Serenity/Parts/DeployedScience/seismicSensor/DeployedSeismicSensor'
[LOG 15:08:04.311] PartLoader: Compiling Part 'SquadExpansion/Serenity/Parts/DeployedScience/solarPanel/DeployedSolarPanel'
[LOG 15:08:04.315] PartLoader: Compiling Part 'SquadExpansion/Serenity/Parts/DeployedScience/weatherStation/DeployedWeatherStn'
[LOG 15:08:04.319] PartLoader: Compiling Part 'SquadExpansion/Serenity/Parts/Prebuilt/kerbalEVA/kerbalEVA'
[LOG 15:08:04.321] PartLoader: Compiling Part 'SquadExpansion/Serenity/Parts/Prebuilt/kerbalEVAfemale/kerbalEVAfemale'
[LOG 15:08:04.322] PartLoader: Compiling Part 'SquadExpansion/Serenity/Parts/Prebuilt/kerbalEVAfemaleFuture/kerbalEVAfemaleFuture'
[LOG 15:08:04.326] PartLoader: Compiling Part 'SquadExpansion/Serenity/Parts/Prebuilt/kerbalEVAfemaleVintage/kerbalEVAfemaleVintage'
[LOG 15:08:04.328] PartLoader: Compiling Part 'SquadExpansion/Serenity/Parts/Prebuilt/kerbalEVAFuture/kerbalEVAFuture'
[LOG 15:08:04.333] PartLoader: Compiling Part 'SquadExpansion/Serenity/Parts/Prebuilt/kerbalEVASlimSuit/kerbalEVASlimSuit'
[LOG 15:08:04.334] PartLoader: Compiling Part 'SquadExpansion/Serenity/Parts/Prebuilt/kerbalEVASlimSuitFemale/kerbalEVASlimSuitFemale'
[LOG 15:08:04.336] PartLoader: Compiling Part 'SquadExpansion/Serenity/Parts/Prebuilt/kerbalEVAVintage/kerbalEVAVintage'
[LOG 15:08:04.337] PartLoader: Compiling Part 'SquadExpansion/Serenity/Parts/Propellers/largeFanBlade/largeFanBlade'
[LOG 15:08:04.344] PartLoader: Compiling Part 'SquadExpansion/Serenity/Parts/Propellers/largeHeliBlade/largeHeliBlade'
[LOG 15:08:04.350] PartLoader: Compiling Part 'SquadExpansion/Serenity/Parts/Propellers/largePropeller/largePropeller'
[LOG 15:08:04.353] PartLoader: Compiling Part 'SquadExpansion/Serenity/Parts/Propellers/mediumFanBlade/mediumFanBlade'
[LOG 15:08:04.356] PartLoader: Compiling Part 'SquadExpansion/Serenity/Parts/Propellers/mediumHeliBlade/mediumHeliBlade'
[LOG 15:08:04.359] PartLoader: Compiling Part 'SquadExpansion/Serenity/Parts/Propellers/mediumPropeller/mediumPropeller'
[LOG 15:08:04.362] PartLoader: Compiling Part 'SquadExpansion/Serenity/Parts/Propellers/smallFanBlade/smallFanBlade'
[LOG 15:08:04.365] PartLoader: Compiling Part 'SquadExpansion/Serenity/Parts/Propellers/smallHeliBlade/smallHeliBlade'
[LOG 15:08:04.367] PartLoader: Compiling Part 'SquadExpansion/Serenity/Parts/Propellers/smallPropeller/smallPropeller'
[LOG 15:08:04.370] PartLoader: Compiling Part 'SquadExpansion/Serenity/Parts/Robotics/hinge_01/hinge_01'
[LOG 15:08:04.381] PartLoader: Compiling Part 'SquadExpansion/Serenity/Parts/Robotics/hinge_01_s/hinge_01_s'
[LOG 15:08:04.385] PartLoader: Compiling Part 'SquadExpansion/Serenity/Parts/Robotics/hinge_03/hinge_03'
[LOG 15:08:04.389] PartLoader: Compiling Part 'SquadExpansion/Serenity/Parts/Robotics/hinge_03_s/hinge_03_s'
[LOG 15:08:04.394] PartLoader: Compiling Part 'SquadExpansion/Serenity/Parts/Robotics/hinge_04/hinge_04'
[LOG 15:08:04.401] PartLoader: Compiling Part 'SquadExpansion/Serenity/Parts/Robotics/piston_01/piston_01'
[LOG 15:08:04.409] PartLoader: Compiling Part 'SquadExpansion/Serenity/Parts/Robotics/piston_02/piston_02'
[LOG 15:08:04.414] PartLoader: Compiling Part 'SquadExpansion/Serenity/Parts/Robotics/piston_03/piston_03'
[LOG 15:08:04.418] PartLoader: Compiling Part 'SquadExpansion/Serenity/Parts/Robotics/piston_04/piston_04'
[LOG 15:08:04.423] PartLoader: Compiling Part 'SquadExpansion/Serenity/Parts/Robotics/RotorEngine_02/RotorEngine_02'
[LOG 15:08:04.437] PartLoader: Compiling Part 'SquadExpansion/Serenity/Parts/Robotics/RotorEngine_03/RotorEngine_03'
[LOG 15:08:04.442] PartLoader: Compiling Part 'SquadExpansion/Serenity/Parts/Robotics/rotor_01/rotor_01'
[LOG 15:08:04.452] PartLoader: Compiling Part 'SquadExpansion/Serenity/Parts/Robotics/rotor_01s/rotor_01s'
[LOG 15:08:04.456] PartLoader: Compiling Part 'SquadExpansion/Serenity/Parts/Robotics/rotor_02/rotor_02'
[LOG 15:08:04.460] PartLoader: Compiling Part 'SquadExpansion/Serenity/Parts/Robotics/rotor_02s/rotor_02s'
[LOG 15:08:04.464] PartLoader: Compiling Part 'SquadExpansion/Serenity/Parts/Robotics/rotor_03/rotor_03'
[LOG 15:08:04.468] PartLoader: Compiling Part 'SquadExpansion/Serenity/Parts/Robotics/rotor_03s/rotor_03s'
[LOG 15:08:04.472] PartLoader: Compiling Part 'SquadExpansion/Serenity/Parts/Robotics/rotoServo_00/rotoServo_00'
[LOG 15:08:04.479] PartLoader: Compiling Part 'SquadExpansion/Serenity/Parts/Robotics/rotoServo_02/rotoServo_02'
[LOG 15:08:04.483] PartLoader: Compiling Part 'SquadExpansion/Serenity/Parts/Robotics/rotoServo_03/rotoServo_03'
[LOG 15:08:04.487] PartLoader: Compiling Part 'SquadExpansion/Serenity/Parts/Robotics/rotoServo_04/rotoServo_04'
[LOG 15:08:04.489] PartLoader: Compiling Part 'SquadExpansion/Serenity/Parts/Robotics/Controllers/KAL1000/controller1000'
[LOG 15:08:04.497] PartLoader: Compiling Part 'SquadExpansion/Serenity/Parts/Science/RobotArmScanner/RobotArmScanner_S1/RobotArmScanner_S1'
[LOG 15:08:04.510] PartLoader: Compiling Part 'SquadExpansion/Serenity/Parts/Science/RobotArmScanner/RobotArmScanner_S2/RobotArmScanner_S2'
[LOG 15:08:04.514] PartLoader: Compiling Part 'SquadExpansion/Serenity/Parts/Science/RobotArmScanner/RobotArmScanner_S3/RobotArmScanner_S3'
[LOG 15:08:04.518] PartLoader: Compiling Part 'SquadExpansion/Serenity/Parts/Structural/gripPads/lGripPad/lGripPad'
[LOG 15:08:04.523] PartLoader: Compiling Part 'SquadExpansion/Serenity/Parts/Structural/gripPads/lGripStrip/lGripStrip'
[LOG 15:08:04.524] PartLoader: Compiling Part 'SquadExpansion/Serenity/Parts/Structural/gripPads/mGripPad/mGripPad'
[LOG 15:08:04.526] PartLoader: Compiling Part 'SquadExpansion/Serenity/Parts/Structural/gripPads/sGripPad/sGripPad'
[LOG 15:08:04.528] PartLoader: Compiling Part 'SquadExpansion/Serenity/Parts/Structural/gripPads/sGripStrip/sGripStrip'
[LOG 15:08:04.530] PartLoader: Compiling Internal Prop 'Squad/Props/AltimeterThreeHands/prop/AltimeterThreeHands'
[LOG 15:08:04.532] PartLoader: Compiling Internal Prop 'Squad/Props/AtmosphereDepth/prop/AtmosphereDepth'
[LOG 15:08:04.533] PartLoader: Compiling Internal Prop 'Squad/Props/AxisIndicator/pitchConfig/AxisIndicatorPitch'
[LOG 15:08:04.533] PartLoader: Compiling Internal Prop 'Squad/Props/AxisIndicator/rollConfig/AxisIndicatorRoll'
[LOG 15:08:04.534] PartLoader: Compiling Internal Prop 'Squad/Props/AxisIndicator/yawConfig/AxisIndicatorYaw'
[LOG 15:08:04.535] PartLoader: Compiling Internal Prop 'Squad/Props/buttonsGeneric/circularButton/genericCircularButton'
[LOG 15:08:04.535] PartLoader: Compiling Internal Prop 'Squad/Props/buttonsGeneric/clusterButtons/genericClusterButtons'
[LOG 15:08:04.535] PartLoader: Compiling Internal Prop 'Squad/Props/buttonsGeneric/clusterButtons2/genericClusterButtons2'
[LOG 15:08:04.536] PartLoader: Compiling Internal Prop 'Squad/Props/buttonsGeneric/clusterKnob/genericClusterKnobs'
[LOG 15:08:04.536] PartLoader: Compiling Internal Prop 'Squad/Props/buttonsGeneric/clusterKnob2/genericClusterKnobs2'
[LOG 15:08:04.536] PartLoader: Compiling Internal Prop 'Squad/Props/buttonsGeneric/clusterMixed/genericClusterMixed'
[LOG 15:08:04.536] PartLoader: Compiling Internal Prop 'Squad/Props/buttonsGeneric/clusterSwitches01/genericClusterSwitches01'
[LOG 15:08:04.536] PartLoader: Compiling Internal Prop 'Squad/Props/buttonsGeneric/clusterSwitches02/genericClusterSwitches02'
[LOG 15:08:04.537] PartLoader: Compiling Internal Prop 'Squad/Props/buttonsGeneric/clusterSwitches03/genericClusterSwitches03'
[LOG 15:08:04.537] PartLoader: Compiling Internal Prop 'Squad/Props/buttonsGeneric/clusterSwitches04/genericClusterSwitches04'
[LOG 15:08:04.537] PartLoader: Compiling Internal Prop 'Squad/Props/buttonsGeneric/clusterSwitches05/genericClusterSwitches05'
[LOG 15:08:04.537] PartLoader: Compiling Internal Prop 'Squad/Props/buttonsGeneric/clusterSwitches06/genericClusterSwitches06'
[LOG 15:08:04.537] PartLoader: Compiling Internal Prop 'Squad/Props/buttonsGeneric/clusterSwitches07/genericClusterSwitches07'
[LOG 15:08:04.539] PartLoader: Compiling Internal Prop 'Squad/Props/buttonsGeneric/directionalKnob/genericDirectionalKnob'
[LOG 15:08:04.539] PartLoader: Compiling Internal Prop 'Squad/Props/buttonsGeneric/directionalKnob2/genericDirectionalKnob2'
[LOG 15:08:04.539] PartLoader: Compiling Internal Prop 'Squad/Props/buttonsGeneric/pullSwitch/genericPullSwitch'
[LOG 15:08:04.540] PartLoader: Compiling Internal Prop 'Squad/Props/buttonsGeneric/squareButton/genericSquareButton'
[LOG 15:08:04.540] PartLoader: Compiling Internal Prop 'Squad/Props/buttonsGeneric/standingSwitch/genericStandingSwitch'
[LOG 15:08:04.540] PartLoader: Compiling Internal Prop 'Squad/Props/buttonsGeneric/switch/genericSwitch'
[LOG 15:08:04.540] PartLoader: Compiling Internal Prop 'Squad/Props/buttonsGeneric/switchWithGuards/genericSwitchWithGuards'
[LOG 15:08:04.541] PartLoader: Compiling Internal Prop 'Squad/Props/ButtonSquare/prop/ButtonSquare'
[LOG 15:08:04.542] PartLoader: Compiling Internal Prop 'Squad/Props/circularButton/prop/circularButton'
[LOG 15:08:04.543] PartLoader: Compiling Internal Prop 'Squad/Props/Compass/prop/Compass'
[LOG 15:08:04.544] PartLoader: Compiling Internal Prop 'Squad/Props/directionalKnob/prop/directionalKnob'
[LOG 15:08:04.544] PartLoader: Compiling Internal Prop 'Squad/Props/directionalKnob2/prop/directionalKnob2'
[LOG 15:08:04.545] PartLoader: Compiling Internal Prop 'Squad/Props/IndicatorPanel/prop/IndicatorPanel'
[LOG 15:08:04.547] PartLoader: Compiling Internal Prop 'Squad/Props/IVANavBall/prop/NavBall'
[LOG 15:08:04.548] PartLoader: Compiling Internal Prop 'Squad/Props/IVANavBallNoBase/prop/NavBallNoBase'
[LOG 15:08:04.549] PartLoader: Compiling Internal Prop 'Squad/Props/ledPanelSpeed/prop/ledPanelSpeed'
[LOG 15:08:04.550] PartLoader: Compiling Internal Prop 'Squad/Props/Monitor/DockingMode/MonitorDockingMode'
[LOG 15:08:04.550] PartLoader: Compiling Internal Prop 'Squad/Props/NavBall/prop/NavBall'
[LOG 15:08:04.551] PartLoader: Compiling Internal Prop 'Squad/Props/PropsGeneric/Button_DockingMode/Button_DockingMode'
[LOG 15:08:04.551] PartLoader: Compiling Internal Prop 'Squad/Props/PropsGeneric/CargoBagA/CargoBagA'
[LOG 15:08:04.552] PartLoader: Compiling Internal Prop 'Squad/Props/PropsGeneric/CargoBagB/CargoBagB'
[LOG 15:08:04.552] PartLoader: Compiling Internal Prop 'Squad/Props/PropsGeneric/CargoBagC/CargoBagC'
[LOG 15:08:04.552] PartLoader: Compiling Internal Prop 'Squad/Props/PropsGeneric/Hatch_Plane/Hatch_Plane'
[LOG 15:08:04.553] PartLoader: Compiling Internal Prop 'Squad/Props/PropsGeneric/Hatch_Plane_Curve90/Hatch_Plane_Curve90'
[LOG 15:08:04.553] PartLoader: Compiling Internal Prop 'Squad/Props/PropsGeneric/Hatch_Plane_Frame/Hatch_Plane_Frame'
[LOG 15:08:04.553] PartLoader: Compiling Internal Prop 'Squad/Props/PropsGeneric/Seat_Passenger/Seat_Passenger'
[LOG 15:08:04.554] PartLoader: Compiling Internal Prop 'Squad/Props/PropsGeneric/Seat_Pilot/Seat_Pilot'
[LOG 15:08:04.554] PartLoader: Compiling Internal Prop 'Squad/Props/PropsGeneric/Seat_Pilot_Helmet/Seat_Pilot_Helmet'
[LOG 15:08:04.554] PartLoader: Compiling Internal Prop 'Squad/Props/PropsGeneric/SideStick/SideStick'
[LOG 15:08:04.555] PartLoader: Compiling Internal Prop 'Squad/Props/pullSwitch/prop/pullSwitch'
[LOG 15:08:04.555] PartLoader: Compiling Internal Prop 'Squad/Props/radarAltitude/prop/RadarAltimeter'
[LOG 15:08:04.556] PartLoader: Compiling Internal Prop 'Squad/Props/squareButton/prop/squareButton'
[LOG 15:08:04.556] PartLoader: Compiling Internal Prop 'Squad/Props/standingSwitch/prop/standingSwitch'
[LOG 15:08:04.556] PartLoader: Compiling Internal Prop 'Squad/Props/switch/prop/switch'
[LOG 15:08:04.556] PartLoader: Compiling Internal Prop 'Squad/Props/switchGuard/prop/switchGuard'
[LOG 15:08:04.557] PartLoader: Compiling Internal Prop 'Squad/Props/switchWithGuards/prop/switchWithGuards'
[LOG 15:08:04.557] PartLoader: Compiling Internal Prop 'Squad/Props/throttle/prop/throttle'
[LOG 15:08:04.558] PartLoader: Compiling Internal Prop 'Squad/Props/VSI/prop/VSI'
[LOG 15:08:04.559] PartLoader: Compiling Internal Space 'Squad/Spaces/crewCabinInternals/internal/crewCabinInternals'
[LOG 15:08:04.564] PartLoader: Compiling Internal Space 'Squad/Spaces/cupolaInternal/internal/cupolaInternal'
[LOG 15:08:04.570] PartLoader: Compiling Internal Space 'Squad/Spaces/GenericSpace1/internal/GenericSpace1'
[LOG 15:08:04.571] PartLoader: Compiling Internal Space 'Squad/Spaces/GenericSpace3/internal/GenericSpace3'
[LOG 15:08:04.571] PartLoader: Compiling Internal Space 'Squad/Spaces/landerCabinInternals/internal/landerCabinInternals'
[LOG 15:08:04.573] PartLoader: Compiling Internal Space 'Squad/Spaces/landerCabinSmallInternal/internal/landerCabinSmallInternal'
[LOG 15:08:04.574] PartLoader: Compiling Internal Space 'Squad/Spaces/LargeCrewedLabInternals/internal/Mobile_Processing_Lab_Int'
[LOG 15:08:04.575] PartLoader: Compiling Internal Space 'Squad/Spaces/Mk1-3/internal/Mk1-3'
[LOG 15:08:04.579] PartLoader: Compiling Internal Space 'Squad/Spaces/mk1CabinInternal/internal/mk1CabinInternal'
[LOG 15:08:04.581] PartLoader: Compiling Internal Space 'Squad/Spaces/mk1CockpitInternal/internal/mk1CockpitInternal'
[LOG 15:08:04.584] PartLoader: Compiling Internal Space 'Squad/Spaces/mk1InlineInternal/internal/mk1InlineInternal'
[LOG 15:08:04.586] PartLoader: Compiling Internal Space 'Squad/Spaces/mk1PodCockpit/internal/mk1PodCockpit'
[LOG 15:08:04.587] PartLoader: Compiling Internal Space 'Squad/Spaces/mk1pod_IVA/mk1pod_Internal/mk1pod_IVA'
[LOG 15:08:04.590] PartLoader: Compiling Internal Space 'Squad/Spaces/mk2CockpitStandardInternal/internal/mk2CockpitStandardInternals'
[LOG 15:08:04.594] PartLoader: Compiling Internal Space 'Squad/Spaces/Mk2CrewCabinInternal/internal_MK2_CrewCab/MK2_CrewCab_Int'
[LOG 15:08:04.596] PartLoader: Compiling Internal Space 'Squad/Spaces/mk2InlineInternal/internal/mk2InlineInternal'
[LOG 15:08:04.600] PartLoader: Compiling Internal Space 'Squad/Spaces/mk2LanderCanInternal/internal/mk2LanderCanInternal'
[LOG 15:08:04.603] PartLoader: Compiling Internal Space 'Squad/Spaces/MK3CockpitInternal/internal_MK3/MK3_Cockpit_Int'
[LOG 15:08:04.608] PartLoader: Compiling Internal Space 'Squad/Spaces/MK3_CrewCab_Int/internal_MK3_CrewCab/MK3_CrewCab_Int'
[LOG 15:08:04.609] InternalSeat: Cannot find portraitCamera of name 'Camera_Left003'
[LOG 15:08:04.612] PartLoader: Compiling Internal Space 'Squad/Spaces/Placeholder/internal/Placeholder'
[LOG 15:08:04.616] PartLoader: Compiling Internal Space 'Squad/Spaces/PodCockpit/internal/PodCockpit'
[LOG 15:08:04.619] PartLoader: Compiling Internal Space 'SquadExpansion/MakingHistory/Spaces/KVPods/Airlock_Internal/Airlock_IVA'
[LOG 15:08:04.619] PartLoader: Compiling Internal Space 'SquadExpansion/MakingHistory/Spaces/KVPods/KV1_Internal/KV1_IVA'
[LOG 15:08:04.621] PartLoader: Compiling Internal Space 'SquadExpansion/MakingHistory/Spaces/KVPods/KV2_Internal/KV2_IVA'
[LOG 15:08:04.623] PartLoader: Compiling Internal Space 'SquadExpansion/MakingHistory/Spaces/KVPods/KV3_Internal/KV3_IVA'
[LOG 15:08:04.626] PartLoader: Compiling Internal Space 'SquadExpansion/MakingHistory/Spaces/MEM/MEM_IVA/MEM_IVA'
[LOG 15:08:04.629] PartLoader: Compiling Internal Space 'SquadExpansion/MakingHistory/Spaces/Mk2Pod/Mk2Pod_Internal/MK2POD_IVA'
[LOG 15:08:08.786] Assets:
[LOG 15:08:08.786] anim_missionsapp_idle.anim
[LOG 15:08:08.786] anim_missionsapp_idle_warning.anim
[LOG 15:08:08.786] anim_missionsapp_warning.anim
[LOG 15:08:08.786] anim_missionssapp.anim
[LOG 15:08:08.787] animcontroller_missionsappmaster.controller
[LOG 15:08:08.787] app_bg.tif
[LOG 15:08:08.787] app_bottom_gray.tif
[LOG 15:08:08.787] app_divider_pulldown_body.tif
[LOG 15:08:08.787] app_divider_pulldown_footer.tif
[LOG 15:08:08.787] app_divider_pulldown_header.tif
[LOG 15:08:08.787] app_divider_pulldown_header_over.tif
[LOG 15:08:08.787] app_header_gray.tif
[LOG 15:08:08.787] app_missions_icon_active.tif
[LOG 15:08:08.787] app_missions_icon_complete.tif
[LOG 15:08:08.787] app_missions_icon_failed.tif
[LOG 15:08:08.787] app_missions_icon_inactive.tif
[LOG 15:08:08.787] spritesheet_missionsapp.tif
[LOG 15:08:08.787] spritesheet_missionsappwarning.tif
[LOG 15:08:08.787] missionbriefingdialog.prefab
[LOG 15:08:08.787] missionbriefingtag.prefab
[LOG 15:08:08.787] awardwidget.prefab
[LOG 15:08:08.787] missionenddialog.prefab
[LOG 15:08:08.787] missionitemwidget.prefab
[LOG 15:08:08.787] missionplaybutton.prefab
[LOG 15:08:08.787] missionplaydialog.prefab
[LOG 15:08:08.787] missionsteamitemwidget.prefab
[LOG 15:08:08.787] missionvalidationdialog.prefab
[LOG 15:08:08.787] validationentry.prefab
[LOG 15:08:08.787] comettoken.fbx
[LOG 15:08:08.787] comettoken.jpg
[LOG 15:08:08.787] placementegizmo_comet.mat
[LOG 15:08:08.787] placementegizmo_comet_tail.mat
[LOG 15:08:08.787] femalevintagepreview.prefab
[LOG 15:08:08.787] malevintagepreview.prefab
[LOG 15:08:08.787] checkpointentrywidget.prefab
[LOG 15:08:08.787] crewmanagementdialog.prefab
[LOG 15:08:08.787] listitem_vesseltitle.prefab
[LOG 15:08:08.787] missionbrowser.prefab
[LOG 15:08:08.787] missioncheckpointbrowser.prefab
[LOG 15:08:08.787] missioncrewlistitem.prefab
[LOG 15:08:08.787] missionentrywidget.prefab
[LOG 15:08:08.787] missiontemplateentrywidget.prefab
[LOG 15:08:08.787] partcategorizerbutton.prefab
[LOG 15:08:08.787] partselectorbrowser.prefab
[LOG 15:08:08.787] partselectorentry.prefab
[LOG 15:08:08.787] gaputil_vesselframe.prefab
[LOG 15:08:08.788] meguiconnector.prefab
[LOG 15:08:08.788] meguinode.prefab
[LOG 15:08:08.788] meguinodecategorybutton.prefab
[LOG 15:08:08.788] meguinodeicon.prefab
[LOG 15:08:08.788] meguinodeicongroup.prefab
[LOG 15:08:08.788] meguiscrollviewitem.prefab
[LOG 15:08:08.788] meiconloaderbasicnode.prefab
[LOG 15:08:08.788] meiconloadergap.prefab
[LOG 15:08:08.788] meiconloadernodecategorizer.prefab
[LOG 15:08:08.788] menodecanvas.prefab
[LOG 15:08:08.788] missioneditorscreen.prefab
[LOG 15:08:08.788] nodelisttooltip.prefab
[LOG 15:08:08.788] nodelisttooltipextinfolistspacer.prefab
[LOG 15:08:08.788] orbitgizmo.prefab
[LOG 15:08:08.788] biomeshighlight.shader
[LOG 15:08:08.788] projector-surfacegizmo.shader
[LOG 15:08:08.788] scaledplanetbiomeshighlight.shader
[LOG 15:08:08.788] sprites-alwaysover.shader
[LOG 15:08:08.788] ui-unlit-infinite.shader
[LOG 15:08:08.788] ui-unlit-solid.shader
[LOG 15:08:08.788] assetgraph_connectionpoint_inputmark.png
[LOG 15:08:08.788] assetgraph_inputbg.png
[LOG 15:08:08.788] boldly.png
[LOG 15:08:08.789] carpool.png
[LOG 15:08:08.789] frugal.png
[LOG 15:08:08.789] homesick.png
[LOG 15:08:08.789] keys.png
[LOG 15:08:08.789] saint.png
[LOG 15:08:08.789] sinner.png
[LOG 15:08:08.789] thespot.png
[LOG 15:08:08.789] timekeeper.png
[LOG 15:08:08.789] helmetbronze.png
[LOG 15:08:08.789] helmetgold.png
[LOG 15:08:08.789] helmetsilver.png
[LOG 15:08:08.789] action-part-resource-drain.png
[LOG 15:08:08.789] change-part-resource-levels.png
[LOG 15:08:08.789] create-asteroid.png
[LOG 15:08:08.789] create-kerbal.png
[LOG 15:08:08.789] create-vessel.png
[LOG 15:08:08.789] crew-assignment.png
[LOG 15:08:08.789] dialog-message.png
[LOG 15:08:08.789] display-message.png
[LOG 15:08:08.789] fail-part.png
[LOG 15:08:08.789] fly-through.png
[LOG 15:08:08.789] funds-recovery.png
[LOG 15:08:08.789] generic-node.png
[LOG 15:08:08.789] go-to.png
[LOG 15:08:08.789] kerbal-boarded.png
[LOG 15:08:08.789] kerbal-recovery.png
[LOG 15:08:08.789] kerbal-rescue.png
[LOG 15:08:08.789] launch-site.png
[LOG 15:08:08.789] leave-soi.png
[LOG 15:08:08.789] orbit.png
[LOG 15:08:08.789] part-explode.png
[LOG 15:08:08.789] plant-flag.png
[LOG 15:08:08.789] reach-soi.png
[LOG 15:08:08.789] repair-part.png
[LOG 15:08:08.789] resource-amount.png
[LOG 15:08:08.789] resource-recovery.png
[LOG 15:08:08.789] science-experiment.png
[LOG 15:08:08.789] score.png
[LOG 15:08:08.789] take-tourist.png
[LOG 15:08:08.789] test-altitude.png
[LOG 15:08:08.789] test-eva.png
[LOG 15:08:08.789] test-grapple.png
[LOG 15:08:08.789] time-of-flight.png
[LOG 15:08:08.789] time-of-mission.png
[LOG 15:08:08.789] time-since-node.png
[LOG 15:08:08.789] vessel-crashed.png
[LOG 15:08:08.789] vessel-crew-count.png
[LOG 15:08:08.790] vessel-explode.png
[LOG 15:08:08.790] vessel-flying.png
[LOG 15:08:08.790] vessel-landed.png
[LOG 15:08:08.790] vessel-mass.png
[LOG 15:08:08.790] vessel-splashed.png
[LOG 15:08:08.790] vessel-stage-activated.png
[LOG 15:08:08.790] vessel-stage.png
[LOG 15:08:08.790] arrange-graph.png
[LOG 15:08:08.790] builderbuttons_briefing.png
[LOG 15:08:08.790] builderbuttons_reset.png
[LOG 15:08:08.790] builderbuttons_trackingstation.png
[LOG 15:08:08.790] frame-graph.png
[LOG 15:08:08.790] lock.png
[LOG 15:08:08.790] maximize.png
[LOG 15:08:08.790] minimize.png
[LOG 15:08:08.790] pin.png
[LOG 15:08:08.790] pin_down.png
[LOG 15:08:08.790] redo.png
[LOG 15:08:08.790] reset.png
[LOG 15:08:08.790] tracking-station.png
[LOG 15:08:08.790] undo.png
[LOG 15:08:08.790] visible-in-gap.png
[LOG 15:08:08.790] location.png
[LOG 15:08:08.790] logic.png
[LOG 15:08:08.790] science.png
[LOG 15:08:08.790] utility.png
[LOG 15:08:08.790] vessel.png
[LOG 15:08:08.790] eye.png
[LOG 15:08:08.790] iconmb.png
[LOG 15:08:08.790] me_btn_generic_normal.tif
[LOG 15:08:08.790] me_button_generic_normal.tif
[LOG 15:08:08.790] nodecat_bg.png
[LOG 15:08:08.790] nodecat_divider.tif
[LOG 15:08:08.790] nodecat_divider_bottom.tif
[LOG 15:08:08.790] pholderwarningicon.png
[LOG 15:08:08.791] reseticon.png
[LOG 15:08:08.791] validityindicator.controller
[LOG 15:08:08.791] validtyinidicatorpulse.anim
[LOG 15:08:08.791] broadorbittoggle button.png
[LOG 15:08:08.791] maneuvertoggle button.png
[LOG 15:08:08.791] orbitalgizmoicons.png
[LOG 15:08:08.791] reset orbit button.png
[LOG 15:08:08.791] nodelabel.prefab
[LOG 15:08:08.791] kerbaleva_female_exp.prefab
[LOG 15:08:08.791] kerbaleva_rd_exp.prefab
[LOG 15:08:08.791] missioneditorevabody.mat
[LOG 15:08:08.791] missioneditorevabodyalternate.mat
[LOG 15:08:08.791] missioneditorevabodybrown.mat
[LOG 15:08:08.791] missioneditorevaeyeballs.mat
[LOG 15:08:08.791] missioneditorevaeyes.mat
[LOG 15:08:08.791] missioneditorevahead.mat
[LOG 15:08:08.791] missioneditorevahelmet.mat
[LOG 15:08:08.791] missioneditorevahelmetred.mat
[LOG 15:08:08.791] missioneditorevajetpack.mat
[LOG 15:08:08.791] missioneditorevalight.mat
[LOG 15:08:08.791] kbevafemalevintage.prefab
[LOG 15:08:08.791] kbevavintage.prefab
[LOG 15:08:08.791] evalight.fbx
[LOG 15:08:08.791] kbeva@new.fbx
[LOG 15:08:08.791] kbeva@newfem.fbx
[LOG 15:08:08.791] mevahelmetlight.fbx
[LOG 15:08:08.791] evajetpackscondary.dds
[LOG 15:08:08.791] evajetpacksecondary_n.dds
[LOG 15:08:08.791] evalight.png
[LOG 15:08:08.791] kerbalmainnrm.dds
[LOG 15:08:08.791] me_suit_difuse_blue.dds
[LOG 15:08:08.791] me_suit_difuse_low_polybrown.dds
[LOG 15:08:08.791] me_suit_difuse_orange.dds
[LOG 15:08:08.791] kerbalfemalevintage.prefab
[LOG 15:08:08.791] kerbalmalevintage.prefab
[LOG 15:08:08.791] evahelmet.mat
[LOG 15:08:08.792] evatexture.mat
[LOG 15:08:08.792] kerbalgirl_06_basecolor.mat
[LOG 15:08:08.792] kerbalhead.mat
[LOG 15:08:08.792] lambert6.mat
[LOG 15:08:08.792] mat_eyeballs.mat
[LOG 15:08:08.792] mat_eyes01.mat
[LOG 15:08:08.792] material #4.mat
[LOG 15:08:08.792] mesh_female_kerbalastronaut01_kerbalgirl_export_15_lambert20.mat
[LOG 15:08:08.792] mesh_female_kerbalastronaut01_kerbalgirl_export_15_lambert21.mat
[LOG 15:08:08.792] kbfemale_iva_mecanim.fbx
[LOG 15:08:08.792] kbiva_mecanim.fbx
[LOG 15:08:08.792] kerbalicon_eva_female_vintage.tif
[LOG 15:08:08.792] kerbalicon_eva_vintage.tif
[LOG 15:08:08.792] kerbalicon_suit_female_vintage.tif
[LOG 15:08:08.792] kerbalicon_suit_orange_female_vintage.tif
[LOG 15:08:08.792] kerbalicon_suit_orange_vintage.tif
[LOG 15:08:08.792] kerbalicon_suit_vintage.tif
[LOG 15:08:08.792] gap_celestialbody_camerasetup.prefab
[LOG 15:08:08.792] gap_celestialbody_collisionsphere.prefab
[LOG 15:08:08.792] gap_celestialbody_surfacegizmo_area.prefab
[LOG 15:08:08.792] gap_celestialbody_surfacegizmo_basic.prefab
[LOG 15:08:08.792] gap_celestialbody_surfacegizmo_icon.prefab
[LOG 15:08:08.792] gap_celestialbody_surfacegizmo_vessel.prefab
[LOG 15:08:08.792] gap_celestialbody_surfacegizmo_volume.prefab
[LOG 15:08:08.792] gap_proceduralasteroid.prefab
[LOG 15:08:08.792] gap_proceduralcomet.prefab
[LOG 15:08:08.792] gapbuttonprefab.prefab
[LOG 15:08:08.792] gapkerbal_femaleveteran.prefab
[LOG 15:08:08.792] gapkerbal_femaleveteran_vintage.prefab
[LOG 15:08:08.792] gapkerbal_male_slimsuit.prefab
[LOG 15:08:08.792] gapkerbal_maleveteran.prefab
[LOG 15:08:08.792] gapkerbal_maleveteran_vintage.prefab
[LOG 15:08:08.792] gapscrollablesidebarbutton.prefab
[LOG 15:08:08.792] gapsidebarbutton.prefab
[LOG 15:08:08.792] gaptoggleprefab.prefab
[LOG 15:08:08.793] gaputil_biselector.prefab
[LOG 15:08:08.793] gaputil_celestialbody.prefab
[LOG 15:08:08.793] vesseldisplay_camerasetup.prefab
[LOG 15:08:08.793] desert_airfield.prefab
[LOG 15:08:08.793] desert_groundobjects.prefab
[LOG 15:08:08.793] desert_launch_site.prefab
[LOG 15:08:08.793] larkes.prefab
[LOG 15:08:08.793] floor bottom.mat
[LOG 15:08:08.793] floor top.mat
[LOG 15:08:08.793] legs.mat
[LOG 15:08:08.793] ramp.mat
[LOG 15:08:08.793] stairs grid lights pivot.mat
[LOG 15:08:08.793] supports 1.mat
[LOG 15:08:08.793] supports 2.mat
[LOG 15:08:08.793] tunnels.mat
[LOG 15:08:08.793] floor bottom.dds
[LOG 15:08:08.793] floor top.dds
[LOG 15:08:08.793] floor top_normal.dds
[LOG 15:08:08.793] legs.dds
[LOG 15:08:08.793] ramp.dds
[LOG 15:08:08.793] stairs grid lights pivot.dds
[LOG 15:08:08.793] supports 1.dds
[LOG 15:08:08.793] supports 2.dds
[LOG 15:08:08.793] tunnels.dds
[LOG 15:08:08.793] diffuse.mat
[LOG 15:08:08.793] floor bottom_base_color.mat
[LOG 15:08:08.793] floor top_base_color.mat
[LOG 15:08:08.793] legs_base_color.mat
[LOG 15:08:08.793] ramp_base_color.mat
[LOG 15:08:08.793] stairs grid lights pivot_base_colormodpsd.mat
[LOG 15:08:08.793] stairs_grid_lights_pivot_base_color.mat
[LOG 15:08:08.793] supports 1_base_color.mat
[LOG 15:08:08.793] supports 2_base_color.mat
[LOG 15:08:08.793] tunnels_base_color.mat
[LOG 15:08:08.793] mobilelaunchpad_19.fbx
[LOG 15:08:08.793] pontoons.fbx
[LOG 15:08:08.794] pontoons_diffuse.dds
[LOG 15:08:08.794] ramp_normal.png
[LOG 15:08:08.794] 1001_base_color.mat
[LOG 15:08:08.794] desert groundtransition.mat
[LOG 15:08:08.794] desert groundtransition_highquality.mat
[LOG 15:08:08.794] desert groundtransition_lowquality.mat
[LOG 15:08:08.794] desert groundtransition_mediumquality.mat
[LOG 15:08:08.794] desert groundtransition_ultraquality.mat
[LOG 15:08:08.794] desert runway sand.mat
[LOG 15:08:08.794] desert runway stone.mat
[LOG 15:08:08.794] mobilelaunchpad.prefab
[LOG 15:08:08.794] woomerang_groundobjects.prefab
[LOG 15:08:08.794] woomerang_launch_site.prefab
[LOG 15:08:08.794] Scenes:
[LOG 15:08:08.794] kspMissionEditor.unity
[LOG 15:08:15.675] Assets:
[LOG 15:08:15.675] appanim_missionsapp.prefab
[LOG 15:08:15.675] cascading_body_missionheader.prefab
[LOG 15:08:15.675] cascading_body_missioninfo.prefab
[LOG 15:08:15.675] cascading_body_missionobjective.prefab
[LOG 15:08:15.675] cascading_body_missionsvesselheader.prefab
[LOG 15:08:15.675] cascading_body_missionsvesselitem.prefab
[LOG 15:08:15.675] cascading_body_settingsbutton.prefab
[LOG 15:08:15.676] cascading_body_settingstoggle.prefab
[LOG 15:08:15.676] missionsapp.prefab
[LOG 15:08:15.676] axislimitline.prefab
[LOG 15:08:15.676] controlleraction.prefab
[LOG 15:08:15.676] controlleraxis.prefab
[LOG 15:08:15.676] controllerwindow.prefab
[LOG 15:08:15.676] curvepanelpoint.prefab
[LOG 15:08:15.676] curvepanelpointaction.prefab
[LOG 15:08:15.676] axis_align_ends.png
[LOG 15:08:15.676] axis_clamp_values.png
[LOG 15:08:15.676] axis_copy.png
[LOG 15:08:15.676] axis_flip_horizontal.png
[LOG 15:08:15.676] axis_flip_vertical.png
[LOG 15:08:15.676] axis_move_down-trackrow.png
[LOG 15:08:15.676] axis_move_down.png
[LOG 15:08:15.676] axis_move_up-trackrow.png
[LOG 15:08:15.676] axis_move_up.png
[LOG 15:08:15.676] axis_paste.png
[LOG 15:08:15.676] axis_preset_flat.png
[LOG 15:08:15.676] axis_preset_sawtooth.png
[LOG 15:08:15.676] axis_preset_sine.png
[LOG 15:08:15.676] axis_preset_square.png
[LOG 15:08:15.676] axis_preset_triangle.png
[LOG 15:08:15.676] axis_select_all.png
[LOG 15:08:15.676] background_squared_inset.png
[LOG 15:08:15.676] close.png
[LOG 15:08:15.676] direction_forward.png
[LOG 15:08:15.676] direction_reverse.png
[LOG 15:08:15.676] edit.png
[LOG 15:08:15.676] fieldlimitline.png
[LOG 15:08:15.676] keyframe_add.png
[LOG 15:08:15.676] keyframe_clamp_value.png
[LOG 15:08:15.676] keyframe_delete.png
[LOG 15:08:15.676] keyframe_linear.png
[LOG 15:08:15.676] keyframe_smooth.png
[LOG 15:08:15.676] keyframe_step_backward.png
[LOG 15:08:15.676] keyframe_step_forward.png
[LOG 15:08:15.676] line.png
[LOG 15:08:15.676] line_dashed.png
[LOG 15:08:15.676] loop_pingpong.png
[LOG 15:08:15.676] loop_playonce.png
[LOG 15:08:15.676] loop_repeat.png
[LOG 15:08:15.676] node.png
[LOG 15:08:15.676] node_circle.png
[LOG 15:08:15.676] node_square.png
[LOG 15:08:15.677] pause.png
[LOG 15:08:15.677] play.png
[LOG 15:08:15.677] pointer.png
[LOG 15:08:15.677] remove-axis.png
[LOG 15:08:15.677] remove_key.png
[LOG 15:08:15.677] resize_icon.png
[LOG 15:08:15.677] sequence_resize_button_states.png
[LOG 15:08:15.677] sequence_resize_maintain.png
[LOG 15:08:15.677] sequence_resize_scale.png
[LOG 15:08:15.677] sequence_speed.png
[LOG 15:08:15.677] tracking_editor_button_states.png
[LOG 15:08:15.677] femalefuturepreview.prefab
[LOG 15:08:15.677] malefuturepreview.prefab
[LOG 15:08:15.677] kbfemale@controlpanel_a.fbx
[LOG 15:08:15.677] kbfemale@controlpanel_b.fbx
[LOG 15:08:15.677] kbfemale@controlpanel_c.fbx
[LOG 15:08:15.677] kbfemale@rocksample.fbx
[LOG 15:08:15.677] hammerfemale.fbx
[LOG 15:08:15.677] hammermale.fbx
[LOG 15:08:15.677] kbeva@controlpanel_a.fbx
[LOG 15:08:15.677] kbeva@controlpanel_b.fbx
[LOG 15:08:15.677] kbeva@controlpanel_c.fbx
[LOG 15:08:15.677] kbeva@rocksample.fbx
[LOG 15:08:15.677] kerbaleva_female_future.prefab
[LOG 15:08:15.677] kerbaleva_rd_future.prefab
[LOG 15:08:15.677] futureevabody.mat
[LOG 15:08:15.677] futureevabodyalternate.mat
[LOG 15:08:15.677] futureevajetpack.mat
[LOG 15:08:15.677] futureevalight.mat
[LOG 15:08:15.677] futurehelmet.mat
[LOG 15:08:15.677] kbevafemalefuture.prefab
[LOG 15:08:15.677] kbevafuture.prefab
[LOG 15:08:15.677] kbeva@new.fbx
[LOG 15:08:15.677] kbeva@newfem.fbx
[LOG 15:08:15.677] mevahelmetlight.fbx
[LOG 15:08:15.677] serenityfemaleeva.fbx
[LOG 15:08:15.677] serenityflares.fbx
[LOG 15:08:15.677] serenitymaleeva.fbx
[LOG 15:08:15.677] evajetpacknrm.dds
[LOG 15:08:15.677] futuresuit_diffuse_orange.dds
[LOG 15:08:15.677] futuresuit_diffuse_whiteblue.dds
[LOG 15:08:15.677] futuresuit_diffuse_whiteorange.dds
[LOG 15:08:15.677] futuresuit_emissive.dds
[LOG 15:08:15.677] futuresuit_evalight.png
[LOG 15:08:15.677] futuresuitmainnrm.dds
[LOG 15:08:15.677] ksp_ig_jetpack_diffuse.jpg
[LOG 15:08:15.677] kerbalfemalefuture.prefab
[LOG 15:08:15.677] kerbalmalefuture.prefab
[LOG 15:08:15.677] futuresuit_diffuse.mat
[LOG 15:08:15.677] serenityfemaleiva.fbx
[LOG 15:08:15.677] serenitymaleiva.fbx
[LOG 15:08:15.677] kerbalicon_eva_female_future.tif
[LOG 15:08:15.677] kerbalicon_eva_future.tif
[LOG 15:08:15.677] kerbalicon_suit_female_future.tif
[LOG 15:08:15.678] kerbalicon_suit_future.tif
[LOG 15:08:15.678] kerbalicon_suit_orange_female_future.tif
[LOG 15:08:15.678] kerbalicon_suit_orange_future.tif
[LOG 15:08:15.678] bottom_emissor.mat
[LOG 15:08:15.678] burst_emissor.mat
[LOG 15:08:15.678] burstprojectiles_emissor.mat
[LOG 15:08:15.678] constantburst_emissor.mat
[LOG 15:08:15.678] snowflakes_emissor.mat
[LOG 15:08:15.678] vapor_emissor.mat
[LOG 15:08:15.678] base_0.mat
[LOG 15:08:15.678] base_1.mat
[LOG 15:08:15.678] base_2.mat
[LOG 15:08:15.678] base_3_1.mat
[LOG 15:08:15.678] base_3_2.mat
[LOG 15:08:15.678] vapor.mat
[LOG 15:08:15.678] burst.png
[LOG 15:08:15.678] cloud2.png
[LOG 15:08:15.678] v1.png
[LOG 15:08:15.678] v2.png
[LOG 15:08:15.678] v3.png
[LOG 15:08:15.678] v5.png
[LOG 15:08:15.678] gapkerbal_female_future.prefab
[LOG 15:08:15.678] gapkerbal_male_future.prefab
[LOG 15:08:15.678] hammerfemale.prefab
[LOG 15:08:15.678] hammermale.prefab
[LOG 15:08:15.678] bopgravelpile.prefab
[LOG 15:08:15.678] bopgravelpile.fbx
[LOG 15:08:15.678] bop_gravel pile_d.mat
[LOG 15:08:15.678] lambert1.mat
[LOG 15:08:15.678] bop_gravel pile_d.png
[LOG 15:08:15.678] bop_gravel pile_d.tga
[LOG 15:08:15.678] bop_gravel pile_n.png
[LOG 15:08:15.678] bop_gravel pile_s.png
[LOG 15:08:15.678] drescrater.prefab
[LOG 15:08:15.678] dresmeteorite.prefab
[LOG 15:08:15.678] drescrater.fbx
[LOG 15:08:15.678] dresmeteorite.fbx
[LOG 15:08:15.678] dres_crater_d.mat
[LOG 15:08:15.678] dres_meteorite_d.mat
[LOG 15:08:15.678] lambert1.mat
[LOG 15:08:15.678] dres_crater_d.tga
[LOG 15:08:15.678] dres_crater_n.png
[LOG 15:08:15.678] dres_meteorite_d.tga
[LOG 15:08:15.678] dres_meteorite_n.png
[LOG 15:08:15.678] dunablueberries.prefab
[LOG 15:08:15.678] dunadune.prefab
[LOG 15:08:15.678] dunameteorite.prefab
[LOG 15:08:15.678] dunastone.prefab
[LOG 15:08:15.678] dunaasteroid.fbx
[LOG 15:08:15.678] dunablueberries.fbx
[LOG 15:08:15.678] dunadune.fbx
[LOG 15:08:15.678] dunastone.fbx
[LOG 15:08:15.678] duna_asteroid_d.mat
[LOG 15:08:15.678] duna_dune_d.mat
[LOG 15:08:15.678] duna_stone_d.mat
[LOG 15:08:15.678] dune_blueberries_d.mat
[LOG 15:08:15.678] lambert1.mat
[LOG 15:08:15.678] duna_asteroid_d.tga
[LOG 15:08:15.678] duna_asteroid_n.png
[LOG 15:08:15.678] duna_dune_d.tga
[LOG 15:08:15.678] duna_dune_n.tga
[LOG 15:08:15.678] duna_stone_d.tga
[LOG 15:08:15.678] duna_stone_n.png
[LOG 15:08:15.678] dune_blueberries_d.tga
[LOG 15:08:15.678] dune_blueberries_n.png
[LOG 15:08:15.678] eelooberg.prefab
[LOG 15:08:15.678] eeloobrownboulder.prefab
[LOG 15:08:15.678] eelooicechunk.prefab
[LOG 15:08:15.678] eelooberg.fbx
[LOG 15:08:15.678] eelooboulder.fbx
[LOG 15:08:15.678] eelooicechunk.fbx
[LOG 15:08:15.678] eeloo_alien_glacier_d.mat
[LOG 15:08:15.679] eeloo_brown_ boulder_d.mat
[LOG 15:08:15.679] eeloo_ice chunk_d.mat
[LOG 15:08:15.679] lambert1.mat
[LOG 15:08:15.679] eeloo_alien_glacier_d.tga
[LOG 15:08:15.679] eeloo_alien_glacier_e.tga
[LOG 15:08:15.679] eeloo_alien_glacier_n.png
[LOG 15:08:15.679] eeloo_brown_ boulder_d.tga
[LOG 15:08:15.679] eeloo_brown_ boulder_n.png
[LOG 15:08:15.679] eeloo_ice chunk_d.tga
[LOG 15:08:15.679] eeloo_ice chunk_e.tga
[LOG 15:08:15.679] eeloo_ice chunk_n.png
[LOG 15:08:15.679] eeloo_ice chunk_s.tga
[LOG 15:08:15.679] evebasaltformation.prefab
[LOG 15:08:15.679] evepancakedome.prefab
[LOG 15:08:15.679] evevolcanicrock.prefab
[LOG 15:08:15.679] evebasaltformation.fbx
[LOG 15:08:15.679] evepancakeformation.fbx
[LOG 15:08:15.679] evevolcanicrock.fbx
[LOG 15:08:15.679] eve basalt formation_d.mat
[LOG 15:08:15.679] eve pancake formation_d.mat
[LOG 15:08:15.679] eve volcanic rock_d.mat
[LOG 15:08:15.679] lambert1.mat
[LOG 15:08:15.679] eve basalt formation_d.tga
[LOG 15:08:15.679] eve basalt formation_n.tga
[LOG 15:08:15.679] eve pancake formation_d.tga
[LOG 15:08:15.679] eve pancake formation_e.png
[LOG 15:08:15.679] eve pancake formation_n.png
[LOG 15:08:15.679] eve volcanic rock_d.tga
[LOG 15:08:15.679] eve volcanic rock_n.png
[LOG 15:08:15.679] gillyridgeline.fbx
[LOG 15:08:15.679] gilly ridegeline_d.mat
[LOG 15:08:15.679] lambert1.mat
[LOG 15:08:15.679] gillyridgeline.prefab
[LOG 15:08:15.679] gilly ridegeline_d.tga
[LOG 15:08:15.679] gilly ridegeline_n.png
[LOG 15:08:15.679] dunaejecta.prefab
[LOG 15:08:15.679] ikedunaejecta.fbx
[LOG 15:08:15.679] ike_duna_ejecta_mat.mat
[LOG 15:08:15.679] ike duna ejecta_d.tga
[LOG 15:08:15.679] ike duna ejecta_n.png
[LOG 15:08:15.679] kerbinbaobabtree.fbx
[LOG 15:08:15.679] kerbinquartz.fbx
[LOG 15:08:15.679] baobaptree.mat
[LOG 15:08:15.679] kerbin_baobab_tree_d.mat
[LOG 15:08:15.679] kerbin_boabob_tree_d.mat
[LOG 15:08:15.679] kerbin_giant_quartz_d.mat
[LOG 15:08:15.679] lambert1.mat
[LOG 15:08:15.679] lambert2.mat
[LOG 15:08:15.679] kerbinbaobabtree.prefab
[LOG 15:08:15.679] kerbinquartz.prefab
[LOG 15:08:15.679] kerbin_baobab_tree_alpha.png
[LOG 15:08:15.679] kerbin_baobab_tree_d.tga
[LOG 15:08:15.679] kerbin_baobab_tree_n.png
[LOG 15:08:15.679] kerbin_giant_quartz_d.tga
[LOG 15:08:15.679] kerbin_giant_quartz_e.tga
[LOG 15:08:15.679] kerbin_giant_quartz_n.tga
[LOG 15:08:15.679] kerbin_giant_quartz_s.tga
[LOG 15:08:15.679] laytheboulder.fbx
[LOG 15:08:15.679] laythegeyser.fbx
[LOG 15:08:15.679] laythestone.fbx
[LOG 15:08:15.679] lambert1.mat
[LOG 15:08:15.679] laythe_boulder_d.mat
[LOG 15:08:15.679] laythe_geyser_d.mat
[LOG 15:08:15.679] laythe_stone_d.mat
[LOG 15:08:15.679] laytheboulder.prefab
[LOG 15:08:15.679] laythegeyser.prefab
[LOG 15:08:15.679] laythestone.prefab
[LOG 15:08:15.679] laythe_boulder_d.tga
[LOG 15:08:15.681] laythe_boulder_n.png
[LOG 15:08:15.681] laythe_geyser_d.tga
[LOG 15:08:15.681] laythe_geyser_n.png
[LOG 15:08:15.681] laythe_stone_d.tga
[LOG 15:08:15.681] laythe_stone_n.png
[LOG 15:08:15.681] greensandstone.fbx
[LOG 15:08:15.681] lambert1.mat
[LOG 15:08:15.681] minmus_green_sandstone_d.mat
[LOG 15:08:15.681] minmus_olivine_formation_d.mat
[LOG 15:08:15.681] minmusolivineformation.fbx
[LOG 15:08:15.681] minmus_greensandstone.prefab
[LOG 15:08:15.681] minmus_olivineformation.prefab
[LOG 15:08:15.681] minmus_green_sandstone_d.tga
[LOG 15:08:15.681] minmus_green_sandstone_n.png
[LOG 15:08:15.681] minmus_olivine_formation_d.tga
[LOG 15:08:15.681] minmus_olivine_formation_n.png
[LOG 15:08:15.681] lambert1.mat
[LOG 15:08:15.681] moho wrinkleridge_d.mat
[LOG 15:08:15.681] moho_stone_d.mat
[LOG 15:08:15.681] mohostone.fbx
[LOG 15:08:15.681] mohowrinkleridge.fbx
[LOG 15:08:15.681] mohostone.prefab
[LOG 15:08:15.681] mohowrinkleridge.prefab
[LOG 15:08:15.681] moho wrinkleridge_d.tga
[LOG 15:08:15.681] moho wrinkleridge_e.png
[LOG 15:08:15.681] moho wrinkleridge_n.png
[LOG 15:08:15.681] moho_stone_d.tga
[LOG 15:08:15.681] moho_stone_n.png
[LOG 15:08:15.681] lambert1.mat
[LOG 15:08:15.681] mun_crater_d.mat
[LOG 15:08:15.681] mun_large_crater_d.mat
[LOG 15:08:15.681] mun_stone_d.mat
[LOG 15:08:15.681] muncrater.fbx
[LOG 15:08:15.681] munlargecrater.fbx
[LOG 15:08:15.681] munstone.fbx
[LOG 15:08:15.681] muncrater.prefab
[LOG 15:08:15.681] munlargecrater.prefab
[LOG 15:08:15.681] munstone.prefab
[LOG 15:08:15.681] mun_crater_d.tga
[LOG 15:08:15.681] mun_crater_n.png
[LOG 15:08:15.681] mun_large_crater_d.tga
[LOG 15:08:15.681] mun_large_crater_n.png
[LOG 15:08:15.681] mun_stone_d.tga
[LOG 15:08:15.681] mun_stone_n.png
[LOG 15:08:15.681] lambert1.mat
[LOG 15:08:15.681] pol_yellowstone_d.mat
[LOG 15:08:15.681] polyellowstone.fbx
[LOG 15:08:15.681] pol_yellowstones.prefab
[LOG 15:08:15.681] pol_yellowstone_d.png
[LOG 15:08:15.681] pol_yellowstone_n.png
[LOG 15:08:15.681] lambert1.mat
[LOG 15:08:15.681] tylo_checkerboard_d.mat
[LOG 15:08:15.681] tylo_dark boulder_d.mat
[LOG 15:08:15.681] tylo_light_d.mat
[LOG 15:08:15.681] tyloboulder.fbx
[LOG 15:08:15.681] tylocheckerboard.fbx
[LOG 15:08:15.681] tylolightstone.fbx
[LOG 15:08:15.681] tylo_ checkerboard_n.png
[LOG 15:08:15.681] tylo_checkerboard_d.png
[LOG 15:08:15.681] tylo_dark boulder_d.tga
[LOG 15:08:15.681] tylo_dark boulder_n.png
[LOG 15:08:15.681] tylo_light_d.tga
[LOG 15:08:15.681] tylo_light_n.png
[LOG 15:08:15.681] tylocheckerboard.prefab
[LOG 15:08:15.681] tylodarkboulder.prefab
[LOG 15:08:15.681] tylolightstone.prefab
[LOG 15:08:15.681] cryovolcano_d.mat
[LOG 15:08:15.681] lambert1.mat
[LOG 15:08:15.681] vallicechunk_d.mat
[LOG 15:08:15.683] vallstone_d.mat
[LOG 15:08:15.683] vall_cryovolcano.fbx
[LOG 15:08:15.683] vall_icechunk.fbx
[LOG 15:08:15.683] vall_stone.fbx
[LOG 15:08:15.683] cryovolcano_d.tga
[LOG 15:08:15.683] cryovolcano_e.png
[LOG 15:08:15.683] cryovolcano_n.jpg
[LOG 15:08:15.683] cryovolcano_s.jpg
[LOG 15:08:15.683] vallicechunk_d.jpg
[LOG 15:08:15.683] vallicechunk_e.jpg
[LOG 15:08:15.683] vallicechunk_n.jpg
[LOG 15:08:15.683] vallicechunk_s.jpg
[LOG 15:08:15.683] vallstone_d.jpg
[LOG 15:08:15.683] vallstone_e.jpg
[LOG 15:08:15.683] vallstone_n.jpg
[LOG 15:08:15.683] vallstone_s.jpg
[LOG 15:08:15.683] vallcryovolcano.prefab
[LOG 15:08:15.683] vallicechunk.prefab
[LOG 15:08:15.683] vallstone.prefab
[LOG 15:08:15.683] vfx_spark.mat
[LOG 15:08:15.683] vfx_welding_flare.mat
[LOG 15:08:15.683] cometdustmaterial.mat
[LOG 15:08:15.683] cometgeysermat.mat
[LOG 15:08:15.688] GetTypesOfModulesImplementingInterface2: Found 69 types with IPartModuleAdjuster interface in 8 assemblies.
[LOG 15:08:15.694] GetSubclassesOfParentClass: Found 0 types with ModuleActiveRadiator parent in 8 assemblies.
[LOG 15:08:15.700] GetSubclassesOfParentClass: Found 0 types with ModuleAlternator parent in 8 assemblies.
[LOG 15:08:15.704] GetSubclassesOfParentClass: Found 1 types with ModuleControlSurface parent in 8 assemblies.
[LOG 15:08:15.709] GetSubclassesOfParentClass: Found 0 types with ModuleDataTransmitter parent in 8 assemblies.
[LOG 15:08:15.713] GetSubclassesOfParentClass: Found 0 types with ModuleDeployableSolarPanel parent in 8 assemblies.
[LOG 15:08:15.719] GetSubclassesOfParentClass: Found 1 types with ModuleEngines parent in 8 assemblies.
[LOG 15:08:15.724] GetSubclassesOfParentClass: Found 0 types with ModuleGenerator parent in 8 assemblies.
[LOG 15:08:15.728] GetSubclassesOfParentClass: Found 0 types with ModuleGimbal parent in 8 assemblies.
[LOG 15:08:15.732] GetSubclassesOfParentClass: Found 2 types with ModuleLiftingSurface parent in 8 assemblies.
[LOG 15:08:15.736] GetSubclassesOfParentClass: Found 0 types with ModuleLight parent in 8 assemblies.
[LOG 15:08:15.741] GetSubclassesOfParentClass: Found 0 types with ModuleReactionWheel parent in 8 assemblies.
[LOG 15:08:15.745] GetSubclassesOfParentClass: Found 0 types with ModuleSAS parent in 8 assemblies.
[LOG 15:08:15.749] GetSubclassesOfParentClass: Found 0 types with ModuleWheelBrakes parent in 8 assemblies.
[LOG 15:08:15.754] GetSubclassesOfParentClass: Found 1 types with ModuleWheelMotor parent in 8 assemblies.
[LOG 15:08:15.754] GetSubclassesOfParentClass: Using cached results for ModuleActiveRadiator
[LOG 15:08:15.758] GetSubclassesOfParentClass: Found 0 types with ModuleAnchoredDecoupler parent in 8 assemblies.
[LOG 15:08:15.762] GetSubclassesOfParentClass: Found 0 types with ModuleCargoBay parent in 8 assemblies.
[LOG 15:08:15.762] GetSubclassesOfParentClass: Using cached results for ModuleControlSurface
[LOG 15:08:15.762] GetSubclassesOfParentClass: Using cached results for ModuleDataTransmitter
[LOG 15:08:15.767] GetSubclassesOfParentClass: Found 0 types with ModuleDecouple parent in 8 assemblies.
[LOG 15:08:15.772] GetSubclassesOfParentClass: Found 4 types with ModuleDeployablePart parent in 8 assemblies.
[LOG 15:08:15.776] GetSubclassesOfParentClass: Found 0 types with ModuleDockingNode parent in 8 assemblies.
[LOG 15:08:15.777] GetSubclassesOfParentClass: Using cached results for ModuleEngines
[LOG 15:08:15.781] GetSubclassesOfParentClass: Found 0 types with CModuleFuelLine parent in 8 assemblies.
[LOG 15:08:15.785] GetSubclassesOfParentClass: Found 0 types with ModuleGPS parent in 8 assemblies.
[LOG 15:08:15.789] GetSubclassesOfParentClass: Found 0 types with ModuleGrappleNode parent in 8 assemblies.
[LOG 15:08:15.789] GetSubclassesOfParentClass: Using cached results for ModuleGrappleNode
[LOG 15:08:15.794] GetSubclassesOfParentClass: Found 0 types with ModuleKerbNetAccess parent in 8 assemblies.
[LOG 15:08:15.794] GetSubclassesOfParentClass: Using cached results for ModuleLight
[LOG 15:08:15.794] GetSubclassesOfParentClass: Using cached results for ModuleLight
[LOG 15:08:15.799] GetSubclassesOfParentClass: Found 0 types with ModuleProbeControlPoint parent in 8 assemblies.
[LOG 15:08:15.802] GetSubclassesOfParentClass: Found 1 types with ModuleRCS parent in 8 assemblies.
[LOG 15:08:15.802] GetSubclassesOfParentClass: Using cached results for ModuleRCS
[LOG 15:08:15.803] GetSubclassesOfParentClass: Using cached results for ModuleReactionWheel
[LOG 15:08:15.803] GetSubclassesOfParentClass: Using cached results for ModuleReactionWheel
[LOG 15:08:15.807] GetSubclassesOfParentClass: Found 0 types with ModuleResourceIntake parent in 8 assemblies.
[LOG 15:08:15.814] GetSubclassesOfParentClass: Found 0 types with ModuleScienceExperiment parent in 8 assemblies.
[LOG 15:08:15.817] GetSubclassesOfParentClass: Found 0 types with ModuleToggleCrossfeed parent in 8 assemblies.
[LOG 15:08:15.821] GetSubclassesOfParentClass: Found 0 types with ModuleWheelDeployment parent in 8 assemblies.
[LOG 15:08:15.834] ExpansionsLoader: Expansions loaded in 11.134s
[LOG 15:08:15.834] Loading Systems: Elapsed time is 20.02904s
[LOG 15:08:17.827] [AddonLoader]: Instantiating addon 'KSPCFFastLoaderPSystemSetup' from assembly 'KSPCommunityFixes'
[LOG 15:08:18.075] [Agent]: Found 19 agent mentality types
[LOG 15:08:18.077] [AgentList]: 31 agents parsed and loaded.
[LOG 15:08:18.104] [UIMasterController]: HideUI
[LOG 15:08:18.171] [CelestialBody]: Kerbin's solar day length is 1d, 0h, 0m long. sidereal day length is 5h, 59m, 9s long
[LOG 15:08:22.680] [UIMasterController]: HideUI
[LOG 15:08:22.686] [HighLogic]: =========================== Scene Change : From LOADING to MAINMENU =====================
[LOG 15:08:23.109] [AddonLoader]: Instantiating addon 'ContractDefs' from assembly 'KSP'
[LOG 15:08:23.127] [AddonLoader]: Instantiating addon 'KSPCFFastLoaderReport' from assembly 'KSPCommunityFixes'
[LOG 15:08:23.145] [UIMasterController]: ShowUI
[LOG 15:08:23.326] [GameParameters]: Loaded custom parameter class CommNetParams.
[LOG 15:08:23.327] [GameParameters]: Loaded custom parameter class MissionParamsGeneral.
[LOG 15:08:23.327] [GameParameters]: Loaded custom parameter class MissionParamsFacilities.
[LOG 15:08:23.327] [GameParameters]: Loaded custom parameter class MissionParamsExtras.
[LOG 15:08:23.328] [GameParameters]: Loaded custom parameter class AdvancedParams.
[LOG 15:08:23.342] [ReflectionUtil]: Found 40 types with UpgradeModule attribute in 8 assemblies.
[LOG 15:08:23.353] [KSPCF:FastLoader] Intel(R) Core(TM) Ultra 7 155H | 32265 MB | Intel(R) Arc(TM) Pro Graphics (18391 MB)
Total loading time to main menu : 30.335s
- Configs and assemblies loaded in 4.256s
- Configs reload done in 1.252s
- Configs translated in 0.010s
- 2332 assets loaded in 1.955s :
  - 86 audio assets (79.689 MiB) in 0.269s, 296.748 MiB/s
  - 1619 texture assets (1.293 GiB) in 1.326s, 998.585 MiB/s
  - 626 model assets (64.41 MiB) in 0.357s, 180.301 MiB/s
- Asset bundles loaded in 0.377s
- GameDatabase (configs, resources, traits, upgrades...) loaded in 0.042s
- Built-in parts copied in 0.020s
- Part and internal configs extracted in 0.001s
- 483 parts and 1927 modules compiled in 2.006s
  - 4.0 modules/part, 4.154 ms/part, 1.041 ms/module
  - PartIcon compilation : 0.662s
- 27 internal spaces and 56 props compiled in 0.104s
- 2 DLC (Making History, Breaking Ground) loaded in 11.167s
- Planetary system loaded in 5.728s
[LOG 15:08:23.353] Texture queries : 1709, slow path : 1 (0.06 %)
[LOG 15:08:23.357] [ModuleManager] Total loading Time = 26.263s
[LOG 15:08:23.437] [ScenarioTypes]: List Created 23 scenario types loaded from 8 loaded assemblies.
[WRN 15:08:23.444] File 'C:/Users/lhervier/Perso/ksp-dev/KSP_x64_Data/../Missions/MissionScoreInfo.cfg' does not exist
[LOG 15:08:23.446] [ApplicationLauncher] Awake False
[LOG 15:08:23.446] [ApplicationLauncher] SpawnSimpleLayout: VerticalTopDown
[LOG 15:08:23.457] [UiApp] Awake: 
[LOG 15:08:23.457] [ApplicationLauncher] OnSceneLoadedGUIReady: scene MAINMENU ShouldBeVisible() True ShouldBeOnTop() True iIsPositionedAtTop True
[LOG 15:08:23.474] [UIApp] Adding  to Application Launcher
[LOG 15:08:23.478] [ApplicationLauncher] SetHidden: 
[LOG 15:08:23.482] [MessageSystem] OnAppInitialized
[LOG 15:08:23.482] [MessageSystem] Reposition 0.0368357 8854
[LOG 15:11:31.611] [KSPUpgradePipeline]: claude (1.12.5) is up to date.
[LOG 15:11:31.619] [ExperienceSystem]: Found 0 trait types
[LOG 15:11:31.624] [ExperienceSystem]: Found 20 effect types
[LOG 15:11:31.649] [ScenarioTypes]: List Created 23 scenario types loaded from 8 loaded assemblies.
[LOG 15:11:31.682] Game State Saved to saves/claude/persistent
[LOG 15:11:31.693] [MessageSystem] Load Messages
[LOG 15:11:31.696] [UIMasterController]: HideUI
[LOG 15:11:31.698] [HighLogic]: =========================== Scene Change : From MAINMENU to SPACECENTER =====================
[LOG 15:11:31.971] [AddonLoader]: Instantiating addon 'CustomConfigsManager' from assembly 'ModuleManager'
[LOG 15:11:33.837] [UIMasterController]: ShowUI
[LOG 15:11:34.053] [SceneLoadSpeedBoost] Save loaded from disk in 1ms
[LOG 15:11:34.065] GetSubclassesOfParentClass: Found 7 types with AlarmTypeBase parent in 8 assemblies.
[LOG 15:11:34.071] Loading Depletion Nodes
[LOG 15:11:34.071] DepNodeCount:  0
[LOG 15:11:34.071] Loading Biome Nodes
[LOG 15:11:34.071] BiomeNodeCount:  0
[LOG 15:11:34.071] Loading Planet Nodes
[LOG 15:11:34.071] PlanetNodeCount:  0
[LOG 15:11:34.081] [ScenarioDestructibles]: Loading... 0 objects registered
[LOG 15:11:34.169] [UiApp] Awake: KSPedia
[LOG 15:11:34.169] [UiApp] Awake: Missions App
[LOG 15:11:34.169] [UiApp] Awake: AlarmClock
[LOG 15:11:34.169] [GenericAppFrame] Reposition 0 56546
[LOG 15:11:34.170] [ApplicationLauncher] OnSceneLoadedGUIReady: scene SPACECENTER ShouldBeVisible() True ShouldBeOnTop() False iIsPositionedAtTop True
[LOG 15:11:34.170] [ApplicationLauncher] SpawnSimpleLayout: HorizontalRightLeft
[LOG 15:11:34.172] [ApplicationLauncher] SetVisible: 
[LOG 15:11:34.229] [UIApp] OnDestroy: Contracts
[LOG 15:11:34.235] [MessageSystem] Reposition 0.02 56547
[LOG 15:11:34.235] [GenericAppFrame] Reposition 0.02 56547
[LOG 15:11:34.235] [GenericAppFrame] Reposition 0.02 56547
[LOG 15:11:34.342] [UIApp] Adding AlarmClock to Application Launcher
[LOG 15:11:34.343] [UIApp] Adding Missions App to Application Launcher
[LOG 15:11:34.367] [GenericAppFrame] Reposition 0.1249087 56553
[LOG 15:11:34.370] [MissionsApp] OnAppStarted(): id: -362588
[LOG 15:11:34.370] MissionsApp does not execute in this game mode, destroying this instance
[LOG 15:11:34.370] [UIApp] OnDestroy: Missions App
[LOG 15:11:34.379] [UIApp] Adding KSPedia to Application Launcher
[LOG 15:11:35.532] Game Paused!
[LOG 15:11:35.533] [UIMasterController]: ShowUI
[LOG 15:11:38.627] [KSPUpgradePipeline]: claude (1.12.5) is up to date.
[LOG 15:11:38.635] [ScenarioTypes]: List Created 23 scenario types loaded from 8 loaded assemblies.
[LOG 15:11:38.635] [MessageSystem] Load Messages
[LOG 15:11:38.639] [UIMasterController]: HideUI
[LOG 15:11:38.646] [HighLogic]: =========================== Scene Change : From SPACECENTER to FLIGHT =====================
[LOG 15:11:38.648] Game Unpaused!
[LOG 15:11:38.853] [UIApp] OnDestroy: KSPedia
[LOG 15:11:38.853] [UIApp] OnDestroy: AlarmClock
[LOG 15:11:38.857] [KSPCF:MemoryLeaks] Removed a onPlanetariumTargetChange callback owned by a destroyed Assembly-CSharp:CommNetVessel instance
[LOG 15:11:38.862] [KSPCF:MemoryLeaks] Leaving scene "SpaceCenter", cleaned 5 memory leaks in 0.007s. GameEvents callbacks : 469. Allocated memory : 950.5 MiB (managed heap), 2.176 GiB (unmanaged)
[LOG 15:11:38.868] UICanvasPrefabSpawner FlightUI spawning Flight
[LOG 15:11:38.891] UICanvasPrefabSpawner FlightUI spawning VesselLabels
[LOG 15:11:38.892] [UiApp] Awake: ResourceDisplay
[LOG 15:11:38.942] [AddonLoader]: Instantiating addon 'AeroGUI' from assembly 'KSP'
[LOG 15:11:38.952] [PlanetariumCamera]: Focus: Kerbin
[LOG 15:11:38.952] [UIMasterController]: HideUI
[LOG 15:11:39.159] [UIMasterController]: HideUI
[LOG 15:11:39.159] ------------------- initializing flight mode... ------------------
[LOG 15:11:39.160] GetSubclassesOfParentClass: Using cached results for AlarmTypeBase
[LOG 15:11:39.161] Loading Depletion Nodes
[LOG 15:11:39.161] DepNodeCount:  0
[LOG 15:11:39.161] Loading Biome Nodes
[LOG 15:11:39.161] BiomeNodeCount:  0
[LOG 15:11:39.161] Loading Planet Nodes
[LOG 15:11:39.161] PlanetNodeCount:  0
[LOG 15:11:39.162] [ScenarioDestructibles]: Loading... 0 objects registered
[LOG 15:11:39.180] Target vessel index: 1  vessel count: 3
[LOG 15:11:39.181] [FLIGHT GLOBALS]: Switching To Vessel Vaisseau sans nom ---------------------- 
[LOG 15:11:39.182] setting new dominant body: Mun
FlightGlobals.mainBody: Mun
[LOG 15:11:39.183] Reference Frame: Rotating
[WRN 15:11:39.191] [Part]: Cannot have ModuleCargoPart and ModuleInventoryPart on same Part [Vaisseau sans nom (unloaded)'. Removed ModuleCargoPart
[LOG 15:11:39.207] Camera Mode: AUTO
[LOG 15:11:41.264] all systems started
[LOG 15:11:41.264] [UIMasterController]: ShowUI
[LOG 15:11:41.357] [AsteroidSpawner]: No new objects this time. (Odds are 1:2)
[LOG 15:11:41.446] [UiApp] Awake: CurrencyWidgetsApp
[LOG 15:11:41.446] [UiApp] Awake: ResourceDisplay
[LOG 15:11:41.446] [UiApp] Awake: KSPedia
[LOG 15:11:41.446] [UiApp] Awake: Missions App
[LOG 15:11:41.446] [UiApp] Awake: DeltaVApp
[LOG 15:11:41.446] [UiApp] Awake: ActionGroupsApp
[LOG 15:11:41.446] [UiApp] Awake: Construction
[LOG 15:11:41.446] [UiApp] Awake: Cargo
[LOG 15:11:41.447] [UiApp] Awake: AlarmClock
[LOG 15:11:41.447] [UiApp] Awake: ManeuverTool
[LOG 15:11:41.447] [ApplicationLauncher] OnSceneLoadedGUIReady: scene FLIGHT ShouldBeVisible() True ShouldBeOnTop() True iIsPositionedAtTop False
[LOG 15:11:41.447] [ApplicationLauncher] SpawnSimpleLayout: VerticalTopDown
[LOG 15:11:41.448] [KnowledgeBase] OnAppLauncherReady 56885
[LOG 15:11:41.458] [UIApp] OnDestroy: Contracts
[LOG 15:11:41.519] [FlightIntegrator]: Reloaded drag cube for zeroed cube root part mk1pod.v2 (Vaisseau sans nom) on vessel Vaisseau sans nom
[LOG 15:11:41.529] [MessageSystem] Reposition 0.02 56886
[LOG 15:11:41.529] [GenericAppFrame] Reposition 0.02 56886
[LOG 15:11:41.529] [GenericAppFrame] Reposition 0.02 56886
[LOG 15:11:41.602] [PlanetariumCamera]: Focus: Vaisseau sans nom
[LOG 15:11:41.620] [UIApp] Adding ResourceDisplay to Application Launcher
[LOG 15:11:41.623] [UIApp] Adding ResourceDisplay to Application Launcher
[LOG 15:11:41.631] [ResourceDisplay] OnAppStarted(): id: -396392
[LOG 15:11:41.632] [GenericAppFrame] Reposition 0.1196556 56890
[LOG 15:11:41.632] [ResourceDisplay] OnAppStarted(): id: 264296
[LOG 15:11:41.632] ResourceDisplay already exist, destroying this instance
[LOG 15:11:41.632] [UIApp] OnDestroy: ResourceDisplay
[LOG 15:11:41.645] [UIApp] Adding AlarmClock to Application Launcher
[LOG 15:11:41.645] [UIApp] Adding ActionGroupsApp to Application Launcher
[LOG 15:11:41.647] [UIApp] Adding Missions App to Application Launcher
[LOG 15:11:41.648] CURRENCY WIDGET False False False
[LOG 15:11:41.649] [UIApp] OnDestroy: CurrencyWidgetsApp
[LOG 15:11:41.666] [GenericAppFrame] Reposition 0.1441672 56892
[LOG 15:11:41.669] [ActionGroupsApp] OnAppStarted(): id: -396416
[LOG 15:11:41.670] [GenericAppFrame] Reposition 0.1441672 56892
[LOG 15:11:41.670] [UIApp] Adding DeltaVApp to Application Launcher
[LOG 15:11:41.671] [MissionsApp] OnAppStarted(): id: -396404
[LOG 15:11:41.672] MissionsApp does not execute in this game mode, destroying this instance
[LOG 15:11:41.672] [UIApp] OnDestroy: Missions App
[LOG 15:11:41.681] [GenericAppFrame] Reposition 0.1680864 56893
[LOG 15:11:41.691] [UIApp] Adding Cargo to Application Launcher
[LOG 15:11:41.692] [UIApp] Adding Construction to Application Launcher
[LOG 15:11:41.694] [UIApp] Adding KSPedia to Application Launcher
[WRN 15:11:41.703] HighlightingSystem : Framebuffer depth data is not available and can't be used to occlude highlighting. Highlighting occluders enabled.
[LOG 15:11:41.727] [UIApp] Adding ManeuverTool to Application Launcher
[LOG 15:11:41.730] [ApplicationLauncher] SetHidden: 
[LOG 15:11:41.766] [GenericAppFrame] Reposition 0.249435 56896
[LOG 15:11:41.774] [ManeuverTool]: Found 1 transfer types
[LOG 15:11:41.828] Flight State Captured
[LOG 15:11:41.831] Saving Achievements Tree...
[LOG 15:11:41.831] Saving Achievements Tree...
[LOG 15:11:41.831] Saving Achievements Tree...
[LOG 15:11:41.834] [MessageSystem] Save Messages
[LOG 15:11:41.848] Game State Saved as persistent
[LOG 15:11:42.520] Unpacking Vaisseau sans nom
[LOG 15:11:42.538] [UIMasterController]: ShowUI
[LOG 15:11:56.526] [Comet Manager]:Generated Comet Type:short
[LOG 15:11:56.533] [CometSpawner]: New object found near Kerbin
[LOG 15:11:56.589] [CometManager]: Generated Dust Tail Color: #0 = RGBA(0.991, 0.943, 0.743, 0.031)
[LOG 15:11:56.590] [CometManager]: Generated Ion Tail Color: #0 = RGBA(0.043, 0.291, 0.867, 0.451)
[LOG 15:12:09.630] [PQSBench] BENCH reset
[LOG 15:12:11.544] [AsteroidSpawner]: New object found near Kerbin: Ast. IOK-542!
[LOG 15:12:26.549] [AsteroidSpawner]: New object found near Kerbin: Ast. QYX-384!
[LOG 15:12:41.566] [AsteroidSpawner]: New object found near Kerbin: Ast. CYJ-163!
[LOG 15:13:56.601] [AsteroidSpawner]: New object found near Kerbin: Ast. TBT-620!
[LOG 15:14:11.598] [AsteroidSpawner]: No new objects this time. (Odds are 1:2)
[LOG 15:14:26.607] [AsteroidSpawner]: No new objects this time. (Odds are 1:2)
[LOG 15:14:39.474] [PQSBench] BENCH begin;mode=Calibrate;vertexPlacementPatchedBy=none;quadBuildPatchedBy=com.github.lhervier.ksp.pqsbench
[LOG 15:14:39.475] [PQSBench] BENCH machine;cpu=Intel(R) Core(TM) Ultra 7 155H;logicalCores=22;memoryMb=32265;gpu=Intel(R) Arc(TM) Pro Graphics;os=Windows 10  (10.0.0) 64bit
[LOG 15:14:39.475] [PQSBench] BENCH run;save=claude (SANDBOX);vessel=Vaisseau sans nom;body=Mun;terrainPreset=High;terrainPresetIndex=2;verticesPerQuad=225;utStart=54.86;utEnd=204.70;utSpan=149.84;realSeconds=149.84;altitudeStart=5000.0;altitude=5000.0;speed=554.4
[LOG 15:14:39.476] [PQSBench] BENCH sphere;name=Mun;radius=200000;minLevel=2;maxLevel=9;highestLevelUnder=6250;subdivisionOffAbove=20000000;maxAnglePerSample=9.204E-005;speedCapAt60Fps=1104
[LOG 15:14:39.477] [PQSBench] BENCH colliders;name=Mun;maxLevelOffset=0;lowestLevelWithCollider=9
[LOG 15:14:39.477] [PQSBench] BENCH calibration;quads=40;roundsPerQuad=8;verticesPerFormula=72000;stockNsPerVertex=229.6;installedNsPerVertex=228.5;differenceNsPerVertex=-1.1;harnessNsPerVertex=3.4;stockRawNsPerVertex=233.1;installedRawNsPerVertex=232.0
[LOG 15:14:39.477] [PQSBench] BENCH end
[LOG 15:14:41.611] [AsteroidSpawner]: New object found near Kerbin: Ast. ISZ-799!
[LOG 15:14:42.757] Game Paused!
[LOG 15:14:42.759] [UIMasterController]: ShowUI
[LOG 15:14:43.400] Flight State Captured
[LOG 15:14:43.400] Saving Achievements Tree...
[LOG 15:14:43.400] Saving Achievements Tree...
[LOG 15:14:43.400] Saving Achievements Tree...
[LOG 15:14:43.401] [MessageSystem] Save Messages
[LOG 15:14:43.425] Game State Saved to saves/claude/persistent
[LOG 15:14:43.437] [UIMasterController]: HideUI
[LOG 15:14:43.447] [HighLogic]: =========================== Scene Change : From FLIGHT to MAINMENU =====================
[LOG 15:14:43.846] KbApp.OnDestroy Planet Info
[LOG 15:14:43.846] [UIApp] OnDestroy: ManeuverTool
[LOG 15:14:43.847] [UIApp] OnDestroy: ResourceDisplay
[LOG 15:14:43.847] KbApp.OnDestroy Unowned Info
[LOG 15:14:43.852] [UIApp] OnDestroy: AlarmClock
[LOG 15:14:43.853] KbApp.OnDestroy Planet Parameters
[LOG 15:14:43.853] [UIApp] OnDestroy: DeltaVApp
[LOG 15:14:43.853] [UIApp] OnDestroy: KSPedia
[LOG 15:14:43.853] [UIApp] OnDestroy: Cargo
[LOG 15:14:43.854] KbApp.OnDestroy Vessel Info
[LOG 15:14:43.854] KbApp.OnDestroy NullName
[LOG 15:14:43.854] [UIApp] OnDestroy: ActionGroupsApp
[LOG 15:14:43.855] KbApp.OnDestroy Planet Resources
[LOG 15:14:43.855] KbApp.OnDestroy Vessel Crew
[LOG 15:14:43.857] [UIApp] OnDestroy: Construction
[LOG 15:14:43.857] [KSPCF:MemoryLeaks] Removed a OnMapExited callback owned by a destroyed Assembly-CSharp:NavBallToggle instance
[LOG 15:14:43.857] [KSPCF:MemoryLeaks] Removed a OnGameSettingsApplied callback owned by a destroyed Assembly-CSharp:VesselAutopilotUI instance
[LOG 15:14:43.859] [KSPCF:MemoryLeaks] Removed a onPartActionUICreate callback owned by a destroyed Assembly-CSharp:ModuleInventoryPart instance
[LOG 15:14:43.859] [KSPCF:MemoryLeaks] Removed a onModuleInventoryChanged callback owned by a destroyed Assembly-CSharp:ModuleInventoryPart instance
[LOG 15:14:43.859] [KSPCF:MemoryLeaks] Removed a OnDestructibleLoaded callback owned by a destroyed Assembly-CSharp:RunwayCollisionHandler instance
[LOG 15:14:43.859] [KSPCF:MemoryLeaks] Removed a OnClick callback owned by a destroyed Assembly-CSharp:EVAConstructionModeEditor instance
[LOG 15:14:43.859] [KSPCF:MemoryLeaks] Removed a TimingManager.Instance.timing5.onLateUpdate callback owned by a destroyed Assembly-CSharp:MapView instance
[LOG 15:14:43.859] [KSPCF:MemoryLeaks] Leaving scene "Flight", cleaned 23 memory leaks in 0.002s. GameEvents callbacks : 825. Allocated memory : 972.625 MiB (managed heap), 2.182 GiB (unmanaged)
[LOG 15:14:43.939] [UIMasterController]: ShowUI
[LOG 15:14:44.186] [ScenarioTypes]: List Created 23 scenario types loaded from 8 loaded assemblies.
[WRN 15:14:44.190] File 'C:/Users/lhervier/Perso/ksp-dev/KSP_x64_Data/../Missions/MissionScoreInfo.cfg' does not exist
[LOG 15:14:44.190] [ApplicationLauncher] OnSceneLoadedGUIReady: scene MAINMENU ShouldBeVisible() True ShouldBeOnTop() True iIsPositionedAtTop True
[LOG 15:14:44.191] [ApplicationLauncher] SetHidden: 
[LOG 15:14:44.226] [MessageSystem] Reposition 0.02 70131
[LOG 15:14:44.226] [GenericAppFrame] Reposition 0.02 70131
[LOG 15:14:44.226] [GenericAppFrame] Reposition 0.02 70131
[LOG 15:14:49.295] [UIApp] OnDestroy: 
